name,type,breed,color,sex,size,date_of_birth,impound_number,kennel_number,id,intake_date,outcome_date,days_in_shelter,intake_type,intake_subtype,outcome_type,outcome_subtype,intake_condition,outcome_condition,intake_jurisdiction,outcome_jurisdiction,zip_code,location,intake_total,source_row_number,stay_days,observed_days,exclusion_reason,long_stay_30,label_source,candidate_split,split_exclusion_reason,label_known_date,final_split
SASHA,DOG,DACHSHUND LH,RED,Neutered,TOY,2012-07-13T00:00:00.000,K23-043559,DA19,A299415,2023-01-10,2023-01-12,2,CONFISCATE,FLD_HOSPTL,RETURN TO OWNER,OVER THE COUNTER_CALL,UNKNOWN,PENDING,SANTA ROSA,*SEBASTOPOL,95472.0,"
,  95472
(38.4007555, -122.8277055)",1,50,2.0,1343,,0,Recorded completed stay,train,Training animal also appears in validation or test period,2023-01-12,excluded
ROSIE,DOG,DACHSHUND LH,BROWN/RED,Spayed,TOY,2012-07-13T00:00:00.000,K23-043560,DA19,A299416,2023-01-10,2023-01-12,2,CONFISCATE,FLD_HOSPTL,RETURN TO OWNER,OVER THE COUNTER_CALL,UNKNOWN,PENDING,SANTA ROSA,*SEBASTOPOL,95472.0,"
,  95472
(38.4007555, -122.8277055)",1,51,2.0,1343,,0,Recorded completed stay,train,Training animal also appears in validation or test period,2023-01-12,excluded
NESSIE,DOG,AUST CATTLE DOG/CHIHUAHUA SH,TAN,Spayed,SMALL,2022-11-06T00:00:00.000,K23-043658,TX,A415098,2023-01-21,2023-02-07,17,STRAY,OVER THE COUNTER,ADOPTION,REFERRAL-O,UNKNOWN,HEALTHY,SANTA ROSA,SANTA ROSA,95405.0,"
,  95405
(38.44473, -122.68655)",1,120,17.0,1332,,0,Recorded completed stay,train,Training animal also appears in validation or test period,2023-02-07,excluded
PHEONIX,DOG,PIT BULL,BROWN/WHITE,Spayed,MED,2021-01-21T00:00:00.000,K23-043667,DS87,A415107,2023-01-21,2023-01-24,3,STRAY,OVER THE COUNTER,RETURN TO OWNER,OVER THE COUNTER_MCHIP,UNKNOWN,PENDING,SANTA ROSA,SANTA ROSA,95404.0,"
,  95404
(38.44511, -122.708)",1,127,3.0,1332,,0,Recorded completed stay,train,Training animal also appears in validation or test period,2023-01-24,excluded
BILLY,DOG,PIT BULL/MIX,FAWN,Male,MED,2015-10-01T00:00:00.000,K23-043693,DS77,A415162,2023-01-25,2023-01-26,1,STRAY,FIELD,RETURN TO OWNER,OVER THE COUNTER_WEB,UNKNOWN,PENDING,COUNTY,COUNTY,95439.0,"
,  95439
(38.49634, -122.77009)",1,140,1.0,1328,,0,Recorded completed stay,train,Training animal also appears in validation or test period,2023-01-26,excluded
LOUIE,DOG,YORKSHIRE TERR,BLACK/TAN,Neutered,SMALL,2019-02-02T00:00:00.000,K23-043735,DS64,A415272,2023-01-31,2023-02-02,2,STRAY,OVER THE COUNTER,RETURN TO OWNER,OVER THE COUNTER_WALKIN,UNKNOWN,PENDING,SANTA ROSA,SANTA ROSA,95403.0,"
,  95403
(38.51311, -122.75502)",1,173,2.0,1322,,0,Recorded completed stay,train,Training animal also appears in validation or test period,2023-02-02,excluded
LOUIE,DOG,YORKSHIRE TERR,BLACK/TAN,Neutered,SMALL,2019-02-02T00:00:00.000,K23-043764,DS64,A415272,2023-02-02,2023-02-15,13,OWNER SURRENDER,OVER THE COUNTER,TRANSFER,HSSC,UNKNOWN,HEALTHY,SANTA ROSA,COUNTY,95407.0,"
,  95407
(38.41483, -122.72707)",1,186,13.0,1320,,0,Recorded completed stay,train,Training animal also appears in validation or test period,2023-02-15,excluded
PHEONIX,DOG,PIT BULL,BROWN/WHITE,Spayed,MED,2021-01-21T00:00:00.000,K23-043773,DS60,A415107,2023-02-03,2023-02-04,1,STRAY,OVER THE COUNTER,RETURN TO OWNER,OVER THE COUNTER_MCHIP,HEALTHY,HEALTHY,SANTA ROSA,SANTA ROSA,95404.0,"
,  95404
(38.44511, -122.708)",1,188,1.0,1319,,0,Recorded completed stay,train,Training animal also appears in validation or test period,2023-02-04,excluded
DIXIE,DOG,TR WALKER HOUND/MIX,BLACK/WHITE,Spayed,LARGE,,K23-043891,TRUCK,A415710,2023-02-17,2023-02-17,0,STRAY,FIELD,RETURN TO OWNER,FLD_MCHIP,UNKNOWN,HEALTHY,COUNTY,COUNTY,95476.0,"
,  95476
(38.288405, -122.464525)",1,265,0.0,1305,,0,Recorded completed stay,train,Training animal also appears in validation or test period,2023-02-17,excluded
PEPITO,DOG,PIT BULL,BLACK/WHITE,Neutered,MED,2019-02-21T00:00:00.000,K23-043902,DS61,A415738,2023-02-20,2023-02-21,1,STRAY,FIELD,RETURN TO OWNER,OVER THE COUNTER_WEB,HEALTHY,HEALTHY,SANTA ROSA,SANTA ROSA,95401.0,"
,  95401
(38.44366, -122.7246163)",1,272,1.0,1302,,0,Recorded completed stay,train,Training animal also appears in validation or test period,2023-02-21,excluded
CHICO,DOG,PIT BULL/MIX,BROWN/WHITE,Male,SMALL,2021-10-22T00:00:00.000,K23-044094,DS66,A416204,2023-03-15,2023-03-16,1,STRAY,FIELD,RETURN TO OWNER,OVER THE COUNTER_WALKIN,UNKNOWN,PENDING,SANTA ROSA,SANTA ROSA,95401.0,"
,  95401
(38.44366, -122.7246163)",1,401,1.0,1279,,0,Recorded completed stay,train,Training animal also appears in validation or test period,2023-03-16,excluded
ROSIE,DOG,DACHSHUND LH,BROWN/RED,Spayed,TOY,2012-07-13T00:00:00.000,K23-044233,DA22,A299416,2023-03-30,2023-04-05,6,CONFISCATE,FLD_HOSPTL,RETURN TO OWNER,OVER THE COUNTER_PRVS,UNKNOWN,PENDING,SANTA ROSA,SANTA ROSA,95403.0,"
,  95403
(38.4716444, -122.7398255)",1,497,6.0,1264,,0,Recorded completed stay,train,Training animal also appears in validation or test period,2023-04-05,excluded
SASHA,DOG,DACHSHUND LH,RED,Neutered,TOY,2012-07-13T00:00:00.000,K23-044234,DA22,A299415,2023-03-30,2023-04-05,6,CONFISCATE,FLD_HOSPTL,RETURN TO OWNER,OVER THE COUNTER_PRVS,UNKNOWN,PENDING,SANTA ROSA,SANTA ROSA,95403.0,"
,  95403
(38.4716444, -122.7398255)",1,498,6.0,1264,,0,Recorded completed stay,train,Training animal also appears in validation or test period,2023-04-05,excluded
TILLIPPI,DOG,SCHNAUZER MIN/MIX,BLACK/WHITE,Female,TOY,2017-08-02T00:00:00.000,K23-044293,DQ110,A367544,2023-04-04,2023-04-14,10,QUARANTINE,FIELD,RETURN TO OWNER,OVER THE COUNTER_NOTICE,UNKNOWN,PENDING,SANTA ROSA,PETALUMA,94954.0,"
,  94954
(38.26295, -122.64045)",1,538,10.0,1259,,0,Recorded completed stay,train,Training animal also appears in validation or test period,2023-04-14,excluded
CHANEL,DOG,FRENCH BULLDOG/MIX,TAN,Female,SMALL,2022-10-07T00:00:00.000,K23-044321,DS74,A416583,2023-04-07,2023-04-07,0,STRAY,FIELD,RETURN TO OWNER,OVER THE COUNTER_CALL,UNKNOWN,PENDING,SANTA ROSA,SANTA ROSA,95409.0,"
,  95409
(38.46382, -122.67058)",1,559,0.0,1256,,0,Recorded completed stay,train,Training animal also appears in validation or test period,2023-04-07,excluded
PEPITO,DOG,PIT BULL,BLACK/WHITE,Neutered,MED,2019-02-21T00:00:00.000,K23-044419,DS84,A415738,2023-04-17,2023-04-18,1,STRAY,FIELD,RETURN TO OWNER,OVER THE COUNTER_PRVS,UNKNOWN,PENDING,SANTA ROSA,SANTA ROSA,95401.0,"
,  95401
(38.44366, -122.7246163)",1,631,1.0,1246,,0,Recorded completed stay,train,Training animal also appears in validation or test period,2023-04-18,excluded
BLUE,DOG,STAFFORDSHIRE,GRAY/WHITE,Female,MED,2022-07-20T00:00:00.000,K23-044438,DS78,A416861,2023-04-20,2023-04-20,0,STRAY,FIELD,RETURN TO OWNER,OVER THE COUNTER_CALL,UNKNOWN,PENDING,SANTA ROSA,SANTA ROSA,95404.0,"
,  95404
(38.43807, -122.71247)",1,645,0.0,1243,,0,Recorded completed stay,train,Training animal also appears in validation or test period,2023-04-20,excluded
ANUBIS,DOG,GERM SHEPHERD,BLACK,Neutered,MED,2016-09-08T00:00:00.000,K23-044562,DS84,A409300,2023-05-02,2023-05-03,1,CONFISCATE,FLD_HOSPTL,RETURN TO OWNER,OVER THE COUNTER_MCHIP,HEALTHY,HEALTHY,SANTA ROSA,SANTA ROSA,95409.0,"
,  95409
(38.46382, -122.67058)",1,729,1.0,1231,,0,Recorded completed stay,train,Training animal also appears in validation or test period,2023-05-03,excluded
ROSIE,DOG,DACHSHUND LH,BROWN/RED,Spayed,TOY,2012-07-13T00:00:00.000,K23-044651,DS53,A299416,2023-05-12,2023-05-16,4,CONFISCATE,FLD_HOSPTL,RETURN TO OWNER,OVER THE COUNTER_MCHIP,UNKNOWN,PENDING,SANTA ROSA,SANTA ROSA,95403.0,"
,  95403
(38.4716444, -122.7398255)",1,796,4.0,1221,,0,Recorded completed stay,train,Training animal also appears in validation or test period,2023-05-16,excluded
SASHA,DOG,DACHSHUND LH,RED,Neutered,TOY,2012-07-13T00:00:00.000,K23-044652,DS53,A299415,2023-05-12,2023-05-16,4,CONFISCATE,FLD_HOSPTL,RETURN TO OWNER,OVER THE COUNTER_MCHIP,UNKNOWN,PENDING,SANTA ROSA,SANTA ROSA,95403.0,"
,  95403
(38.4716444, -122.7398255)",1,797,4.0,1221,,0,Recorded completed stay,train,Training animal also appears in validation or test period,2023-05-16,excluded
ROSIE,DOG,DACHSHUND LH,BROWN/RED,Spayed,TOY,2012-07-13T00:00:00.000,K23-044801,DS73,A299416,2023-05-21,2023-05-30,9,CONFISCATE,FLD_HOSPTL,RETURN TO OWNER,OVER THE COUNTER_PRVS,HEALTHY,HEALTHY,SANTA ROSA,SANTA ROSA,95403.0,"
,  95403
(38.4716444, -122.7398255)",1,923,9.0,1212,,0,Recorded completed stay,train,Training animal also appears in validation or test period,2023-05-30,excluded
SASHA,DOG,DACHSHUND LH,RED,Neutered,TOY,2012-07-13T00:00:00.000,K23-044802,DS73,A299415,2023-05-21,2023-05-30,9,CONFISCATE,FLD_HOSPTL,RETURN TO OWNER,OVER THE COUNTER_PRVS,HEALTHY,HEALTHY,SANTA ROSA,SANTA ROSA,95403.0,"
,  95403
(38.4716444, -122.7398255)",1,924,9.0,1212,,0,Recorded completed stay,train,Training animal also appears in validation or test period,2023-05-30,excluded
DEXTER,DOG,RAT TERRIER/MIX,WHITE/BLACK,Neutered,SMALL,2014-07-19T00:00:00.000,K23-044817,DS53,A417750,2023-05-24,2023-05-26,2,CONFISCATE,FLD_ARREST,RETURN TO OWNER,OVER THE COUNTER_ARREST,UNKNOWN,PENDING,SANTA ROSA,SANTA ROSA,95403.0,"
,  95403
(38.51311, -122.75502)",1,934,2.0,1209,,0,Recorded completed stay,train,Training animal also appears in validation or test period,2023-05-26,excluded
DOZER,DOG,ALASKAN HUSKY/GERM SHEPHERD,WHITE,Male,MED,2020-05-30T00:00:00.000,K23-044877,DS56,A417900,2023-05-30,2023-06-01,2,STRAY,FIELD,RETURN TO OWNER,OVER THE COUNTER_WEB,UNKNOWN,PENDING,SANTA ROSA,WINDSOR,95492.0,"
,  95492
(38.54943, -122.81329)",1,988,2.0,1203,,0,Recorded completed stay,train,Training animal also appears in validation or test period,2023-06-01,excluded
SASHA,DOG,DACHSHUND LH,RED,Neutered,TOY,2012-07-13T00:00:00.000,K23-044952,DS87,A299415,2023-06-06,2023-06-09,3,CONFISCATE,FLD_HOSPTL,RETURN TO OWNER,OVER THE COUNTER_PRVS,UNKNOWN,PENDING,SANTA ROSA,SANTA ROSA,95403.0,"
,  95403
(38.4716444, -122.7398255)",1,1038,3.0,1196,,0,Recorded completed stay,train,Training animal also appears in validation or test period,2023-06-09,excluded
ROSIE,DOG,DACHSHUND LH,BROWN/RED,Spayed,TOY,2012-07-13T00:00:00.000,K23-044953,DS87,A299416,2023-06-06,2023-06-09,3,CONFISCATE,FLD_HOSPTL,RETURN TO OWNER,OVER THE COUNTER_PRVS,UNKNOWN,PENDING,SANTA ROSA,SANTA ROSA,95403.0,"
,  95403
(38.4716444, -122.7398255)",1,1039,3.0,1196,,0,Recorded completed stay,train,Training animal also appears in validation or test period,2023-06-09,excluded
DOZER,DOG,ALASKAN HUSKY/GERM SHEPHERD,WHITE,Male,MED,2020-05-30T00:00:00.000,K23-044995,DS65,A417900,2023-06-10,2023-06-15,5,STRAY,FIELD,RETURN TO OWNER,OVER THE COUNTER_CALL,UNKNOWN,PENDING,SANTA ROSA,WINDSOR,95492.0,"
,  95492
(38.54943, -122.81329)",1,1065,5.0,1192,,0,Recorded completed stay,train,Training animal also appears in validation or test period,2023-06-15,excluded
ROMEO,CAT,DOMESTIC SH,BRN TABBY,Neutered,SMALL,2023-04-20T00:00:00.000,K23-045080,LOBBY,A418402,2023-06-17,2023-07-26,39,OWNER SURRENDER,OVER THE COUNTER,ADOPTION,WALKIN,HEALTHY,HEALTHY,SANTA ROSA,SANTA ROSA,95405.0,"
,  95405
(38.44473, -122.68655)",1,1121,39.0,1185,,1,Recorded completed stay,train,Training animal also appears in validation or test period,2023-07-18,excluded
PEPITO,DOG,PIT BULL,BLACK/WHITE,Neutered,MED,2019-02-21T00:00:00.000,K23-045418,DS77,A415738,2023-07-16,2023-07-20,4,STRAY,FIELD,RETURN TO OWNER,OVER THE COUNTER_LETTER,UNKNOWN,PENDING,SANTA ROSA,SANTA ROSA,95401.0,"
,  95401
(38.44366, -122.7246163)",1,1353,4.0,1156,,0,Recorded completed stay,train,Training animal also appears in validation or test period,2023-07-20,excluded
DOZER,DOG,ALASKAN HUSKY/GERM SHEPHERD,WHITE,Male,MED,2020-05-30T00:00:00.000,K23-045514,DS77,A417900,2023-07-25,2023-07-28,3,CONFISCATE,FLD_ARREST,RETURN TO OWNER,OVER THE COUNTER_PRVS,UNKNOWN,PENDING,SANTA ROSA,WINDSOR,95492.0,"
,  95492
(38.54943, -122.81329)",1,1416,3.0,1147,,0,Recorded completed stay,train,Training animal also appears in validation or test period,2023-07-28,excluded
KIKI,DOG,FRENCH BULLDOG,WHITE/BLACK,Male,MED,2022-01-27T00:00:00.000,K23-045545,DA25,A419338,2023-07-27,2023-07-28,1,STRAY,OVER THE COUNTER,RETURN TO OWNER,OVER THE COUNTER_WEB,UNKNOWN,PENDING,COUNTY,COUNTY,95492.0,"
,  95492
(38.541355, -122.80026)",1,1441,1.0,1145,,0,Recorded completed stay,train,Training animal also appears in validation or test period,2023-07-28,excluded
NUMBER ONE,DOG,LABRADOR RETR/MIX,BLACK/WHITE,Female,MED,2010-05-22T00:00:00.000,K23-045675,DQ109,A419561,2023-08-10,2023-08-15,5,CONFISCATE,FLD_HOSPTL,RETURN TO OWNER,OVER THE COUNTER_NOTICE,UNKNOWN,PENDING,COUNTY,COUNTY,95421.0,"
,  95421
(38.5325498, -123.0878063)",1,1530,5.0,1131,,0,Recorded completed stay,train,Training animal also appears in validation or test period,2023-08-15,excluded
JASPER,DOG,PIT BULL/MIX,BLACK/WHITE,Male,LARGE,2022-12-01T00:00:00.000,K23-045825,DS49,A419972,2023-08-27,2023-08-31,4,STRAY,FIELD,RETURN TO OWNER,OVER THE COUNTER_WEB,UNKNOWN,PENDING,SANTA ROSA,PETALUMA,94954.0,"
,  94954
(38.26295, -122.64045)",1,1643,4.0,1114,,0,Recorded completed stay,train,Training animal also appears in validation or test period,2023-08-31,excluded
CHARLIE,DOG,BELG MALINOIS/MIX,TAN/BLACK,Spayed,PUPPY,2023-06-02T00:00:00.000,K23-045849,DA19,A420028,2023-08-29,2023-10-07,39,STRAY,OVER THE COUNTER,ADOPTION,WALKIN,HEALTHY,HEALTHY,SANTA ROSA,COUNTY,95404.0,"
,  95404
(38.43807, -122.71247)",1,1662,39.0,1112,,1,Recorded completed stay,train,Training animal also appears in validation or test period,2023-09-29,excluded
ROMEO,CAT,DOMESTIC SH,BRN TABBY,Neutered,SMALL,2023-04-20T00:00:00.000,K23-045864,LOBBY,A418402,2023-08-31,2023-09-02,2,OWNER SURRENDER,OVER THE COUNTER,ADOPTION,SCAS WEB,HEALTHY,HEALTHY,SANTA ROSA,,94131.0,"
,  94131
(37.73841, -122.43099)",1,1673,2.0,1110,,0,Recorded completed stay,train,Training animal also appears in validation or test period,2023-09-02,excluded
SASHA,DOG,DACHSHUND LH,RED,Neutered,TOY,2012-07-13T00:00:00.000,K23-046408,DS65,A299415,2023-10-10,2023-10-28,18,CONFISCATE,FLD_HOSPTL,RETURN TO OWNER,OVER THE COUNTER_PRVS,UNKNOWN,PENDING,SANTA ROSA,SANTA ROSA,95403.0,"
,  95403
(38.4716444, -122.7398255)",1,2019,18.0,1070,,0,Recorded completed stay,train,Training animal also appears in validation or test period,2023-10-28,excluded
ROSIE,DOG,DACHSHUND LH,BROWN/RED,Spayed,TOY,2012-07-13T00:00:00.000,K23-046409,DS65,A299416,2023-10-10,2023-10-28,18,CONFISCATE,FLD_HOSPTL,RETURN TO OWNER,OVER THE COUNTER_PRVS,UNKNOWN,PENDING,SANTA ROSA,SANTA ROSA,95403.0,"
,  95403
(38.4716444, -122.7398255)",1,2020,18.0,1070,,0,Recorded completed stay,train,Training animal also appears in validation or test period,2023-10-28,excluded
SEBASTIAN,DOG,GREAT PYRENEES,WHITE,Neutered,LARGE,2022-11-20T00:00:00.000,K23-046429,DS91,A421121,2023-10-11,2023-11-22,42,CONFISCATE,FLD_ABAND,ADOPTION,WALKIN,TREATABLE/MANAGEABLE,TREATABLE/MANAGEABLE,COUNTY,WINDSOR,95492.0,"
,  95492
(38.54943, -122.81329)",0,2033,42.0,1069,,1,Recorded completed stay,train,Training animal also appears in validation or test period,2023-11-11,excluded
FRIDA,DOG,BOXER,FAWN/WHITE,Spayed,LARGE,2018-06-25T00:00:00.000,K23-046775,DA18,A422078,2023-11-12,2023-11-21,9,STRAY,FIELD,RETURN TO OWNER,OVER THE COUNTER_WEB,UNKNOWN,HEALTHY,SANTA ROSA,SANTA ROSA,95401.0,"
,  95401
(38.44366, -122.7246163)",1,2244,9.0,1037,,0,Recorded completed stay,train,Training animal also appears in validation or test period,2023-11-21,excluded
SADIE,DOG,ROTTWEILER,BLACK/TAN,Female,LARGE,2022-11-03T00:00:00.000,K23-046818,DQ110,A422170,2023-11-15,2023-11-15,0,STRAY,FLD_STRAY,RETURN TO OWNER,OVER THE COUNTER_CALL,HEALTHY,HEALTHY,COUNTY,COUNTY,95472.0,"
,  95472
(38.40179, -122.82512)",1,2281,0.0,1034,,0,Recorded completed stay,train,Training animal also appears in validation or test period,2023-11-15,excluded
SEBASTIAN,DOG,GREAT PYRENEES,WHITE,Neutered,LARGE,2022-11-20T00:00:00.000,K23-046964,DA47,A421121,2023-12-02,2023-12-16,14,ADOPTION RETURN,OVER THE COUNTER,ADOPTION,SCAS WEB,TREATABLE/MANAGEABLE,HEALTHY,WINDSOR,SANTA ROSA,95403.0,"
,  95403
(38.51311, -122.75502)",0,2400,14.0,1017,,0,Recorded completed stay,train,Training animal also appears in validation or test period,2023-12-16,excluded
TAMARINDO,DOG,LABRADOR RETR/GERM SHEPHERD,BLACK/TAN,Male,MED,2020-04-01T00:00:00.000,K23-046967,DS68,A422652,2023-12-02,2023-12-02,0,STRAY,OVER THE COUNTER,RETURN TO OWNER,OVER THE COUNTER_MCHIP,UNKNOWN,PENDING,SANTA ROSA,SANTA ROSA,95407.0,"
,  95407
(38.4127094, -122.7412153)",1,2403,0.0,1017,,0,Recorded completed stay,train,Training animal also appears in validation or test period,2023-12-02,excluded
NALA,DOG,SIBERIAN HUSKY/GERM SHEPHERD,RED/WHITE,Spayed,MED,2021-04-10T00:00:00.000,K23-046968,DQ116,A422655,2023-12-02,2023-12-02,0,STRAY,OVER THE COUNTER,RETURN TO OWNER,OVER THE COUNTER_CALL,UNKNOWN,PENDING,SANTA ROSA,SANTA ROSA,95407.0,"
,  95407
(38.4127094, -122.7412153)",1,2404,0.0,1017,,0,Recorded completed stay,train,Training animal also appears in validation or test period,2023-12-02,excluded
KANE,DOG,MASTIFF,BLACK/BROWN,Male,LARGE,2022-01-17T00:00:00.000,K23-047055,DA25,A431344,2023-12-09,2023-12-09,0,CONFISCATE,FLD_EVICT,RETURN TO OWNER,OVER THE COUNTER_CALL,UNKNOWN,PENDING,SANTA ROSA,OUT OF COUNTY,95928.0,"
,  95928
(39.72478, -121.84143)",1,2474,0.0,1010,,0,Recorded completed stay,train,Training animal also appears in validation or test period,2023-12-09,excluded
SNOW,DOG,SIBERIAN HUSKY,GRAY/WHITE,Male,MED,2021-12-27T00:00:00.000,K23-047062,DS61,A423001,2023-12-11,2023-12-13,2,STRAY,FLD_STRAY,RETURN TO OWNER,OVER THE COUNTER_WEB,UNKNOWN,PENDING,SANTA ROSA,SANTA ROSA,95403.0,"
,  95403
(38.4716444, -122.7398255)",1,2481,2.0,1008,,0,Recorded completed stay,train,Training animal also appears in validation or test period,2023-12-13,excluded
DAISY,DOG,SIBERIAN HUSKY/MIX,RED/WHITE,Female,MED,2020-03-20T00:00:00.000,K23-047145,DS67,A423403,2023-12-16,2023-12-19,3,STRAY,FIELD,RETURN TO OWNER,OVER THE COUNTER_WEB,UNKNOWN,PENDING,SANTA ROSA,SANTA ROSA,95401.0,"
,  95401
(38.44366, -122.7246163)",1,2535,3.0,1003,,0,Recorded completed stay,train,Training animal also appears in validation or test period,2023-12-19,excluded
DAISY,DOG,SIBERIAN HUSKY/MIX,RED/WHITE,Female,MED,2020-03-20T00:00:00.000,K24-047379,TRUCK,A423403,2024-01-18,2024-01-18,0,STRAY,FIELD,RETURN TO OWNER,FLD_MCHIP,UNKNOWN,HEALTHY,SANTA ROSA,SANTA ROSA,95401.0,"
,  95401
(38.44366, -122.7246163)",1,2689,0.0,970,,0,Recorded completed stay,train,Training animal also appears in validation or test period,2024-01-18,excluded
CHURRO,DOG,DACHSHUND/MIX,TAN/WHITE,Neutered,TOY,2022-01-26T00:00:00.000,K24-047446,DS96,A424064,2024-01-26,2024-02-03,8,STRAY,OVER THE COUNTER,RETURN TO OWNER,OVER THE COUNTER_WEB,HEALTHY,HEALTHY,SANTA ROSA,SANTA ROSA,95407.0,"
,  95407
(38.41483, -122.72707)",1,2744,8.0,962,,0,Recorded completed stay,train,Training animal also appears in validation or test period,2024-02-03,excluded
*NORMAN,DOG,GERM SHEPHERD/MIX,BLACK/BROWN,Neutered,PUPPY,2023-09-27T00:00:00.000,K24-047458,DA45,A424102,2024-01-27,2024-03-23,56,STRAY,OVER THE COUNTER,ADOPTION,SCAS WEB,UNKNOWN,HEALTHY,SANTA ROSA,SANTA ROSA,95404.0,"
,  95404
(38.44511, -122.708)",1,2753,56.0,961,,1,Recorded completed stay,train,Training animal also appears in validation or test period,2024-02-27,excluded
PRECIOUS,DOG,PIT BULL,WHITE/BROWN,Female,LARGE,2019-12-14T00:00:00.000,K24-047535,DS51,A414069,2024-02-06,2024-02-09,3,STRAY,FIELD,RETURN TO OWNER,OVER THE COUNTER_WALKIN,UNKNOWN,PENDING,SANTA ROSA,WINDSOR,95492.0,"
,  95492
(38.54943, -122.81329)",1,2799,3.0,951,,0,Recorded completed stay,train,Training animal also appears in validation or test period,2024-02-09,excluded
MILLIE,DOG,BELG MALINOIS,BROWN/BLACK,Spayed,PUPPY,2023-11-07T00:00:00.000,K24-047547,DA02,A424296,2024-02-07,2024-03-05,27,STRAY,OVER THE COUNTER,ADOPTION,SCAS WEB,UNKNOWN,HEALTHY,SANTA ROSA,SANTA ROSA,95401.0,"
,  95401
(38.44366, -122.7246163)",1,2806,27.0,950,,0,Recorded completed stay,train,Training animal also appears in validation or test period,2024-03-05,excluded
INDICA,DOG,SIBERIAN HUSKY,GRAY/WHITE,Female,MED,2022-02-24T00:00:00.000,K24-047687,DS52,A424778,2024-02-23,2024-02-24,1,CONFISCATE,FLD_ARREST,RETURN TO OWNER,OVER THE COUNTER_ARREST,UNKNOWN,PENDING,SANTA ROSA,OUT OF COUNTY,91406.0,"
,  91406
(34.19995, -118.49895)",1,2911,1.0,934,,0,Recorded completed stay,train,Training animal also appears in validation or test period,2024-02-24,excluded
*RIC,CAT,DOMESTIC SH,BLACK/WHITE,Neutered,SMALL,2023-04-05T00:00:00.000,K24-047748,CA02,A424973,2024-03-05,2024-03-23,18,STRAY,OVER THE COUNTER,ADOPTION,WALKIN,HEALTHY,HEALTHY,SANTA ROSA,SANTA ROSA,95405.0,"
,  95405
(38.443415, -122.69178)",1,2955,18.0,923,,0,Recorded completed stay,train,Training animal also appears in validation or test period,2024-03-23,excluded
GANGSTER,DOG,PIT BULL/MIX,BLACK/TAN,Male,MED,,K24-047775,DA18,A425049,2024-03-07,2024-03-08,1,CONFISCATE,FLD_ARREST,RETURN TO OWNER,OVER THE COUNTER_ARREST,UNKNOWN,PENDING,COUNTY,COUNTY,95476.0,"
,  95476
(38.295408, -122.4710575)",1,2969,1.0,921,,0,Recorded completed stay,train,Training animal also appears in validation or test period,2024-03-08,excluded
BUDDY,DOG,PAPILLON/MIX,BROWN,Neutered,SMALL,2015-07-10T00:00:00.000,K24-047776,DA19,A425050,2024-03-07,2024-03-08,1,CONFISCATE,FLD_ARREST,RETURN TO OWNER,OVER THE COUNTER_ARREST,UNKNOWN,PENDING,COUNTY,COUNTY,95476.0,"
,  95476
(38.288405, -122.464525)",1,2970,1.0,921,,0,Recorded completed stay,train,Training animal also appears in validation or test period,2024-03-08,excluded
TAMARINDO,DOG,LABRADOR RETR/GERM SHEPHERD,BLACK/TAN,Male,MED,2020-04-01T00:00:00.000,K24-047961,DS81,A422652,2024-03-22,2024-03-26,4,STRAY,FLD_STRAY,RETURN TO OWNER,OVER THE COUNTER_NOTICE,UNKNOWN,PENDING,SANTA ROSA,SANTA ROSA,95407.0,"
,  95407
(38.4127094, -122.7412153)",1,3097,4.0,906,,0,Recorded completed stay,train,Training animal also appears in validation or test period,2024-03-26,excluded
NALA,DOG,SIBERIAN HUSKY/GERM SHEPHERD,RED/WHITE,Spayed,MED,2021-04-10T00:00:00.000,K24-047962,DS58,A422655,2024-03-22,2024-03-26,4,STRAY,FLD_STRAY,RETURN TO OWNER,OVER THE COUNTER_WEB,UNKNOWN,PENDING,SANTA ROSA,SANTA ROSA,95407.0,"
,  95407
(38.4127094, -122.7412153)",1,3098,4.0,906,,0,Recorded completed stay,train,Training animal also appears in validation or test period,2024-03-26,excluded
ROSIE,DOG,DACHSHUND LH,BROWN/RED,Spayed,TOY,2012-07-13T00:00:00.000,K24-047990,DQ107,A299416,2024-03-24,2024-04-05,12,CONFISCATE,FLD_HOSPTL,RETURN TO OWNER,MEDICAL,UNKNOWN,PENDING,SANTA ROSA,SANTA ROSA,95403.0,"
,  95403
(38.4716444, -122.7398255)",1,3117,12.0,904,,0,Recorded completed stay,train,Training animal also appears in validation or test period,2024-04-05,excluded
SASHA,DOG,DACHSHUND LH,RED,Neutered,TOY,2012-07-13T00:00:00.000,K24-047991,DQ107,A299415,2024-03-24,2024-04-05,12,CONFISCATE,FLD_HOSPTL,RETURN TO OWNER,MEDICAL,UNKNOWN,PENDING,SANTA ROSA,SANTA ROSA,95403.0,"
,  95403
(38.4716444, -122.7398255)",1,3118,12.0,904,,0,Recorded completed stay,train,Training animal also appears in validation or test period,2024-04-05,excluded
CHULA,DOG,GERM SHEPHERD,BLACK/TAN,Spayed,LARGE,2018-01-24T00:00:00.000,K24-048047,DS81,A378486,2024-04-01,2024-04-02,1,STRAY,FIELD,RETURN TO OWNER,OVER THE COUNTER_WEB,UNKNOWN,PENDING,SANTA ROSA,SANTA ROSA,95407.0,"
,  95407
(38.4127094, -122.7412153)",1,3166,1.0,896,,0,Recorded completed stay,train,Training animal also appears in validation or test period,2024-04-02,excluded
BOOMER,DOG,RHOD RIDGEBACK/DOBERMAN PINSCH,RED,Male,LARGE,2018-01-29T00:00:00.000,K24-048069,DQ114,A381696,2024-04-03,2024-04-06,3,CONFISCATE,FLD_INVEST,RETURN TO OWNER,OVER THE COUNTER_NOTICE,UNKNOWN,PENDING,SANTA ROSA,OUT OF COUNTY,94945.0,"
,  94945
(38.10609, -122.5679)",0,3174,3.0,894,,0,Recorded completed stay,train,Training animal also appears in validation or test period,2024-04-06,excluded
PYSCHO,DOG,PIT BULL,BROWN/WHITE,Female,MED,2022-04-05T00:00:00.000,K24-048101,DS83,A425684,2024-04-05,2024-04-09,4,STRAY,OVER THE COUNTER,RETURN TO OWNER,OVER THE COUNTER_WALKIN,UNKNOWN,PENDING,SANTA ROSA,COUNTY,95403.0,"
,  95403
(38.4716444, -122.7398255)",1,3195,4.0,892,,0,Recorded completed stay,train,Training animal also appears in validation or test period,2024-04-09,excluded
MIMI,CAT,DOMESTIC SH,BLACK/WHITE,Spayed,SMALL,2018-10-14T00:00:00.000,K24-048102,CA03,A425687,2024-04-06,2024-04-12,6,STRAY,FLD_STRAY,RETURN TO OWNER,OVER THE COUNTER_WEB,UNKNOWN,PENDING,SANTA ROSA,SANTA ROSA,95401.0,"
,  95401
(38.445212, -122.745766)",1,3196,6.0,891,,0,Recorded completed stay,train,Training animal also appears in validation or test period,2024-04-12,excluded
BINKIE,DOG,GERM SHEPHERD,BLACK/TAN,Neutered,LARGE,2021-08-22T00:00:00.000,K24-048121,TRUCK,A425725,2024-04-09,2024-04-09,0,STRAY,FIELD,RETURN TO OWNER,FLD_MCHIP,UNKNOWN,HEALTHY,SANTA ROSA,SANTA ROSA,95407.0,"
,  95407
(38.41483, -122.72707)",1,3212,0.0,888,,0,Recorded completed stay,train,Training animal also appears in validation or test period,2024-04-09,excluded
ROCKY,DOG,LABRADOR RETR/MIX,BLACK/CHOCOLATE,Neutered,LARGE,2022-07-05T00:00:00.000,K24-048225,DS65,A422137,2024-04-18,2024-04-19,1,STRAY,OVER THE COUNTER,RETURN TO OWNER,OVER THE COUNTER_MCHIP,UNKNOWN,PENDING,SANTA ROSA,HEALDSBURG,95448.0,"
,  95448
(38.61064, -122.86883)",1,3298,1.0,879,,0,Recorded completed stay,train,Training animal also appears in validation or test period,2024-04-19,excluded
DASH,DOG,LABRADOR RETR,WHITE,Male,MED,2020-04-25T00:00:00.000,K24-048277,DS81,A426062,2024-04-25,2024-04-25,0,STRAY,FIELD,RETURN TO OWNER,OVER THE COUNTER_MCHIP,UNKNOWN,PENDING,SANTA ROSA,COUNTY,95401.0,"
,  95401
(38.445212, -122.745766)",1,3341,0.0,872,,0,Recorded completed stay,train,Training animal also appears in validation or test period,2024-04-25,excluded
KING,DOG,LABRADOR RETR,BLACK,Male,MED,2021-04-25T00:00:00.000,K24-048278,DS96,A426063,2024-04-25,2024-04-25,0,STRAY,FIELD,RETURN TO OWNER,OVER THE COUNTER_WEB,UNKNOWN,PENDING,SANTA ROSA,COUNTY,95401.0,"
,  95401
(38.445212, -122.745766)",1,3342,0.0,872,,0,Recorded completed stay,train,Training animal also appears in validation or test period,2024-04-25,excluded
WILLA,DOG,PIT BULL/MIX,BLACK/WHITE,Spayed,SMALL,2024-01-30T00:00:00.000,K24-048330,DS79,A426165,2024-04-30,2024-05-07,7,STRAY,OVER THE COUNTER,RETURN TO OWNER,OVER THE COUNTER_WEB,UNKNOWN,PENDING,SANTA ROSA,SANTA ROSA,95409.0,"
,  95409
(38.46382, -122.67058)",1,3371,7.0,867,,0,Recorded completed stay,train,Training animal also appears in validation or test period,2024-05-07,excluded
GRIZZ,DOG,CHIHUAHUA SH,BLACK,Neutered,SMALL,2014-06-15T00:00:00.000,K24-048386,DS69,A322260,2024-05-06,2024-05-08,2,STRAY,FIELD,RETURN TO OWNER,OVER THE COUNTER_MCHIP,UNKNOWN,PENDING,SANTA ROSA,SANTA ROSA,95401.0,"
,  95401
(38.45663, -122.72292)",1,3402,2.0,861,,0,Recorded completed stay,train,Training animal also appears in validation or test period,2024-05-08,excluded
PINKY,DOG,SIBERIAN HUSKY,WHITE,Spayed,SMALL,2023-05-08T00:00:00.000,K24-048411,DS93,A426263,2024-05-08,2024-05-17,9,CONFISCATE,FLD_EVICT,RTOS,SOVER THE COUNTER,UNKNOWN,PENDING,COUNTY,OUT OF COUNTY,95467.0,"
,  95467
(38.80849, -122.55644)",1,3424,9.0,859,,0,Recorded completed stay,train,Training animal also appears in validation or test period,2024-05-17,excluded
BELLA,DOG,PIT BULL,BLUE,Spayed,MED,2022-07-16T00:00:00.000,K24-048469,DA19,A426379,2024-05-12,2024-05-16,4,CONFISCATE,FLD_ARREST,RETURN TO OWNER,OVER THE COUNTER_WALKIN,UNKNOWN,PENDING,SANTA ROSA,SANTA ROSA,95401.0,"
,  95401
(38.45663, -122.72292)",1,3473,4.0,855,,0,Recorded completed stay,train,Training animal also appears in validation or test period,2024-05-16,excluded
CHIPAYA,CAT,DOMESTIC SH,BRN TABBY,Neutered,SMALL,2020-07-25T00:00:00.000,K24-048515,CS06,A434934,2024-05-15,2024-05-17,2,CONFISCATE,FLD_ARREST,RETURN TO OWNER,OVER THE COUNTER_CALL,UNKNOWN,PENDING,COUNTY,COUNTY,95446.0,"
,  95446
(38.50204, -122.99739)",1,3519,2.0,852,,0,Recorded completed stay,train,Training animal also appears in validation or test period,2024-05-17,excluded
KING,DOG,LABRADOR RETR,BLACK,Male,MED,2021-04-25T00:00:00.000,K24-048529,TRUCK,A426063,2024-05-17,2024-05-17,0,STRAY,FLD_STRAY,RETURN TO OWNER,FLD_MCHIP,UNKNOWN,HEALTHY,SANTA ROSA,COUNTY,95401.0,"
,  95401
(38.445212, -122.745766)",1,3530,0.0,850,,0,Recorded completed stay,train,Training animal also appears in validation or test period,2024-05-17,excluded
DASH,DOG,LABRADOR RETR,WHITE,Male,MED,2020-04-25T00:00:00.000,K24-048530,TRUCK,A426062,2024-05-17,2024-05-17,0,STRAY,FIELD,RETURN TO OWNER,FLD_MCHIP,UNKNOWN,HEALTHY,SANTA ROSA,COUNTY,95401.0,"
,  95401
(38.45663, -122.72292)",1,3531,0.0,850,,0,Recorded completed stay,train,Training animal also appears in validation or test period,2024-05-17,excluded
PINKY,DOG,SIBERIAN HUSKY,WHITE,Spayed,SMALL,2023-05-08T00:00:00.000,K24-048545,DA45,A426263,2024-05-17,2024-11-20,187,OWNER SURRENDER,OVER THE COUNTER,ADOPTION,SCAS WEB,UNKNOWN,PENDING,COUNTY,SANTA ROSA,95409.0,"
,  95409
(38.46382, -122.67058)",1,3546,187.0,850,,1,Recorded completed stay,train,Training animal also appears in validation or test period,2024-06-17,excluded
KALI ROSE,DOG,PIT BULL,BLACK/WHITE,Spayed,MED,2023-12-21T00:00:00.000,K24-048561,DS68,A426557,2024-05-21,2024-05-21,0,CONFISCATE,FLD_ARREST,RETURN TO OWNER,OVER THE COUNTER_ARREST,HEALTHY,HEALTHY,SANTA ROSA,COUNTY,95403.0,"
,  95403
(38.51311, -122.75502)",1,3559,0.0,846,,0,Recorded completed stay,train,Training animal also appears in validation or test period,2024-05-21,excluded
SCOTTY,DOG,GERM SHEPHERD/MIX,BLACK/TAN,Male,PUPPY,2023-11-23T00:00:00.000,K24-048574,DS52,A426596,2024-05-22,2024-05-23,1,STRAY,FIELD,RETURN TO OWNER,OVER THE COUNTER_WEB,UNKNOWN,HEALTHY,COUNTY,SANTA ROSA,95401.0,"
,  95401
(38.445212, -122.745766)",1,3571,1.0,845,,0,Recorded completed stay,train,Training animal also appears in validation or test period,2024-05-23,excluded
ALLIE,DOG,CHIHUAHUA SH/MIX,WHITE/BR BRINDLE,Spayed,SMALL,2023-03-19T00:00:00.000,K24-048615,DS81,A426691,2024-05-24,2024-05-25,1,CONFISCATE,FLD_HOSPTL,RETURN TO OWNER,OVER THE COUNTER_WALKIN,UNKNOWN,PENDING,SANTA ROSA,SANTA ROSA,95404.0,"
,  95404
(38.43807, -122.71247)",1,3609,1.0,843,,0,Recorded completed stay,train,Training animal also appears in validation or test period,2024-05-25,excluded
LUNA,DOG,BELG MALINOIS/MIX,TAN/BLACK,Spayed,MED,2023-03-05T00:00:00.000,K24-048734,RECEIVING,A426937,2024-06-05,2024-06-05,0,STRAY,OVER THE COUNTER,RETURN TO OWNER,OVER THE COUNTER_CALL,UNKNOWN,PENDING,COUNTY,COUNTY,95462.0,"
,  95462
(38.46491, -123.00981)",1,3698,0.0,831,,0,Recorded completed stay,train,Training animal also appears in validation or test period,2024-06-05,excluded
BUDDY,DOG,PAPILLON/MIX,BROWN,Neutered,SMALL,2015-07-10T00:00:00.000,K24-049012,DS58,A425050,2024-07-05,2024-07-05,0,STRAY,FLD_STRAY,RETURN TO OWNER,OVER THE COUNTER_WEB,UNKNOWN,PENDING,SANTA ROSA,COUNTY,95476.0,"
,  95476
(38.295408, -122.4710575)",1,3887,0.0,801,,0,Recorded completed stay,train,Training animal also appears in validation or test period,2024-07-05,excluded
KING,DOG,CHIHUAHUA SH/PIT BULL,BLACK,Neutered,SMALL,2016-11-10T00:00:00.000,K24-049050,DS58,A351299,2024-07-06,2024-07-13,7,STRAY,FLD_STRAY,RETURN TO OWNER,OVER THE COUNTER_WALKIN,UNKNOWN,PENDING,SANTA ROSA,SANTA ROSA,95403.0,"
,  95403
(38.51311, -122.75502)",1,3907,7.0,800,,0,Recorded completed stay,train,Training animal also appears in validation or test period,2024-07-13,excluded
THOR,DOG,KEESHOND/MIX,SILVER/BLACK,Male,MED,2021-07-11T00:00:00.000,K24-049077,DQ108,A427639,2024-07-10,2024-07-11,1,STRAY,FIELD,RETURN TO OWNER,OVER THE COUNTER_WEB,UNKNOWN,PENDING,SANTA ROSA,SANTA ROSA,95403.0,"
,  95403
(38.4729505, -122.7442054)",1,3931,1.0,796,,0,Recorded completed stay,train,Training animal also appears in validation or test period,2024-07-11,excluded
KING,DOG,CHIHUAHUA SH/PIT BULL,BLACK,Neutered,SMALL,2016-11-10T00:00:00.000,K24-049169,DS96,A351299,2024-07-19,2024-07-20,1,STRAY,FLD_STRAY,RETURN TO OWNER,OVER THE COUNTER_LETTER,UNKNOWN,PENDING,SANTA ROSA,SANTA ROSA,95403.0,"
,  95403
(38.51311, -122.75502)",1,4007,1.0,787,,0,Recorded completed stay,train,Training animal also appears in validation or test period,2024-07-20,excluded
CLETUS,DOG,PIT BULL,BLACK/WHITE,Male,LARGE,2022-08-20T00:00:00.000,K24-049249,DS57,A428055,2024-07-26,2024-08-20,25,CONFISCATE,FLD_ARREST,RETURN TO OWNER,OVER THE COUNTER_NOTICE,UNKNOWN,PENDING,COUNTY,COUNTY,95446.0,"
,  95446
(38.50204, -122.99739)",1,4078,25.0,780,,0,Recorded completed stay,train,Training animal also appears in validation or test period,2024-08-20,excluded
BOBBY,DOG,PIT BULL/MIX,BLACK/WHITE,Male,MED,2021-07-28T00:00:00.000,K24-049265,DS71,A428092,2024-07-28,2024-07-30,2,STRAY,FLD_STRAY,RETURN TO OWNER,FB OTHER,UNKNOWN,PENDING,COUNTY,COUNTY,95401.0,"
,  95401
(38.45663, -122.72292)",1,4092,2.0,778,,0,Recorded completed stay,train,Training animal also appears in validation or test period,2024-07-30,excluded
BUCK,DOG,BELG MALINOIS/GERM SHEPHERD,BROWN/BLACK,Neutered,LARGE,2022-09-17T00:00:00.000,K24-049275,DQ107,A428110,2024-07-30,2024-07-31,1,STRAY,OVER THE COUNTER,RETURN TO OWNER,OVER THE COUNTER_CALL,UNKNOWN,PENDING,SANTA ROSA,COUNTY,95446.0,"
,  95446
(38.50204, -122.99739)",1,4100,1.0,776,,0,Recorded completed stay,train,Training animal also appears in validation or test period,2024-07-31,excluded
WILLA,DOG,PIT BULL/MIX,BLACK/WHITE,Spayed,SMALL,2024-01-30T00:00:00.000,K24-049365,DA18,A426165,2024-08-07,2024-08-10,3,STRAY,FLD_STRAY,RETURN TO OWNER,OVER THE COUNTER_WALKIN,UNKNOWN,PENDING,SANTA ROSA,SANTA ROSA,95409.0,"
,  95409
(38.46382, -122.67058)",1,4165,3.0,768,,0,Recorded completed stay,train,Training animal also appears in validation or test period,2024-08-10,excluded
THORIN,DOG,PIT BULL,BLACK/WHITE,Male,MED,2022-08-13T00:00:00.000,K24-049433,DA18,A428390,2024-08-13,2024-08-23,10,STRAY,FLD_STRAY,RETURN TO OWNER,OVER THE COUNTER_LETTER,UNKNOWN,PENDING,SANTA ROSA,COUNTY,95476.0,"
,  95476
(38.295408, -122.4710575)",1,4216,10.0,762,,0,Recorded completed stay,train,Training animal also appears in validation or test period,2024-08-23,excluded
BELLA,DOG,PIT BULL,BLUE,Spayed,MED,2022-07-16T00:00:00.000,K24-049481,DS95,A426379,2024-08-16,2024-08-20,4,STRAY,FLD_STRAY,RETURN TO OWNER,OVER THE COUNTER_WEB,UNKNOWN,PENDING,SANTA ROSA,SANTA ROSA,95401.0,"
,  95401
(38.45663, -122.72292)",1,4248,4.0,759,,0,Recorded completed stay,train,Training animal also appears in validation or test period,2024-08-20,excluded
MAX,DOG,PARSON RUSS TER,BLACK/BROWN,Neutered,SMALL,2023-10-25T00:00:00.000,K24-049554,DS86,A428660,2024-08-25,2024-08-27,2,CONFISCATE,FLD_INVEST,RETURN TO OWNER,OVER THE COUNTER_WALKIN,UNKNOWN,PENDING,SANTA ROSA,SANTA ROSA,95401.0,"
,  95401
(38.45663, -122.72292)",1,4308,2.0,750,,0,Recorded completed stay,train,Training animal also appears in validation or test period,2024-08-27,excluded
TANK,DOG,TR WALKER HOUND,TRICOLOR,Male,MED,2023-11-24T00:00:00.000,K24-049566,DA14,A428674,2024-08-27,2024-08-27,0,STRAY,OVER THE COUNTER,RETURN TO OWNER,OVER THE COUNTER_WEB,UNKNOWN,PENDING,COUNTY,COUNTY,95492.0,"
,  95492
(38.5407034, -122.805922)",1,4318,0.0,748,,0,Recorded completed stay,train,Training animal also appears in validation or test period,2024-08-27,excluded
DEXTER,DOG,RAT TERRIER/MIX,WHITE/BLACK,Neutered,SMALL,2014-07-19T00:00:00.000,K24-049625,DS79,A417750,2024-09-04,2024-09-07,3,CONFISCATE,FLD_ARREST,RETURN TO OWNER,FLD_PRVS,UNKNOWN,PENDING,SANTA ROSA,SANTA ROSA,95403.0,"
,  95403
(38.51311, -122.75502)",1,4361,3.0,740,,0,Recorded completed stay,train,Training animal also appears in validation or test period,2024-09-07,excluded
PHEONIX,DOG,PIT BULL,BROWN/WHITE,Spayed,MED,2021-01-21T00:00:00.000,K24-049687,DS80,A415107,2024-09-07,2024-09-07,0,STRAY,FLD_STRAY,RETURN TO OWNER,OVER THE COUNTER_WEB,UNKNOWN,PENDING,SANTA ROSA,SANTA ROSA,95404.0,"
,  95404
(38.451809, -122.692988)",1,4404,0.0,737,,0,Recorded completed stay,train,Training animal also appears in validation or test period,2024-09-07,excluded
DAX,DOG,ANATOL SHEPHERD/MIX,WHITE,Neutered,LARGE,2022-09-15T00:00:00.000,K24-049688,DQ111,A424384,2024-09-07,2024-09-07,0,STRAY,FLD_STRAY,RETURN TO OWNER,OVER THE COUNTER_WEB,UNKNOWN,PENDING,SANTA ROSA,SANTA ROSA,95404.0,"
,  95404
(38.43807, -122.71247)",1,4405,0.0,737,,0,Recorded completed stay,train,Training animal also appears in validation or test period,2024-09-07,excluded
WILLIS,DOG,GERM SHEPHERD,BLACK/TAN,Male,MED,2017-11-08T00:00:00.000,K24-049711,DS66,A401298,2024-09-10,2024-09-11,1,STRAY,OVER THE COUNTER,RETURN TO OWNER,OVER THE COUNTER_WEB,UNKNOWN,PENDING,SANTA ROSA,SANTA ROSA,95407.0,"
,  95407
(38.41483, -122.72707)",1,4425,1.0,734,,0,Recorded completed stay,train,Training animal also appears in validation or test period,2024-09-11,excluded
PHEONIX,DOG,PIT BULL,BROWN/WHITE,Spayed,MED,2021-01-21T00:00:00.000,K24-049950,DS60,A415107,2024-10-01,2024-10-02,1,STRAY,FLD_STRAY,RETURN TO OWNER,OVER THE COUNTER_NOTICE,UNKNOWN,PENDING,SANTA ROSA,SANTA ROSA,95404.0,"
,  95404
(38.43807, -122.71247)",1,4620,1.0,713,,0,Recorded completed stay,train,Training animal also appears in validation or test period,2024-10-02,excluded
BUDDY,DOG,LABRADOR RETR/MIX,BLACK/WHITE,Male,LARGE,2021-11-21T00:00:00.000,K24-049962,DS78,A408612,2024-10-03,2024-10-09,6,CONFISCATE,FLD_HOSPTL,RETURN TO OWNER,OVER THE COUNTER_NOTICE,UNKNOWN,PENDING,SANTA ROSA,COUNTY,95407.0,"
,  95407
(38.41483, -122.72707)",1,4624,6.0,711,,0,Recorded completed stay,train,Training animal also appears in validation or test period,2024-10-09,excluded
CY,DOG,QUEENSLAND HEEL,RED,Neutered,LARGE,2014-04-30T00:00:00.000,K24-049965,DS60,A429462,2024-10-04,2024-10-05,1,CONFISCATE,FLD_ARREST,RETURN TO OWNER,OVER THE COUNTER_ARREST,UNKNOWN,PENDING,COUNTY,,,,1,4627,1.0,710,,0,Recorded completed stay,train,Training animal also appears in validation or test period,2024-10-05,excluded
EAGEAN,DOG,BORDER COLLIE,RED/BROWN,Male,MED,2021-05-08T00:00:00.000,K24-049989,CS04,A429531,2024-10-07,2024-10-08,1,CONFISCATE,FLD_ABAND,RETURN TO OWNER,FLD_MCHIP,UNKNOWN,PENDING,SANTA ROSA,COUNTY,95403.0,"
,  95403
(38.51311, -122.75502)",1,4649,1.0,707,,0,Recorded completed stay,train,Training animal also appears in validation or test period,2024-10-08,excluded
PHEONIX,DOG,PIT BULL,BROWN/WHITE,Spayed,MED,2021-01-21T00:00:00.000,K24-050001,DQ118,A415107,2024-10-09,2024-10-09,0,STRAY,FLD_STRAY,RETURN TO OWNER,OVER THE COUNTER_MCHIP,UNKNOWN,PENDING,SANTA ROSA,SANTA ROSA,95404.0,"
,  95404
(38.43807, -122.71247)",1,4660,0.0,705,,0,Recorded completed stay,train,Training animal also appears in validation or test period,2024-10-09,excluded
DAX,DOG,ANATOL SHEPHERD/MIX,WHITE,Neutered,LARGE,2022-09-15T00:00:00.000,K24-050002,DQ107,A424384,2024-10-09,2024-10-09,0,STRAY,FLD_STRAY,RETURN TO OWNER,OVER THE COUNTER_MCHIP,UNKNOWN,PENDING,SANTA ROSA,SANTA ROSA,95404.0,"
,  95404
(38.43807, -122.71247)",1,4661,0.0,705,,0,Recorded completed stay,train,Training animal also appears in validation or test period,2024-10-09,excluded
BABY GIRL,DOG,BOXER/MIX,BR BRINDLE,Female,MED,2023-10-12T00:00:00.000,K24-050048,DS77,A429658,2024-10-12,2024-10-15,3,CONFISCATE,FLD_ARREST,RETURN TO OWNER,OVER THE COUNTER_WALKIN,HEALTHY,HEALTHY,SANTA ROSA,SANTA ROSA,95404.0,"
,  95404
(38.43807, -122.71247)",1,4688,3.0,702,,0,Recorded completed stay,train,Training animal also appears in validation or test period,2024-10-15,excluded
WILLA,DOG,PIT BULL/MIX,BLACK/WHITE,Spayed,SMALL,2024-01-30T00:00:00.000,K24-050090,DS94,A426165,2024-10-17,2024-10-29,12,STRAY,FIELD,RETURN TO OWNER,OVER THE COUNTER_NOTICE,UNKNOWN,PENDING,SANTA ROSA,SANTA ROSA,95409.0,"
,  95409
(38.46382, -122.67058)",1,4723,12.0,697,,0,Recorded completed stay,train,Training animal also appears in validation or test period,2024-10-29,excluded
CHARLIE MURPHY,DOG,PIT BULL,BLACK/WHITE,Spayed,MED,2021-10-17T00:00:00.000,K24-050093,DS88,A429719,2024-10-17,2024-10-18,1,CONFISCATE,FLD_ABAND,RETURN TO OWNER,OVER THE COUNTER_WALKIN,UNKNOWN,PENDING,SANTA ROSA,SANTA ROSA,95401.0,"
,  95401
(38.45663, -122.72292)",1,4726,1.0,697,,0,Recorded completed stay,train,Training animal also appears in validation or test period,2024-10-18,excluded
PHEONIX,DOG,PIT BULL,BROWN/WHITE,Spayed,MED,2021-01-21T00:00:00.000,K24-050190,DS66,A415107,2024-10-30,2024-10-30,0,STRAY,FLD_STRAY,RETURN TO OWNER,FLD_MCHIP,UNKNOWN,PENDING,SANTA ROSA,SANTA ROSA,95404.0,"
,  95404
(38.43807, -122.71247)",1,4807,0.0,684,,0,Recorded completed stay,train,Training animal also appears in validation or test period,2024-10-30,excluded
TIPSY,DOG,PIT BULL/MIX,BR BRINDLE/WHITE,Spayed,LARGE,2023-09-23T00:00:00.000,K24-050251,DS59,A426655,2024-11-05,2024-11-14,9,CONFISCATE,OVER THE COUNTER,RETURN TO OWNER,OVER THE COUNTER_MCHIP,UNKNOWN,PENDING,COUNTY,COUNTY,95472.0,"
,  95472
(38.40179, -122.82512)",1,4858,9.0,678,,0,Recorded completed stay,train,Training animal also appears in validation or test period,2024-11-14,excluded
ANNIE,DOG,PIT BULL/ALASKAN HUSKY,BROWN/WHITE,Spayed,SMALL,2024-08-07T00:00:00.000,K24-050295,DA48,A430060,2024-11-07,2024-11-27,20,STRAY,OVER THE COUNTER,ADOPTION,WALKIN,UNKNOWN,HEALTHY,SANTA ROSA,COUNTY,95492.0,"
,  95492
(38.54938, -122.81318)",1,4875,20.0,676,,0,Recorded completed stay,train,Training animal also appears in validation or test period,2024-11-27,excluded
BUBBLE B,DOG,CHIHUAHUA SH,TRICOLOR/BLACK,Female,SMALL,2018-07-22T00:00:00.000,K24-050316,DS69,A443233,2024-11-12,2024-11-19,7,STRAY,FLD_STRAY,RETURN TO OWNER,OVER THE COUNTER_WEB,UNKNOWN,PENDING,SANTA ROSA,SANTA ROSA,95401.0,"
,  95401
(38.45663, -122.72292)",1,4890,7.0,671,,0,Recorded completed stay,train,Training animal also appears in validation or test period,2024-11-19,excluded
CHANEL,DOG,AUST KELPIE/MIX,BLACK/WHITE,Spayed,MED,2020-06-19T00:00:00.000,K24-050386,DS91,A414055,2024-11-19,2024-11-19,0,STRAY,FLD_STRAY,RETURN TO OWNER,OVER THE COUNTER_NOTICE,UNKNOWN,PENDING,SANTA ROSA,SANTA ROSA,95403.0,"
,  95403
(38.51311, -122.75502)",1,4946,0.0,664,,0,Recorded completed stay,train,Training animal also appears in validation or test period,2024-11-19,excluded
NINO,DOG,MASTIFF/MIX,BR BRINDLE,Male,LARGE,2023-05-20T00:00:00.000,K24-050391,DS76,A430247,2024-11-20,2024-11-20,0,STRAY,FIELD,RETURN TO OWNER,OVER THE COUNTER_CALL,UNKNOWN,PENDING,SANTA ROSA,SANTA ROSA,95407.0,"
,  95407
(38.41483, -122.72707)",1,4951,0.0,663,,0,Recorded completed stay,train,Training animal also appears in validation or test period,2024-11-20,excluded
FANG,DOG,SIBERIAN HUSKY,WHITE,Neutered,LARGE,2023-11-22T00:00:00.000,K24-050413,DS76,A430274,2024-11-22,2024-11-22,0,STRAY,FIELD,RETURN TO OWNER,OVER THE COUNTER_WEB,UNKNOWN,PENDING,SANTA ROSA,SANTA ROSA,95404.0,"
,  95404
(38.43807, -122.71247)",1,4968,0.0,661,,0,Recorded completed stay,train,Training animal also appears in validation or test period,2024-11-22,excluded
TEDDY,DOG,FRENCH BULLDOG,GRAY,Neutered,SMALL,2020-02-01T00:00:00.000,K24-050414,DS82,A430275,2024-11-22,2024-11-22,0,STRAY,FIELD,RETURN TO OWNER,OVER THE COUNTER_WEB,UNKNOWN,PENDING,SANTA ROSA,SANTA ROSA,95404.0,"
,  95404
(38.43807, -122.71247)",1,4969,0.0,661,,0,Recorded completed stay,train,Training animal also appears in validation or test period,2024-11-22,excluded
WILLA,DOG,PIT BULL/MIX,BLACK/WHITE,Spayed,SMALL,2024-01-30T00:00:00.000,K24-050430,DA18,A426165,2024-11-24,2025-07-01,219,STRAY,FLD_STRAY,ADOPTION,WALKIN,HEALTHY,HEALTHY,SANTA ROSA,SANTA ROSA,95407.0,"
,  95407
(38.41483, -122.72707)",1,4977,219.0,659,,1,Recorded completed stay,train,Training animal also appears in validation or test period,2024-12-25,excluded
BULLET,DOG,CHIHUAHUA SH,BL BRINDLE,Male,TOY,2024-05-04T00:00:00.000,K24-050480,DA29,A430390,2024-12-01,2024-12-04,3,STRAY,FLD_STRAY,RETURN TO OWNER,OVER THE COUNTER_PRVS,UNKNOWN,PENDING,SANTA ROSA,SANTA ROSA,95401.0,"
,  95401
(38.45663, -122.72292)",1,5019,3.0,652,,0,Recorded completed stay,train,Training animal also appears in validation or test period,2024-12-04,excluded
PIMIENTA,DOG,GERM SHEPHERD/MIX,BROWN/BLACK,Female,PUPPY,2023-10-18T00:00:00.000,K24-050485,DA27,A430396,2024-12-02,2024-12-04,2,STRAY,FIELD,RETURN TO OWNER,OVER THE COUNTER_WEB,UNKNOWN,PENDING,COUNTY,COUNTY,95472.0,"
,  95472
(38.40179, -122.82512)",1,5023,2.0,651,,0,Recorded completed stay,train,Training animal also appears in validation or test period,2024-12-04,excluded
CANELA,DOG,GERM SHEPHERD/MIX,BROWN/WHITE,Female,PUPPY,2023-10-18T00:00:00.000,K24-050486,DA27,A430397,2024-12-02,2024-12-04,2,STRAY,FIELD,RETURN TO OWNER,OVER THE COUNTER_WEB,UNKNOWN,PENDING,COUNTY,COUNTY,95472.0,"
,  95472
(38.40179, -122.82512)",1,5024,2.0,651,,0,Recorded completed stay,train,Training animal also appears in validation or test period,2024-12-04,excluded
PUP PUP,DOG,AMER BULLDOG/MIX,WHITE/BLACK,Neutered,LARGE,2023-05-14T00:00:00.000,K24-050487,DA23,A426368,2024-12-02,2024-12-03,1,CONFISCATE,FLD_ABAND,RETURN TO OWNER,OVER THE COUNTER_NOTICE,UNKNOWN,PENDING,SANTA ROSA,COUNTY,94952.0,"
,  94952
(38.23262, -122.64426)",1,5025,1.0,651,,0,Recorded completed stay,train,Training animal also appears in validation or test period,2024-12-03,excluded
PINKY,DOG,SIBERIAN HUSKY,WHITE,Spayed,SMALL,2023-05-08T00:00:00.000,K24-050541,DA19,A426263,2024-12-10,2025-06-18,190,ADOPTION RETURN,OVER THE COUNTER,ADOPTION,SCAS WEB,UNKNOWN,HEALTHY,SANTA ROSA,SANTA ROSA,95401.0,"
,  95401
(38.45663, -122.72292)",1,5060,190.0,643,,1,Recorded completed stay,train,Training animal also appears in validation or test period,2025-01-10,excluded
PRECIOUS,DOG,PIT BULL,WHITE/BROWN,Female,LARGE,2019-12-14T00:00:00.000,K24-050575,DS81,A414069,2024-12-12,2024-12-14,2,CONFISCATE,FLD_ARREST,RETURN TO OWNER,OVER THE COUNTER_ARREST,UNKNOWN,PENDING,SANTA ROSA,WINDSOR,95492.0,"
,  95492
(38.54943, -122.81329)",1,5075,2.0,641,,0,Recorded completed stay,train,Training animal also appears in validation or test period,2024-12-14,excluded
CANELA,DOG,AMER BULLDOG/MIX,TAN/WHITE,Female,MED,2023-10-05T00:00:00.000,K24-050582,DS88,A430563,2024-12-12,2024-12-13,1,STRAY,FIELD,RETURN TO OWNER,OVER THE COUNTER_WEB,UNKNOWN,PENDING,COUNTY,COUNTY,95476.0,"
,  95476
(38.29188, -122.45728)",1,5081,1.0,641,,0,Recorded completed stay,train,Training animal also appears in validation or test period,2024-12-13,excluded
SNOWBALL,DOG,GERM SHEPHERD/MIX,WHITE,Neutered,MED,2021-12-14T00:00:00.000,K24-050592,DS94,A430615,2024-12-14,2024-12-20,6,CONFISCATE,FLD_ARREST,RETURN TO OWNER,OVER THE COUNTER_ARREST,UNKNOWN,PENDING,COUNTY,COUNTY,95476.0,"
,  95476
(38.29188, -122.45728)",1,5090,6.0,639,,0,Recorded completed stay,train,Training animal also appears in validation or test period,2024-12-20,excluded
BUDDIE,DOG,GERM SHEPHERD/MIX,TAN/BLACK,Neutered,LARGE,2019-01-14T00:00:00.000,K24-050680,DQ113,A430788,2024-12-25,2025-01-14,20,QUARANTINE,FIELD,RETURN TO OWNER,OVER THE COUNTER_LETTER,UNKNOWN,PENDING,SANTA ROSA,COUNTY,95436.0,"
,  95436
(38.47569, -122.89487)",1,5154,20.0,628,,0,Recorded completed stay,train,Training animal also appears in validation or test period,2025-01-14,excluded
PANDA,DOG,AUST SHEPHERD/MIX,BLACK,Neutered,MED,2024-10-27T00:00:00.000,K24-050725,DA36,A430845,2024-12-27,2025-02-01,36,OWNER SURRENDER,OVER THE COUNTER,ADOPTION,SCAS WEB,UNKNOWN,HEALTHY,COUNTY,SANTA ROSA,95404.0,"
,  95404
(38.43807, -122.71247)",1,5193,36.0,626,,1,Recorded completed stay,train,Training animal also appears in validation or test period,2025-01-27,excluded
SNOWBALL,DOG,GERM SHEPHERD/MIX,WHITE,Neutered,MED,2021-12-14T00:00:00.000,K24-050737,DS67,A430615,2024-12-28,2025-01-07,10,STRAY,FLD_STRAY,RETURN TO OWNER,OVER THE COUNTER_NOTICE,UNKNOWN,PENDING,*SONOMA,COUNTY,95476.0,"
,  95476
(38.29188, -122.45728)",1,5204,10.0,625,,0,Recorded completed stay,train,Training animal also appears in validation or test period,2025-01-07,excluded
JASPER,DOG,PIT BULL/MIX,BLACK/WHITE,Male,LARGE,2022-12-01T00:00:00.000,K24-050747,DS82,A419972,2024-12-30,2024-12-31,1,STRAY,FIELD,RETURN TO OWNER,OVER THE COUNTER_WEB,UNKNOWN,PENDING,SANTA ROSA,PETALUMA,94954.0,"
,  94954
(38.26295, -122.64045)",1,5213,1.0,623,,0,Recorded completed stay,train,Training animal also appears in validation or test period,2024-12-31,excluded
KAYA,DOG,AMER BULLDOG/MIX,TRICOLOR,Spayed,MED,2024-07-17T00:00:00.000,K24-050751,DI102,A430911,2024-12-30,2025-01-17,18,STRAY,FLD_STRAY,RETURN TO OWNER,OVER THE COUNTER_WEB,UNKNOWN,PENDING,SANTA ROSA,SANTA ROSA,95401.0,"
,  95401
(38.45663, -122.72292)",1,5216,18.0,623,,0,Recorded completed stay,train,Training animal also appears in validation or test period,2025-01-17,excluded
*LULU,DOG,BELG MALINOIS,BROWN/BLACK,Spayed,MED,2023-08-06T00:00:00.000,K25-050770,DA45,A430942,2025-01-01,2025-03-08,66,STRAY,FLD_STRAY,ADOPTION,SCAS WEB,UNKNOWN,HEALTHY,SANTA ROSA,SANTA ROSA,95403.0,"
,  95403
(38.51311, -122.75502)",1,5232,66.0,621,,1,Recorded completed stay,train,Training animal also appears in validation or test period,2025-02-01,excluded
CANELA,DOG,CANE CORSO,BROWN/BLACK,Female,X-LRG,2020-01-08T00:00:00.000,K25-050776,DS82,A430949,2025-01-02,2025-01-08,6,STRAY,FIELD,RETURN TO OWNER,OVER THE COUNTER_WEB,HEALTHY,HEALTHY,SANTA ROSA,SANTA ROSA,95401.0,"
,  95401
(38.45663, -122.72292)",1,5238,6.0,620,,0,Recorded completed stay,train,Training animal also appears in validation or test period,2025-01-08,excluded
NINO,DOG,MASTIFF/MIX,BR BRINDLE,Male,LARGE,2023-05-20T00:00:00.000,K25-050880,TRUCK,A430247,2025-01-11,2025-01-11,0,STRAY,FIELD,RETURN TO OWNER,FLD_MCHIP,UNKNOWN,HEALTHY,SANTA ROSA,SANTA ROSA,95407.0,"
,  95407
(38.41483, -122.72707)",1,5309,0.0,611,,0,Recorded completed stay,train,Training animal also appears in validation or test period,2025-01-11,excluded
TIGER,DOG,PIT BULL,BROWN/WHITE,Neutered,MED,2021-08-19T00:00:00.000,K25-050881,TRUCK,A431199,2025-01-11,2025-01-11,0,STRAY,FLD_STRAY,RETURN TO OWNER,FLD_MCHIP,UNKNOWN,HEALTHY,SANTA ROSA,SANTA ROSA,95407.0,"
,  95407
(38.41483, -122.72707)",1,5310,0.0,611,,0,Recorded completed stay,train,Training animal also appears in validation or test period,2025-01-11,excluded
KANE,DOG,MASTIFF,BLACK/BROWN,Male,LARGE,2022-01-17T00:00:00.000,K25-050927,DQ113,A431344,2025-01-15,2025-01-17,2,CONFISCATE,FLD_ARREST,RETURN TO OWNER,OVER THE COUNTER_ARREST,UNKNOWN,PENDING,COUNTY,OUT OF COUNTY,95928.0,"
,  95928
(39.72478, -121.84143)",1,5346,2.0,607,,0,Recorded completed stay,train,Training animal also appears in validation or test period,2025-01-17,excluded
JOKER,DOG,PIT BULL,BLUE MERLE/WHITE,Male,LARGE,2023-02-11T00:00:00.000,K25-050933,DS74,A431393,2025-01-16,2025-01-17,1,STRAY,FLD_STRAY,RETURN TO OWNER,OVER THE COUNTER_WEB,UNKNOWN,PENDING,COUNTY,COUNTY,95407.0,"
,  95407
(38.41483, -122.72707)",1,5350,1.0,606,,0,Recorded completed stay,train,Training animal also appears in validation or test period,2025-01-17,excluded
CHATO,DOG,PIT BULL,GRAY/WHITE,Neutered,MED,2015-01-17T00:00:00.000,K25-050943,RECEIVING,A431425,2025-01-17,2025-01-17,0,STRAY,OVER THE COUNTER,RETURN TO OWNER,OVER THE COUNTER_CALL,UNKNOWN,PENDING,SANTA ROSA,COUNTY,95404.0,"
,  95404
(38.43807, -122.71247)",1,5359,0.0,605,,0,Recorded completed stay,train,Training animal also appears in validation or test period,2025-01-17,excluded
SKY,DOG,SIBERIAN HUSKY,GRAY/WHITE,Female,MED,2018-10-26T00:00:00.000,K25-050972,TRUCK,A387392,2025-01-22,2025-01-22,0,STRAY,FLD_STRAY,RETURN TO OWNER,FLD_MCHIP,UNKNOWN,HEALTHY,SANTA ROSA,SANTA ROSA,95407.0,"
,  95407
(38.41483, -122.72707)",1,5381,0.0,600,,0,Recorded completed stay,train,Training animal also appears in validation or test period,2025-01-22,excluded
MAX,DOG,PARSON RUSS TER,BLACK/BROWN,Neutered,SMALL,2023-10-25T00:00:00.000,K25-050982,DQ107,A428660,2025-01-23,2025-02-04,12,QUARANTINE,FIELD,RETURN TO OWNER,OVER THE COUNTER_NOTICE,UNKNOWN,PENDING,SANTA ROSA,SANTA ROSA,95401.0,"
,  95401
(38.45663, -122.72292)",1,5389,12.0,599,,0,Recorded completed stay,train,Training animal also appears in validation or test period,2025-02-04,excluded
TAFFY,DOG,LABRADOR RETR/SIBERIAN HUSKY,YELLOW/WHITE,Female,LARGE,2019-06-30T00:00:00.000,K25-050990,DS81,A403235,2025-01-24,2025-01-28,4,STRAY,FIELD,RETURN TO OWNER,OVER THE COUNTER_WEB,UNKNOWN,PENDING,COUNTY,COUNTY,95448.0,"
,  95448
(38.61064, -122.86883)",1,5396,4.0,598,,0,Recorded completed stay,train,Training animal also appears in validation or test period,2025-01-28,excluded
DEXTER,DOG,RAT TERRIER/MIX,WHITE/BLACK,Neutered,SMALL,2014-07-19T00:00:00.000,K25-051000,DS87,A417750,2025-01-25,2025-01-29,4,CONFISCATE,FLD_ARREST,RETURN TO OWNER,OVER THE COUNTER_ARREST,UNKNOWN,PENDING,SANTA ROSA,SANTA ROSA,95403.0,"
,  95403
(38.51311, -122.75502)",1,5403,4.0,597,,0,Recorded completed stay,train,Training animal also appears in validation or test period,2025-01-29,excluded
ROCKY,DOG,LABRADOR RETR/MIX,BLACK/CHOCOLATE,Neutered,LARGE,2022-07-05T00:00:00.000,K25-051005,DS55,A422137,2025-01-25,2025-01-28,3,STRAY,OVER THE COUNTER,RETURN TO OWNER,OVER THE COUNTER_MCHIP,UNKNOWN,PENDING,COUNTY,HEALDSBURG,95448.0,"
,  95448
(38.61064, -122.86883)",1,5408,3.0,597,,0,Recorded completed stay,train,Training animal also appears in validation or test period,2025-01-28,excluded
KODA,DOG,LABRADOR RETR/MIX,BROWN,Neutered,MED,,K25-051064,DS68,A431762,2025-02-03,2025-02-05,2,CONFISCATE,FLD_ARREST,RETURN TO OWNER,OVER THE COUNTER_ARREST,UNKNOWN,PENDING,COUNTY,SANTA ROSA,95407.0,"
,  95407
(38.41483, -122.72707)",1,5454,2.0,588,,0,Recorded completed stay,train,Training animal also appears in validation or test period,2025-02-05,excluded
MARV,CAT,DOMESTIC SH,BRN TABBY/WHITE,Neutered,SMALL,2021-02-08T00:00:00.000,K25-051098,CS05,A431860,2025-02-06,2025-02-08,2,STRAY,OVER THE COUNTER,RETURN TO OWNER,OVER THE COUNTER_WEB,UNKNOWN,PENDING,SANTA ROSA,WINDSOR,95492.0,"
,  95492
(38.54943, -122.81329)",1,5469,2.0,585,,0,Recorded completed stay,train,Training animal also appears in validation or test period,2025-02-08,excluded
CANELO,DOG,GERM SHEPHERD,BLACK/BROWN,Male,MED,2018-02-07T00:00:00.000,K25-051100,DS64,A431873,2025-02-07,2025-02-07,0,STRAY,FLD_STRAY,RETURN TO OWNER,OVER THE COUNTER_CALL,UNKNOWN,PENDING,SANTA ROSA,SANTA ROSA,95404.0,"
,  95404
(38.43807, -122.71247)",1,5471,0.0,584,,0,Recorded completed stay,train,Training animal also appears in validation or test period,2025-02-07,excluded
COCO CHANEL,DOG,DOBERMAN PINSCH/MIX,BROWN,Spayed,MED,2023-04-07T00:00:00.000,K25-051105,DS75,A431879,2025-02-07,2025-02-07,0,STRAY,FLD_STRAY,RETURN TO OWNER,OVER THE COUNTER_CALL,UNKNOWN,PENDING,SANTA ROSA,SANTA ROSA,95407.0,"
,  95407
(38.41483, -122.72707)",1,5476,0.0,584,,0,Recorded completed stay,train,Training animal also appears in validation or test period,2025-02-07,excluded
ROCKY,DOG,LABRADOR RETR/MIX,BLACK/CHOCOLATE,Neutered,LARGE,2022-07-05T00:00:00.000,K25-051130,DA36,A422137,2025-02-11,2025-09-27,228,STRAY,FLD_STRAY,ADOPTION,WALKIN,HEALTHY,HEALTHY,COUNTY,PETALUMA,94952.0,"
,  94952
(38.23262, -122.64426)",1,5497,228.0,580,,1,Recorded completed stay,train,Training animal also appears in validation or test period,2025-03-14,excluded
FANG,DOG,SIBERIAN HUSKY,WHITE,Neutered,LARGE,2023-11-22T00:00:00.000,K25-051131,DS75,A430274,2025-02-11,2025-02-11,0,STRAY,FIELD,RETURN TO OWNER,OVER THE COUNTER_WEB,UNKNOWN,PENDING,SANTA ROSA,SANTA ROSA,95404.0,"
,  95404
(38.43807, -122.71247)",1,5498,0.0,580,,0,Recorded completed stay,train,Training animal also appears in validation or test period,2025-02-11,excluded
TEDDY,DOG,FRENCH BULLDOG,GRAY,Neutered,SMALL,2020-02-01T00:00:00.000,K25-051132,DS71,A430275,2025-02-11,2025-02-11,0,STRAY,FIELD,RETURN TO OWNER,OVER THE COUNTER_WEB,UNKNOWN,PENDING,SANTA ROSA,SANTA ROSA,95404.0,"
,  95404
(38.43807, -122.71247)",1,5499,0.0,580,,0,Recorded completed stay,train,Training animal also appears in validation or test period,2025-02-11,excluded
CHATO,DOG,PIT BULL,GRAY/WHITE,Neutered,MED,2015-01-17T00:00:00.000,K25-051134,DS63,A431425,2025-02-11,2025-02-13,2,STRAY,OVER THE COUNTER,RETURN TO OWNER,OVER THE COUNTER_NOTICE,UNKNOWN,PENDING,SANTA ROSA,COUNTY,95404.0,"
,  95404
(38.43807, -122.71247)",1,5501,2.0,580,,0,Recorded completed stay,train,Training animal also appears in validation or test period,2025-02-13,excluded
GRAFFITTI,DOG,CHIHUAHUA SH,TRICOLOR,Female,TOY,2024-02-14T00:00:00.000,K25-051141,DS71,A431968,2025-02-12,2025-02-14,2,CONFISCATE,FLD_ARREST,RETURN TO OWNER,OVER THE COUNTER_ARREST,UNKNOWN,PENDING,SANTA ROSA,SANTA ROSA,95401.0,"
,  95401
(38.45663, -122.72292)",1,5504,2.0,579,,0,Recorded completed stay,train,Training animal also appears in validation or test period,2025-02-14,excluded
PILOT,DOG,GERM SHEPHERD,TAN/BLACK,Neutered,MED,2023-02-15T00:00:00.000,K25-051165,DA36,A432049,2025-02-15,2025-04-05,49,STRAY,FLD_STRAY,ADOPTION,SCAS WEB,HEALTHY,PENDING,COUNTY,SANTA ROSA,95409.0,"
,  95409
(38.46382, -122.67058)",1,5523,49.0,576,,1,Recorded completed stay,train,Training animal also appears in validation or test period,2025-03-18,excluded
UTAH,DOG,PIT BULL/MIX,GRAY/WHITE,Female,MED,2022-02-19T00:00:00.000,K25-051168,DS79,A432054,2025-02-15,2025-02-19,4,STRAY,FLD_STRAY,RETURN TO OWNER,OVER THE COUNTER_WEB,UNKNOWN,PENDING,COUNTY,COUNTY,95452.0,"
,  95452
(38.42063, -122.55253)",1,5526,4.0,576,,0,Recorded completed stay,train,Training animal also appears in validation or test period,2025-02-19,excluded
WILBER,DOG,PUG,TAN/BLACK,Male,SMALL,2021-02-28T00:00:00.000,K25-051272,DS84,A432342,2025-02-28,2025-02-28,0,STRAY,FLD_STRAY,RETURN TO OWNER,OVER THE COUNTER_WEB,UNKNOWN,PENDING,SANTA ROSA,SANTA ROSA,95401.0,"
,  95401
(38.45663, -122.72292)",1,5601,0.0,563,,0,Recorded completed stay,train,Training animal also appears in validation or test period,2025-02-28,excluded
MAX,DOG,PARSON RUSS TER,BLACK/BROWN,Neutered,SMALL,2023-10-25T00:00:00.000,K25-051322,VET,A428660,2025-03-08,2025-03-08,0,STRAY,FLD_STRAY,RETURN TO OWNER,FLD_MCHIP,UNKNOWN,HEALTHY,SANTA ROSA,SANTA ROSA,95401.0,"
,  95401
(38.45663, -122.72292)",1,5637,0.0,555,,0,Recorded completed stay,train,Training animal also appears in validation or test period,2025-03-08,excluded
DIAMOND,DOG,GERM SHEPHERD,BLACK/TAN,Male,LARGE,2015-07-06T00:00:00.000,K25-051364,DS71,A389258,2025-03-13,2025-03-13,0,STRAY,OVER THE COUNTER,RETURN TO OWNER,OVER THE COUNTER_WEB,UNKNOWN,PENDING,SANTA ROSA,SANTA ROSA,95407.0,"
,  95407
(38.41483, -122.72707)",1,5665,0.0,550,,0,Recorded completed stay,train,Training animal also appears in validation or test period,2025-03-13,excluded
TIC TAC,DOG,CHIHUAHUA SH,FAWN,Female,SMALL,2018-01-01T00:00:00.000,K25-051390,RECEIVING,A432706,2025-03-18,2025-03-18,0,STRAY,OVER THE COUNTER,RETURN TO OWNER,OVER THE COUNTER_CALL,UNKNOWN,PENDING,SANTA ROSA,SANTA ROSA,95401.0,"
,  95401
(38.45663, -122.72292)",1,5684,0.0,545,,0,Recorded completed stay,train,Training animal also appears in validation or test period,2025-03-18,excluded
PRECIOUS,DOG,PIT BULL,WHITE/BROWN,Female,LARGE,2019-12-14T00:00:00.000,K25-051391,DS65,A414069,2025-03-18,2025-03-21,3,CONFISCATE,FLD_ABAND,RETURN TO OWNER,OVER THE COUNTER_NOTICE,UNKNOWN,PENDING,SANTA ROSA,WINDSOR,95492.0,"
,  95492
(38.54943, -122.81329)",1,5685,3.0,545,,0,Recorded completed stay,train,Training animal also appears in validation or test period,2025-03-21,excluded
F**CK AROUND,DOG,CATAHOULA/MIX,BRN MERLE,Male,LARGE,2024-07-25T00:00:00.000,K25-051398,DS88,A432714,2025-03-19,2025-03-25,6,CONFISCATE,FLD_ARREST,RETURN TO OWNER,OVER THE COUNTER_ARREST,UNKNOWN,PENDING,COUNTY,COUNTY,95425.0,"
,  95425
(38.80627, -123.01783)",1,5690,6.0,544,,0,Recorded completed stay,train,Training animal also appears in validation or test period,2025-03-25,excluded
FIND OUT,DOG,CATAHOULA/MIX,BRN MERLE,Male,LARGE,2024-07-25T00:00:00.000,K25-051399,DS80,A432715,2025-03-19,2025-03-25,6,CONFISCATE,FLD_ARREST,RETURN TO OWNER,OVER THE COUNTER_ARREST,UNKNOWN,PENDING,COUNTY,COUNTY,95425.0,"
,  95425
(38.80627, -123.01783)",1,5691,6.0,544,,0,Recorded completed stay,train,Training animal also appears in validation or test period,2025-03-25,excluded
BROOK,DOG,WELSH CORGI CAR/MIX,BLACK/BROWN,Neutered,SMALL,2022-09-22T00:00:00.000,K25-051428,DS63,A432791,2025-03-21,2025-03-22,1,STRAY,FLD_STRAY,RETURN TO OWNER,OVER THE COUNTER_WEB,UNKNOWN,PENDING,SANTA ROSA,SANTA ROSA,95407.0,"
,  95407
(38.41266, -122.74124)",1,5712,1.0,542,,0,Recorded completed stay,train,Training animal also appears in validation or test period,2025-03-22,excluded
BENTLEY,DOG,FRENCH BULLDOG,BROWN/WHITE,Male,SMALL,2020-04-01T00:00:00.000,K25-051488,DS74,A432956,2025-04-01,2025-04-01,0,STRAY,FLD_STRAY,RETURN TO OWNER,OVER THE COUNTER_WEB,UNKNOWN,PENDING,SANTA ROSA,SANTA ROSA,95403.0,"
,  95403
(38.51311, -122.75502)",1,5754,0.0,531,,0,Recorded completed stay,train,Training animal also appears in validation or test period,2025-04-01,excluded
BELLA,DOG,PIT BULL/MIX,BLACK/WHITE,Spayed,MED,2019-05-06T00:00:00.000,K25-051523,DA24,A377095,2025-04-05,2025-04-05,0,STRAY,OVER THE COUNTER,RETURN TO OWNER,OVER THE COUNTER_CALL,UNKNOWN,PENDING,SANTA ROSA,COUNTY,95476.0,"
,  95476
(38.29188, -122.45728)",1,5782,0.0,527,,0,Recorded completed stay,train,Training animal also appears in validation or test period,2025-04-05,excluded
CANELA,DOG,AMER BULLDOG/MIX,TAN/WHITE,Female,MED,2023-10-05T00:00:00.000,K25-051524,DS81,A430563,2025-04-05,2025-04-08,3,STRAY,FLD_STRAY,RETURN TO OWNER,OVER THE COUNTER_WEB,UNKNOWN,PENDING,COUNTY,COUNTY,95476.0,"
,  95476
(38.29188, -122.45728)",1,5783,3.0,527,,0,Recorded completed stay,train,Training animal also appears in validation or test period,2025-04-08,excluded
CINNAMON,DOG,AMER BULLDOG/MIX,RED/WHITE,Spayed,MED,2023-10-05T00:00:00.000,K25-051525,DS64,A433089,2025-04-05,2025-04-08,3,STRAY,FIELD,RETURN TO OWNER,OVER THE COUNTER_WEB,UNKNOWN,PENDING,COUNTY,COUNTY,95476.0,"
,  95476
(38.29188, -122.45728)",1,5784,3.0,527,,0,Recorded completed stay,train,Training animal also appears in validation or test period,2025-04-08,excluded
BRODY,DOG,PIT BULL,BLACK/WHITE,Neutered,MED,2020-09-11T00:00:00.000,K25-051570,HSSC,A409401,2025-04-09,2025-04-11,2,STRAY,EMAIL,RETURN TO OWNER,FLD_MCHIP,UNKNOWN,PENDING,SANTA ROSA,SANTA ROSA,95409.0,"
,  95409
(38.46382, -122.67058)",1,5816,2.0,523,,0,Recorded completed stay,train,Training animal also appears in validation or test period,2025-04-11,excluded
BODHI,DOG,PIT BULL/MIX,BLACK/WHITE,Neutered,MED,2023-04-23T00:00:00.000,K25-051657,DA05,A433294,2025-04-14,2025-05-23,39,STRAY,FLD_STRAY,ADOPTION,WALKIN,HEALTHY,PENDING,SANTA ROSA,COUNTY,95403.0,"
,  95403
(38.51311, -122.75502)",1,5891,39.0,518,,1,Recorded completed stay,train,Training animal also appears in validation or test period,2025-05-15,excluded
MOCCA,DOG,FRENCH BULLDOG,BROWN/TAN,Female,SMALL,2020-07-14T00:00:00.000,K25-051677,DS64,A433329,2025-04-17,2025-04-17,0,STRAY,FIELD,RETURN TO OWNER,FB OTHER,HEALTHY,HEALTHY,SANTA ROSA,SANTA ROSA,95407.0,"
,  95407
(38.41483, -122.72707)",1,5908,0.0,515,,0,Recorded completed stay,train,Training animal also appears in validation or test period,2025-04-17,excluded
DAISY,DOG,DOBERMAN PINSCH,BLACK/TAN,Spayed,LARGE,2023-10-26T00:00:00.000,K25-051745,DA17,A433441,2025-04-21,2025-05-14,23,STRAY,FLD_STRAY,ADOPTION,FB SCAS,UNKNOWN,HEALTHY,COUNTY,COUNTY,95472.0,"
,  95472
(38.40179, -122.82512)",1,5969,23.0,511,,0,Recorded completed stay,train,Training animal also appears in validation or test period,2025-05-14,excluded
TANK,DOG,PIT BULL/MIX,WHITE/TAN,Male,MED,2024-06-25T00:00:00.000,K25-051774,DS94,A433474,2025-04-24,2025-04-25,1,STRAY,VET_HOSP,RETURN TO OWNER,OVER THE COUNTER_WEB,UNKNOWN,PENDING,SANTA ROSA,COUNTY,95404.0,"
,  95404
(38.43807, -122.71247)",1,5986,1.0,508,,0,Recorded completed stay,train,Training animal also appears in validation or test period,2025-04-25,excluded
DAX,DOG,ANATOL SHEPHERD/MIX,WHITE,Neutered,LARGE,2022-09-15T00:00:00.000,K25-051775,DS85,A424384,2025-04-24,2025-04-25,1,STRAY,FIELD,RETURN TO OWNER,OVER THE COUNTER_PRVS,UNKNOWN,PENDING,SANTA ROSA,SANTA ROSA,95404.0,"
,  95404
(38.43807, -122.71247)",1,5987,1.0,508,,0,Recorded completed stay,train,Training animal also appears in validation or test period,2025-04-25,excluded
PHEONIX,DOG,PIT BULL,BROWN/WHITE,Spayed,MED,2021-01-21T00:00:00.000,K25-051776,DS87,A415107,2025-04-24,2025-04-25,1,STRAY,FIELD,RETURN TO OWNER,OVER THE COUNTER_PRVS,UNKNOWN,PENDING,SANTA ROSA,SANTA ROSA,95404.0,"
,  95404
(38.43807, -122.71247)",1,5988,1.0,508,,0,Recorded completed stay,train,Training animal also appears in validation or test period,2025-04-25,excluded
CINNAMON,DOG,AMER BULLDOG/MIX,RED/WHITE,Spayed,MED,2023-10-05T00:00:00.000,K25-051800,TRUCK,A433089,2025-04-27,2025-04-27,0,STRAY,FIELD,RETURN TO OWNER,FLD_LIC,UNKNOWN,HEALTHY,COUNTY,COUNTY,95476.0,"
,  95476
(38.29188, -122.45728)",1,6006,0.0,505,,0,Recorded completed stay,train,Training animal also appears in validation or test period,2025-04-27,excluded
CANELA,DOG,AMER BULLDOG/MIX,TAN/WHITE,Female,MED,2023-10-05T00:00:00.000,K25-051801,TRUCK,A430563,2025-04-27,2025-04-27,0,STRAY,FLD_STRAY,RETURN TO OWNER,FLD_LIC,UNKNOWN,HEALTHY,COUNTY,COUNTY,95476.0,"
,  95476
(38.29188, -122.45728)",1,6007,0.0,505,,0,Recorded completed stay,train,Training animal also appears in validation or test period,2025-04-27,excluded
ZEUS,DOG,SIBERIAN HUSKY,GRAY/WHITE,Male,MED,2021-05-02T00:00:00.000,K25-051836,DS77,A411719,2025-05-02,2025-05-02,0,STRAY,FLD_STRAY,RETURN TO OWNER,OVER THE COUNTER_CALL,UNKNOWN,PENDING,SANTA ROSA,SANTA ROSA,95401.0,"
,  95401
(38.45663, -122.72292)",1,6036,0.0,500,,0,Recorded completed stay,train,Training animal also appears in validation or test period,2025-05-02,excluded
BENJI,DOG,PLOTT HOUND/MIX,BR BRINDLE,Neutered,LARGE,2024-08-02T00:00:00.000,K25-051837,DS78,A433583,2025-05-02,2025-05-02,0,STRAY,FLD_STRAY,RETURN TO OWNER,OVER THE COUNTER_CALL,UNKNOWN,PENDING,SANTA ROSA,SANTA ROSA,95401.0,"
,  95401
(38.45663, -122.72292)",1,6037,0.0,500,,0,Recorded completed stay,train,Training animal also appears in validation or test period,2025-05-02,excluded
TINKERBELL,DOG,GERM SHEPHERD/MIX,BLACK/TAN,Female,MED,2021-01-16T00:00:00.000,K25-051885,DS92,A433654,2025-05-04,2025-05-06,2,STRAY,FIELD,RETURN TO OWNER,OVER THE COUNTER_WEB,UNKNOWN,PENDING,COUNTY,COUNTY,95425.0,"
,  95425
(38.80627, -123.01783)",1,6077,2.0,498,,0,Recorded completed stay,train,Training animal also appears in validation or test period,2025-05-06,excluded
*IRIS,DOG,BELG MALINOIS/MIX,BLACK/WHITE,Spayed,PUPPY,2025-03-13T00:00:00.000,K25-051889,DA01,A433667,2025-05-06,2025-08-12,98,STRAY,OVER THE COUNTER,ADOPTION,SPEC EVENT,UNKNOWN,HEALTHY,SANTA ROSA,WINDSOR,95492.0,"
,  95492
(38.54943, -122.81329)",1,6082,98.0,496,,1,Recorded completed stay,train,Training animal also appears in validation or test period,2025-06-06,excluded
YUM YUM,DOG,PIT BULL,BLACK,Female,MED,2023-12-10T00:00:00.000,K25-051949,DS69,A433779,2025-05-12,2025-05-15,3,CONFISCATE,FLD_ARREST,RETURN TO OWNER,OVER THE COUNTER_WEB,UNKNOWN,PENDING,SANTA ROSA,SANTA ROSA,95401.0,"
,  95401
(38.45663, -122.72292)",1,6126,3.0,490,,0,Recorded completed stay,train,Training animal also appears in validation or test period,2025-05-15,excluded
BILLY,DOG,PIT BULL/MIX,FAWN,Male,MED,2015-10-01T00:00:00.000,K25-051966,DS88,A415162,2025-05-13,2025-05-13,0,STRAY,FIELD,RETURN TO OWNER,OVER THE COUNTER_WEB,HEALTHY,HEALTHY,COUNTY,COUNTY,95439.0,"
,  95439
(38.49634, -122.77009)",1,6142,0.0,489,,0,Recorded completed stay,train,Training animal also appears in validation or test period,2025-05-13,excluded
PUP PUP,DOG,AMER BULLDOG/MIX,WHITE/BLACK,Neutered,LARGE,2023-05-14T00:00:00.000,K25-051975,DS90,A426368,2025-05-14,2025-05-14,0,CONFISCATE,FLD_ARREST,RETURN TO OWNER,OVER THE COUNTER_ARREST,HEALTHY,HEALTHY,SANTA ROSA,COUNTY,94952.0,"
,  94952
(38.23262, -122.64426)",1,6151,0.0,488,,0,Recorded completed stay,train,Training animal also appears in validation or test period,2025-05-14,excluded
THORIN,DOG,PIT BULL,BLACK/WHITE,Male,MED,2022-08-13T00:00:00.000,K25-052033,DS70,A428390,2025-05-18,2025-05-27,9,CONFISCATE,FLD_ABAND,RETURN TO OWNER,OVER THE COUNTER_ARREST,UNKNOWN,PENDING,SANTA ROSA,COUNTY,95476.0,"
,  95476
(38.29188, -122.45728)",1,6197,9.0,484,,0,Recorded completed stay,train,Training animal also appears in validation or test period,2025-05-27,excluded
WALLY,DOG,GERM SH POINT,WHITE/BROWN,Male,MED,2022-02-19T00:00:00.000,K25-052089,DS81,A434010,2025-05-23,2025-06-03,11,CONFISCATE,FLD_HOSPTL,RETURN TO OWNER,OVER THE COUNTER_LETTER,UNKNOWN,PENDING,SANTA ROSA,PETALUMA,94954.0,"
,  94954
(38.26295, -122.64045)",1,6240,11.0,479,,0,Recorded completed stay,train,Training animal also appears in validation or test period,2025-06-03,excluded
NOODLE,DOG,GREAT PYRENEES,WHITE,Spayed,LARGE,2022-02-19T00:00:00.000,K25-052090,DS79,A434011,2025-05-23,2025-06-03,11,CONFISCATE,FLD_HOSPTL,RETURN TO OWNER,OVER THE COUNTER_LETTER,UNKNOWN,PENDING,SANTA ROSA,PETALUMA,94954.0,"
,  94954
(38.26295, -122.64045)",1,6241,11.0,479,,0,Recorded completed stay,train,Training animal also appears in validation or test period,2025-06-03,excluded
BUSTER,DOG,LABRADOR RETR/MIX,BLACK/BROWN,Male,MED,,K25-052091,DS80,A434012,2025-05-23,2025-06-03,11,CONFISCATE,FLD_HOSPTL,RETURN TO OWNER,OVER THE COUNTER_LETTER,UNKNOWN,PENDING,SANTA ROSA,PETALUMA,94954.0,"
,  94954
(38.26295, -122.64045)",1,6242,11.0,479,,0,Recorded completed stay,train,Training animal also appears in validation or test period,2025-06-03,excluded
LEO,DOG,POMERANIAN,BLACK/WHITE,Male,SMALL,,K25-052093,HEALDSBURG,A434014,2025-05-24,2025-05-24,0,STRAY,FLD_STRAY,RETURN TO OWNER,OVER THE COUNTER_MCHIP,UNKNOWN,PENDING,HEALDSBURG,CLOVERDALE,95425.0,"
,  95425
(38.80627, -123.01783)",1,6244,0.0,478,,0,Recorded completed stay,train,Training animal also appears in validation or test period,2025-05-24,excluded
,DOG,BEAGLE/MIX,WHITE/TAN,Male,TOY,2024-08-31T00:00:00.000,K25-052170,DS90,A434163,2025-05-31,2025-06-15,15,STRAY,FLD_STRAY,EUTHANIZE,BEH SEVERE,UNKNOWN,UNTREATABLE,SANTA ROSA,,,,1,6293,15.0,471,,0,Recorded completed stay,gap,31-day gap before validation or testing,2025-06-15,excluded
,DOG,BEAGLE/MIX,TAN/WHITE,Female,TOY,,K25-052171,DS91,A434164,2025-05-31,2025-06-15,15,STRAY,FLD_STRAY,EUTHANIZE,BEH SEVERE,UNKNOWN,UNTREATABLE,SANTA ROSA,,,,1,6294,15.0,471,,0,Recorded completed stay,gap,31-day gap before validation or testing,2025-06-15,excluded
MIMON,CAT,DOMESTIC MH,BRN TABBY/WHITE,Neutered,SMALL,2023-05-31T00:00:00.000,K25-052172,CA02,A434168,2025-05-31,2025-07-18,48,STRAY,FLD_STRAY,ADOPTION,WALKIN,HEALTHY,HEALTHY,SANTA ROSA,WINDSOR,95492.0,"
,  95492
(38.54943, -122.81329)",1,6295,48.0,471,,1,Recorded completed stay,gap,31-day gap before validation or testing,2025-07-01,excluded
*TREVOR,CAT,DOMESTIC MH,BRN TABBY/WHITE,Neutered,SMALL,2023-05-31T00:00:00.000,K25-052173,CA02,A434169,2025-05-31,2025-06-19,19,STRAY,FLD_STRAY,ADOPTION,WALKIN,HEALTHY,HEALTHY,SANTA ROSA,WINDSOR,95492.0,"
,  95492
(38.54943, -122.81329)",1,6296,19.0,471,,0,Recorded completed stay,gap,31-day gap before validation or testing,2025-06-19,excluded
KITTY,CAT,DOMESTIC SH,BLACK/WHITE,Spayed,SMALL,2022-05-31T00:00:00.000,K25-052174,CA02,A434172,2025-05-31,2025-07-31,61,STRAY,OVER THE COUNTER,ADOPTION,WALKIN,HEALTHY,HEALTHY,SANTA ROSA,COUNTY,95472.0,"
,  95472
(38.40179, -122.82512)",1,6297,61.0,471,,1,Recorded completed stay,gap,31-day gap before validation or testing,2025-07-01,excluded
RUSSELL,DOG,CHIHUAHUA SH,TAN/WHITE,Male,TOY,2007-06-03T00:00:00.000,K25-052176,CS04,A434174,2025-05-31,2025-06-03,3,STRAY,FLD_STRAY,RETURN TO OWNER,OVER THE COUNTER_NOTICE,UNKNOWN,PENDING,COUNTY,COUNTY,94952.0,"
,  94952
(38.23262, -122.64426)",1,6298,3.0,471,,0,Recorded completed stay,gap,31-day gap before validation or testing,2025-06-03,excluded
CHLOE,DOG,MALTESE,WHITE/TAN,Spayed,TOY,2014-08-25T00:00:00.000,K25-052178,DS52,A380471,2025-05-31,2025-06-03,3,STRAY,OVER THE COUNTER,RETURN TO OWNER,OVER THE COUNTER_WEB,UNKNOWN,PENDING,SANTA ROSA,SANTA ROSA,95403.0,"
,  95403
(38.51311, -122.75502)",1,6299,3.0,471,,0,Recorded completed stay,gap,31-day gap before validation or testing,2025-06-03,excluded
*PIPPY,CAT,DOMESTIC SH,BLACK/WHITE,Spayed,KITTN,2025-05-01T00:00:00.000,K25-052179,CI02,A434179,2025-05-31,2025-10-02,124,STRAY,OVER THE COUNTER,TRANSFER,HSSC,HEALTHY,PENDING,SANTA ROSA,COUNTY,95407.0,"
,  95407
(38.41483, -122.72707)",1,6300,124.0,471,,1,Recorded completed stay,gap,31-day gap before validation or testing,2025-07-01,excluded
*ALFIE,CAT,DOMESTIC SH,BRN TABBY,Neutered,KITTN,2025-05-01T00:00:00.000,K25-052180,LOBBY,A434180,2025-05-31,2025-07-05,35,STRAY,OVER THE COUNTER,ADOPTION,FB SCAS,HEALTHY,HEALTHY,SANTA ROSA,SANTA ROSA,95409.0,"
,  95409
(38.46382, -122.67058)",1,6301,35.0,471,,1,Recorded completed stay,gap,31-day gap before validation or testing,2025-07-01,excluded
BUDDY AKA CHAPARO,DOG,PIT BULL/AFFENPINSCHER,BROWN/WHITE,Male,MED,2022-12-01T00:00:00.000,K25-052181,DS65,A434181,2025-05-31,2025-06-10,10,OWNER SURRENDER,OVER THE COUNTER,EUTHANIZE,AGGRESSIVE,UNKNOWN,UNTREATABLE,COUNTY,COUNTY,95446.0,"
,  95446
(38.50204, -122.99739)",1,6302,10.0,471,,0,Recorded completed stay,gap,31-day gap before validation or testing,2025-06-10,excluded
GARFIELD,CAT,DOMESTIC SH,ORG TABBY,Neutered,SMALL,2024-06-03T00:00:00.000,K25-052182,CS06,A434182,2025-05-31,2025-06-03,3,STRAY,FIELD,RETURN TO OWNER,OVER THE COUNTER_NOTICE,UNKNOWN,PENDING,SANTA ROSA,SANTA ROSA,95401.0,"
,  95401
(38.45663, -122.72292)",1,6303,3.0,471,,0,Recorded completed stay,gap,31-day gap before validation or testing,2025-06-03,excluded
BODHI,DOG,PIT BULL/MIX,BLACK/WHITE,Neutered,MED,2023-04-23T00:00:00.000,K25-052183,DA43,A433294,2025-05-31,2025-06-28,28,ADOPTION RETURN,OVER THE COUNTER,ADOPTION,WALKIN,UNKNOWN,HEALTHY,SANTA ROSA,OUT OF COUNTY,94939.0,"
,  94939
(37.93506, -122.53547)",1,6304,28.0,471,,0,Recorded completed stay,gap,31-day gap before validation or testing,2025-06-28,excluded
,CAT,DOMESTIC SH,BLACK/WHITE,Male,SMALL,,K25-052184,TRUCK,A434184,2025-05-31,2025-05-31,0,STRAY,FLD_STRAY,EUTHANIZE,ILL SEVERE,UNKNOWN,UNTREATABLE,COUNTY,,,,1,6305,0.0,471,,0,Recorded completed stay,gap,31-day gap before validation or testing,2025-05-31,excluded
,DOG,GERM SHEPHERD,BLACK/TAN,Female,LARGE,2022-05-31T00:00:00.000,K25-052185,CS04,A434185,2025-05-31,2025-06-11,11,STRAY,OVER THE COUNTER,EUTHANIZE,BEH SEVERE,UNKNOWN,UNTREATABLE,SANTA ROSA,,,,1,6306,11.0,471,,0,Recorded completed stay,gap,31-day gap before validation or testing,2025-06-11,excluded
,DOG,BELG MALINOIS/MIX,BLACK/TAN,Male,LARGE,2022-05-31T00:00:00.000,K25-052186,DS85,A434186,2025-05-31,2025-06-21,21,STRAY,OVER THE COUNTER,EUTHANIZE,AGGRESSIVE,UNKNOWN,UNTREATABLE,SANTA ROSA,,,,1,6307,21.0,471,,0,Recorded completed stay,gap,31-day gap before validation or testing,2025-06-21,excluded
,DOG,GERM SHEPHERD/MIX,BLACK,Female,LARGE,,K25-052187,DS86,A434187,2025-05-31,2025-06-19,19,STRAY,EMAIL,EUTHANIZE,AGGRESSIVE,UNKNOWN,UNTREATABLE,SANTA ROSA,,,,1,6308,19.0,471,,0,Recorded completed stay,gap,31-day gap before validation or testing,2025-06-19,excluded
JOY,DOG,PAPILLON/MIX,TAN/BLACK,Male,SMALL,2023-06-03T00:00:00.000,K25-052188,DS96,A434188,2025-06-01,2025-06-03,2,STRAY,FLD_STRAY,RETURN TO OWNER,OVER THE COUNTER_WEB,UNKNOWN,PENDING,SANTA ROSA,SANTA ROSA,95404.0,"
,  95404
(38.43807, -122.71247)",1,6309,2.0,470,,0,Recorded completed stay,gap,31-day gap before validation or testing,2025-06-03,excluded
,CAT,DOMESTIC LH,GRAY,Male,SMALL,,K25-052189,VET,A434189,2025-06-01,2025-06-04,3,STRAY,FLD_STRAY,VET,VET RETURN TO OWNER,UNKNOWN,PENDING,SANTA ROSA,SANTA ROSA,95403.0,"
,  95403
(38.51311, -122.75502)",1,6310,3.0,470,,0,Recorded completed stay,gap,31-day gap before validation or testing,2025-06-04,excluded
AUGIE,DOG,BICHON FRISE/MIX,WHITE,Male,SMALL,,K25-052191,DS75,A434194,2025-06-01,2025-06-03,2,CONFISCATE,FLD_ARREST,RETURN TO OWNER,OVER THE COUNTER_ARREST,UNKNOWN,PENDING,SANTA ROSA,OUT OF COUNTY,94515.0,"
,  94515
(38.57879, -122.5795)",1,6311,2.0,470,,0,Recorded completed stay,gap,31-day gap before validation or testing,2025-06-03,excluded
,CAT,DOMESTIC SH,BLACK,Unknown,SMALL,,K25-052193,CS06,A434200,2025-06-02,2025-06-17,15,STRAY,VET_HOSP,TRANSFER,FORGOTTEN,UNKNOWN,PENDING,SANTA ROSA,SANTA ROSA,95403.0,"
,  95403
(38.51311, -122.75502)",1,6312,15.0,469,,0,Recorded completed stay,gap,31-day gap before validation or testing,2025-06-17,excluded
MONKEY,DOG,BELG MALINOIS,BLACK/BROWN,Male,PUPPY,2025-03-10T00:00:00.000,K25-052194,DS95,A434201,2025-06-02,2025-06-04,2,STRAY,FLD_STRAY,RETURN TO OWNER,OVER THE COUNTER_WEB,UNKNOWN,PENDING,COUNTY,COUNTY,95476.0,"
,  95476
(38.29188, -122.45728)",1,6313,2.0,469,,0,Recorded completed stay,gap,31-day gap before validation or testing,2025-06-04,excluded
RICK JAMES,DOG,RHOD RIDGEBACK,RED/WHITE,Male,MED,2020-07-26T00:00:00.000,K25-052197,DS72,A434206,2025-06-02,2025-06-03,1,STRAY,FLD_STRAY,RETURN TO OWNER,OVER THE COUNTER_WEB,UNKNOWN,PENDING,COUNTY,COUNTY,95403.0,"
,  95403
(38.51311, -122.75502)",1,6314,1.0,469,,0,Recorded completed stay,gap,31-day gap before validation or testing,2025-06-03,excluded
BINGIE,DOG,PUG,CREAM,Male,SMALL,2022-06-02T00:00:00.000,K25-052198,TRUCK,A434207,2025-06-02,2025-06-02,0,STRAY,FLD_STRAY,RETURN TO OWNER,FLD_NBR,UNKNOWN,HEALTHY,COUNTY,COUNTY,95476.0,"
,  95476
(38.29188, -122.45728)",1,6315,0.0,469,,0,Recorded completed stay,gap,31-day gap before validation or testing,2025-06-02,excluded
,OTHER,BAT,BROWN,Unknown,SMALL,,K25-052200,EUTH,A434210,2025-06-03,2025-06-04,1,QUARANTINE,FIELD,TRANSFER,LAB FRA,UNKNOWN,DEAD,COUNTY,,,,1,6316,1.0,468,,0,Recorded completed stay,gap,31-day gap before validation or testing,2025-06-04,excluded
BENJI,DOG,PLOTT HOUND/MIX,BR BRINDLE,Neutered,LARGE,2024-08-02T00:00:00.000,K25-052201,DS89,A433583,2025-06-03,2025-06-03,0,STRAY,FLD_STRAY,RETURN TO OWNER,OVER THE COUNTER_NOTICE,UNKNOWN,PENDING,SANTA ROSA,SANTA ROSA,95401.0,"
,  95401
(38.45663, -122.72292)",1,6317,0.0,468,,0,Recorded completed stay,gap,31-day gap before validation or testing,2025-06-03,excluded
ZEUS,DOG,SIBERIAN HUSKY,GRAY/WHITE,Male,MED,2021-05-02T00:00:00.000,K25-052202,DS57,A411719,2025-06-03,2025-06-03,0,STRAY,FLD_STRAY,RETURN TO OWNER,OVER THE COUNTER_NOTICE,UNKNOWN,PENDING,SANTA ROSA,SANTA ROSA,95401.0,"
,  95401
(38.45663, -122.72292)",1,6318,0.0,468,,0,Recorded completed stay,gap,31-day gap before validation or testing,2025-06-03,excluded
MAGGIE,CAT,DOMESTIC SH,BLACK,Spayed,SMALL,2025-04-11T00:00:00.000,K25-052203,LOBBY,A434212,2025-06-03,2025-06-25,22,STRAY,FLD_STRAY,ADOPTION,WALKIN,HEALTHY,HEALTHY,COUNTY,WINDSOR,95492.0,"
,  95492
(38.54943, -122.81329)",1,6319,22.0,468,,0,Recorded completed stay,gap,31-day gap before validation or testing,2025-06-25,excluded
*BRODIE,CAT,DOMESTIC SH,BRN TABBY/WHITE,Neutered,KITTN,2025-03-11T00:00:00.000,K25-052204,LOBBY,A434213,2025-06-03,2025-07-01,28,STRAY,OVER THE COUNTER,ADOPTION,WALKIN,HEALTHY,HEALTHY,SANTA ROSA,COUNTY,95446.0,"
,  95446
(38.50204, -122.99739)",1,6320,28.0,468,,0,Recorded completed stay,gap,31-day gap before validation or testing,2025-07-01,excluded
ROCKY,DOG,CHIHUAHUA SH,TAN,Male,SMALL,2025-01-04T00:00:00.000,K25-052205,DQ112,A434215,2025-06-03,2025-06-04,1,STRAY,OVER THE COUNTER,RETURN TO OWNER,OVER THE COUNTER_WEB,UNKNOWN,PENDING,SANTA ROSA,SANTA ROSA,95401.0,"
,  95401
(38.45663, -122.72292)",1,6321,1.0,468,,0,Recorded completed stay,gap,31-day gap before validation or testing,2025-06-04,excluded
MARLEY,DOG,ENG SPRNGR SPAN,BLACK/WHITE,Neutered,MED,2014-11-02T00:00:00.000,K25-052206,DQ113,A317460,2025-06-03,2025-06-14,11,QUARANTINE,OVER THE COUNTER,EUTHANIZE,AGGRESSIVE,UNKNOWN,UNTREATABLE,SANTA ROSA,SANTA ROSA,95405.0,"
,  95405
(38.44473, -122.68655)",1,6322,11.0,468,,0,Recorded completed stay,gap,31-day gap before validation or testing,2025-06-14,excluded
,CAT,DOMESTIC SH,BRN TIGER,Unknown,SMALL,,K25-052207,COOLER,A434220,2025-06-03,2025-06-03,0,STRAY,FLD_STRAY,DISPOSAL,DOA,UNKNOWN,DEAD,SANTA ROSA,COUNTY,95403.0,"
,  95403
(38.51311, -122.75502)",1,6323,0.0,468,,0,Recorded completed stay,gap,31-day gap before validation or testing,2025-06-03,excluded
,CAT,DOMESTIC SH,BLK TIGER,Unknown,KITTN,,K25-052208,COOLER,A434222,2025-06-04,2025-06-04,0,STRAY,FLD_STRAY,EUTHANIZE,CON SEVERE,UNKNOWN,UNTREATABLE,SANTA ROSA,,,,1,6324,0.0,467,,0,Recorded completed stay,gap,31-day gap before validation or testing,2025-06-04,excluded
,CAT,DOMESTIC SH,BLK TIGER,Unknown,KITTN,,K25-052209,COOLER,A434223,2025-06-04,2025-06-04,0,STRAY,FLD_STRAY,EUTHANIZE,CON SEVERE,UNKNOWN,UNTREATABLE,SANTA ROSA,,,,1,6325,0.0,467,,0,Recorded completed stay,gap,31-day gap before validation or testing,2025-06-04,excluded
,CAT,DOMESTIC SH,BLK TIGER,Unknown,KITTN,,K25-052210,COOLER,A434224,2025-06-04,2025-06-04,0,STRAY,FLD_STRAY,EUTHANIZE,CON SEVERE,UNKNOWN,UNTREATABLE,SANTA ROSA,,,,1,6326,0.0,467,,0,Recorded completed stay,gap,31-day gap before validation or testing,2025-06-04,excluded
,CAT,DOMESTIC SH,BLK TIGER,Unknown,KITTN,,K25-052211,COOLER,A434225,2025-06-04,2025-06-04,0,STRAY,FLD_STRAY,DIED,,UNKNOWN,DEAD,SANTA ROSA,,,,1,6327,0.0,467,,0,Recorded completed stay,gap,31-day gap before validation or testing,2025-06-04,excluded
,CAT,DOMESTIC SH,BLK TIGER,Unknown,KITTN,,K25-052212,COOLER,A434226,2025-06-04,2025-06-04,0,STRAY,FLD_STRAY,DIED,,UNKNOWN,DEAD,SANTA ROSA,,,,1,6328,0.0,467,,0,Recorded completed stay,gap,31-day gap before validation or testing,2025-06-04,excluded
,OTHER,BAT,BROWN,Unknown,SMALL,,K25-052213,EUTH,A434231,2025-06-04,2025-06-04,0,QUARANTINE,FIELD,EUTHANIZE,FRA,UNKNOWN,HEALTHY,COUNTY,,,,1,6329,0.0,467,,0,Recorded completed stay,gap,31-day gap before validation or testing,2025-06-04,excluded
,DOG,PIT BULL/MIX,BR BRINDLE,Female,LARGE,2021-06-04T00:00:00.000,K25-052215,DS79,A434232,2025-06-04,2025-06-15,11,STRAY,OVER THE COUNTER,EUTHANIZE,AGGRESSIVE,UNKNOWN,UNTREATABLE,COUNTY,,,,1,6330,11.0,467,,0,Recorded completed stay,gap,31-day gap before validation or testing,2025-06-15,excluded
*NADIA,DOG,GERM SHEPHERD,BROWN/BLACK,Spayed,MED,2024-11-09T00:00:00.000,K25-052218,DA40,A432402,2025-06-04,2025-08-30,87,ADOPTION RETURN,OVER THE COUNTER,ADOPTION,WALKIN,UNKNOWN,HEALTHY,COUNTY,COUNTY,95403.0,"
,  95403
(38.51311, -122.75502)",1,6331,87.0,467,,1,Recorded completed stay,gap,31-day gap before validation or testing,2025-07-05,excluded
*NETTIE,CAT,DOMESTIC SH,BLACK,Female,SMALL,2011-06-19T00:00:00.000,K25-052219,CS05,A434236,2025-06-04,2025-06-20,16,STRAY,OVER THE COUNTER,EUTHANIZE,ILL SEVERE,UNKNOWN,UNTREATABLE,COUNTY,,,,1,6332,16.0,467,,0,Recorded completed stay,gap,31-day gap before validation or testing,2025-06-20,excluded
RUSTY,DOG,GERM SHEPHERD/POINTER,BROWN,Neutered,PUPPY,2016-02-08T00:00:00.000,K25-052220,COOLER,A335359,2025-06-04,2025-06-13,9,QUARANTINE,FIELD,DISPOSAL,FRA,UNKNOWN,DEAD,SANTA ROSA,COUNTY,95407.0,"
,  95407
(38.41483, -122.72707)",1,6333,9.0,467,,0,Recorded completed stay,gap,31-day gap before validation or testing,2025-06-13,excluded
RITA,DOG,CHIHUAHUA SH/MIX,CHOCOLATE,Female,SMALL,,K25-052221,DS72,A434241,2025-06-05,2025-06-11,6,CONFISCATE,FLD_HOSPTL,RETURN TO OWNER,OVER THE COUNTER_NOTICE,UNKNOWN,PENDING,COUNTY,COUNTY,95436.0,"
,  95436
(38.47569, -122.89487)",1,6334,6.0,466,,0,Recorded completed stay,gap,31-day gap before validation or testing,2025-06-11,excluded
32843,CAT,DOMESTIC SH,BRN TABBY,Female,KITTN,2025-04-13T00:00:00.000,K25-052222,HSSC,A434242,2025-06-05,2025-06-05,0,STRAY,EMAIL,TRANSFER,HSSC,UNKNOWN,PENDING,COUNTY,,,,1,6335,0.0,466,,0,Recorded completed stay,gap,31-day gap before validation or testing,2025-06-05,excluded
DODGER,DOG,MASTIFF,RED/BROWN,Neutered,LARGE,2019-06-06T00:00:00.000,K25-052224,DS81,A434249,2025-06-05,2025-06-06,1,STRAY,FLD_STRAY,RETURN TO OWNER,OVER THE COUNTER_WEB,UNKNOWN,PENDING,COUNTY,COUNTY,94952.0,"
,  94952
(38.23262, -122.64426)",1,6336,1.0,466,,0,Recorded completed stay,gap,31-day gap before validation or testing,2025-06-06,excluded
SOPHIE,DOG,MASTIFF,RED/BROWN,Female,LARGE,2024-07-06T00:00:00.000,K25-052225,DS64,A434250,2025-06-05,2025-06-06,1,STRAY,FLD_STRAY,RETURN TO OWNER,OVER THE COUNTER_WEB,UNKNOWN,PENDING,COUNTY,COUNTY,94952.0,"
,  94952
(38.23262, -122.64426)",1,6337,1.0,466,,0,Recorded completed stay,gap,31-day gap before validation or testing,2025-06-06,excluded
BODHI,DOG,PIT BULL,TAN/WHITE,Male,LARGE,2019-06-05T00:00:00.000,K25-052227,DQ112,A434252,2025-06-05,2025-06-14,9,OWNER SURRENDER,OVER THE COUNTER,EUTHANIZE,AGGRESSIVE,UNKNOWN,UNTREATABLE,COUNTY,COUNTY,95446.0,"
,  95446
(38.50204, -122.99739)",1,6338,9.0,466,,0,Recorded completed stay,gap,31-day gap before validation or testing,2025-06-14,excluded
,CAT,DOMESTIC SH,BLACK/WHITE,Unknown,KITTN,2025-05-25T00:00:00.000,K25-052228,COOLER,A434258,2025-06-05,2025-06-05,0,STRAY,OVER THE COUNTER,EUTHANIZE,CON SEVERE,UNKNOWN,UNTREATABLE,SANTA ROSA,,,,1,6339,0.0,466,,0,Recorded completed stay,gap,31-day gap before validation or testing,2025-06-05,excluded
,CAT,DOMESTIC SH,BLACK/WHITE,Unknown,KITTN,2025-05-25T00:00:00.000,K25-052229,COOLER,A434259,2025-06-05,2025-06-05,0,STRAY,OVER THE COUNTER,EUTHANIZE,CON SEVERE,UNKNOWN,UNTREATABLE,SANTA ROSA,,,,1,6340,0.0,466,,0,Recorded completed stay,gap,31-day gap before validation or testing,2025-06-05,excluded
ROB MAYEDA,CAT,DOMESTIC SH,GRAY TABBY,Neutered,SMALL,2020-04-24T00:00:00.000,K25-052230,CS05,A397817,2025-06-05,2025-06-25,20,STRAY,OVER THE COUNTER,TRANSFER,NBAS,UNKNOWN,HEALTHY,SANTA ROSA,PETALUMA,94952.0,"
,  94952
(38.23262, -122.64426)",1,6341,20.0,466,,0,Recorded completed stay,gap,31-day gap before validation or testing,2025-06-25,excluded
*FRIAR TUCK,CAT,DOMESTIC LH,BRN TABBY,Neutered,SMALL,2020-06-05T00:00:00.000,K25-052231,CS05,A434261,2025-06-05,2025-06-12,7,STRAY,OVER THE COUNTER,TRANSFER,HSSC,UNKNOWN,HEALTHY,SANTA ROSA,COUNTY,95407.0,"
,  95407
(38.41483, -122.72707)",1,6342,7.0,466,,0,Recorded completed stay,gap,31-day gap before validation or testing,2025-06-12,excluded
NICODERMO,DOG,GERM SHEPHERD,BLACK,Neutered,LARGE,2020-06-06T00:00:00.000,K25-052236,DA38,A434271,2025-06-06,2025-07-26,50,STRAY,OVER THE COUNTER,ADOPTION,WALKIN,UNKNOWN,HEALTHY,SANTA ROSA,*ROHNERT PARK,94928.0,"
,  94928
(38.34246, -122.71182)",1,6343,50.0,465,,1,Recorded completed stay,gap,31-day gap before validation or testing,2025-07-07,excluded
,CAT,DOMESTIC SH,AGOUTI,Unknown,SMALL,,K25-052237,EUTH,A434272,2025-06-06,2025-06-06,0,STRAY,OVER THE COUNTER,EUTHANIZE,CON SEVERE,UNKNOWN,UNTREATABLE,SANTA ROSA,,,,1,6344,0.0,465,,0,Recorded completed stay,gap,31-day gap before validation or testing,2025-06-06,excluded
CRUZ,CAT,DOMESTIC SH,BRN TABBY,Neutered,SMALL,2021-06-10T00:00:00.000,K25-052239,CS05,A434277,2025-06-06,2025-06-10,4,STRAY,OVER THE COUNTER,RETURN TO OWNER,OVER THE COUNTER_CALL,UNKNOWN,PENDING,COUNTY,COUNTY,95472.0,"
,  95472
(38.40179, -122.82512)",1,6345,4.0,465,,0,Recorded completed stay,gap,31-day gap before validation or testing,2025-06-10,excluded
,OTHER,LIZARD,BROWN,Unknown,SMALL,,K25-052240,CI02,A434278,2025-06-06,2025-06-13,7,CONFISCATE,FLD_ARREST,RETURN TO OWNER,OVER THE COUNTER_ARREST,UNKNOWN,PENDING,SANTA ROSA,,33844.0,"
,  33844
(28.10668, -81.62685)",1,6346,7.0,465,,0,Recorded completed stay,gap,31-day gap before validation or testing,2025-06-13,excluded
,OTHER,LIZARD,BROWN,Unknown,SMALL,,K25-052241,CI02,A434279,2025-06-06,2025-06-13,7,CONFISCATE,FLD_ARREST,RETURN TO OWNER,OVER THE COUNTER_ARREST,UNKNOWN,PENDING,SANTA ROSA,OUT OF COUNTY,93230.0,"
,  93230
(36.3274, -119.64588)",1,6347,7.0,465,,0,Recorded completed stay,gap,31-day gap before validation or testing,2025-06-13,excluded
KODI,DOG,ALASKAN HUSKY,WHITE,Neutered,MED,2022-06-07T00:00:00.000,K25-052252,RECEIVING,A434293,2025-06-07,2025-12-10,186,STRAY,FIELD,ADOPTION,SCAS WEB,HEALTHY,HEALTHY,COUNTY,COUNTY,95448.0,"
,  95448
(38.61064, -122.86883)",1,6348,186.0,464,,1,Recorded completed stay,gap,31-day gap before validation or testing,2025-07-08,excluded
RUBY,DOG,CHIHUAHUA SH,TAN,Spayed,SMALL,2008-01-24T00:00:00.000,K25-052253,DS95,A434307,2025-06-07,2025-06-10,3,STRAY,OVER THE COUNTER,RETURN TO OWNER,OVER THE COUNTER_WEB,UNKNOWN,PENDING,SANTA ROSA,SANTA ROSA,95407.0,"
,  95407
(38.41483, -122.72707)",1,6349,3.0,464,,0,Recorded completed stay,gap,31-day gap before validation or testing,2025-06-10,excluded
*OTTO,CAT,DOMESTIC SH,BRN TABBY,Neutered,KITTN,2025-04-25T00:00:00.000,K25-052256,CI02,A434317,2025-06-07,2025-07-18,41,STRAY,OVER THE COUNTER,TRANSFER,HSSC,HEALTHY,TREATABLE/REHAB,SANTA ROSA,COUNTY,95407.0,"
,  95407
(38.41483, -122.72707)",1,6350,41.0,464,,1,Recorded completed stay,gap,31-day gap before validation or testing,2025-07-08,excluded
,DOG,GERM SHEPHERD,BLACK,Unknown,PUPPY,2025-06-07T00:00:00.000,K25-052257,CS04,A434318,2025-06-07,2025-06-11,4,BORN HERE,MOM STRAY,EUTHANIZE,UNDERAGEWT,UNKNOWN,UNTREATABLE,SANTA ROSA,,,,1,6351,4.0,464,,0,Recorded completed stay,gap,31-day gap before validation or testing,2025-06-11,excluded
,DOG,GERM SHEPHERD,BLACK,Unknown,PUPPY,2025-06-07T00:00:00.000,K25-052258,CS04,A434319,2025-06-07,2025-06-11,4,BORN HERE,MOM STRAY,EUTHANIZE,UNDERAGEWT,UNKNOWN,UNTREATABLE,SANTA ROSA,,,,1,6352,4.0,464,,0,Recorded completed stay,gap,31-day gap before validation or testing,2025-06-11,excluded
,DOG,GERM SHEPHERD,BLACK,Unknown,PUPPY,2025-06-07T00:00:00.000,K25-052259,CS04,A434320,2025-06-07,2025-06-11,4,BORN HERE,MOM STRAY,EUTHANIZE,UNDERAGEWT,UNKNOWN,UNTREATABLE,SANTA ROSA,,,,1,6353,4.0,464,,0,Recorded completed stay,gap,31-day gap before validation or testing,2025-06-11,excluded
,DOG,GERM SHEPHERD,BLACK,Unknown,PUPPY,2025-06-07T00:00:00.000,K25-052260,CS04,A434321,2025-06-07,2025-06-11,4,BORN HERE,MOM STRAY,EUTHANIZE,UNDERAGEWT,UNKNOWN,UNTREATABLE,SANTA ROSA,,,,1,6354,4.0,464,,0,Recorded completed stay,gap,31-day gap before validation or testing,2025-06-11,excluded
,DOG,GERM SHEPHERD,BLACK,Unknown,PUPPY,2025-06-07T00:00:00.000,K25-052261,CS04,A434322,2025-06-07,2025-06-11,4,BORN HERE,MOM STRAY,EUTHANIZE,UNDERAGEWT,UNKNOWN,UNTREATABLE,SANTA ROSA,,,,1,6355,4.0,464,,0,Recorded completed stay,gap,31-day gap before validation or testing,2025-06-11,excluded
,DOG,GERM SHEPHERD,BLACK,Unknown,PUPPY,2025-06-07T00:00:00.000,K25-052262,CS04,A434323,2025-06-07,2025-06-11,4,BORN HERE,MOM STRAY,EUTHANIZE,UNDERAGEWT,UNKNOWN,UNTREATABLE,SANTA ROSA,,,,1,6356,4.0,464,,0,Recorded completed stay,gap,31-day gap before validation or testing,2025-06-11,excluded
PUP PUP,DOG,AMER BULLDOG/MIX,WHITE/BLACK,Neutered,LARGE,2023-05-14T00:00:00.000,K25-052264,DS61,A426368,2025-06-08,2025-06-10,2,CONFISCATE,FLD_ARREST,RETURN TO OWNER,OVER THE COUNTER_ARREST,UNKNOWN,PENDING,SANTA ROSA,COUNTY,94952.0,"
,  94952
(38.23262, -122.64426)",1,6357,2.0,463,,0,Recorded completed stay,gap,31-day gap before validation or testing,2025-06-10,excluded
SUNSHINE,DOG,PIT BULL/MIX,BLACK/WHITE,Female,MED,2022-06-01T00:00:00.000,K25-052265,DS59,A413248,2025-06-08,2025-07-03,25,CONFISCATE,FLD_ARREST,EUTHANIZE,BEH SEVERE,UNKNOWN,UNTREATABLE,SANTA ROSA,SANTA ROSA,95401.0,"
,  95401
(38.45663, -122.72292)",1,6358,25.0,463,,0,Recorded completed stay,gap,31-day gap before validation or testing,2025-07-03,excluded
WINTER,CAT,SIAMESE,TAN/BLACK,Neutered,SMALL,2022-06-09T00:00:00.000,K25-052267,SMM,A434327,2025-06-08,2025-06-10,2,STRAY,FLD_STRAY,RETURN TO OWNER,OVER THE COUNTER_WEB,UNKNOWN,PENDING,SANTA ROSA,SANTA ROSA,95404.0,"
,  95404
(38.43807, -122.71247)",1,6359,2.0,463,,0,Recorded completed stay,gap,31-day gap before validation or testing,2025-06-10,excluded
*VINNIE,DOG,GERM SHEPHERD,BROWN/BLACK,Neutered,SMALL,2024-11-09T00:00:00.000,K25-052268,DA40,A434328,2025-06-08,2025-07-26,48,STRAY,FLD_STRAY,ADOPTION,WALKIN,HEALTHY,HEALTHY,SANTA ROSA,WINDSOR,95492.0,"
,  95492
(38.54943, -122.81329)",1,6360,48.0,463,,1,Recorded completed stay,gap,31-day gap before validation or testing,2025-07-09,excluded
CHICO,DOG,CHIHUAHUA SH,WHITE,Male,SMALL,2022-06-24T00:00:00.000,K25-052269,DS81,A430766,2025-06-08,2025-06-10,2,STRAY,FLD_STRAY,RETURN TO OWNER,OVER THE COUNTER_WEB,UNKNOWN,PENDING,SANTA ROSA,SANTA ROSA,95401.0,"
,  95401
(38.45663, -122.72292)",1,6361,2.0,463,,0,Recorded completed stay,gap,31-day gap before validation or testing,2025-06-10,excluded
FATSO,DOG,FRENCH BULLDOG,BLACK/WHITE,Male,SMALL,2023-06-14T00:00:00.000,K25-052270,DS80,A434330,2025-06-08,2025-06-14,6,STRAY,FLD_STRAY,RETURN TO OWNER,OVER THE COUNTER_CALL,UNKNOWN,PENDING,SANTA ROSA,COUNTY,95492.0,"
,  95492
(38.54938, -122.81318)",1,6362,6.0,463,,0,Recorded completed stay,gap,31-day gap before validation or testing,2025-06-14,excluded
BANDIT,DOG,PIT BULL,BLACK/WHITE,Neutered,MED,2016-06-10T00:00:00.000,K25-052271,DS64,A434332,2025-06-08,2025-06-10,2,CONFISCATE,FLD_ABAND,RETURN TO OWNER,OVER THE COUNTER_NOTICE,UNKNOWN,PENDING,SANTA ROSA,SANTA ROSA,95404.0,"
,  95404
(38.43807, -122.71247)",1,6363,2.0,463,,0,Recorded completed stay,gap,31-day gap before validation or testing,2025-06-10,excluded
*CAMILLE,CAT,DOMESTIC SH,LYNX PT/BRN TABBY,Spayed,SMALL,2023-06-11T00:00:00.000,K25-052276,CA02,A434338,2025-06-09,2025-06-21,12,STRAY,FIELD,ADOPTION,SCAS WEB,HEALTHY,HEALTHY,SANTA ROSA,SANTA ROSA,95405.0,"
,  95405
(38.44473, -122.68655)",1,6364,12.0,462,,0,Recorded completed stay,gap,31-day gap before validation or testing,2025-06-21,excluded
,DOG,RAT TERRIER/MIX,WHITE/BLACK,Male,SMALL,2024-11-13T00:00:00.000,K25-052278,CS04,A434340,2025-06-09,2025-06-15,6,STRAY,FIELD,EUTHANIZE,ILL SEVERE,UNKNOWN,UNTREATABLE,COUNTY,,,,1,6365,6.0,462,,0,Recorded completed stay,gap,31-day gap before validation or testing,2025-06-15,excluded
,DOG,GERM SHEPHERD,BLACK/TAN,Female,MED,,K25-052279,DS62,A434341,2025-06-09,2025-06-21,12,STRAY,FIELD,EUTHANIZE,AGGRESSIVE,UNKNOWN,UNTREATABLE,SANTA ROSA,,,,1,6366,12.0,462,,0,Recorded completed stay,gap,31-day gap before validation or testing,2025-06-21,excluded
,DOG,PIT BULL,BLACK,Male,MED,,K25-052280,DS56,A434342,2025-06-09,2025-06-23,14,STRAY,FIELD,EUTHANIZE,AGGRESSIVE,UNKNOWN,UNTREATABLE,SANTA ROSA,,,,1,6367,14.0,462,,0,Recorded completed stay,gap,31-day gap before validation or testing,2025-06-23,excluded
CHATO,DOG,PIT BULL,GRAY/WHITE,Neutered,MED,2015-01-17T00:00:00.000,K25-052281,DS58,A431425,2025-06-09,2025-06-17,8,STRAY,FIELD,RETURN TO OWNER,OVER THE COUNTER_WALKIN,UNKNOWN,PENDING,SANTA ROSA,COUNTY,95404.0,"
,  95404
(38.43807, -122.71247)",1,6368,8.0,462,,0,Recorded completed stay,gap,31-day gap before validation or testing,2025-06-17,excluded
CALI,DOG,BORDER COLLIE,BLACK/WHITE,Spayed,MED,2014-04-09T00:00:00.000,K25-052282,DS93,A434344,2025-06-09,2025-07-10,31,CONFISCATE,FLD_ARREST,TRANSFER,HSSC,UNKNOWN,PENDING,COUNTY,COUNTY,95407.0,"
,  95407
(38.41483, -122.72707)",1,6369,31.0,462,,1,Recorded completed stay,gap,31-day gap before validation or testing,2025-07-10,excluded
PEKKA,DOG,PIT BULL/MIX,GRAY/WHITE,Spayed,LARGE,2021-01-15T00:00:00.000,K25-052283,DQ110,A408755,2025-06-09,2025-06-10,1,STRAY,FLD_STRAY,RETURN TO OWNER,OVER THE COUNTER_WALKIN,UNKNOWN,PENDING,SANTA ROSA,SANTA ROSA,95401.0,"
,  95401
(38.45663, -122.72292)",1,6370,1.0,462,,0,Recorded completed stay,gap,31-day gap before validation or testing,2025-06-10,excluded
JIMMY,DOG,LABRADOR RETR/MIX,TAN/WHITE,Male,LARGE,2012-04-15T00:00:00.000,K25-052284,DS53,A289059,2025-06-09,2025-06-14,5,STRAY,FLD_STRAY,RETURN TO OWNER,OVER THE COUNTER_NOTICE,UNKNOWN,PENDING,COUNTY,COUNTY,95476.0,"
,  95476
(38.29188, -122.45728)",1,6371,5.0,462,,0,Recorded completed stay,gap,31-day gap before validation or testing,2025-06-14,excluded
,CAT,DOMESTIC SH,BRN TABBY/WHITE,Male,SMALL,2023-06-10T00:00:00.000,K25-052285,CS06,A434353,2025-06-10,2025-06-17,7,STRAY,OVER THE COUNTER,TRANSFER,FORGOTTEN,UNKNOWN,PENDING,SANTA ROSA,SANTA ROSA,95403.0,"
,  95403
(38.51311, -122.75502)",1,6372,7.0,461,,0,Recorded completed stay,gap,31-day gap before validation or testing,2025-06-17,excluded
GIGI,DOG,PIT BULL,BLUE/WHITE,Female,LARGE,2023-06-10T00:00:00.000,K25-052286,DQ111,A434352,2025-06-10,2025-06-22,12,OWNER SURRENDER,OVER THE COUNTER,EUTHANIZE,AGGRESSIVE,UNKNOWN,UNTREATABLE,SANTA ROSA,,,,1,6373,12.0,461,,0,Recorded completed stay,gap,31-day gap before validation or testing,2025-06-22,excluded
*MAPLE,CAT,DOMESTIC SH,CALICO,Female,SMALL,2019-06-18T00:00:00.000,K25-052287,CS05,A434357,2025-06-10,2025-06-20,10,STRAY,FLD_STRAY,EUTHANIZE,ILL SEVERE,UNKNOWN,UNTREATABLE,SANTA ROSA,,,,1,6374,10.0,461,,0,Recorded completed stay,gap,31-day gap before validation or testing,2025-06-20,excluded
SARAPHINA,DOG,BEAGLE/MIX,BLACK/WHITE,Female,SMALL,2023-06-10T00:00:00.000,K25-052292,DS55,A430311,2025-06-10,2025-06-21,11,STRAY,FIELD,RETURN TO OWNER,OVER THE COUNTER_MCHIP,UNKNOWN,PENDING,COUNTY,SANTA ROSA,95401.0,"
,  95401
(38.45663, -122.72292)",1,6375,11.0,461,,0,Recorded completed stay,gap,31-day gap before validation or testing,2025-06-21,excluded
,CAT,DOMESTIC MH,CALICO,Unknown,SMALL,,K25-052293,COOLER,A434363,2025-06-10,2025-06-10,0,STRAY,OVER THE COUNTER,DISPOSAL,DOA,UNKNOWN,DEAD,COUNTY,,,,1,6376,0.0,461,,0,Recorded completed stay,gap,31-day gap before validation or testing,2025-06-10,excluded
,OTHER,RABBIT SH,WHITE/TAN,Female,SMALL,2023-06-10T00:00:00.000,K25-052295,CS06,A434364,2025-06-10,2025-06-22,12,STRAY,OVER THE COUNTER,EUTHANIZE,ILL SEVERE,UNKNOWN,UNTREATABLE,SANTA ROSA,,,,1,6377,12.0,461,,0,Recorded completed stay,gap,31-day gap before validation or testing,2025-06-22,excluded
GRACE,CAT,DOMESTIC SH,ORG TABBY,Spayed,SMALL,2014-06-11T00:00:00.000,K25-052296,CA02,A434365,2025-06-10,2025-07-15,35,STRAY,OVER THE COUNTER,ADOPTION,SCAS WEB,UNKNOWN,HEALTHY,SANTA ROSA,SANTA ROSA,95409.0,"
,  95409
(38.46382, -122.67058)",1,6378,35.0,461,,1,Recorded completed stay,gap,31-day gap before validation or testing,2025-07-11,excluded
SKY,DOG,SIBERIAN HUSKY,WHITE,Neutered,LARGE,,K25-052297,DS68,A434366,2025-06-10,2025-06-11,1,STRAY,FLD_STRAY,RETURN TO OWNER,OVER THE COUNTER_NOTICE,UNKNOWN,PENDING,COUNTY,OUT OF COUNTY,93635.0,"
,  93635
(37.06138, -120.84758)",1,6379,1.0,461,,0,Recorded completed stay,gap,31-day gap before validation or testing,2025-06-11,excluded
CINDER,CAT,DOMESTIC LH,TORTIE,Spayed,SMALL,,K25-052298,VET,A434368,2025-06-11,2025-06-12,1,STRAY,FIELD,VET,VET RETURN TO OWNER,UNKNOWN,PENDING,SANTA ROSA,SANTA ROSA,95403.0,"
,  95403
(38.51311, -122.75502)",1,6380,1.0,460,,0,Recorded completed stay,gap,31-day gap before validation or testing,2025-06-12,excluded
*LIMU EMU,OTHER,EMU,BLACK/GRAY,Unknown,LARGE,,K25-052299,LS01,A434369,2025-06-11,2025-07-25,44,STRAY,FLD_STRAY,ADOPTION,SCAS WEB,UNKNOWN,PENDING,COUNTY,COUNTY,95441.0,"
,  95441
(38.70646, -122.90408)",1,6381,44.0,460,,1,Recorded completed stay,gap,31-day gap before validation or testing,2025-07-12,excluded
*RASPBERRY,CAT,DOMESTIC SH,GRAY,Spayed,KITTN,2025-04-17T00:00:00.000,K25-052300,CA02,A434370,2025-06-11,2025-08-08,58,STRAY,FIELD,ADOPTION,WALKIN,HEALTHY,HEALTHY,SANTA ROSA,WINDSOR,95492.0,"
,  95492
(38.54943, -122.81329)",1,6382,58.0,460,,1,Recorded completed stay,gap,31-day gap before validation or testing,2025-07-12,excluded
*MANGO,CAT,DOMESTIC SH,GRAY,Neutered,KITTN,2025-05-11T00:00:00.000,K25-052301,LOBBY,A434377,2025-06-11,2025-07-17,36,STRAY,OVER THE COUNTER,ADOPTION,WALKIN,HEALTHY,HEALTHY,COUNTY,WINDSOR,95492.0,"
,  95492
(38.54943, -122.81329)",1,6383,36.0,460,,1,Recorded completed stay,gap,31-day gap before validation or testing,2025-07-12,excluded
*STRAWBERRY,CAT,DOMESTIC SH,BLACK,Spayed,KITTN,2025-05-11T00:00:00.000,K25-052302,FAIRGROUND,A434378,2025-06-11,2025-08-22,72,STRAY,OVER THE COUNTER,ADOPTION,SCAS WEB,HEALTHY,HEALTHY,COUNTY,WINDSOR,95492.0,"
,  95492
(38.54943, -122.81329)",1,6384,72.0,460,,1,Recorded completed stay,gap,31-day gap before validation or testing,2025-07-12,excluded
*KIWI,CAT,DOMESTIC SH,BRN TABBY,Neutered,KITTN,2025-05-11T00:00:00.000,K25-052303,LOBBY,A434379,2025-06-11,2025-07-01,20,STRAY,OVER THE COUNTER,ADOPTION,WALKIN,HEALTHY,HEALTHY,COUNTY,SANTA ROSA,95401.0,"
,  95401
(38.45663, -122.72292)",1,6385,20.0,460,,0,Recorded completed stay,gap,31-day gap before validation or testing,2025-07-01,excluded
ZUCCHINI,CAT,DOMESTIC SH,GRAY TABBY,Spayed,KITTN,2025-05-11T00:00:00.000,K25-052304,LOBBY,A434380,2025-06-11,2025-07-12,31,STRAY,OVER THE COUNTER,ADOPTION,WALKIN,HEALTHY,HEALTHY,COUNTY,COUNTY,95452.0,"
,  95452
(38.42063, -122.55253)",1,6386,31.0,460,,1,Recorded completed stay,gap,31-day gap before validation or testing,2025-07-12,excluded
*PAPAYA,CAT,DOMESTIC SH,GRAY TABBY,Neutered,KITTN,2025-05-11T00:00:00.000,K25-052305,LOBBY,A434381,2025-06-11,2025-07-16,35,STRAY,OVER THE COUNTER,ADOPTION,MOB EVENT,HEALTHY,HEALTHY,COUNTY,COUNTY,94931.0,"
,  94931
(38.32345, -122.70821)",1,6387,35.0,460,,1,Recorded completed stay,gap,31-day gap before validation or testing,2025-07-12,excluded
*TATE,DOG,LABRADOR RETR,YELLOW,Male,LARGE,2020-06-11T00:00:00.000,K25-052306,DS68,A434384,2025-06-11,2025-06-26,15,STRAY,OVER THE COUNTER,TRANSFER,HSSC,UNKNOWN,PENDING,COUNTY,COUNTY,95407.0,"
,  95407
(38.41483, -122.72707)",1,6388,15.0,460,,0,Recorded completed stay,gap,31-day gap before validation or testing,2025-06-26,excluded
*SQUIRREL,DOG,LABRADOR RETR,CHOCOLATE,Male,LARGE,2020-06-11T00:00:00.000,K25-052307,DS74,A434385,2025-06-11,2025-06-28,17,STRAY,OVER THE COUNTER,TRANSFER,GG LAB RES,UNKNOWN,PENDING,COUNTY,OUT OF COUNTY,94804.0,"
,  94804
(37.93784, -122.34293)",1,6389,17.0,460,,0,Recorded completed stay,gap,31-day gap before validation or testing,2025-06-28,excluded
MISS SQUIGGY,CAT,DOMESTIC SH,GRAY TABBY,Female,SMALL,,K25-052308,TRUCK,A434383,2025-06-11,2025-06-11,0,CONFISCATE,FLD_HOSPTL,SHELTER,HOLD EXPIR,UNKNOWN,PENDING,HEALDSBURG,,,,1,6390,0.0,460,,0,Recorded completed stay,gap,31-day gap before validation or testing,2025-06-11,excluded
,CAT,DOMESTIC SH,ORANGE,Unknown,SMALL,,K25-052310,COOLER,A434392,2025-06-11,2025-06-11,0,STRAY,OVER THE COUNTER,DISPOSAL,DOA,UNKNOWN,DEAD,SANTA ROSA,,,,1,6391,0.0,460,,0,Recorded completed stay,gap,31-day gap before validation or testing,2025-06-11,excluded
FIRULAIS,DOG,CHIHUAHUA SH,BROWN/TAN,Female,TOY,2021-06-12T00:00:00.000,K25-052312,DS96,A434396,2025-06-11,2025-06-12,1,STRAY,OVER THE COUNTER,RETURN TO OWNER,OVER THE COUNTER_WEB,UNKNOWN,PENDING,SANTA ROSA,PETALUMA,94952.0,"
,  94952
(38.23262, -122.64426)",1,6392,1.0,460,,0,Recorded completed stay,gap,31-day gap before validation or testing,2025-06-12,excluded
SCOOBY,DOG,GERM SHEPHERD,BROWN/BLACK,Male,MED,,K25-052314,DS65,A434398,2025-06-11,2025-06-14,3,CONFISCATE,FLD_CORONR,RETURN TO OWNER,OVER THE COUNTER_NOTICE,UNKNOWN,PENDING,SANTA ROSA,OUT OF COUNTY,91768.0,"
,  91768
(34.06423, -117.75828)",1,6393,3.0,460,,0,Recorded completed stay,gap,31-day gap before validation or testing,2025-06-14,excluded
MISSY,CAT,DOMESTIC SH,BLACK,Unknown,SMALL,,K25-052315,CS05,A434399,2025-06-11,2025-06-14,3,CONFISCATE,FLD_CORONR,RETURN TO OWNER,OVER THE COUNTER_NOTICE,UNKNOWN,PENDING,SANTA ROSA,OUT OF COUNTY,91768.0,"
,  91768
(34.06423, -117.75828)",1,6394,3.0,460,,0,Recorded completed stay,gap,31-day gap before validation or testing,2025-06-14,excluded
,CAT,DOMESTIC SH,BLACK/WHITE,Female,SMALL,2023-06-12T00:00:00.000,K25-052316,CS06,A434404,2025-06-12,2025-06-25,13,STRAY,OVER THE COUNTER,TRANSFER,NBAS,UNKNOWN,HEALTHY,SANTA ROSA,PETALUMA,94952.0,"
,  94952
(38.23262, -122.64426)",1,6395,13.0,459,,0,Recorded completed stay,gap,31-day gap before validation or testing,2025-06-25,excluded
*LADY GRETA,CAT,DOMESTIC SH,WHITE/BLACK,Spayed,KITTN,2025-03-12T00:00:00.000,K25-052317,LOBBY,A434405,2025-06-12,2025-07-01,19,STRAY,OVER THE COUNTER,ADOPTION,WALKIN,HEALTHY,HEALTHY,SANTA ROSA,COUNTY,95446.0,"
,  95446
(38.50204, -122.99739)",1,6396,19.0,459,,0,Recorded completed stay,gap,31-day gap before validation or testing,2025-07-01,excluded
*MADAME Q,CAT,DOMESTIC SH,BLACK,Spayed,KITTN,2025-03-12T00:00:00.000,K25-052318,WESTFARM,A434406,2025-06-12,2025-07-15,33,STRAY,OVER THE COUNTER,ADOPTION,WESTFARM,HEALTHY,HEALTHY,SANTA ROSA,SANTA ROSA,95409.0,"
,  95409
(38.46382, -122.67058)",1,6397,33.0,459,,1,Recorded completed stay,gap,31-day gap before validation or testing,2025-07-13,excluded
*MECHEE,CAT,DOMESTIC SH,BLACK,Spayed,KITTN,2025-03-12T00:00:00.000,K25-052319,CA02,A434407,2025-06-12,2025-08-08,57,STRAY,OVER THE COUNTER,ADOPTION,SCAS WEB,HEALTHY,HEALTHY,SANTA ROSA,OUT OF COUNTY,95461.0,"
,  95461
(38.752, -122.6154)",1,6398,57.0,459,,1,Recorded completed stay,gap,31-day gap before validation or testing,2025-07-13,excluded
GALLETA,CAT,DOMESTIC SH,BLACK/WHITE,Spayed,KITTN,2025-03-12T00:00:00.000,K25-052320,CA03,A434408,2025-06-12,2025-07-05,23,STRAY,OVER THE COUNTER,ADOPTION,FB SCAS,HEALTHY,HEALTHY,SANTA ROSA,SANTA ROSA,95401.0,"
,  95401
(38.45663, -122.72292)",1,6399,23.0,459,,0,Recorded completed stay,gap,31-day gap before validation or testing,2025-07-05,excluded
*LENA,CAT,DOMESTIC SH,BLACK,Spayed,KITTN,2025-03-12T00:00:00.000,K25-052321,LOBBY,A434409,2025-06-12,2025-07-19,37,STRAY,OVER THE COUNTER,ADOPTION,SCAS WEB,HEALTHY,HEALTHY,SANTA ROSA,COUNTY,95403.0,"
,  95403
(38.51311, -122.75502)",1,6400,37.0,459,,1,Recorded completed stay,gap,31-day gap before validation or testing,2025-07-13,excluded
SPARKY,DOG,FRENCH BULLDOG/MIX,WHITE/BR BRINDLE,Neutered,MED,2018-06-12T00:00:00.000,K25-052322,DS72,A434410,2025-06-12,2025-06-26,14,STRAY,FIELD,TRANSFER,HSSC,UNKNOWN,PENDING,SANTA ROSA,COUNTY,95407.0,"
,  95407
(38.41483, -122.72707)",1,6401,14.0,459,,0,Recorded completed stay,gap,31-day gap before validation or testing,2025-06-26,excluded
JANIS,DOG,CHIHUAHUA SH,BROWN/BLACK,Spayed,SMALL,2015-06-13T00:00:00.000,K25-052324,DS64,A434435,2025-06-13,2025-06-13,0,CONFISCATE,FLD_ARREST,RETURN TO OWNER,OVER THE COUNTER_ARREST,UNKNOWN,PENDING,COUNTY,OUT OF COUNTY,95422.0,"
,  95422
(38.95072, -122.62237)",1,6402,0.0,458,,0,Recorded completed stay,gap,31-day gap before validation or testing,2025-06-13,excluded
JAKE,DOG,ALASKAN HUSKY,TRICOLOR,Male,LARGE,2011-12-17T00:00:00.000,K25-052325,DS81,A394437,2025-06-13,2025-06-19,6,STRAY,FLD_STRAY,RETURN TO OWNER,OVER THE COUNTER_WEB,UNKNOWN,PENDING,SANTA ROSA,SANTA ROSA,95407.0,"
,  95407
(38.41483, -122.72707)",1,6403,6.0,458,,0,Recorded completed stay,gap,31-day gap before validation or testing,2025-06-19,excluded
*MS SMOKIE,CAT,DOMESTIC SH,BLACK/GRAY,Spayed,KITTN,2025-03-13T00:00:00.000,K25-052326,LOBBY,A434437,2025-06-13,2025-06-27,14,OWNER SURRENDER,OVER THE COUNTER,ADOPTION,SCAS WEB,HEALTHY,HEALTHY,SANTA ROSA,SANTA ROSA,95404.0,"
,  95404
(38.43807, -122.71247)",1,6404,14.0,458,,0,Recorded completed stay,gap,31-day gap before validation or testing,2025-06-27,excluded
*ESTELLE CARBAJAL,CAT,DOMESTIC SH,BLACK/GRAY,Spayed,KITTN,2025-03-13T00:00:00.000,K25-052328,LOBBY,A434439,2025-06-13,2025-08-23,71,OWNER SURRENDER,OVER THE COUNTER,ADOPTION,WALKIN,HEALTHY,HEALTHY,SANTA ROSA,PETALUMA,94954.0,"
,  94954
(38.26295, -122.64045)",1,6405,71.0,458,,1,Recorded completed stay,gap,31-day gap before validation or testing,2025-07-14,excluded
*SOYA,CAT,DOMESTIC SH,BLACK,Spayed,KITTN,2025-03-13T00:00:00.000,K25-052329,CA02,A434440,2025-06-13,2025-07-22,39,OWNER SURRENDER,OVER THE COUNTER,ADOPTION,WALKIN,HEALTHY,HEALTHY,SANTA ROSA,COUNTY,95492.0,"
,  95492
(38.54938, -122.81318)",1,6406,39.0,458,,1,Recorded completed stay,gap,31-day gap before validation or testing,2025-07-14,excluded
OSO,DOG,CHIHUAHUA SH,TAN/WHITE,Male,TOY,2013-06-13T00:00:00.000,K25-052330,DS96,A434441,2025-06-13,2025-06-13,0,STRAY,OVER THE COUNTER,RETURN TO OWNER,OVER THE COUNTER_WEB,UNKNOWN,PENDING,COUNTY,COUNTY,95441.0,"
,  95441
(38.70646, -122.90408)",1,6407,0.0,458,,0,Recorded completed stay,gap,31-day gap before validation or testing,2025-06-13,excluded
HANK,DOG,GREAT PYRENEES/MIX,WHITE/TAN,Neutered,LARGE,2024-06-13T00:00:00.000,K25-052331,DS61,A434446,2025-06-13,2025-06-14,1,STRAY,FLD_STRAY,RETURN TO OWNER,OVER THE COUNTER_WEB,UNKNOWN,PENDING,COUNTY,COUNTY,95472.0,"
,  95472
(38.40179, -122.82512)",1,6408,1.0,458,,0,Recorded completed stay,gap,31-day gap before validation or testing,2025-06-14,excluded
*TAJ,CAT,DOMESTIC MH,LILAC PT/WHITE,Neutered,SMALL,2023-06-13T00:00:00.000,K25-052332,CA02,A434448,2025-06-13,2025-08-05,53,STRAY,OVER THE COUNTER,ADOPTION,SCAS WEB,HEALTHY,HEALTHY,SANTA ROSA,COUNTY,95425.0,"
,  95425
(38.80627, -123.01783)",1,6409,53.0,458,,1,Recorded completed stay,gap,31-day gap before validation or testing,2025-07-14,excluded
,CAT,DOMESTIC SH,GRAY,Male,SMALL,,K25-052333,RECEIVING,A434449,2025-06-13,2025-06-13,0,STRAY,OVER THE COUNTER,ESCAPED/STOLEN,EN ROUTE,UNKNOWN,HEALTHY,SANTA ROSA,,,,1,6410,0.0,458,,0,Recorded completed stay,gap,31-day gap before validation or testing,2025-06-13,excluded
,CAT,DOMESTIC SH,BRN TABBY/WHITE,Male,SMALL,2023-12-13T00:00:00.000,K25-052334,EUTH,A434450,2025-06-13,2025-06-13,0,STRAY,FLD_STRAY,EUTHANIZE,CON SEVERE,UNTREATABLE,UNTREATABLE,COUNTY,,,,1,6411,0.0,458,,0,Recorded completed stay,gap,31-day gap before validation or testing,2025-06-13,excluded
PRINCESS PEACH,DOG,LABRADOR RETR,BLACK,Spayed,LARGE,2015-06-14T00:00:00.000,K25-052336,DS64,A434467,2025-06-14,2025-06-14,0,STRAY,FLD_STRAY,RETURN TO OWNER,OVER THE COUNTER_MCHIP,UNKNOWN,PENDING,SANTA ROSA,SANTA ROSA,95409.0,"
,  95409
(38.46382, -122.67058)",1,6412,0.0,457,,0,Recorded completed stay,gap,31-day gap before validation or testing,2025-06-14,excluded
,DOG,PIT BULL/MIX,WHITE/BROWN,Male,MED,,K25-052339,TRUCK,A434492,2025-06-14,2025-06-14,0,STRAY,FLD_STRAY,TRANSFER,HSSC,UNKNOWN,PENDING,HEALDSBURG,COUNTY,95407.0,"
,  95407
(38.41483, -122.72707)",1,6413,0.0,457,,0,Recorded completed stay,gap,31-day gap before validation or testing,2025-06-14,excluded
ROSCO,DOG,SIBERIAN HUSKY/MIX,BLACK/WHITE,Neutered,MED,2017-03-02T00:00:00.000,K25-052341,DS71,A360980,2025-06-15,2025-06-17,2,STRAY,FLD_STRAY,RETURN TO OWNER,OVER THE COUNTER_WEB,UNKNOWN,PENDING,SANTA ROSA,COUNTY,95465.0,"
,  95465
(38.4071, -122.94753)",1,6414,2.0,456,,0,Recorded completed stay,gap,31-day gap before validation or testing,2025-06-17,excluded
,OTHER,BAT,BROWN,Unknown,SMALL,,K25-052342,EUTH,A434499,2025-06-16,2025-06-16,0,QUARANTINE,FIELD,EUTHANIZE,FRA,UNKNOWN,DEAD,COUNTY,,,,1,6415,0.0,455,,0,Recorded completed stay,gap,31-day gap before validation or testing,2025-06-16,excluded
,DOG,RAT TERRIER,BLACK,Female,TOY,2025-04-08T00:00:00.000,K25-052343,DS80,A434501,2025-06-16,2025-06-20,4,STRAY,FLD_STRAY,RETURN TO OWNER,OVER THE COUNTER_WEB,UNKNOWN,PENDING,SANTA ROSA,SANTA ROSA,95404.0,"
,  95404
(38.43807, -122.71247)",1,6416,4.0,455,,0,Recorded completed stay,gap,31-day gap before validation or testing,2025-06-20,excluded
,DOG,RAT TERRIER,BLACK,Female,TOY,2025-04-08T00:00:00.000,K25-052344,DS80,A434502,2025-06-16,2025-06-20,4,STRAY,FLD_STRAY,RETURN TO OWNER,OVER THE COUNTER_WEB,UNKNOWN,PENDING,SANTA ROSA,SANTA ROSA,95404.0,"
,  95404
(38.43807, -122.71247)",1,6417,4.0,455,,0,Recorded completed stay,gap,31-day gap before validation or testing,2025-06-20,excluded
,OTHER,RABBIT SH,GRAY,Unknown,SMALL,,K25-052346,CS06,A434504,2025-06-16,2025-07-09,23,CONFISCATE,FLD_INVEST,TRANSFER,RP SHELTER,UNKNOWN,HEALTHY,COUNTY,*ROHNERT PARK,94928.0,"
,  94928
(38.34246, -122.71182)",1,6418,23.0,455,,0,Recorded completed stay,gap,31-day gap before validation or testing,2025-07-09,excluded
,OTHER,DUCK,WHITE/CREAM,Unknown,SMALL,,K25-052347,LS03,A434505,2025-06-16,2025-07-19,33,CONFISCATE,FLD_INVEST,TRANSFER,WESTFARM,UNKNOWN,HEALTHY,COUNTY,SANTA ROSA,95401.0,"
,  95401
(38.45663, -122.72292)",1,6419,33.0,455,,1,Recorded completed stay,gap,31-day gap before validation or testing,2025-07-17,excluded
,OTHER,CHICKEN,BROWN/BLACK,Female,SMALL,,K25-052348,LS07,A434507,2025-06-16,2025-07-19,33,CONFISCATE,FLD_INVEST,TRANSFER,WESTFARM,UNKNOWN,HEALTHY,COUNTY,SANTA ROSA,95401.0,"
,  95401
(38.45663, -122.72292)",1,6420,33.0,455,,1,Recorded completed stay,gap,31-day gap before validation or testing,2025-07-17,excluded
,OTHER,DUCK,GRAY/WHITE,Female,SMALL,,K25-052349,LS03,A434508,2025-06-16,2025-07-19,33,CONFISCATE,FLD_INVEST,TRANSFER,WESTFARM,UNKNOWN,HEALTHY,COUNTY,SANTA ROSA,95401.0,"
,  95401
(38.45663, -122.72292)",1,6421,33.0,455,,1,Recorded completed stay,gap,31-day gap before validation or testing,2025-07-17,excluded
,OTHER,CHICKEN,RED/BROWN,Female,SMALL,,K25-052350,LS07,A434509,2025-06-16,2025-07-19,33,CONFISCATE,FLD_INVEST,TRANSFER,WESTFARM,UNKNOWN,HEALTHY,COUNTY,SANTA ROSA,95401.0,"
,  95401
(38.45663, -122.72292)",1,6422,33.0,455,,1,Recorded completed stay,gap,31-day gap before validation or testing,2025-07-17,excluded
,OTHER,GOOSE,GRAY/WHITE,Unknown,MED,,K25-052351,LS05,A434510,2025-06-16,2025-10-30,136,CONFISCATE,FLD_INVEST,TRANSFER,SINK,UNKNOWN,PENDING,COUNTY,,95441.0,"
,  95441
(38.70646, -122.90408)",1,6423,136.0,455,,1,Recorded completed stay,gap,31-day gap before validation or testing,2025-07-17,excluded
,OTHER,GOOSE,BROWN,Unknown,MED,,K25-052352,LS03,A434511,2025-06-16,2025-08-06,51,CONFISCATE,FLD_INVEST,ADOPTION,FB OTHER,UNKNOWN,HEALTHY,COUNTY,COUNTY,95407.0,"
,  95407
(38.41483, -122.72707)",1,6424,51.0,455,,1,Recorded completed stay,gap,31-day gap before validation or testing,2025-07-17,excluded
,OTHER,GOOSE,BROWN,Unknown,MED,,K25-052353,LS03,A434512,2025-06-16,2025-08-06,51,CONFISCATE,FLD_INVEST,ADOPTION,FB OTHER,UNKNOWN,HEALTHY,COUNTY,COUNTY,95407.0,"
,  95407
(38.41483, -122.72707)",1,6425,51.0,455,,1,Recorded completed stay,gap,31-day gap before validation or testing,2025-07-17,excluded
,OTHER,GOOSE,BROWN,Unknown,MED,,K25-052354,LS05,A434513,2025-06-16,2025-10-30,136,CONFISCATE,FLD_INVEST,TRANSFER,SINK,UNKNOWN,PENDING,COUNTY,,95441.0,"
,  95441
(38.70646, -122.90408)",1,6426,136.0,455,,1,Recorded completed stay,gap,31-day gap before validation or testing,2025-07-17,excluded
,OTHER,GOOSE,BROWN,Unknown,MED,,K25-052355,LS05,A434514,2025-06-16,2025-10-30,136,CONFISCATE,FLD_INVEST,TRANSFER,SINK,UNKNOWN,PENDING,COUNTY,,95441.0,"
,  95441
(38.70646, -122.90408)",1,6427,136.0,455,,1,Recorded completed stay,gap,31-day gap before validation or testing,2025-07-17,excluded
,OTHER,PEAFOWL,BLUE,Male,MED,,K25-052356,LS04,A434515,2025-06-16,2025-08-07,52,CONFISCATE,FLD_INVEST,ADOPTION,SCAS WEB,UNKNOWN,PENDING,COUNTY,COUNTY,94952.0,"
,  94952
(38.23262, -122.64426)",1,6428,52.0,455,,1,Recorded completed stay,gap,31-day gap before validation or testing,2025-07-17,excluded
,OTHER,CHICKEN,WHITE,Unknown,SMALL,,K25-052357,LS07,A434516,2025-06-16,2025-07-19,33,CONFISCATE,FLD_INVEST,TRANSFER,WESTFARM,UNKNOWN,HEALTHY,COUNTY,SANTA ROSA,95401.0,"
,  95401
(38.45663, -122.72292)",1,6429,33.0,455,,1,Recorded completed stay,gap,31-day gap before validation or testing,2025-07-17,excluded
,OTHER,CHICKEN,BROWN,Unknown,SMALL,,K25-052358,LS07,A434519,2025-06-16,2025-07-19,33,CONFISCATE,FLD_INVEST,TRANSFER,WESTFARM,UNKNOWN,HEALTHY,COUNTY,SANTA ROSA,95401.0,"
,  95401
(38.45663, -122.72292)",1,6430,33.0,455,,1,Recorded completed stay,gap,31-day gap before validation or testing,2025-07-17,excluded
,OTHER,CHICKEN,BROWN,Unknown,SMALL,,K25-052359,LS07,A434520,2025-06-16,2025-07-19,33,CONFISCATE,FLD_INVEST,TRANSFER,WESTFARM,UNKNOWN,HEALTHY,COUNTY,SANTA ROSA,95401.0,"
,  95401
(38.45663, -122.72292)",1,6431,33.0,455,,1,Recorded completed stay,gap,31-day gap before validation or testing,2025-07-17,excluded
,OTHER,CHICKEN,BROWN,Unknown,SMALL,,K25-052360,LS07,A434521,2025-06-16,2025-07-19,33,CONFISCATE,FLD_INVEST,TRANSFER,WESTFARM,UNKNOWN,HEALTHY,COUNTY,SANTA ROSA,95401.0,"
,  95401
(38.45663, -122.72292)",1,6432,33.0,455,,1,Recorded completed stay,gap,31-day gap before validation or testing,2025-07-17,excluded
SASSY,DOG,PIT BULL,TAN,Female,PUPPY,2025-04-20T00:00:00.000,K25-052361,CS04,A434532,2025-06-16,2025-06-18,2,CONFISCATE,FLD_ARREST,RETURN TO OWNER,OVER THE COUNTER_NOTICE,UNKNOWN,PENDING,COUNTY,OUT OF COUNTY,94509.0,"
,  94509
(38.01583, -121.81974)",1,6433,2.0,455,,0,Recorded completed stay,gap,31-day gap before validation or testing,2025-06-18,excluded
HONDA,DOG,PIT BULL/MIX,BR BRINDLE/WHITE,Male,MED,2024-02-17T00:00:00.000,K25-052362,DS65,A434533,2025-06-16,2025-06-17,1,CONFISCATE,FLD_ARREST,RETURN TO OWNER,OVER THE COUNTER_ARREST,UNKNOWN,PENDING,COUNTY,,,,1,6434,1.0,455,,0,Recorded completed stay,gap,31-day gap before validation or testing,2025-06-17,excluded
,OTHER,PEAFOWL,BROWN,Female,MED,,K25-052419,LS04,A434730,2025-06-16,2025-08-07,52,CONFISCATE,FLD_INVEST,ADOPTION,SCAS WEB,UNKNOWN,PENDING,COUNTY,COUNTY,94952.0,"
,  94952
(38.23262, -122.64426)",1,6435,52.0,455,,1,Recorded completed stay,gap,31-day gap before validation or testing,2025-07-17,excluded
,OTHER,PEAFOWL,BROWN,Female,MED,,K25-052420,LS04,A434731,2025-06-16,2025-07-26,40,CONFISCATE,FLD_INVEST,ADOPTION,SCAS WEB,UNKNOWN,HEALTHY,COUNTY,,95482.0,"
,  95482
(39.15103, -123.20792)",1,6436,40.0,455,,1,Recorded completed stay,gap,31-day gap before validation or testing,2025-07-17,excluded
,OTHER,GOOSE,BROWN,Unknown,MED,,K25-052421,LS05,A434732,2025-06-16,2025-08-27,72,CONFISCATE,FLD_INVEST,ADOPTION,FB OTHER,UNKNOWN,HEALTHY,COUNTY,OUT OF COUNTY,95490.0,"
,  95490
(39.40415, -123.35181)",1,6437,72.0,455,,1,Recorded completed stay,gap,31-day gap before validation or testing,2025-07-17,excluded
,OTHER,GOOSE,BROWN,Unknown,MED,,K25-052422,LS05,A434733,2025-06-16,2025-08-27,72,CONFISCATE,FLD_INVEST,ADOPTION,FB OTHER,UNKNOWN,HEALTHY,COUNTY,OUT OF COUNTY,95490.0,"
,  95490
(39.40415, -123.35181)",1,6438,72.0,455,,1,Recorded completed stay,gap,31-day gap before validation or testing,2025-07-17,excluded
,OTHER,CHICKEN,GRAY/BLACK,Female,SMALL,,K25-052423,LS07,A434734,2025-06-16,2025-07-19,33,CONFISCATE,FLD_INVEST,TRANSFER,WESTFARM,UNKNOWN,HEALTHY,COUNTY,SANTA ROSA,95401.0,"
,  95401
(38.45663, -122.72292)",1,6439,33.0,455,,1,Recorded completed stay,gap,31-day gap before validation or testing,2025-07-17,excluded
,OTHER,CHICKEN,BROWN,Unknown,SMALL,,K25-052425,LS07,A434736,2025-06-16,2025-07-19,33,CONFISCATE,FLD_INVEST,TRANSFER,WESTFARM,UNKNOWN,HEALTHY,COUNTY,SANTA ROSA,95401.0,"
,  95401
(38.45663, -122.72292)",1,6440,33.0,455,,1,Recorded completed stay,gap,31-day gap before validation or testing,2025-07-17,excluded
OREO,OTHER,HORSE,BLACK/WHITE,Female,LARGE,,K25-052426,CHANGE,A434738,2025-06-16,2025-07-16,30,CONFISCATE,FLD_INVEST,TRANSFER,CHANGE PRG,UNKNOWN,HEALTHY,COUNTY,COUNTY,95401.0,"
,  95401
(38.45663, -122.72292)",1,6441,30.0,455,,0,Recorded completed stay,gap,31-day gap before validation or testing,2025-07-16,excluded
OREO,OTHER,HORSE,BLACK/WHITE,Male,LARGE,,K25-052762,CHANGE,A434193,2025-06-16,2025-07-16,30,CONFISCATE,FLD_CRUEL,TRANSFER,CHANGE PRG,TREATABLE/REHAB,HEALTHY,COUNTY,COUNTY,95401.0,"
,  95401
(38.45663, -122.72292)",1,6442,30.0,455,,0,Recorded completed stay,gap,31-day gap before validation or testing,2025-07-16,excluded
,CAT,DOMESTIC MH,GRAY/WHITE,Unknown,SMALL,,K25-052363,CS06,A434541,2025-06-17,2025-07-08,21,STRAY,OVER THE COUNTER,TRANSFER,FORGOTTEN,UNKNOWN,PENDING,SANTA ROSA,SANTA ROSA,95403.0,"
,  95403
(38.51311, -122.75502)",1,6443,21.0,454,,0,Recorded completed stay,gap,31-day gap before validation or testing,2025-07-08,excluded
LOLA,DOG,PAPILLON/CHIHUAHUA LH,GOLD,Spayed,SMALL,2020-12-07T00:00:00.000,K25-052366,DS96,A430424,2025-06-17,2025-06-26,9,STRAY,OVER THE COUNTER,TRANSFER,HSSC,UNKNOWN,PENDING,COUNTY,COUNTY,95407.0,"
,  95407
(38.41483, -122.72707)",1,6444,9.0,454,,0,Recorded completed stay,gap,31-day gap before validation or testing,2025-06-26,excluded
,OTHER,BAT,BROWN,Unknown,SMALL,,K25-052367,EUTH,A434553,2025-06-17,2025-06-17,0,QUARANTINE,FIELD,EUTHANIZE,FRA,UNKNOWN,HEALTHY,COUNTY,,,,1,6445,0.0,454,,0,Recorded completed stay,gap,31-day gap before validation or testing,2025-06-17,excluded
GARFIELD,CAT,DOMESTIC SH,ORG TABBY,Neutered,SMALL,2024-06-03T00:00:00.000,K25-052369,CS05,A434182,2025-06-17,2025-06-18,1,STRAY,FLD_STRAY,RETURN TO OWNER,OVER THE COUNTER_MCHIP,UNKNOWN,PENDING,SANTA ROSA,SANTA ROSA,95401.0,"
,  95401
(38.45663, -122.72292)",1,6446,1.0,454,,0,Recorded completed stay,gap,31-day gap before validation or testing,2025-06-18,excluded
,CAT,DOMESTIC MH,BLACK/WHITE,Female,KITTN,2025-06-02T00:00:00.000,K25-052370,CI01,A434559,2025-06-17,2025-06-19,2,STRAY,OVER THE COUNTER,EUTHANIZE,CON SEVERE,UNKNOWN,UNTREATABLE,SANTA ROSA,,,,1,6447,2.0,454,,0,Recorded completed stay,gap,31-day gap before validation or testing,2025-06-19,excluded
*GEMMA,CAT,DOMESTIC MH,BLACK/WHITE,Neutered,KITTN,2025-06-02T00:00:00.000,K25-052371,CA03,A434560,2025-06-17,2025-08-14,58,STRAY,OVER THE COUNTER,ADOPTION,SPEC EVENT,HEALTHY,HEALTHY,SANTA ROSA,SANTA ROSA,95409.0,"
,  95409
(38.46382, -122.67058)",1,6448,58.0,454,,1,Recorded completed stay,gap,31-day gap before validation or testing,2025-07-18,excluded
*BOOG,CAT,DOMESTIC MH,LILAC PT,Neutered,KITTN,2025-06-02T00:00:00.000,K25-052372,CA03,A434561,2025-06-17,2025-08-14,58,STRAY,OVER THE COUNTER,ADOPTION,SPEC EVENT,HEALTHY,HEALTHY,SANTA ROSA,SANTA ROSA,95409.0,"
,  95409
(38.46382, -122.67058)",1,6449,58.0,454,,1,Recorded completed stay,gap,31-day gap before validation or testing,2025-07-18,excluded
EVEREST,CAT,DOMESTIC MH,LILAC PT,Spayed,KITTN,2025-06-02T00:00:00.000,K25-052373,LOBBY,A434562,2025-06-17,2025-08-14,58,STRAY,OVER THE COUNTER,ADOPTION,REFERRAL-F,HEALTHY,HEALTHY,SANTA ROSA,OUT OF COUNTY,95062.0,"
,  95062
(36.9773, -121.98629)",1,6450,58.0,454,,1,Recorded completed stay,gap,31-day gap before validation or testing,2025-07-18,excluded
EDDY,CAT,DOMESTIC MH,GRAY/WHITE,Neutered,KITTN,2025-06-02T00:00:00.000,K25-052374,LOBBY,A434563,2025-06-17,2025-08-16,60,STRAY,OVER THE COUNTER,ADOPTION,REFERRAL-F,HEALTHY,HEALTHY,SANTA ROSA,SANTA ROSA,95401.0,"
,  95401
(38.45663, -122.72292)",1,6451,60.0,454,,1,Recorded completed stay,gap,31-day gap before validation or testing,2025-07-18,excluded
*BUBBA,CAT,DOMESTIC MH,BRN TABBY/WHITE,Neutered,KITTN,2025-05-24T00:00:00.000,K25-052375,LOBBY,A434564,2025-06-17,2025-08-30,74,STRAY,OVER THE COUNTER,ADOPTION,FB SCAS,HEALTHY,HEALTHY,SANTA ROSA,WINDSOR,95492.0,"
,  95492
(38.54943, -122.81329)",1,6452,74.0,454,,1,Recorded completed stay,gap,31-day gap before validation or testing,2025-07-18,excluded
WHITNEY,CAT,DOMESTIC MH,BRN TABBY/WHITE,Neutered,KITTN,2025-06-05T00:00:00.000,K25-052376,LOBBY,A434565,2025-06-17,2025-08-14,58,STRAY,OVER THE COUNTER,ADOPTION,REFERRAL-F,HEALTHY,HEALTHY,SANTA ROSA,SANTA ROSA,95404.0,"
,  95404
(38.43807, -122.71247)",1,6453,58.0,454,,1,Recorded completed stay,gap,31-day gap before validation or testing,2025-07-18,excluded
*BUSTER,DOG,REDBONE HOUND/GERM SHEPHERD,BROWN/BLACK,Neutered,PUPPY,2025-03-28T00:00:00.000,K25-052377,DA20,A433277,2025-06-17,2025-06-21,4,ADOPTION RETURN,OVER THE COUNTER,ADOPTION,SCAS WEB,HEALTHY,HEALTHY,SANTA ROSA,SANTA ROSA,95407.0,"
,  95407
(38.41483, -122.72707)",1,6454,4.0,454,,0,Recorded completed stay,gap,31-day gap before validation or testing,2025-06-21,excluded
32896,CAT,DOMESTIC SH,GRAY/BLK TABBY,Female,KITTN,2025-05-02T00:00:00.000,K25-052378,HSSC,A434566,2025-06-17,2025-06-17,0,STRAY,EMAIL,TRANSFER,HSSC,UNKNOWN,PENDING,SANTA ROSA,COUNTY,95407.0,"
,  95407
(38.41483, -122.72707)",1,6455,0.0,454,,0,Recorded completed stay,gap,31-day gap before validation or testing,2025-06-17,excluded
*LIAM,CAT,DOMESTIC MH,BLACK/WHITE,Neutered,KITTN,2025-05-07T00:00:00.000,K25-052379,LOBBY,A434569,2025-06-17,2025-07-29,42,STRAY,OVER THE COUNTER,ADOPTION,WALKIN,HEALTHY,HEALTHY,SANTA ROSA,SANTA ROSA,95401.0,"
,  95401
(38.45663, -122.72292)",1,6456,42.0,454,,1,Recorded completed stay,gap,31-day gap before validation or testing,2025-07-18,excluded
,OTHER,RABBIT SH,WHITE,Unknown,SMALL,2025-06-18T00:00:00.000,K25-052380,CA01,A434572,2025-06-18,2025-06-18,0,BORN HERE,MOM STRAY,EUTHANIZE,UNDERAGEWT,HEALTHY,HEALTHY,COUNTY,,,,1,6457,0.0,453,,0,Recorded completed stay,gap,31-day gap before validation or testing,2025-06-18,excluded
,OTHER,RABBIT SH,WHITE,Unknown,SMALL,2025-06-18T00:00:00.000,K25-052381,CA01,A434573,2025-06-18,2025-06-18,0,BORN HERE,MOM STRAY,EUTHANIZE,UNDERAGEWT,HEALTHY,HEALTHY,COUNTY,,,,1,6458,0.0,453,,0,Recorded completed stay,gap,31-day gap before validation or testing,2025-06-18,excluded
,OTHER,RABBIT SH,WHITE,Unknown,SMALL,2025-06-18T00:00:00.000,K25-052382,CA01,A434575,2025-06-18,2025-06-18,0,BORN HERE,MOM STRAY,EUTHANIZE,UNDERAGEWT,HEALTHY,HEALTHY,COUNTY,,,,1,6459,0.0,453,,0,Recorded completed stay,gap,31-day gap before validation or testing,2025-06-18,excluded
,OTHER,RABBIT SH,WHITE,Unknown,SMALL,2025-06-18T00:00:00.000,K25-052383,CA01,A434576,2025-06-18,2025-06-18,0,BORN HERE,MOM STRAY,EUTHANIZE,UNDERAGEWT,HEALTHY,HEALTHY,COUNTY,,,,1,6460,0.0,453,,0,Recorded completed stay,gap,31-day gap before validation or testing,2025-06-18,excluded
,CAT,DOMESTIC MH,BRN TABBY/WHITE,Male,SMALL,2024-06-18T00:00:00.000,K25-052384,CS06,A434577,2025-06-18,2025-07-08,20,STRAY,OVER THE COUNTER,TRANSFER,FORGOTTEN,UNKNOWN,PENDING,COUNTY,SANTA ROSA,95403.0,"
,  95403
(38.51311, -122.75502)",1,6461,20.0,453,,0,Recorded completed stay,gap,31-day gap before validation or testing,2025-07-08,excluded
*B.K.,CAT,DOMESTIC SH,BLACK/WHITE,Neutered,SMALL,2020-07-05T00:00:00.000,K25-052385,CI02,A434578,2025-06-18,2025-10-07,111,STRAY,OVER THE COUNTER,EUTHANIZE,INJ SEVERE,UNKNOWN,UNTREATABLE,COUNTY,,,,1,6462,111.0,453,,1,Recorded completed stay,gap,31-day gap before validation or testing,2025-07-19,excluded
,OTHER,MOUSE,WHITE,Male,SMALL,,K25-052386,CI02,A434596,2025-06-18,2025-07-12,24,CONFISCATE,OVER THE COUNTER,TRANSFER,MARIN HS,UNKNOWN,HEALTHY,COUNTY,OUT OF COUNTY,94949.0,"
,  94949
(38.06709, -122.53551)",1,6463,24.0,453,,0,Recorded completed stay,gap,31-day gap before validation or testing,2025-07-12,excluded
*FALSTAFF,CAT,DOMESTIC SH,BLACK/WHITE,Neutered,KITTN,2025-05-01T00:00:00.000,K25-052387,CI02,A434604,2025-06-18,2025-10-02,106,STRAY,OVER THE COUNTER,TRANSFER,HSSC,HEALTHY,PENDING,SANTA ROSA,COUNTY,95407.0,"
,  95407
(38.41483, -122.72707)",1,6464,106.0,453,,1,Recorded completed stay,gap,31-day gap before validation or testing,2025-07-19,excluded
*MILLER,CAT,DOMESTIC SH,BLACK/WHITE,Neutered,KITTN,2025-04-27T00:00:00.000,K25-052388,LOBBY,A434609,2025-06-18,2025-07-01,13,STRAY,OVER THE COUNTER,ADOPTION,WALKIN,HEALTHY,HEALTHY,SANTA ROSA,COUNTY,95436.0,"
,  95436
(38.47569, -122.89487)",1,6465,13.0,453,,0,Recorded completed stay,gap,31-day gap before validation or testing,2025-07-01,excluded
*HAMMS,CAT,DOMESTIC SH,BLACK/WHITE,Neutered,KITTN,2025-04-27T00:00:00.000,K25-052389,LOBBY,A434610,2025-06-18,2025-07-01,13,STRAY,OVER THE COUNTER,ADOPTION,WALKIN,HEALTHY,HEALTHY,SANTA ROSA,COUNTY,95436.0,"
,  95436
(38.47569, -122.89487)",1,6466,13.0,453,,0,Recorded completed stay,gap,31-day gap before validation or testing,2025-07-01,excluded
*BOBBY,CAT,DOMESTIC SH,BLACK,Neutered,KITTN,2025-04-27T00:00:00.000,K25-052390,LOBBY,A434611,2025-06-18,2025-06-28,10,STRAY,OVER THE COUNTER,ADOPTION,OTH_MEDIA,HEALTHY,HEALTHY,SANTA ROSA,SANTA ROSA,95405.0,"
,  95405
(38.44473, -122.68655)",1,6467,10.0,453,,0,Recorded completed stay,gap,31-day gap before validation or testing,2025-06-28,excluded
*RHEINGOLD,CAT,DOMESTIC SH,BRN TABBY,Neutered,KITTN,2025-04-27T00:00:00.000,K25-052391,LOBBY,A434612,2025-06-18,2025-09-04,78,STRAY,OVER THE COUNTER,TRANSFER,HSSC,HEALTHY,PENDING,SANTA ROSA,COUNTY,95407.0,"
,  95407
(38.41483, -122.72707)",1,6468,78.0,453,,1,Recorded completed stay,gap,31-day gap before validation or testing,2025-07-19,excluded
*OLYMPIA,CAT,DOMESTIC SH,TORTIE,Spayed,KITTN,2025-04-27T00:00:00.000,K25-052392,CA02,A434613,2025-06-18,2025-08-01,44,STRAY,OVER THE COUNTER,ADOPTION,WALKIN,HEALTHY,HEALTHY,SANTA ROSA,COUNTY,95403.0,"
,  95403
(38.51311, -122.75502)",1,6469,44.0,453,,1,Recorded completed stay,gap,31-day gap before validation or testing,2025-07-19,excluded
*SCHAEFER,CAT,DOMESTIC SH,GRAY TABBY,Neutered,KITTN,2025-04-18T00:00:00.000,K25-052393,LOBBY,A434614,2025-06-18,2025-07-19,31,STRAY,OVER THE COUNTER,ADOPTION,WALKIN,HEALTHY,HEALTHY,SANTA ROSA,*COTATI,94931.0,"
,  94931
(38.32345, -122.70821)",1,6470,31.0,453,,1,Recorded completed stay,gap,31-day gap before validation or testing,2025-07-19,excluded
32901-MIA,DOG,CHIHUAHUA SH,BLACK/TAN,Spayed,TOY,,K25-052394,HSSC,A434616,2025-06-18,2025-06-18,0,STRAY,EMAIL,TRANSFER,HSSC,UNKNOWN,PENDING,SANTA ROSA,,,,1,6471,0.0,453,,0,Recorded completed stay,gap,31-day gap before validation or testing,2025-06-18,excluded
SPIKE,DOG,SIBERIAN HUSKY,WHITE,Male,MED,2021-06-19T00:00:00.000,K25-052395,DS69,A434624,2025-06-19,2025-06-20,1,CONFISCATE,FLD_HOSPTL,RETURN TO OWNER,OVER THE COUNTER_MCHIP,UNKNOWN,PENDING,COUNTY,OUT OF COUNTY,95501.0,"
,  95501
(40.80348, -124.15956)",1,6472,1.0,452,,0,Recorded completed stay,gap,31-day gap before validation or testing,2025-06-20,excluded
*SILVER LUCY,CAT,DOMESTIC LH,SLVR TABBY,Spayed,SMALL,2023-06-19T00:00:00.000,K25-052397,CA02,A434630,2025-06-19,2025-07-26,37,STRAY,OVER THE COUNTER,ADOPTION,WALKIN,HEALTHY,HEALTHY,SANTA ROSA,PETALUMA,94952.0,"
,  94952
(38.23262, -122.64426)",1,6473,37.0,452,,1,Recorded completed stay,gap,31-day gap before validation or testing,2025-07-20,excluded
*JOSIE,CAT,DOMESTIC SH,BLACK,Spayed,SMALL,2023-06-19T00:00:00.000,K25-052399,CA02,A434643,2025-06-19,2025-07-29,40,STRAY,FLD_STRAY,ADOPTION,WALKIN,HEALTHY,HEALTHY,SANTA ROSA,SANTA ROSA,95401.0,"
,  95401
(38.45663, -122.72292)",1,6474,40.0,452,,1,Recorded completed stay,gap,31-day gap before validation or testing,2025-07-20,excluded
,CAT,DOMESTIC SH,GRAY TABBY,Female,SMALL,2012-06-19T00:00:00.000,K25-052400,SMM,A434644,2025-06-19,2025-06-19,0,STRAY,FLD_STRAY,EUTHANIZE,ILL SEVERE,UNTREATABLE,UNTREATABLE,COUNTY,,,,1,6475,0.0,452,,0,Recorded completed stay,gap,31-day gap before validation or testing,2025-06-19,excluded
LUCAS,DOG,AUST SHEPHERD,TRICOLOR,Neutered,MED,2019-12-05T00:00:00.000,K25-052401,DQ113,A434628,2025-06-19,2025-07-03,14,QUARANTINE,OVER THE COUNTER,EUTHANIZE,AGGRESSIVE,UNKNOWN,UNTREATABLE,COUNTY,COUNTY,95407.0,"
,  95407
(38.41483, -122.72707)",1,6476,14.0,452,,0,Recorded completed stay,gap,31-day gap before validation or testing,2025-07-03,excluded
LOUIE,DOG,DOBERMAN PINSCH/MIX,FAWN/RED,Male,MED,2016-11-20T00:00:00.000,K25-052404,DS61,A401508,2025-06-20,2025-06-21,1,CONFISCATE,FLD_ARREST,RETURN TO OWNER,OVER THE COUNTER_ARREST,UNKNOWN,PENDING,COUNTY,SANTA ROSA,95401.0,"
,  95401
(38.45663, -122.72292)",1,6477,1.0,451,,0,Recorded completed stay,gap,31-day gap before validation or testing,2025-06-21,excluded
,OTHER,BAT,BROWN,Unknown,SMALL,,K25-052405,PHLAB,A434684,2025-06-20,2025-06-20,0,QUARANTINE,FIELD,TRANSFER,LAB FRA,UNKNOWN,DEAD,*SEBASTOPOL,,,,1,6478,0.0,451,,0,Recorded completed stay,gap,31-day gap before validation or testing,2025-06-20,excluded
,OTHER,MOUSE,TAN,Female,SMALL,,K25-052407,CI02,A434701,2025-06-20,2025-07-12,22,STRAY,OVER THE COUNTER,TRANSFER,MARIN HS,UNKNOWN,HEALTHY,SANTA ROSA,OUT OF COUNTY,94949.0,"
,  94949
(38.06709, -122.53551)",1,6479,22.0,451,,0,Recorded completed stay,gap,31-day gap before validation or testing,2025-07-12,excluded
,OTHER,MOUSE,BLACK/WHITE,Female,SMALL,,K25-052408,CI02,A434702,2025-06-20,2025-07-12,22,STRAY,OVER THE COUNTER,TRANSFER,MARIN HS,UNKNOWN,HEALTHY,SANTA ROSA,OUT OF COUNTY,94949.0,"
,  94949
(38.06709, -122.53551)",1,6480,22.0,451,,0,Recorded completed stay,gap,31-day gap before validation or testing,2025-07-12,excluded
LUCAS,DOG,TOY FOX TERRIER,WHITE,Neutered,SMALL,,K25-052410,DS67,A434710,2025-06-20,2025-06-20,0,STRAY,FLD_STRAY,RETURN TO OWNER,OVER THE COUNTER_WALKIN,UNKNOWN,PENDING,SANTA ROSA,COUNTY,95404.0,"
,  95404
(38.43807, -122.71247)",1,6481,0.0,451,,0,Recorded completed stay,gap,31-day gap before validation or testing,2025-06-20,excluded
FLACO,DOG,TOY FOX TERRIER,BLACK,Neutered,SMALL,,K25-052411,DS71,A434711,2025-06-20,2025-06-20,0,STRAY,FLD_STRAY,RETURN TO OWNER,OVER THE COUNTER_WALKIN,UNKNOWN,PENDING,SANTA ROSA,COUNTY,95404.0,"
,  95404
(38.43807, -122.71247)",1,6482,0.0,451,,0,Recorded completed stay,gap,31-day gap before validation or testing,2025-06-20,excluded
,CAT,DOMESTIC SH,BRN TABBY/WHITE,Male,SMALL,,K25-052412,RECEIVING,A434719,2025-06-20,2025-06-20,0,STRAY,OVER THE COUNTER,EUTHANIZE,ILL SEVERE,UNKNOWN,UNTREATABLE,SANTA ROSA,,,,1,6483,0.0,451,,0,Recorded completed stay,gap,31-day gap before validation or testing,2025-06-20,excluded
LUCKY,DOG,GREAT PYRENEES/MIX,TAN/WHITE,Male,X-LRG,2024-06-20T00:00:00.000,K25-052413,DS79,A434721,2025-06-20,2025-06-24,4,STRAY,OVER THE COUNTER,RETURN TO OWNER,OVER THE COUNTER_CALL,UNKNOWN,PENDING,COUNTY,OUT OF COUNTY,95449.0,"
,  95449
(38.97295, -123.11648)",1,6484,4.0,451,,0,Recorded completed stay,gap,31-day gap before validation or testing,2025-06-24,excluded
SIENNA,DOG,LABRADOR RETR/MIX,BLACK/WHITE,Spayed,SMALL,2025-02-23T00:00:00.000,K25-052414,DS64,A434725,2025-06-20,2025-07-02,12,CONFISCATE,FLD_ARREST,RETURN TO OWNER,OVER THE COUNTER_ARREST,UNKNOWN,PENDING,COUNTY,,95446.0,"
,  95446
(38.50204, -122.99739)",1,6485,12.0,451,,0,Recorded completed stay,gap,31-day gap before validation or testing,2025-07-02,excluded
MILO,DOG,BOXER,WHITE,Male,MED,2018-06-24T00:00:00.000,K25-052415,DS84,A434726,2025-06-21,2025-06-24,3,CONFISCATE,FLD_ARREST,RETURN TO OWNER,OVER THE COUNTER_ARREST,UNKNOWN,PENDING,COUNTY,COUNTY,95421.0,"
,  95421
(38.53578, -123.08828)",1,6486,3.0,450,,0,Recorded completed stay,gap,31-day gap before validation or testing,2025-06-24,excluded
TANK,DOG,BULLDOG,BROWN,Male,MED,2018-06-24T00:00:00.000,K25-052416,DS60,A434727,2025-06-21,2025-06-24,3,CONFISCATE,FLD_ARREST,RETURN TO OWNER,OVER THE COUNTER_ARREST,UNKNOWN,PENDING,COUNTY,COUNTY,95421.0,"
,  95421
(38.53578, -123.08828)",1,6487,3.0,450,,0,Recorded completed stay,gap,31-day gap before validation or testing,2025-06-24,excluded
EMMA JEAN,DOG,JACK,BROWN/WHITE,Spayed,SMALL,2021-06-23T00:00:00.000,K25-052417,DS66,A434728,2025-06-21,2025-06-24,3,CONFISCATE,FLD_ARREST,RETURN TO OWNER,OVER THE COUNTER_ARREST,UNKNOWN,PENDING,COUNTY,COUNTY,95421.0,"
,  95421
(38.53578, -123.08828)",1,6488,3.0,450,,0,Recorded completed stay,gap,31-day gap before validation or testing,2025-06-24,excluded
32927,CAT,DOMESTIC SH,BLACK,Female,KITTN,2025-05-06T00:00:00.000,K25-052427,HSSC,A434737,2025-06-21,2025-06-21,0,STRAY,EMAIL,TRANSFER,HSSC,UNKNOWN,PENDING,COUNTY,,,,1,6489,0.0,450,,0,Recorded completed stay,gap,31-day gap before validation or testing,2025-06-21,excluded
32928,CAT,DOMESTIC SH,BLACK,Female,KITTN,2025-05-06T00:00:00.000,K25-052428,HSSC,A434739,2025-06-21,2025-06-21,0,STRAY,EMAIL,TRANSFER,HSSC,UNKNOWN,PENDING,COUNTY,,,,1,6490,0.0,450,,0,Recorded completed stay,gap,31-day gap before validation or testing,2025-06-21,excluded
32929,CAT,DOMESTIC SH,BLACK,Female,KITTN,2025-05-06T00:00:00.000,K25-052429,HSSC,A434740,2025-06-21,2025-06-21,0,STRAY,EMAIL,TRANSFER,HSSC,UNKNOWN,PENDING,COUNTY,,,,1,6491,0.0,450,,0,Recorded completed stay,gap,31-day gap before validation or testing,2025-06-21,excluded
GRABY,CAT,DOMESTIC SH,GRAY,Spayed,SMALL,2019-06-25T00:00:00.000,K25-052430,CS05,A434746,2025-06-21,2025-07-18,27,STRAY,OVER THE COUNTER,RETURN TO OWNER,OVER THE COUNTER_NOTICE,UNKNOWN,PENDING,SANTA ROSA,SANTA ROSA,95407.0,"
,  95407
(38.41483, -122.72707)",1,6492,27.0,450,,0,Recorded completed stay,gap,31-day gap before validation or testing,2025-07-18,excluded
RILEY,DOG,JACK,BLACK,Female,SMALL,2022-02-09T00:00:00.000,K25-052431,DS67,A434747,2025-06-21,2025-06-24,3,STRAY,FLD_STRAY,RETURN TO OWNER,OVER THE COUNTER_WEB,UNKNOWN,PENDING,SANTA ROSA,SANTA ROSA,95401.0,"
,  95401
(38.45663, -122.72292)",1,6493,3.0,450,,0,Recorded completed stay,gap,31-day gap before validation or testing,2025-06-24,excluded
,OTHER,BOBCAT,BRN TIGER,Unknown,LARGE,,K25-052432,COOLER,A434748,2025-06-21,2025-06-21,0,STRAY,OVER THE COUNTER,DISPOSAL,DOA,UNKNOWN,DEAD,COUNTY,,,,1,6494,0.0,450,,0,Recorded completed stay,gap,31-day gap before validation or testing,2025-06-21,excluded
*BELLA,OTHER,GUINEA PIG,TRICOLOR,Female,SMALL,2023-07-11T00:00:00.000,K25-052433,CA01,A434749,2025-06-21,2025-08-18,58,STRAY,OVER THE COUNTER,TRANSFER,MARIN HS,UNKNOWN,HEALTHY,SANTA ROSA,OUT OF COUNTY,94949.0,"
,  94949
(38.06709, -122.53551)",1,6495,58.0,450,,1,Recorded completed stay,gap,31-day gap before validation or testing,2025-07-22,excluded
*BIANCA,OTHER,GUINEA PIG,TRICOLOR,Female,SMALL,2023-07-11T00:00:00.000,K25-052434,CA01,A434750,2025-06-21,2025-08-18,58,STRAY,OVER THE COUNTER,TRANSFER,MARIN HS,UNKNOWN,HEALTHY,SANTA ROSA,OUT OF COUNTY,94949.0,"
,  94949
(38.06709, -122.53551)",1,6496,58.0,450,,1,Recorded completed stay,gap,31-day gap before validation or testing,2025-07-22,excluded
SALLY,CAT,DOMESTIC SH,BLACK,Spayed,SMALL,2021-07-03T00:00:00.000,K25-052435,CA02,A434753,2025-06-21,2025-09-05,76,STRAY,OVER THE COUNTER,ADOPTION,WALKIN,HEALTHY,HEALTHY,SANTA ROSA,COUNTY,95403.0,"
,  95403
(38.51311, -122.75502)",1,6497,76.0,450,,1,Recorded completed stay,gap,31-day gap before validation or testing,2025-07-22,excluded
,DOG,CHIHUAHUA SH,BLACK/WHITE,Female,SMALL,,K25-052436,DS69,A434755,2025-06-21,2025-06-25,4,OWNER SURRENDER,FIELD,TRANSFER,RP SHELTER,UNKNOWN,HEALTHY,COUNTY,*ROHNERT PARK,94928.0,"
,  94928
(38.34246, -122.71182)",1,6498,4.0,450,,0,Recorded completed stay,gap,31-day gap before validation or testing,2025-06-25,excluded
,DOG,CHIHUAHUA SH,TAN/WHITE,Male,SMALL,2019-06-21T00:00:00.000,K25-052437,DS80,A434756,2025-06-21,2025-06-26,5,OWNER SURRENDER,FIELD,TRANSFER,HSSC,UNKNOWN,PENDING,COUNTY,COUNTY,95407.0,"
,  95407
(38.41483, -122.72707)",1,6499,5.0,450,,0,Recorded completed stay,gap,31-day gap before validation or testing,2025-06-26,excluded
,DOG,CHIHUAHUA SH/MIX,TAN/WHITE,Male,PUPPY,2025-04-21T00:00:00.000,K25-052438,CS04,A434757,2025-06-21,2025-06-25,4,OWNER SURRENDER,FIELD,TRANSFER,RP SHELTER,UNKNOWN,HEALTHY,COUNTY,*ROHNERT PARK,94928.0,"
,  94928
(38.34246, -122.71182)",1,6500,4.0,450,,0,Recorded completed stay,gap,31-day gap before validation or testing,2025-06-25,excluded
,DOG,CHIHUAHUA SH/MIX,TAN/WHITE,Female,PUPPY,2025-04-21T00:00:00.000,K25-052439,CS04,A434758,2025-06-21,2025-06-25,4,OWNER SURRENDER,FIELD,TRANSFER,RP SHELTER,UNKNOWN,HEALTHY,COUNTY,*ROHNERT PARK,94928.0,"
,  94928
(38.34246, -122.71182)",1,6501,4.0,450,,0,Recorded completed stay,gap,31-day gap before validation or testing,2025-06-25,excluded
*ARETHA,CAT,DOMESTIC LH,BRN TABBY/WHITE,Spayed,SMALL,2020-07-03T00:00:00.000,K25-052440,CA02,A434759,2025-06-21,2025-09-26,97,STRAY,OVER THE COUNTER,TRANSFER,HSSC,HEALTHY,HEALTHY,COUNTY,COUNTY,95407.0,"
,  95407
(38.41483, -122.72707)",1,6502,97.0,450,,1,Recorded completed stay,gap,31-day gap before validation or testing,2025-07-22,excluded
,CAT,DOMESTIC SH,BLACK,Female,KITTN,2025-06-02T00:00:00.000,K25-052441,COOLER,A434760,2025-06-21,2025-06-28,7,STRAY,OVER THE COUNTER,DISPOSAL,DOA,UNKNOWN,DEAD,SANTA ROSA,,,,1,6503,7.0,450,,0,Recorded completed stay,gap,31-day gap before validation or testing,2025-06-28,excluded
*COMET,CAT,DOMESTIC SH,BLACK,Spayed,KITTN,2025-05-11T00:00:00.000,K25-052442,TX,A434761,2025-06-21,2025-08-26,66,STRAY,OVER THE COUNTER,ADOPTION,WALKIN,HEALTHY,PENDING,SANTA ROSA,COUNTY,95401.0,"
,  95401
(38.45663, -122.72292)",1,6504,66.0,450,,1,Recorded completed stay,gap,31-day gap before validation or testing,2025-07-22,excluded
,DOG,PUG,TAN/WHITE,Female,PUPPY,2025-03-21T00:00:00.000,K25-052443,DS65,A434763,2025-06-21,2025-06-25,4,OWNER SURRENDER,FIELD,TRANSFER,RP SHELTER,UNKNOWN,HEALTHY,SANTA ROSA,*ROHNERT PARK,94928.0,"
,  94928
(38.34246, -122.71182)",1,6505,4.0,450,,0,Recorded completed stay,gap,31-day gap before validation or testing,2025-06-25,excluded
,DOG,PUG/MIX,BR BRINDLE,Male,PUPPY,2025-03-21T00:00:00.000,K25-052444,DS65,A434764,2025-06-21,2025-06-25,4,OWNER SURRENDER,FIELD,TRANSFER,RP SHELTER,UNKNOWN,HEALTHY,SANTA ROSA,*ROHNERT PARK,94928.0,"
,  94928
(38.34246, -122.71182)",1,6506,4.0,450,,0,Recorded completed stay,gap,31-day gap before validation or testing,2025-06-25,excluded
,DOG,PUG,TAN,Female,PUPPY,2025-03-21T00:00:00.000,K25-052445,DS65,A434765,2025-06-21,2025-06-25,4,OWNER SURRENDER,FIELD,TRANSFER,RP SHELTER,UNKNOWN,HEALTHY,SANTA ROSA,*ROHNERT PARK,94928.0,"
,  94928
(38.34246, -122.71182)",1,6507,4.0,450,,0,Recorded completed stay,gap,31-day gap before validation or testing,2025-06-25,excluded
DAWN,CAT,DOMESTIC SH,GRAY,Female,SMALL,,K25-052448,CS06,A434768,2025-06-21,2025-08-06,46,CONFISCATE,FLD_CORONR,EUTHANIZE,BEH SEVERE,UNKNOWN,UNTREATABLE,SANTA ROSA,SANTA ROSA,95407.0,"
,  95407
(38.41483, -122.72707)",1,6508,46.0,450,,1,Recorded completed stay,gap,31-day gap before validation or testing,2025-07-22,excluded
,DOG,PARSON RUSS TER/MIX,TAN,Male,SMALL,2015-07-02T00:00:00.000,K25-052450,DS95,A434778,2025-06-23,2025-07-07,14,STRAY,FLD_STRAY,EUTHANIZE,ILL SEVERE,UNKNOWN,UNTREATABLE,COUNTY,,,,1,6509,14.0,448,,0,Recorded completed stay,gap,31-day gap before validation or testing,2025-07-07,excluded
,OTHER,BAT,BROWN,Unknown,SMALL,,K25-052451,PHLAB,A434779,2025-06-23,2025-06-23,0,QUARANTINE,FIELD,TRANSFER,LAB FRA,UNKNOWN,DEAD,SANTA ROSA,,,,1,6510,0.0,448,,0,Recorded completed stay,gap,31-day gap before validation or testing,2025-06-23,excluded
,OTHER,PEAFOWL,BLUE/PURPLE,Male,SMALL,,K25-052452,LS07,A434780,2025-06-23,2025-07-09,16,STRAY,FLD_STRAY,ADOPTION,SCAS WEB,UNKNOWN,HEALTHY,COUNTY,SANTA ROSA,95403.0,"
,  95403
(38.51311, -122.75502)",1,6511,16.0,448,,0,Recorded completed stay,gap,31-day gap before validation or testing,2025-07-09,excluded
,CAT,DOMESTIC SH,GRAY,Male,SMALL,,K25-052453,COOLER,A434781,2025-06-23,2025-06-23,0,STRAY,FIELD,EUTHANIZE,INJ SEVERE,UNKNOWN,DEAD,COUNTY,SANTA ROSA,95403.0,"
,  95403
(38.51311, -122.75502)",1,6512,0.0,448,,0,Recorded completed stay,gap,31-day gap before validation or testing,2025-06-23,excluded
SHADOW,DOG,DACHSHUND LH/MIX,BLACK/TAN,Male,SMALL,2016-06-24T00:00:00.000,K25-052454,DS92,A434790,2025-06-24,2025-06-25,1,STRAY,FLD_STRAY,RETURN TO OWNER,OVER THE COUNTER_WEB,UNKNOWN,PENDING,SANTA ROSA,SANTA ROSA,95407.0,"
,  95407
(38.41483, -122.72707)",1,6513,1.0,447,,0,Recorded completed stay,gap,31-day gap before validation or testing,2025-06-25,excluded
*O'REILLY,DOG,PIT BULL,BR BRINDLE/WHITE,Neutered,PUPPY,2024-11-14T00:00:00.000,K25-052455,DA45,A434792,2025-06-24,2025-07-19,25,STRAY,FLD_STRAY,ADOPTION,WALKIN,HEALTHY,HEALTHY,SANTA ROSA,COUNTY,95403.0,"
,  95403
(38.51311, -122.75502)",1,6514,25.0,447,,0,Recorded completed stay,gap,31-day gap before validation or testing,2025-07-19,excluded
*REISA,DOG,PIT BULL,BLACK/BR BRINDLE,Spayed,PUPPY,2024-11-14T00:00:00.000,K25-052456,DA11,A434793,2025-06-24,2025-08-02,39,STRAY,FLD_STRAY,ADOPTION,FB SCAS,HEALTHY,HEALTHY,SANTA ROSA,COUNTY,94952.0,"
,  94952
(38.23262, -122.64426)",1,6515,39.0,447,,1,Recorded completed stay,gap,31-day gap before validation or testing,2025-07-25,excluded
,CAT,DOMESTIC SH,BLACK,Female,KITTN,2025-05-31T00:00:00.000,K25-052457,CI01,A434794,2025-06-24,2025-07-18,24,STRAY,FLD_STRAY,TRANSFER,HSSC,UNKNOWN,TREATABLE/REHAB,SANTA ROSA,COUNTY,95407.0,"
,  95407
(38.41483, -122.72707)",1,6516,24.0,447,,0,Recorded completed stay,gap,31-day gap before validation or testing,2025-07-18,excluded
MELLOW,CAT,DOMESTIC SH,BRN TABBY/WHITE,Male,SMALL,2020-06-24T00:00:00.000,K25-052458,CS06,A434795,2025-06-24,2025-06-25,1,CONFISCATE,FLD_ARREST,RETURN TO OWNER,OVER THE COUNTER_ARREST,UNKNOWN,PENDING,COUNTY,OUT OF COUNTY,95453.0,"
,  95453
(39.04371, -122.91516)",1,6517,1.0,447,,0,Recorded completed stay,gap,31-day gap before validation or testing,2025-06-25,excluded
,DOG,SCHNAUZER MIN/MIX,WHITE,Female,SMALL,2021-06-24T00:00:00.000,K25-052459,DS55,A434797,2025-06-24,2025-07-09,15,STRAY,OVER THE COUNTER,TRANSFER,RP SHELTER,UNKNOWN,HEALTHY,SANTA ROSA,*ROHNERT PARK,94928.0,"
,  94928
(38.34246, -122.71182)",1,6518,15.0,447,,0,Recorded completed stay,gap,31-day gap before validation or testing,2025-07-09,excluded
EMILY FIONA,DOG,CAIRN TERRIER/MIX,WHITE,Spayed,SMALL,2024-06-24T00:00:00.000,K25-052460,DA26,A434798,2025-06-24,2025-07-15,21,STRAY,OVER THE COUNTER,ADOPTION,SCAS WEB,HEALTHY,HEALTHY,SANTA ROSA,SANTA ROSA,95401.0,"
,  95401
(38.45663, -122.72292)",1,6519,21.0,447,,0,Recorded completed stay,gap,31-day gap before validation or testing,2025-07-15,excluded
,DOG,CAIRN TERRIER/MIX,BLACK/WHITE,Male,SMALL,2021-06-24T00:00:00.000,K25-052461,DS56,A434799,2025-06-24,2025-07-09,15,STRAY,OVER THE COUNTER,TRANSFER,RP SHELTER,UNKNOWN,HEALTHY,SANTA ROSA,*ROHNERT PARK,94928.0,"
,  94928
(38.34246, -122.71182)",1,6520,15.0,447,,0,Recorded completed stay,gap,31-day gap before validation or testing,2025-07-09,excluded
,CAT,DOMESTIC SH,GRAY TABBY,Unknown,SMALL,,K25-052462,RECEIVING,A434800,2025-06-24,2025-06-24,0,STRAY,OVER THE COUNTER,RETURN TO OWNER,COMMCAT,UNKNOWN,PENDING,COUNTY,COUNTY,95421.0,"
,  95421
(38.53578, -123.08828)",1,6521,0.0,447,,0,Recorded completed stay,gap,31-day gap before validation or testing,2025-06-24,excluded
MILKEYWAY,DOG,GERM SHEPHERD/MIX,BLACK/BL BRINDLE,Female,MED,2023-12-24T00:00:00.000,K25-052463,DS61,A434808,2025-06-24,2025-06-25,1,CONFISCATE,FLD_ARREST,RETURN TO OWNER,OVER THE COUNTER_ARREST,UNKNOWN,PENDING,SANTA ROSA,COUNTY,95462.0,"
,  95462
(38.46491, -123.00981)",1,6522,1.0,447,,0,Recorded completed stay,gap,31-day gap before validation or testing,2025-06-25,excluded
,CAT,DOMESTIC SH,WHITE/BLACK,Male,LARGE,2023-06-24T00:00:00.000,K25-052464,CS06,A434809,2025-06-24,2025-08-05,42,STRAY,OVER THE COUNTER,TRANSFER,FORGOTTEN,UNKNOWN,PENDING,COUNTY,SANTA ROSA,95403.0,"
,  95403
(38.51311, -122.75502)",1,6523,42.0,447,,1,Recorded completed stay,gap,31-day gap before validation or testing,2025-07-25,excluded
,CAT,DOMESTIC SH,AGOUTI,Unknown,KITTN,2025-06-14T00:00:00.000,K25-052466,RECEIVING,A434811,2025-06-24,2025-06-25,1,STRAY,OVER THE COUNTER,TRANSFER,RP SHELTER,UNKNOWN,HEALTHY,COUNTY,*ROHNERT PARK,94928.0,"
,  94928
(38.34246, -122.71182)",1,6524,1.0,447,,0,Recorded completed stay,gap,31-day gap before validation or testing,2025-06-25,excluded
,CAT,DOMESTIC SH,AGOUTI,Unknown,KITTN,2025-06-14T00:00:00.000,K25-052467,RECEIVING,A434812,2025-06-24,2025-06-25,1,STRAY,OVER THE COUNTER,TRANSFER,RP SHELTER,UNKNOWN,HEALTHY,COUNTY,*ROHNERT PARK,94928.0,"
,  94928
(38.34246, -122.71182)",1,6525,1.0,447,,0,Recorded completed stay,gap,31-day gap before validation or testing,2025-06-25,excluded
,CAT,DOMESTIC SH,AGOUTI,Unknown,KITTN,2025-06-14T00:00:00.000,K25-052468,RECEIVING,A434813,2025-06-24,2025-06-25,1,STRAY,OVER THE COUNTER,TRANSFER,RP SHELTER,UNKNOWN,HEALTHY,COUNTY,*ROHNERT PARK,94928.0,"
,  94928
(38.34246, -122.71182)",1,6526,1.0,447,,0,Recorded completed stay,gap,31-day gap before validation or testing,2025-06-25,excluded
,CAT,DOMESTIC SH,AGOUTI,Unknown,KITTN,2025-06-14T00:00:00.000,K25-052469,RECEIVING,A434814,2025-06-24,2025-06-25,1,STRAY,OVER THE COUNTER,TRANSFER,RP SHELTER,UNKNOWN,HEALTHY,COUNTY,*ROHNERT PARK,94928.0,"
,  94928
(38.34246, -122.71182)",1,6527,1.0,447,,0,Recorded completed stay,gap,31-day gap before validation or testing,2025-06-25,excluded
,CAT,DOMESTIC SH,AGOUTI,Unknown,KITTN,2025-06-10T00:00:00.000,K25-052470,RECEIVING,A434815,2025-06-24,2025-06-25,1,STRAY,OVER THE COUNTER,TRANSFER,RP SHELTER,UNKNOWN,HEALTHY,COUNTY,*ROHNERT PARK,94928.0,"
,  94928
(38.34246, -122.71182)",1,6528,1.0,447,,0,Recorded completed stay,gap,31-day gap before validation or testing,2025-06-25,excluded
PUMPKIN,DOG,GERM SHEPHERD/MIX,BLK SMOKE/TAN,Male,MED,2024-08-25T00:00:00.000,K25-052471,DS62,A434816,2025-06-24,2025-06-26,2,CONFISCATE,FLD_ARREST,RETURN TO OWNER,OVER THE COUNTER_ARREST,UNKNOWN,PENDING,COUNTY,SANTA ROSA,95401.0,"
,  95401
(38.45663, -122.72292)",1,6529,2.0,447,,0,Recorded completed stay,gap,31-day gap before validation or testing,2025-06-26,excluded
BUGSY MALONE,DOG,CHIHUAHUA SH/MIX,TRICOLOR,Neutered,TOY,2023-07-12T00:00:00.000,K25-052472,DA28,A434822,2025-06-25,2025-07-22,27,STRAY,OVER THE COUNTER,TRANSFER,PETSLIFELN,UNKNOWN,HEALTHY,SANTA ROSA,COUNTY,95476.0,"
,  95476
(38.29188, -122.45728)",1,6530,27.0,446,,0,Recorded completed stay,gap,31-day gap before validation or testing,2025-07-22,excluded
MUFFY ANN,DOG,CHIHUAHUA LH,BLACK/BROWN,Spayed,TOY,2021-07-01T00:00:00.000,K25-052473,DA46,A434823,2025-06-25,2025-07-10,15,STRAY,OVER THE COUNTER,ADOPTION,VOLUNTEER,HEALTHY,HEALTHY,SANTA ROSA,OUT OF COUNTY,95667.0,"
,  95667
(38.72791, -120.80332)",1,6531,15.0,446,,0,Recorded completed stay,gap,31-day gap before validation or testing,2025-07-10,excluded
*JOE,CAT,DOMESTIC SH,BLACK/WHITE,Neutered,KITTN,2025-06-25T00:00:00.000,K25-052480,WESTFARM,A434838,2025-06-25,2025-09-09,76,BORN HERE,MOM STRAY,ADOPTION,WESTFARM,HEALTHY,HEALTHY,COUNTY,SANTA ROSA,95401.0,"
,  95401
(38.45663, -122.72292)",1,6532,76.0,446,,1,Recorded completed stay,gap,31-day gap before validation or testing,2025-07-26,excluded
*ABBY,CAT,DOMESTIC SH,BRN TABBY,Spayed,KITTN,2025-06-25T00:00:00.000,K25-052481,LOBBY,A434839,2025-06-25,2025-09-06,73,BORN HERE,MOM STRAY,ADOPTION,WALKIN,HEALTHY,HEALTHY,COUNTY,SANTA ROSA,95404.0,"
,  95404
(38.43807, -122.71247)",1,6533,73.0,446,,1,Recorded completed stay,gap,31-day gap before validation or testing,2025-07-26,excluded
*JAMES,CAT,DOMESTIC SH,GRAY/WHITE,Neutered,KITTN,2025-06-25T00:00:00.000,K25-052482,WESTFARM,A434841,2025-06-25,2025-09-09,76,BORN HERE,MOM STRAY,ADOPTION,WESTFARM,HEALTHY,HEALTHY,COUNTY,SANTA ROSA,95401.0,"
,  95401
(38.45663, -122.72292)",1,6534,76.0,446,,1,Recorded completed stay,gap,31-day gap before validation or testing,2025-07-26,excluded
*BART,CAT,DOMESTIC SH,WHITE/BRN TABBY,Neutered,KITTN,2025-06-25T00:00:00.000,K25-052483,LOBBY,A434842,2025-06-25,2025-09-06,73,BORN HERE,MOM STRAY,ADOPTION,WALKIN,HEALTHY,HEALTHY,COUNTY,SANTA ROSA,95404.0,"
,  95404
(38.43807, -122.71247)",1,6535,73.0,446,,1,Recorded completed stay,gap,31-day gap before validation or testing,2025-07-26,excluded
*QUINCY,CAT,DOMESTIC SH,BRN TABBY/WHITE,Neutered,KITTN,2025-06-25T00:00:00.000,K25-052484,LOBBY,A434843,2025-06-25,2025-09-06,73,BORN HERE,MOM STRAY,ADOPTION,FB SCAS,HEALTHY,HEALTHY,COUNTY,OUT OF COUNTY,94949.0,"
,  94949
(38.06709, -122.53551)",1,6536,73.0,446,,1,Recorded completed stay,gap,31-day gap before validation or testing,2025-07-26,excluded
*LEONARD,DOG,AKBASH,WHITE,Neutered,X-LRG,2019-06-25T00:00:00.000,K25-052485,DA14,A434847,2025-06-25,2025-07-29,34,STRAY,FLD_STRAY,ADOPTION,FB SCAS,HEALTHY,HEALTHY,COUNTY,COUNTY,95476.0,"
,  95476
(38.29188, -122.45728)",1,6537,34.0,446,,1,Recorded completed stay,gap,31-day gap before validation or testing,2025-07-26,excluded
,OTHER,RABBIT SH,WHITE,Neutered,SMALL,,K25-052863,FOSTER,A435648,2025-06-25,2025-11-12,140,STRAY,FIELD,TRANSFER,PETCARE,UNKNOWN,HEALTHY,SANTA ROSA,SANTA ROSA,95403.0,"
,  95403
(38.51311, -122.75502)",1,6538,140.0,446,,1,Recorded completed stay,gap,31-day gap before validation or testing,2025-07-26,excluded
*MARCELINE,CAT,DOMESTIC SH,BLK TABBY,Spayed,KITTN,2025-05-05T00:00:00.000,K25-052864,LOBBY,A435649,2025-06-25,2025-11-04,132,STRAY,FIELD,ADOPTION,SCAS WEB,UNKNOWN,HEALTHY,SANTA ROSA,OUT OF COUNTY,95467.0,"
,  95467
(38.80849, -122.55644)",1,6539,132.0,446,,1,Recorded completed stay,gap,31-day gap before validation or testing,2025-07-26,excluded
HUNTRIX,CAT,DOMESTIC SH,BLK TABBY,Spayed,KITTN,2025-05-05T00:00:00.000,K25-052865,LOBBY,A435650,2025-06-25,2025-10-25,122,STRAY,VET_HOSP,ADOPTION,FB SCAS,UNKNOWN,HEALTHY,SANTA ROSA,SANTA ROSA,95403.0,"
,  95403
(38.51311, -122.75502)",1,6540,122.0,446,,1,Recorded completed stay,gap,31-day gap before validation or testing,2025-07-26,excluded
RALPH,DOG,BICHON FRISE/MIX,CREAM,Neutered,SMALL,2017-06-27T00:00:00.000,K25-052489,DS78,A434851,2025-06-26,2025-06-27,1,STRAY,OVER THE COUNTER,RETURN TO OWNER,OVER THE COUNTER_MCHIP,UNKNOWN,PENDING,COUNTY,OUT OF COUNTY,95482.0,"
,  95482
(39.15103, -123.20792)",1,6541,1.0,445,,0,Recorded completed stay,gap,31-day gap before validation or testing,2025-06-27,excluded
,OTHER,FOX,RED/WHITE,Unknown,MED,,K25-052490,COOLER,A434852,2025-06-26,2025-07-27,31,QUARANTINE,FIELD,TRANSFER,LAB FRA,UNKNOWN,DEAD,COUNTY,,,,1,6542,31.0,445,,1,Recorded completed stay,gap,31-day gap before validation or testing,2025-07-27,excluded
*DALI,CAT,DOMESTIC SH,BLACK/WHITE,Spayed,KITTN,2025-05-23T00:00:00.000,K25-052491,LOBBY,A434855,2025-06-26,2025-09-06,72,STRAY,OVER THE COUNTER,ADOPTION,SCAS WEB,UNKNOWN,HEALTHY,SANTA ROSA,OUT OF COUNTY,95467.0,"
,  95467
(38.80849, -122.55644)",1,6543,72.0,445,,1,Recorded completed stay,gap,31-day gap before validation or testing,2025-07-27,excluded
*SAL,CAT,DOMESTIC SH,BLACK/WHITE,Spayed,KITTN,2025-05-23T00:00:00.000,K25-052492,WESTFARM,A434856,2025-06-26,2025-09-18,84,STRAY,OVER THE COUNTER,ADOPTION,WESTFARM,UNKNOWN,HEALTHY,SANTA ROSA,SANTA ROSA,95409.0,"
,  95409
(38.46382, -122.67058)",1,6544,84.0,445,,1,Recorded completed stay,gap,31-day gap before validation or testing,2025-07-27,excluded
ODIN,DOG,LABRADOR RETR/MIX,WHITE/TAN,Neutered,MED,2022-08-20T00:00:00.000,K25-052494,DQ112,A429248,2025-06-26,2025-07-05,9,QUARANTINE,FIELD,RETURN TO OWNER,OVER THE COUNTER_NOTICE,UNKNOWN,PENDING,SANTA ROSA,SANTA ROSA,95407.0,"
,  95407
(38.41483, -122.72707)",0,6545,9.0,445,,0,Recorded completed stay,gap,31-day gap before validation or testing,2025-07-05,excluded
YOGI,DOG,SIBERIAN HUSKY,TAN/BLACK,Neutered,MED,2021-05-21T00:00:00.000,K25-052496,DS66,A411674,2025-06-27,2025-07-10,13,CONFISCATE,FLD_HOSPTL,RETURN TO OWNER,MEDICAL,UNKNOWN,PENDING,COUNTY,COUNTY,95446.0,"
,  95446
(38.50204, -122.99739)",1,6546,13.0,444,,0,Recorded completed stay,gap,31-day gap before validation or testing,2025-07-10,excluded
MORNING STAR,DOG,GERM SHEPHERD,WHITE,Spayed,LARGE,2014-03-19T00:00:00.000,K25-052497,DS67,A309228,2025-06-27,2025-07-11,14,CONFISCATE,FLD_HOSPTL,RETURN TO OWNER,OVER THE COUNTER_NOTICE,UNKNOWN,PENDING,COUNTY,COUNTY,95446.0,"
,  95446
(38.50204, -122.99739)",1,6547,14.0,444,,0,Recorded completed stay,gap,31-day gap before validation or testing,2025-07-11,excluded
32963,CAT,DOMESTIC SH,BLACK,Male,KITTN,2025-06-24T00:00:00.000,K25-052498,HSSC,A434877,2025-06-27,2025-06-27,0,STRAY,EMAIL,TRANSFER,HSSC,UNKNOWN,PENDING,SANTA ROSA,COUNTY,95407.0,"
,  95407
(38.41483, -122.72707)",1,6548,0.0,444,,0,Recorded completed stay,gap,31-day gap before validation or testing,2025-06-27,excluded
CLOUD,DOG,GREAT PYRENEES/POODLE STND,WHITE,Male,LARGE,2021-06-27T00:00:00.000,K25-052499,DS52,A434876,2025-06-27,2025-07-10,13,STRAY,FLD_STRAY,EUTHANIZE,AGGRESSIVE,UNKNOWN,UNTREATABLE,COUNTY,COUNTY,95476.0,"
,  95476
(38.29188, -122.45728)",1,6549,13.0,444,,0,Recorded completed stay,gap,31-day gap before validation or testing,2025-07-10,excluded
,DOG,AUST CATTLE DOG,BLUE MERLE/BROWN,Male,PUPPY,2025-05-18T00:00:00.000,K25-052501,DS90,A434881,2025-06-27,2025-07-09,12,OWNER SURRENDER,OVER THE COUNTER,TRANSFER,RP SHELTER,UNKNOWN,HEALTHY,SANTA ROSA,*ROHNERT PARK,94928.0,"
,  94928
(38.34246, -122.71182)",1,6550,12.0,444,,0,Recorded completed stay,gap,31-day gap before validation or testing,2025-07-09,excluded
*JOANIE,CAT,DOMESTIC SH,BLACK/WHITE,Spayed,SMALL,2025-04-27T00:00:00.000,K25-052502,CA02,A434882,2025-06-27,2025-08-01,35,STRAY,OVER THE COUNTER,ADOPTION,WALKIN,UNKNOWN,HEALTHY,SANTA ROSA,SANTA ROSA,95407.0,"
,  95407
(38.41483, -122.72707)",1,6551,35.0,444,,1,Recorded completed stay,gap,31-day gap before validation or testing,2025-07-28,excluded
LIRA,CAT,DOMESTIC SH,CREAM,Spayed,SMALL,2025-04-27T00:00:00.000,K25-052503,CA02,A434883,2025-06-27,2025-07-31,34,STRAY,OVER THE COUNTER,ADOPTION,WALKIN,UNKNOWN,HEALTHY,SANTA ROSA,SANTA ROSA,95401.0,"
,  95401
(38.45663, -122.72292)",1,6552,34.0,444,,1,Recorded completed stay,gap,31-day gap before validation or testing,2025-07-28,excluded
OREO,DOG,SHIH TZU,BLACK/WHITE,Neutered,TOY,2010-05-11T00:00:00.000,K25-052504,DS94,A262741,2025-06-27,2025-07-02,5,STRAY,FIELD,RETURN TO OWNER,OVER THE COUNTER_WEB,UNKNOWN,PENDING,SANTA ROSA,SANTA ROSA,95403.0,"
,  95403
(38.51311, -122.75502)",1,6553,5.0,444,,0,Recorded completed stay,gap,31-day gap before validation or testing,2025-07-02,excluded
NETTIE,DOG,LABRADOR RETR,BLACK,Female,MED,2021-10-13T00:00:00.000,K25-052505,TRUCK,A411243,2025-06-27,2025-06-27,0,CONFISCATE,FLD_ARREST,RETURN TO OWNER,FLD_MCHIP,UNKNOWN,HEALTHY,COUNTY,COUNTY,95472.0,"
,  95472
(38.40179, -122.82512)",1,6554,0.0,444,,0,Recorded completed stay,gap,31-day gap before validation or testing,2025-06-27,excluded
*ROSE,OTHER,GUINEA PIG,AGOUTI/CREAM,Female,SMALL,,K25-052506,LOBBY,A434884,2025-06-27,2025-08-18,52,STRAY,OVER THE COUNTER,TRANSFER,MARIN HS,UNKNOWN,HEALTHY,SANTA ROSA,OUT OF COUNTY,94949.0,"
,  94949
(38.06709, -122.53551)",1,6555,52.0,444,,1,Recorded completed stay,gap,31-day gap before validation or testing,2025-07-28,excluded
*DOROTHY,OTHER,GUINEA PIG,TRICOLOR,Female,SMALL,,K25-052507,LOBBY,A434885,2025-06-27,2025-08-18,52,STRAY,OVER THE COUNTER,TRANSFER,MARIN HS,UNKNOWN,HEALTHY,SANTA ROSA,OUT OF COUNTY,94949.0,"
,  94949
(38.06709, -122.53551)",1,6556,52.0,444,,1,Recorded completed stay,gap,31-day gap before validation or testing,2025-07-28,excluded
*BLANCHE,OTHER,GUINEA PIG,BLACK/CREAM,Female,SMALL,,K25-052508,LOBBY,A434886,2025-06-27,2025-08-18,52,STRAY,OVER THE COUNTER,TRANSFER,MARIN HS,HEALTHY,HEALTHY,SANTA ROSA,OUT OF COUNTY,94949.0,"
,  94949
(38.06709, -122.53551)",1,6557,52.0,444,,1,Recorded completed stay,gap,31-day gap before validation or testing,2025-07-28,excluded
*SLINKY,CAT,DOMESTIC MH,BRN TABBY,Spayed,KITTN,2025-05-27T00:00:00.000,K25-052511,LOBBY,A434891,2025-06-27,2025-09-04,69,STRAY,OVER THE COUNTER,TRANSFER,HSSC,HEALTHY,PENDING,SANTA ROSA,COUNTY,95407.0,"
,  95407
(38.41483, -122.72707)",1,6558,69.0,444,,1,Recorded completed stay,gap,31-day gap before validation or testing,2025-07-28,excluded
*PIXIE,CAT,DOMESTIC SH,BLACK/WHITE,Neutered,KITTN,2025-05-27T00:00:00.000,K25-052512,LOBBY,A434892,2025-06-27,2025-09-04,69,STRAY,OVER THE COUNTER,TRANSFER,HSSC,HEALTHY,PENDING,SANTA ROSA,COUNTY,95407.0,"
,  95407
(38.41483, -122.72707)",1,6559,69.0,444,,1,Recorded completed stay,gap,31-day gap before validation or testing,2025-07-28,excluded
DUKE,DOG,PIT BULL,WHITE/BROWN,Male,MED,2024-11-28T00:00:00.000,K25-052513,DS72,A434895,2025-06-27,2025-06-28,1,CONFISCATE,FLD_ARREST,RETURN TO OWNER,OVER THE COUNTER_ARREST,UNKNOWN,PENDING,COUNTY,SANTA ROSA,95483.0,"
,  95483",1,6560,1.0,444,,0,Recorded completed stay,gap,31-day gap before validation or testing,2025-06-28,excluded
,DOG,CHIHUAHUA LH,BROWN,Male,TOY,2020-06-28T00:00:00.000,K25-052514,DS85,A434896,2025-06-28,2025-07-10,12,OWNER SURRENDER,OVER THE COUNTER,EUTHANIZE,BEH SEVERE,UNKNOWN,UNTREATABLE,COUNTY,COUNTY,95403.0,"
,  95403
(38.51311, -122.75502)",1,6561,12.0,443,,0,Recorded completed stay,gap,31-day gap before validation or testing,2025-07-10,excluded
,DOG,CHIHUAHUA SH,BROWN,Male,TOY,2022-06-28T00:00:00.000,K25-052515,DS85,A434897,2025-06-28,2025-07-10,12,OWNER SURRENDER,OVER THE COUNTER,EUTHANIZE,BEH SEVERE,UNKNOWN,UNTREATABLE,COUNTY,COUNTY,95403.0,"
,  95403
(38.51311, -122.75502)",1,6562,12.0,443,,0,Recorded completed stay,gap,31-day gap before validation or testing,2025-07-10,excluded
,DOG,CHIHUAHUA SH,BROWN,Female,TOY,2020-06-28T00:00:00.000,K25-052516,DS87,A434898,2025-06-28,2025-07-17,19,OWNER SURRENDER,OVER THE COUNTER,TRANSFER,DOGWOOD,UNKNOWN,HEALTHY,COUNTY,SANTA ROSA,95403.0,"
,  95403
(38.51311, -122.75502)",1,6563,19.0,443,,0,Recorded completed stay,gap,31-day gap before validation or testing,2025-07-17,excluded
*LADYBUG,DOG,CHIHUAHUA SH,BROWN/WHITE,Spayed,TOY,2020-07-15T00:00:00.000,K25-052517,DA46,A434899,2025-06-28,2025-07-17,19,OWNER SURRENDER,OVER THE COUNTER,TRANSFER,DOGWOOD,HEALTHY,HEALTHY,COUNTY,SANTA ROSA,95403.0,"
,  95403
(38.51311, -122.75502)",1,6564,19.0,443,,0,Recorded completed stay,gap,31-day gap before validation or testing,2025-07-17,excluded
,DOG,CHIHUAHUA SH,BROWN/WHITE,Female,TOY,2022-06-28T00:00:00.000,K25-052518,DS88,A434900,2025-06-28,2025-07-10,12,OWNER SURRENDER,OVER THE COUNTER,EUTHANIZE,BEH SEVERE,UNKNOWN,UNTREATABLE,COUNTY,COUNTY,95403.0,"
,  95403
(38.51311, -122.75502)",1,6565,12.0,443,,0,Recorded completed stay,gap,31-day gap before validation or testing,2025-07-10,excluded
,DOG,CHIHUAHUA SH,BLUE MERLE,Female,TOY,2019-06-28T00:00:00.000,K25-052519,DQ118,A434901,2025-06-28,2025-07-26,28,OWNER SURRENDER,OVER THE COUNTER,EUTHANIZE,AGGRESSIVE,UNKNOWN,UNTREATABLE,COUNTY,COUNTY,95403.0,"
,  95403
(38.51311, -122.75502)",1,6566,28.0,443,,0,Recorded completed stay,gap,31-day gap before validation or testing,2025-07-26,excluded
,DOG,CHIHUAHUA SH,BROWN,Male,TOY,2022-06-28T00:00:00.000,K25-052520,DS86,A434902,2025-06-28,2025-07-10,12,OWNER SURRENDER,OVER THE COUNTER,EUTHANIZE,BEH SEVERE,UNKNOWN,UNTREATABLE,COUNTY,COUNTY,95403.0,"
,  95403
(38.51311, -122.75502)",1,6567,12.0,443,,0,Recorded completed stay,gap,31-day gap before validation or testing,2025-07-10,excluded
,DOG,CHIHUAHUA SH,WHITE/BLACK,Female,TOY,,K25-052521,DQ118,A434903,2025-06-28,2025-07-26,28,OWNER SURRENDER,OVER THE COUNTER,EUTHANIZE,AGGRESSIVE,UNKNOWN,UNTREATABLE,COUNTY,COUNTY,95403.0,"
,  95403
(38.51311, -122.75502)",1,6568,28.0,443,,0,Recorded completed stay,gap,31-day gap before validation or testing,2025-07-26,excluded
*GUSTAVO,DOG,CHIHUAHUA SH,BLUE/TAN,Male,TOY,2022-06-28T00:00:00.000,K25-052522,DS86,A434905,2025-06-28,2025-07-22,24,OWNER SURRENDER,OVER THE COUNTER,TRANSFER,PETSLIFELN,UNKNOWN,HEALTHY,COUNTY,COUNTY,95476.0,"
,  95476
(38.29188, -122.45728)",1,6569,24.0,443,,0,Recorded completed stay,gap,31-day gap before validation or testing,2025-07-22,excluded
LULU,DOG,CHIHUAHUA SH,WHITE/BROWN,Spayed,TOY,2022-06-28T00:00:00.000,K25-052523,DA17,A434906,2025-06-28,2025-08-05,38,OWNER SURRENDER,OVER THE COUNTER,ADOPTION,SCAS WEB,HEALTHY,HEALTHY,COUNTY,WINDSOR,95492.0,"
,  95492
(38.54943, -122.81329)",1,6570,38.0,443,,1,Recorded completed stay,gap,31-day gap before validation or testing,2025-07-29,excluded
*DASHA,CAT,DOMESTIC SH,BRN TABBY,Spayed,KITTN,2025-05-18T00:00:00.000,K25-052526,CA02,A434908,2025-06-28,2025-08-09,42,STRAY,FLD_STRAY,ADOPTION,WALKIN,HEALTHY,HEALTHY,COUNTY,COUNTY,95403.0,"
,  95403
(38.51311, -122.75502)",1,6571,42.0,443,,1,Recorded completed stay,gap,31-day gap before validation or testing,2025-07-29,excluded
,CAT,DOMESTIC SH,BLACK,Unknown,SMALL,,K25-052527,TRUCK,A434909,2025-06-28,2025-06-28,0,STRAY,FLD_STRAY,RETURN TO OWNER,FLD_PRVS,UNKNOWN,HEALTHY,SANTA ROSA,SANTA ROSA,95401.0,"
,  95401
(38.45663, -122.72292)",1,6572,0.0,443,,0,Recorded completed stay,gap,31-day gap before validation or testing,2025-06-28,excluded
*BOB,CAT,DOMESTIC SH,BLACK,Neutered,SMALL,2025-05-07T00:00:00.000,K25-052528,LOBBY,A434910,2025-06-28,2025-07-11,13,STRAY,FLD_STRAY,ADOPTION,SCAS WEB,HEALTHY,HEALTHY,SANTA ROSA,SANTA ROSA,95401.0,"
,  95401
(38.45663, -122.72292)",1,6573,13.0,443,,0,Recorded completed stay,gap,31-day gap before validation or testing,2025-07-11,excluded
*MURRAY,CAT,DOMESTIC SH,BLACK,Neutered,SMALL,2025-05-07T00:00:00.000,K25-052529,LOBBY,A434911,2025-06-28,2025-07-18,20,STRAY,FLD_STRAY,ADOPTION,WALKIN,HEALTHY,HEALTHY,SANTA ROSA,SANTA ROSA,95401.0,"
,  95401
(38.45663, -122.72292)",1,6574,20.0,443,,0,Recorded completed stay,gap,31-day gap before validation or testing,2025-07-18,excluded
LUNA,CAT,DOMESTIC SH,BLACK,Spayed,SMALL,2025-06-03T00:00:00.000,K25-052530,WESTFARM,A434912,2025-06-28,2025-09-18,82,STRAY,FLD_STRAY,ADOPTION,WESTFARM,UNKNOWN,HEALTHY,SANTA ROSA,COUNTY,95403.0,"
,  95403
(38.51311, -122.75502)",1,6575,82.0,443,,1,Recorded completed stay,gap,31-day gap before validation or testing,2025-07-29,excluded
MISSY,CAT,DOMESTIC SH,BLACK,Spayed,SMALL,2024-07-14T00:00:00.000,K25-052531,CA02,A434913,2025-06-28,2025-08-20,53,STRAY,FLD_STRAY,ADOPTION,WALKIN,HEALTHY,HEALTHY,SANTA ROSA,COUNTY,95403.0,"
,  95403
(38.51311, -122.75502)",1,6576,53.0,443,,1,Recorded completed stay,gap,31-day gap before validation or testing,2025-07-29,excluded
*LUNA,CAT,DOMESTIC SH,BLACK,Spayed,SMALL,2025-06-14T00:00:00.000,K25-052532,CA03,A434914,2025-06-28,2025-08-09,42,STRAY,FLD_STRAY,ADOPTION,SCAS WEB,UNKNOWN,HEALTHY,SANTA ROSA,SANTA ROSA,95403.0,"
,  95403
(38.51311, -122.75502)",1,6577,42.0,443,,1,Recorded completed stay,gap,31-day gap before validation or testing,2025-07-29,excluded
*CRESCENT,CAT,DOMESTIC SH,BLACK,Neutered,SMALL,2025-06-14T00:00:00.000,K25-052533,CA02,A434915,2025-06-28,2025-08-09,42,STRAY,FLD_STRAY,ADOPTION,SCAS WEB,HEALTHY,HEALTHY,SANTA ROSA,SANTA ROSA,95409.0,"
,  95409
(38.46382, -122.67058)",1,6578,42.0,443,,1,Recorded completed stay,gap,31-day gap before validation or testing,2025-07-29,excluded
*STAR,CAT,DOMESTIC SH,BLACK/WHITE,Spayed,SMALL,2025-06-14T00:00:00.000,K25-052534,CA03,A434916,2025-06-28,2025-08-09,42,STRAY,FLD_STRAY,ADOPTION,SCAS WEB,UNKNOWN,HEALTHY,SANTA ROSA,SANTA ROSA,95403.0,"
,  95403
(38.51311, -122.75502)",1,6579,42.0,443,,1,Recorded completed stay,gap,31-day gap before validation or testing,2025-07-29,excluded
,DOG,FRENCH BULLDOG/MIX,BLACK/TAN,Female,SMALL,,K25-052535,DS78,A434917,2025-06-28,2025-07-10,12,STRAY,FLD_STRAY,TRANSFER,HSSC,UNKNOWN,PENDING,COUNTY,COUNTY,95407.0,"
,  95407
(38.41483, -122.72707)",1,6580,12.0,443,,0,Recorded completed stay,gap,31-day gap before validation or testing,2025-07-10,excluded
*CANOLI,DOG,FRENCH BULLDOG,BLACK/TAN,Female,SMALL,,K25-052536,DA25,A434918,2025-06-28,2025-07-24,26,STRAY,FLD_STRAY,TRANSFER,HSSC,UNKNOWN,PENDING,COUNTY,COUNTY,95407.0,"
,  95407
(38.41483, -122.72707)",1,6581,26.0,443,,0,Recorded completed stay,gap,31-day gap before validation or testing,2025-07-24,excluded
,OTHER,BAT,BROWN,Unknown,SMALL,,K25-052538,EUTH,A434922,2025-06-28,2025-06-30,2,QUARANTINE,FIELD,TRANSFER,LAB FRA,UNKNOWN,DEAD,PETALUMA,PETALUMA,94954.0,"
,  94954
(38.26295, -122.64045)",1,6582,2.0,443,,0,Recorded completed stay,gap,31-day gap before validation or testing,2025-06-30,excluded
RUBY,DOG,PIT BULL/RHOD RIDGEBACK,BROWN,Spayed,MED,2023-07-14T00:00:00.000,K25-052539,DA16,A434923,2025-06-29,2025-08-12,44,CONFISCATE,FLD_ABAND,ADOPTION,WALKIN,UNKNOWN,HEALTHY,SANTA ROSA,COUNTY,95472.0,"
,  95472
(38.40179, -122.82512)",1,6583,44.0,442,,1,Recorded completed stay,gap,31-day gap before validation or testing,2025-07-30,excluded
,DOG,PIT BULL,BROWN/BLACK,Male,MED,,K25-052540,DS69,A434924,2025-06-29,2025-07-17,18,CONFISCATE,FLD_ABAND,EUTHANIZE,BEH SEVERE,UNKNOWN,UNTREATABLE,SANTA ROSA,HEALDSBURG,95448.0,"
,  95448
(38.61064, -122.86883)",1,6584,18.0,442,,0,Recorded completed stay,gap,31-day gap before validation or testing,2025-07-17,excluded
*BUTTERCUP,DOG,PIT BULL,BLACK/BL BRINDLE,Female,PUPPY,2025-05-18T00:00:00.000,K25-052541,DA30,A434925,2025-06-29,2025-07-22,23,CONFISCATE,FLD_ABAND,TRANSFER,RP SHELTER,UNKNOWN,HEALTHY,SANTA ROSA,*ROHNERT PARK,94928.0,"
,  94928
(38.34246, -122.71182)",1,6585,23.0,442,,0,Recorded completed stay,gap,31-day gap before validation or testing,2025-07-22,excluded
*BUBBLES,DOG,PIT BULL,TAN,Female,PUPPY,2025-05-18T00:00:00.000,K25-052542,DA30,A434926,2025-06-29,2025-07-22,23,CONFISCATE,FLD_ABAND,TRANSFER,RP SHELTER,UNKNOWN,HEALTHY,SANTA ROSA,*ROHNERT PARK,94928.0,"
,  94928
(38.34246, -122.71182)",1,6586,23.0,442,,0,Recorded completed stay,gap,31-day gap before validation or testing,2025-07-22,excluded
,DOG,PIT BULL,WHITE/BROWN,Male,PUPPY,2025-05-18T00:00:00.000,K25-052543,DS90,A434927,2025-06-29,2025-07-09,10,CONFISCATE,FLD_ABAND,TRANSFER,RP SHELTER,UNKNOWN,HEALTHY,SANTA ROSA,*ROHNERT PARK,94928.0,"
,  94928
(38.34246, -122.71182)",1,6587,10.0,442,,0,Recorded completed stay,gap,31-day gap before validation or testing,2025-07-09,excluded
,DOG,PIT BULL,WHITE/BROWN,Male,PUPPY,2025-05-18T00:00:00.000,K25-052544,DS90,A434928,2025-06-29,2025-07-09,10,CONFISCATE,FLD_ABAND,TRANSFER,RP SHELTER,UNKNOWN,HEALTHY,SANTA ROSA,*ROHNERT PARK,94928.0,"
,  94928
(38.34246, -122.71182)",1,6588,10.0,442,,0,Recorded completed stay,gap,31-day gap before validation or testing,2025-07-09,excluded
*BLOSSOM,DOG,PIT BULL,GRAY/BROWN,Female,PUPPY,2025-05-18T00:00:00.000,K25-052545,DA30,A434929,2025-06-29,2025-07-22,23,CONFISCATE,FLD_ABAND,TRANSFER,RP SHELTER,UNKNOWN,HEALTHY,SANTA ROSA,*ROHNERT PARK,94928.0,"
,  94928
(38.34246, -122.71182)",1,6589,23.0,442,,0,Recorded completed stay,gap,31-day gap before validation or testing,2025-07-22,excluded
BODEGA,CAT,DOMESTIC SH,BLACK,Neutered,SMALL,2024-08-17T00:00:00.000,K25-052547,CS05,A434933,2025-06-30,2025-07-02,2,CONFISCATE,FLD_HOSPTL,RETURN TO OWNER,OVER THE COUNTER_ARREST,UNKNOWN,PENDING,COUNTY,COUNTY,95446.0,"
,  95446
(38.50204, -122.99739)",1,6590,2.0,441,,0,Recorded completed stay,gap,31-day gap before validation or testing,2025-07-02,excluded
CHIPAYA,CAT,DOMESTIC SH,BRN TABBY,Neutered,SMALL,2020-07-25T00:00:00.000,K25-052548,CS05,A434934,2025-06-30,2025-07-02,2,CONFISCATE,FLD_HOSPTL,RETURN TO OWNER,OVER THE COUNTER_ARREST,UNKNOWN,PENDING,COUNTY,COUNTY,95446.0,"
,  95446
(38.50204, -122.99739)",1,6591,2.0,441,,0,Recorded completed stay,gap,31-day gap before validation or testing,2025-07-02,excluded
,CAT,DOMESTIC SH,BRN TABBY,Male,KITTN,2025-05-23T00:00:00.000,K25-052549,EUTH,A434935,2025-06-30,2025-07-15,15,STRAY,FIELD,EUTHANIZE,CON SEVERE,UNKNOWN,UNTREATABLE,COUNTY,,,,1,6592,15.0,441,,0,Recorded completed stay,gap,31-day gap before validation or testing,2025-07-15,excluded
SCOOTER,DOG,DACHSHUND/MIX,BLACK,Neutered,TOY,2014-06-14T00:00:00.000,K25-052550,DS74,A312727,2025-06-30,2025-07-01,1,CONFISCATE,FLD_HOSPTL,RETURN TO OWNER,MEDICAL,UNKNOWN,PENDING,COUNTY,COUNTY,95403.0,"
,  95403
(38.51311, -122.75502)",1,6593,1.0,441,,0,Recorded completed stay,gap,31-day gap before validation or testing,2025-07-01,excluded
,CAT,DOMESTIC SH,BLACK,Male,SMALL,,K25-052551,VET,A434937,2025-06-30,2025-06-30,0,STRAY,FLD_STRAY,EUTHANIZE,ILL SEVERE,UNKNOWN,DEAD,SANTA ROSA,*ROHNERT PARK,94928.0,"
,  94928
(38.34246, -122.71182)",1,6594,0.0,441,,0,Recorded completed stay,gap,31-day gap before validation or testing,2025-06-30,excluded
GUAPO,DOG,GERM SHEPHERD,TAN/BLACK,Male,MED,,K25-052552,TRUCK,A434940,2025-06-30,2025-06-30,0,STRAY,FLD_STRAY,RETURN TO OWNER,FLD_MCHIP,UNKNOWN,,HEALDSBURG,HEALDSBURG,95448.0,"
,  95448
(38.61064, -122.86883)",1,6595,0.0,441,,0,Recorded completed stay,gap,31-day gap before validation or testing,2025-06-30,excluded
BONITA,DOG,GERM SHEPHERD,BLACK/TAN,Spayed,MED,,K25-052553,TRUCK,A434939,2025-06-30,2025-06-30,0,STRAY,FLD_STRAY,RETURN TO OWNER,FLD_MCHIP,UNKNOWN,HEALTHY,HEALDSBURG,HEALDSBURG,95448.0,"
,  95448
(38.61064, -122.86883)",1,6596,0.0,441,,0,Recorded completed stay,gap,31-day gap before validation or testing,2025-06-30,excluded
SHOOTER,DOG,PAPILLON/MIX,WHITE/BLACK,Spayed,TOY,2011-10-23T00:00:00.000,K25-052555,VET,A288555,2025-06-30,2025-07-01,1,CONFISCATE,FIELD,VET,VET RETURN TO OWNER,UNKNOWN,PENDING,SANTA ROSA,SANTA ROSA,95407.0,"
,  95407
(38.41483, -122.72707)",1,6597,1.0,441,,0,Recorded completed stay,gap,31-day gap before validation or testing,2025-07-01,excluded
*BUTTONS,CAT,DOMESTIC SH,BLACK/WHITE,Spayed,SMALL,2025-05-12T00:00:00.000,K25-052727,CA02,A435271,2025-07-12,2025-08-19,38,STRAY,OVER THE COUNTER,ADOPTION,SCAS WEB,UNKNOWN,HEALTHY,SANTA ROSA,SANTA ROSA,95403.0,"
,  95403
(38.51311, -122.75502)",1,6702,38.0,429,,1,Recorded completed stay,validation,Validation animal also appears in test period,2025-08-12,excluded
REX,DOG,PIT BULL/MIX,BLACK/BR BRINDLE,Neutered,MED,2023-07-18T00:00:00.000,K25-052794,DA48,A435423,2025-07-18,2025-08-20,33,STRAY,FIELD,ADOPTION,WALKIN,UNKNOWN,PENDING,SANTA ROSA,WINDSOR,95492.0,"
,  95492
(38.54943, -122.81329)",1,6759,33.0,423,,1,Recorded completed stay,validation,Validation animal also appears in test period,2025-08-18,excluded
DEXTER,DOG,PIT BULL,GRAY/BROWN,Male,MED,2020-05-19T00:00:00.000,K25-053076,DS66,A436038,2025-08-13,2025-08-14,1,STRAY,FIELD,RETURN TO OWNER,OVER THE COUNTER_NOTICE,HEALTHY,HEALTHY,SANTA ROSA,SANTA ROSA,95401.0,"
,  95401
(38.45663, -122.72292)",1,6951,1.0,397,,0,Recorded completed stay,validation,Validation animal also appears in test period,2025-08-14,excluded
BOLT,DOG,BORDER COLLIE/MIX,WHITE/BLACK,Neutered,LARGE,2022-08-15T00:00:00.000,K25-053102,DS75,A436100,2025-08-15,2025-08-15,0,STRAY,OVER THE COUNTER,RETURN TO OWNER,OVER THE COUNTER_MCHIP,HEALTHY,HEALTHY,COUNTY,COUNTY,95401.0,"
,  95401
(38.45663, -122.72292)",1,6971,0.0,395,,0,Recorded completed stay,validation,Validation animal also appears in test period,2025-08-15,excluded
GRANDE,DOG,CHIHUAHUA SH,TAN/WHITE,Male,TOY,2024-02-21T00:00:00.000,K25-053152,DS96,A436227,2025-08-21,2025-09-03,13,STRAY,FIELD,RETURN TO OWNER,OVER THE COUNTER_WEB,UNKNOWN,PENDING,SANTA ROSA,OUT OF COUNTY,95204.0,"
,  95204
(37.9791, -121.30469)",1,7012,13.0,389,,0,Recorded completed stay,validation,Validation animal also appears in test period,2025-09-03,excluded
PUP PUP,DOG,AMER BULLDOG/MIX,WHITE/BLACK,Neutered,LARGE,2023-05-14T00:00:00.000,K25-053184,DS77,A426368,2025-08-23,2025-08-26,3,CONFISCATE,FLD_ARREST,RETURN TO OWNER,OVER THE COUNTER_ARREST,UNKNOWN,PENDING,SANTA ROSA,COUNTY,94952.0,"
,  94952
(38.23262, -122.64426)",1,7039,3.0,387,,0,Recorded completed stay,validation,Validation animal also appears in test period,2025-08-26,excluded
KALI ROSE,DOG,PIT BULL,BLACK/WHITE,Spayed,MED,2023-12-21T00:00:00.000,K25-053229,DS77,A426557,2025-08-29,2025-09-02,4,CONFISCATE,FLD_ARREST,RETURN TO OWNER,OVER THE COUNTER_ARREST,HEALTHY,HEALTHY,COUNTY,COUNTY,95403.0,"
,  95403
(38.51311, -122.75502)",1,7072,4.0,381,,0,Recorded completed stay,validation,Validation animal also appears in test period,2025-09-02,excluded
ABBY,DOG,SIBERIAN HUSKY,WHITE/BLACK,Spayed,MED,2022-09-10T00:00:00.000,K25-053388,DS84,A436692,2025-09-10,2025-09-13,3,STRAY,FIELD,RETURN TO OWNER,OVER THE COUNTER_LETTER,UNKNOWN,PENDING,SANTA ROSA,SANTA ROSA,95401.0,"
,  95401
(38.45663, -122.72292)",1,7176,3.0,369,,0,Recorded completed stay,validation,Validation animal also appears in test period,2025-09-13,excluded
SCOOBY,DOG,BLACK/TAN HOUND,BROWN/BLACK,Neutered,MED,2023-03-24T00:00:00.000,K25-053389,DS59,A434584,2025-09-10,2025-09-13,3,STRAY,FIELD,RETURN TO OWNER,OVER THE COUNTER_LETTER,UNKNOWN,PENDING,SANTA ROSA,SANTA ROSA,95401.0,"
,  95401
(38.45663, -122.72292)",1,7177,3.0,369,,0,Recorded completed stay,validation,Validation animal also appears in test period,2025-09-13,excluded
MISO,CAT,DOMESTIC MH,BLACK,Spayed,KITTN,2025-05-27T00:00:00.000,K25-053396,LOBBY,A436716,2025-09-11,2025-09-30,19,STRAY,OVER THE COUNTER,ADOPTION,REFERRAL-F,UNKNOWN,PENDING,COUNTY,,94591.0,"
,  94591
(38.10604, -122.22177)",1,7184,19.0,368,,0,Recorded completed stay,validation,Validation animal also appears in test period,2025-09-30,excluded
WAFFLE,DOG,PIT BULL,WHITE,Neutered,MED,2021-11-19T00:00:00.000,K25-053477,TRUCK,A436933,2025-09-19,2025-09-19,0,STRAY,FIELD,RETURN TO OWNER,FLD_MCHIP,HEALTHY,HEALTHY,SANTA ROSA,SANTA ROSA,95401.0,"
,  95401
(38.45663, -122.72292)",1,7245,0.0,360,,0,Recorded completed stay,validation,Validation animal also appears in test period,2025-09-19,excluded
FOREST,CAT,DOMESTIC MH,TORTIE,Spayed,SMALL,2022-12-23T00:00:00.000,K25-053515,CS05,A437033,2025-09-23,2025-09-24,1,STRAY,OVER THE COUNTER,RETURN TO OWNER,OVER THE COUNTER_LETTER,UNKNOWN,PENDING,SANTA ROSA,SANTA ROSA,95407.0,"
,  95407
(38.41483, -122.72707)",1,7275,1.0,356,,0,Recorded completed stay,validation,Validation animal also appears in test period,2025-09-24,excluded
ELSA,DOG,SIBERIAN HUSKY,CREAM,Spayed,LARGE,2016-07-22T00:00:00.000,K25-053542,DS70,A437081,2025-09-25,2025-10-08,13,STRAY,FIELD,RETURN TO OWNER,OVER THE COUNTER_WALKIN,UNKNOWN,PENDING,COUNTY,COUNTY,95446.0,"
,  95446
(38.50204, -122.99739)",1,7297,13.0,354,,0,Recorded completed stay,validation,Validation animal also appears in test period,2025-10-08,excluded
LUNA,DOG,GERM SHEPHERD,BROWN/BLACK,Spayed,MED,2016-10-03T00:00:00.000,K25-053620,DS85,A437258,2025-10-03,2025-10-04,1,STRAY,FIELD,RETURN TO OWNER,OVER THE COUNTER_WEB,HEALTHY,HEALTHY,SANTA ROSA,SANTA ROSA,95404.0,"
,  95404
(38.43807, -122.71247)",1,7357,1.0,346,,0,Recorded completed stay,validation,Validation animal also appears in test period,2025-10-04,excluded
BEAR,DOG,LABRADOR RETR/MIX,BLACK/WHITE,Neutered,MED,2024-10-04T00:00:00.000,K25-053648,DS73,A437302,2025-10-04,2025-10-09,5,STRAY,FIELD,RETURN TO OWNER,OVER THE COUNTER_CALL,HEALTHY,HEALTHY,SANTA ROSA,HEALDSBURG,95448.0,"
,  95448
(38.61064, -122.86883)",1,7372,5.0,345,,0,Recorded completed stay,validation,Validation animal also appears in test period,2025-10-09,excluded
CHIP,DOG,AUST CATTLE DOG/MIX,BLACK/TAN,Male,MED,2024-10-09T00:00:00.000,K25-053687,DS74,A437397,2025-10-09,2025-10-10,1,STRAY,OVER THE COUNTER,RETURN TO OWNER,OVER THE COUNTER_WEB,UNKNOWN,PENDING,COUNTY,COUNTY,95472.0,"
,  95472
(38.40179, -122.82512)",1,7406,1.0,340,,0,Recorded completed stay,validation,Validation animal also appears in test period,2025-10-10,excluded
SCOOBY,DOG,BLACK/TAN HOUND,BROWN/BLACK,Neutered,MED,2023-03-24T00:00:00.000,K25-053756,DS62,A434584,2025-10-12,2025-11-13,32,CONFISCATE,FLD_ARREST,RETURN TO OWNER,OVER THE COUNTER_ARREST,UNKNOWN,PENDING,SANTA ROSA,SANTA ROSA,95401.0,"
,  95401
(38.45663, -122.72292)",1,7440,32.0,337,,1,Recorded completed stay,validation,Validation animal also appears in test period,2025-11-12,excluded
ABBY,DOG,SIBERIAN HUSKY,WHITE/BLACK,Spayed,MED,2022-09-10T00:00:00.000,K25-053757,DS61,A436692,2025-10-12,2025-11-13,32,CONFISCATE,FLD_ARREST,RETURN TO OWNER,OVER THE COUNTER_ARREST,UNKNOWN,PENDING,SANTA ROSA,SANTA ROSA,95401.0,"
,  95401
(38.45663, -122.72292)",1,7441,32.0,337,,1,Recorded completed stay,validation,Validation animal also appears in test period,2025-11-12,excluded
KUMBA,DOG,PIT BULL,BROWN/BLACK,Neutered,MED,2022-10-18T00:00:00.000,K25-053835,DS67,A437685,2025-10-18,2025-10-21,3,STRAY,FIELD,RETURN TO OWNER,OVER THE COUNTER_MCHIP,HEALTHY,HEALTHY,COUNTY,COUNTY,95407.0,"
,  95407
(38.41483, -122.72707)",1,7506,3.0,331,,0,Recorded completed stay,validation,Validation animal also appears in test period,2025-10-21,excluded
RAVEN,DOG,GERM SHEPHERD/MIX,BLACK/TAN,Spayed,PUPPY,2025-10-18T00:00:00.000,K25-053837,DA16,A437688,2025-10-18,2026-01-31,105,BORN HERE,MOM OS,ADOPTION,FB SCAS,HEALTHY,HEALTHY,COUNTY,OUT OF COUNTY,94582.0,"
,  94582
(37.76455, -121.90137)",1,7508,105.0,331,,1,Recorded completed stay,validation,Validation animal also appears in test period,2025-11-18,excluded
MISSY,CAT,DOMESTIC SH,BLACK,Spayed,SMALL,2018-11-19T00:00:00.000,K25-053843,CS06,A437697,2025-10-19,2025-10-23,4,STRAY,FIELD,RETURN TO OWNER,OVER THE COUNTER_MCHIP,HEALTHY,HEALTHY,COUNTY,COUNTY,95476.0,"
,  95476
(38.29188, -122.45728)",1,7512,4.0,330,,0,Recorded completed stay,validation,Validation animal also appears in test period,2025-10-23,excluded
CHICO,DOG,PIT BULL,BLACK/WHITE,Male,MED,2022-10-22T00:00:00.000,K25-053862,DS76,A437741,2025-10-22,2025-11-04,13,STRAY,FIELD,RETURN TO OWNER,OVER THE COUNTER_WALKIN,HEALTHY,HEALTHY,SANTA ROSA,*ROHNERT PARK,94928.0,"
,  94928
(38.34246, -122.71182)",1,7524,13.0,327,,0,Recorded completed stay,validation,Validation animal also appears in test period,2025-11-04,excluded
CANELA,DOG,CANE CORSO,BROWN/BLACK,Female,X-LRG,2020-01-08T00:00:00.000,K25-053873,DS67,A430949,2025-10-24,2025-10-24,0,STRAY,FIELD,RETURN TO OWNER,OVER THE COUNTER_CALL,HEALTHY,HEALTHY,SANTA ROSA,COUNTY,95407.0,"
,  95407
(38.41483, -122.72707)",1,7531,0.0,325,,0,Recorded completed stay,validation,Validation animal also appears in test period,2025-10-24,excluded
DRAKO,DOG,FRENCH BULLDOG,BLUE MERLE,Male,SMALL,2020-10-29T00:00:00.000,K25-053915,TRUCK,A437856,2025-10-29,2025-10-29,0,STRAY,FIELD,RETURN TO OWNER,FLD_NBR,UNKNOWN,,SANTA ROSA,COUNTY,95448.0,"
,  95448
(38.61064, -122.86883)",1,7564,0.0,320,,0,Recorded completed stay,validation,Validation animal also appears in test period,2025-10-29,excluded
LEFTY,DOG,FRENCH BULLDOG,BL BRINDLE,Male,SMALL,2024-10-29T00:00:00.000,K25-053916,TRUCK,A437855,2025-10-29,2025-10-29,0,STRAY,FIELD,RETURN TO OWNER,FLD_NBR,UNKNOWN,,SANTA ROSA,COUNTY,95448.0,"
,  95448
(38.61064, -122.86883)",1,7565,0.0,320,,0,Recorded completed stay,validation,Validation animal also appears in test period,2025-10-29,excluded
*ARTURO,DOG,PIT BULL,BLUE/WHITE,Neutered,LARGE,2025-04-01T00:00:00.000,K25-053941,DS78,A437921,2025-11-01,2025-11-01,0,STRAY,FIELD,RETURN TO OWNER,OVER THE COUNTER_WALKIN,UNKNOWN,PENDING,COUNTY,COUNTY,95407.0,"
,  95407
(38.41483, -122.72707)",1,7582,0.0,317,,0,Recorded completed stay,validation,Validation animal also appears in test period,2025-11-01,excluded
DOLLAR,DOG,PIT BULL,BLUE/WHITE,Male,MED,2025-04-01T00:00:00.000,K25-053942,DS77,A437922,2025-11-01,2025-11-01,0,STRAY,FIELD,RETURN TO OWNER,OVER THE COUNTER_WALKIN,UNKNOWN,PENDING,COUNTY,COUNTY,95407.0,"
,  95407
(38.41483, -122.72707)",1,7583,0.0,317,,0,Recorded completed stay,validation,Validation animal also appears in test period,2025-11-01,excluded
DEEDEE,DOG,STAFFORDSHIRE/MIX,BLACK,Spayed,MED,2021-09-13T00:00:00.000,K25-053976,DS64,A437975,2025-11-04,2025-11-05,1,STRAY,FIELD,RETURN TO OWNER,OVER THE COUNTER_CALL,UNKNOWN,PENDING,COUNTY,SANTA ROSA,95403.0,"
,  95403
(38.51311, -122.75502)",1,7614,1.0,314,,0,Recorded completed stay,validation,Validation animal also appears in test period,2025-11-05,excluded
MISSY,CAT,DOMESTIC SH,BLACK,Spayed,SMALL,2018-11-19T00:00:00.000,K25-053986,CA02,A437697,2025-11-05,2026-01-07,63,STRAY,FIELD,ADOPTION,WALKIN,HEALTHY,HEALTHY,COUNTY,CLOVERDALE,95425.0,"
,  95425
(38.80627, -123.01783)",1,7622,63.0,313,,1,Recorded completed stay,validation,Validation animal also appears in test period,2025-12-06,excluded
CAVA,DOG,PIT BULL,GRAY/WHITE,Spayed,MED,2021-11-08T00:00:00.000,K25-054042,DS81,A438085,2025-11-08,2025-11-12,4,STRAY,FIELD,RETURN TO OWNER,FB OTHER,UNKNOWN,PENDING,COUNTY,COUNTY,94515.0,"
,  94515
(38.57879, -122.5795)",1,7642,4.0,310,,0,Recorded completed stay,validation,Validation animal also appears in test period,2025-11-12,excluded
DOTTIE,DOG,BOXER,BROWN/WHITE,Spayed,MED,2011-12-16T00:00:00.000,K25-054054,DS87,A317824,2025-11-10,2025-11-14,4,CONFISCATE,FLD_CRUEL,RETURN TO OWNER,OVER THE COUNTER_NOTICE,UNKNOWN,PENDING,SANTA ROSA,SANTA ROSA,95405.0,"
,  95405
(38.44473, -122.68655)",1,7649,4.0,308,,0,Recorded completed stay,validation,Validation animal also appears in test period,2025-11-14,excluded
WINNY,DOG,LABRADOR RETR/MIX,YELLOW,Spayed,MED,2021-11-22T00:00:00.000,K25-054057,DA08,A438118,2025-11-10,2026-01-08,59,STRAY,FIELD,ADOPTION,SCAS WEB,UNKNOWN,HEALTHY,COUNTY,COUNTY,95403.0,"
,  95403
(38.51311, -122.75502)",1,7652,59.0,308,,1,Recorded completed stay,validation,Validation animal also appears in test period,2025-12-11,excluded
MISHA,CAT,DOMESTIC SH,BLACK/WHITE,Spayed,SMALL,2022-11-19T00:00:00.000,K25-054060,CS05,A438121,2025-11-10,2025-11-20,10,STRAY,FIELD,RETURN TO OWNER,OVER THE COUNTER_CALL,UNKNOWN,PENDING,SANTA ROSA,SANTA ROSA,95403.0,"
,  95403
(38.51311, -122.75502)",1,7655,10.0,308,,0,Recorded completed stay,validation,Validation animal also appears in test period,2025-11-20,excluded
*PIPPA,DOG,BORDER COLLIE/MIX,BLACK/WHITE,Spayed,MED,2025-04-20T00:00:00.000,K25-054066,DA17,A438128,2025-11-12,2025-12-12,30,STRAY,OVER THE COUNTER,ADOPTION,SCAS WEB,HEALTHY,HEALTHY,SANTA ROSA,SANTA ROSA,95409.0,"
,  95409
(38.46382, -122.67058)",1,7658,30.0,306,,0,Recorded completed stay,validation,Validation animal also appears in test period,2025-12-12,excluded
KALI ROSE,DOG,PIT BULL,BLACK/WHITE,Spayed,MED,2023-12-21T00:00:00.000,K25-054083,DS77,A426557,2025-11-13,2025-11-18,5,CONFISCATE,FLD_ARREST,RETURN TO OWNER,OVER THE COUNTER_ARREST,HEALTHY,HEALTHY,SANTA ROSA,COUNTY,95403.0,"
,  95403
(38.51311, -122.75502)",1,7674,5.0,305,,0,Recorded completed stay,validation,Validation animal also appears in test period,2025-11-18,excluded
CANELO,DOG,DOBERMAN PINSCH/BELG SHEEPDOG,BLACK/BROWN,Male,LARGE,2017-10-20T00:00:00.000,K25-054101,DS74,A378360,2025-11-16,2025-11-18,2,STRAY,FIELD,RETURN TO OWNER,OVER THE COUNTER_CALL,HEALTHY,HEALTHY,SANTA ROSA,SANTA ROSA,95407.0,"
,  95407
(38.41483, -122.72707)",1,7689,2.0,302,,0,Recorded completed stay,validation,Validation animal also appears in test period,2025-11-18,excluded
STITCH,DOG,GOLDEN RETR/MIX,CREAM,Male,MED,2025-01-18T00:00:00.000,K25-054107,DQ110,A438224,2025-11-17,2025-11-18,1,STRAY,FIELD,RETURN TO OWNER,OVER THE COUNTER_WEB,TREATABLE/MANAGEABLE,TREATABLE/MANAGEABLE,COUNTY,COUNTY,95407.0,"
,  95407
(38.41483, -122.72707)",1,7693,1.0,301,,0,Recorded completed stay,validation,Validation animal also appears in test period,2025-11-18,excluded
BUDDY,DOG,LABRADOR RETR/MIX,BLACK/WHITE,Male,LARGE,2021-11-21T00:00:00.000,K25-054160,DS70,A408612,2025-11-21,2025-11-25,4,CONFISCATE,FLD_HOSPTL,RETURN TO OWNER,OVER THE COUNTER_PRVS,TREATABLE/REHAB,TREATABLE/REHAB,SANTA ROSA,COUNTY,95407.0,"
,  95407
(38.41483, -122.72707)",1,7734,4.0,297,,0,Recorded completed stay,validation,Validation animal also appears in test period,2025-11-25,excluded
EASTER,DOG,CHIHUAHUA SH,BLACK/BROWN,Male,SMALL,2015-12-01T00:00:00.000,K25-054237,DS86,A438454,2025-12-01,2025-12-02,1,STRAY,FIELD,RETURN TO OWNER,OVER THE COUNTER_CALL,UNKNOWN,PENDING,SANTA ROSA,SANTA ROSA,95403.0,"
,  95403
(38.51311, -122.75502)",1,7803,1.0,287,,0,Recorded completed stay,gap,31-day gap before validation or testing,2025-12-02,excluded
,OTHER,RABBIT SH,BROWN,Female,SMALL,,K25-054238,CA01,A438457,2025-12-01,2026-03-25,114,STRAY,FIELD,TRANSFER,RP SHELTER,UNKNOWN,HEALTHY,SANTA ROSA,*ROHNERT PARK,94928.0,"
,  94928
(38.34246, -122.71182)",1,7804,114.0,287,,1,Recorded completed stay,gap,31-day gap before validation or testing,2026-01-01,excluded
,DOG,GERM SHEPHERD/MIX,BROWN/BLACK,Female,PUPPY,,K25-054239,FOSTER,A438458,2025-12-01,2025-12-20,19,STRAY,FIELD,TRANSFER,WE CARE,UNKNOWN,HEALTHY,SANTA ROSA,OUT OF COUNTY,94574.0,"
,  94574
(38.5061, -122.47168)",1,7805,19.0,287,,0,Recorded completed stay,gap,31-day gap before validation or testing,2025-12-20,excluded
,OTHER,TORTOISE,BROWN/YELLOW,Unknown,SMALL,,K25-054240,REPRESCUE,A438459,2025-12-01,2025-12-29,28,STRAY,FIELD,TRANSFER,REPTILE,UNKNOWN,PENDING,SANTA ROSA,COUNTY,95407.0,"
,  95407
(38.41483, -122.72707)",1,7806,28.0,287,,0,Recorded completed stay,gap,31-day gap before validation or testing,2025-12-29,excluded
BUBBA,DOG,ST BERNARD RGH,WHITE/BROWN,Male,MED,2016-01-29T00:00:00.000,K25-054241,TRUCK,A395847,2025-12-02,2025-12-02,0,STRAY,FIELD,RETURN TO OWNER,FLD_MCHIP,HEALTHY,HEALTHY,SANTA ROSA,COUNTY,95403.0,"
,  95403
(38.51311, -122.75502)",1,7807,0.0,286,,0,Recorded completed stay,gap,31-day gap before validation or testing,2025-12-02,excluded
*NOBLE,CAT,DOMESTIC SH,GRAY,Male,SMALL,2025-08-10T00:00:00.000,K25-054242,CI01,A438463,2025-12-02,2025-12-18,16,STRAY,FIELD,TRANSFER,RP SHELTER,UNKNOWN,HEALTHY,*SEBASTOPOL,*ROHNERT PARK,94928.0,"
,  94928
(38.34246, -122.71182)",1,7808,16.0,286,,0,Recorded completed stay,gap,31-day gap before validation or testing,2025-12-18,excluded
WINSTON,DOG,PIT BULL/MIX,BLACK/WHITE,Neutered,MED,,K25-054243,TRUCK,A438467,2025-12-02,2025-12-02,0,STRAY,FIELD,RETURN TO OWNER,FLD_IDTAG,UNKNOWN,HEALTHY,COUNTY,*SONOMA,95476.0,"
,  95476
(38.29188, -122.45728)",1,7809,0.0,286,,0,Recorded completed stay,gap,31-day gap before validation or testing,2025-12-02,excluded
MAYA,CAT,DOMESTIC SH,ORG TABBY,Spayed,SMALL,2016-12-02T00:00:00.000,K25-054244,COOLER,A438464,2025-12-02,2025-12-17,15,QUARANTINE,OVER THE COUNTER,DISPOSAL,FRA,UNKNOWN,DEAD,SANTA ROSA,SANTA ROSA,95409.0,"
,  95409
(38.46382, -122.67058)",1,7810,15.0,286,,0,Recorded completed stay,gap,31-day gap before validation or testing,2025-12-17,excluded
*GLADYS,DOG,CATAHOULA/MIX,GRAY/BLACK,Spayed,LARGE,2020-12-02T00:00:00.000,K25-054245,DS60,A438468,2025-12-02,2026-04-16,135,STRAY,FIELD,EUTHANIZE,CON SEVERE,HEALTHY,UNTREATABLE,SANTA ROSA,,,,1,7811,135.0,286,,1,Recorded completed stay,gap,31-day gap before validation or testing,2026-01-02,excluded
MODEN,DOG,FRENCH BULLDOG,BLUE,Male,SMALL,2020-11-29T00:00:00.000,K25-054246,DS75,A438435,2025-12-02,2025-12-02,0,STRAY,FIELD,RETURN TO OWNER,OVER THE COUNTER_WEB,UNKNOWN,PENDING,SANTA ROSA,COUNTY,95404.0,"
,  95404
(38.43807, -122.71247)",1,7812,0.0,286,,0,Recorded completed stay,gap,31-day gap before validation or testing,2025-12-02,excluded
BEAUTIFUL,DOG,PIT BULL/MIX,BLACK/WHITE,Spayed,MED,2022-12-02T00:00:00.000,K25-054249,FOSTER,A438469,2025-12-02,2026-03-24,112,CONFISCATE,FLD_HOSPTL,ADOPTION,VOLUNTEER,UNKNOWN,HEALTHY,SANTA ROSA,SANTA ROSA,95404.0,"
,  95404
(38.43807, -122.71247)",1,7813,112.0,286,,1,Recorded completed stay,gap,31-day gap before validation or testing,2026-01-02,excluded
AVEN,CAT,DOMESTIC LH,GRAY TABBY,Female,SMALL,2023-12-07T00:00:00.000,K25-054250,VET,A438472,2025-12-02,2025-12-09,7,STRAY,FIELD,VET,VET RETURN TO OWNER,UNKNOWN,PENDING,COUNTY,COUNTY,94951.0,"
,  94951
(38.29715, -122.66645)",1,7814,7.0,286,,0,Recorded completed stay,gap,31-day gap before validation or testing,2025-12-09,excluded
SULTAN,DOG,CHIHUAHUA SH,BROWN/WHITE,Neutered,SMALL,2019-01-19T00:00:00.000,K25-054251,DS74,A395196,2025-12-02,2025-12-02,0,STRAY,OVER THE COUNTER,RETURN TO OWNER,OVER THE COUNTER_WEB,HEALTHY,HEALTHY,SANTA ROSA,SANTA ROSA,95405.0,"
,  95405
(38.44473, -122.68655)",1,7815,0.0,286,,0,Recorded completed stay,gap,31-day gap before validation or testing,2025-12-02,excluded
TINY,DOG,CHIHUAHUA SH,RED,Spayed,SMALL,2016-12-24T00:00:00.000,K25-054252,DS74,A395197,2025-12-02,2025-12-02,0,STRAY,OVER THE COUNTER,RETURN TO OWNER,OVER THE COUNTER_WEB,HEALTHY,HEALTHY,SANTA ROSA,SANTA ROSA,95405.0,"
,  95405
(38.44473, -122.68655)",1,7816,0.0,286,,0,Recorded completed stay,gap,31-day gap before validation or testing,2025-12-02,excluded
OREO,DOG,POODLE MIN/MIX,WHITE/GRAY,Neutered,SMALL,2015-06-14T00:00:00.000,K25-054253,DS81,A373451,2025-12-02,2025-12-02,0,STRAY,OVER THE COUNTER,RETURN TO OWNER,OVER THE COUNTER_WEB,HEALTHY,HEALTHY,SANTA ROSA,SANTA ROSA,95405.0,"
,  95405
(38.44473, -122.68655)",1,7817,0.0,286,,0,Recorded completed stay,gap,31-day gap before validation or testing,2025-12-02,excluded
,DOG,MIN PINSCHER/DACHSHUND,BLACK/TAN,Female,SMALL,2025-04-02T00:00:00.000,K25-054255,DS60,A438482,2025-12-02,2025-12-18,16,STRAY,FIELD,TRANSFER,RP SHELTER,UNKNOWN,HEALTHY,COUNTY,*ROHNERT PARK,94928.0,"
,  94928
(38.34246, -122.71182)",1,7818,16.0,286,,0,Recorded completed stay,gap,31-day gap before validation or testing,2025-12-18,excluded
,DOG,SCHNAUZER MIN/MIX,WHITE/GRAY,Male,SMALL,2022-12-02T00:00:00.000,K25-054257,DS94,A438484,2025-12-02,2025-12-11,9,STRAY,OVER THE COUNTER,TRANSFER,HSSC,UNKNOWN,HEALTHY,SANTA ROSA,COUNTY,95407.0,"
,  95407
(38.41483, -122.72707)",1,7819,9.0,286,,0,Recorded completed stay,gap,31-day gap before validation or testing,2025-12-11,excluded
33692,CAT,DOMESTIC SH,TORTIE,Male,KITTN,2025-10-27T00:00:00.000,K25-054263,HSSC,A438490,2025-12-02,2025-12-03,1,STRAY,EMAIL,TRANSFER,HSSC,UNKNOWN,PENDING,SANTA ROSA,COUNTY,95407.0,"
,  95407
(38.41483, -122.72707)",1,7820,1.0,286,,0,Recorded completed stay,gap,31-day gap before validation or testing,2025-12-03,excluded
33691,CAT,DOMESTIC SH,GRAY,Male,KITTN,2025-10-27T00:00:00.000,K25-054264,HSSC,A438489,2025-12-02,2025-12-03,1,STRAY,EMAIL,TRANSFER,HSSC,UNKNOWN,PENDING,SANTA ROSA,COUNTY,95407.0,"
,  95407
(38.41483, -122.72707)",1,7821,1.0,286,,0,Recorded completed stay,gap,31-day gap before validation or testing,2025-12-03,excluded
FRANKIE,CAT,DOMESTIC SH,BLACK/WHITE,Spayed,SMALL,,K25-054260,VET,A438487,2025-12-03,2025-12-03,0,STRAY,FIELD,EUTHANIZE,ILL SEVERE,UNKNOWN,DEAD,SANTA ROSA,SANTA ROSA,95403.0,"
,  95403
(38.51311, -122.75502)",1,7822,0.0,285,,0,Recorded completed stay,gap,31-day gap before validation or testing,2025-12-03,excluded
MILO,DOG,ROTTWEILER/MIX,BLACK/TAN,Male,PUPPY,2025-04-03T00:00:00.000,K25-054261,DS81,A438488,2025-12-03,2025-12-18,15,STRAY,FIELD,TRANSFER,HSSC,UNKNOWN,PENDING,SANTA ROSA,COUNTY,95407.0,"
,  95407
(38.41483, -122.72707)",1,7823,15.0,285,,0,Recorded completed stay,gap,31-day gap before validation or testing,2025-12-18,excluded
*HOMER,DOG,DOBERMAN PINSCH/MIX,BLACK/TAN,Neutered,LARGE,2023-12-03T00:00:00.000,K25-054262,DS74,A438491,2025-12-03,2026-02-19,78,STRAY,FIELD,EUTHANIZE,AGGRESSIVE,TREATABLE/MANAGEABLE,UNTREATABLE,SANTA ROSA,,,,1,7824,78.0,285,,1,Recorded completed stay,gap,31-day gap before validation or testing,2026-01-03,excluded
*FAITH,CAT,DOMESTIC SH,GRAY,Female,KITTN,2025-10-22T00:00:00.000,K25-054265,CI01,A438495,2025-12-03,2025-12-18,15,STRAY,OVER THE COUNTER,TRANSFER,HSSC,UNKNOWN,HEALTHY,COUNTY,*ROHNERT PARK,94928.0,"
,  94928
(38.34246, -122.71182)",1,7825,15.0,285,,0,Recorded completed stay,gap,31-day gap before validation or testing,2025-12-18,excluded
JACK,DOG,PIT BULL,WHITE/BLUE MERLE,Neutered,LARGE,2024-01-24T00:00:00.000,K25-054266,DS75,A434952,2025-12-03,2025-12-04,1,STRAY,FIELD,RETURN TO OWNER,OVER THE COUNTER_LETTER,UNKNOWN,PENDING,COUNTY,COUNTY,95492.0,"
,  95492
(38.54938, -122.81318)",1,7826,1.0,285,,0,Recorded completed stay,gap,31-day gap before validation or testing,2025-12-04,excluded
ANNIE,DOG,PIT BULL/ALASKAN HUSKY,BROWN/WHITE,Spayed,SMALL,2024-08-07T00:00:00.000,K25-054267,DS71,A430060,2025-12-03,2025-12-04,1,STRAY,FIELD,RETURN TO OWNER,OVER THE COUNTER_NOTICE,UNKNOWN,PENDING,COUNTY,COUNTY,95492.0,"
,  95492
(38.54938, -122.81318)",1,7827,1.0,285,,0,Recorded completed stay,gap,31-day gap before validation or testing,2025-12-04,excluded
SAMPSON,DOG,PIT BULL,BROWN,Male,MED,,K25-054268,DS73,A438496,2025-12-03,2025-12-24,21,STRAY,FIELD,EUTHANIZE,AGGRESSIVE,UNKNOWN,HEALTHY,SANTA ROSA,COUNTY,95421.0,"
,  95421
(38.53578, -123.08828)",1,7828,21.0,285,,0,Recorded completed stay,gap,31-day gap before validation or testing,2025-12-24,excluded
LEXI,DOG,PIT BULL,TAN/WHITE,Female,LARGE,2020-12-04T00:00:00.000,K25-054270,DS69,A438505,2025-12-04,2025-12-10,6,STRAY,OVER THE COUNTER,RETURN TO OWNER,OVER THE COUNTER_WEB,UNKNOWN,PENDING,COUNTY,COUNTY,95472.0,"
,  95472
(38.40179, -122.82512)",1,7829,6.0,284,,0,Recorded completed stay,gap,31-day gap before validation or testing,2025-12-10,excluded
GORDO,DOG,ST BERNARD SMTH/CHOW CHOW,BROWN/WHITE,Neutered,LARGE,2018-12-04T00:00:00.000,K25-054271,TRUCK,A387403,2025-12-04,2025-12-04,0,STRAY,FIELD,RETURN TO OWNER,OVER THE COUNTER_CALL,HEALTHY,HEALTHY,SANTA ROSA,SANTA ROSA,95403.0,"
,  95403
(38.51311, -122.75502)",1,7830,0.0,284,,0,Recorded completed stay,gap,31-day gap before validation or testing,2025-12-04,excluded
MIMI,CAT,DOMESTIC SH,BRN TABBY,Spayed,SMALL,2023-12-04T00:00:00.000,K25-054272,CS05,A438506,2025-12-04,2025-12-04,0,STRAY,FIELD,RETURN TO OWNER,OVER THE COUNTER_NOTICE,UNKNOWN,PENDING,SANTA ROSA,SANTA ROSA,95407.0,"
,  95407
(38.41483, -122.72707)",1,7831,0.0,284,,0,Recorded completed stay,gap,31-day gap before validation or testing,2025-12-04,excluded
SIAS,DOG,PIT BULL,BLACK/WHITE,Male,LARGE,2024-11-22T00:00:00.000,K25-054273,DS64,A438332,2025-12-04,2025-12-31,27,OWNER SURRENDER,OVER THE COUNTER,EUTHANIZE,AGGRESSIVE,UNTREATABLE,UNTREATABLE,*ROHNERT PARK,*ROHNERT PARK,94928.0,"
,  94928
(38.34246, -122.71182)",1,7832,27.0,284,,0,Recorded completed stay,gap,31-day gap before validation or testing,2025-12-31,excluded
CHARLIE,DOG,COCKER SPAN,TAN,Male,SMALL,2023-12-05T00:00:00.000,K25-054275,DS91,A438508,2025-12-04,2025-12-05,1,STRAY,FIELD,RETURN TO OWNER,OVER THE COUNTER_WEB,UNKNOWN,PENDING,SANTA ROSA,SANTA ROSA,95401.0,"
,  95401
(38.45663, -122.72292)",1,7833,1.0,284,,0,Recorded completed stay,gap,31-day gap before validation or testing,2025-12-05,excluded
OPPA,DOG,COCKER SPAN,TAN,Male,SMALL,2023-12-05T00:00:00.000,K25-054276,DS54,A438509,2025-12-04,2025-12-05,1,STRAY,FIELD,RETURN TO OWNER,OVER THE COUNTER_WEB,UNKNOWN,PENDING,SANTA ROSA,SANTA ROSA,95401.0,"
,  95401
(38.45663, -122.72292)",1,7834,1.0,284,,0,Recorded completed stay,gap,31-day gap before validation or testing,2025-12-05,excluded
*LUKE,DOG,YORKSHIRE TERR/MIX,BLACK/BROWN,Male,PUPPY,2025-07-10T00:00:00.000,K25-054277,DS53,A438510,2025-12-04,2025-12-11,7,STRAY,OVER THE COUNTER,TRANSFER,HSSC,UNKNOWN,HEALTHY,SANTA ROSA,COUNTY,95407.0,"
,  95407
(38.41483, -122.72707)",1,7835,7.0,284,,0,Recorded completed stay,gap,31-day gap before validation or testing,2025-12-11,excluded
*AUSTIN,DOG,YORKSHIRE TERR/MIX,BLACK/TAN,Male,PUPPY,2025-07-10T00:00:00.000,K25-054278,DS53,A438511,2025-12-04,2025-12-11,7,STRAY,OVER THE COUNTER,TRANSFER,HSSC,UNKNOWN,HEALTHY,SANTA ROSA,COUNTY,95407.0,"
,  95407
(38.41483, -122.72707)",1,7836,7.0,284,,0,Recorded completed stay,gap,31-day gap before validation or testing,2025-12-11,excluded
*PIPER,DOG,QUEENSLAND HEEL,BLUE/GRAY,Spayed,LARGE,2024-01-15T00:00:00.000,K25-054279,DA47,A438512,2025-12-04,2026-02-07,65,STRAY,FIELD,ADOPTION,WALKIN,HEALTHY,HEALTHY,COUNTY,SANTA ROSA,95407.0,"
,  95407
(38.41483, -122.72707)",1,7837,65.0,284,,1,Recorded completed stay,gap,31-day gap before validation or testing,2026-01-04,excluded
*PETE,DOG,BORDER COLLIE/MIX,BLACK/WHITE,Neutered,LARGE,2023-12-04T00:00:00.000,K25-054280,DA11,A438513,2025-12-04,2026-01-24,51,STRAY,FIELD,ADOPTION,WALKIN,UNKNOWN,HEALTHY,COUNTY,*ROHNERT PARK,94928.0,"
,  94928
(38.34246, -122.71182)",1,7838,51.0,284,,1,Recorded completed stay,gap,31-day gap before validation or testing,2026-01-04,excluded
*GRACE,DOG,QUEENSLAND HEEL/MIX,BLACK/GRAY,Spayed,PUPPY,2025-06-04T00:00:00.000,K25-054281,DA03,A438514,2025-12-04,2026-01-02,29,STRAY,FIELD,ADOPTION,FB OTHER,UNKNOWN,HEALTHY,COUNTY,WINDSOR,95492.0,"
,  95492
(38.54943, -122.81329)",1,7839,29.0,284,,0,Recorded completed stay,gap,31-day gap before validation or testing,2026-01-02,excluded
,DOG,BORDER COLLIE/MIX,BLACK/WHITE,Female,PUPPY,2025-06-04T00:00:00.000,K25-054282,DS63,A438515,2025-12-04,2025-12-18,14,STRAY,FIELD,TRANSFER,RP SHELTER,UNKNOWN,HEALTHY,COUNTY,*ROHNERT PARK,94928.0,"
,  94928
(38.34246, -122.71182)",1,7840,14.0,284,,0,Recorded completed stay,gap,31-day gap before validation or testing,2025-12-18,excluded
JINE,DOG,PIT BULL,BLUE/WHITE,Neutered,MED,2024-01-14T00:00:00.000,K25-054285,DA34,A438532,2025-12-05,2026-02-04,61,STRAY,FIELD,ADOPTION,REFERRAL-O,UNKNOWN,HEALTHY,SANTA ROSA,SANTA ROSA,95403.0,"
,  95403
(38.51311, -122.75502)",1,7841,61.0,283,,1,Recorded completed stay,gap,31-day gap before validation or testing,2026-01-05,excluded
,DOG,POODLE STND/MIX,GRAY/BLACK,Male,LARGE,2020-12-05T00:00:00.000,K25-054296,DS71,A438546,2025-12-05,2025-12-17,12,STRAY,OVER THE COUNTER,EUTHANIZE,AGGRESSIVE,UNKNOWN,UNTREATABLE,SANTA ROSA,,,,1,7842,12.0,283,,0,Recorded completed stay,gap,31-day gap before validation or testing,2025-12-17,excluded
EMMA,CAT,DOMESTIC SH,WHITE,Female,SMALL,2025-09-05T00:00:00.000,K25-054302,COOLER,A438552,2025-12-05,2025-12-17,12,QUARANTINE,FIELD,DISPOSAL,FRA,UNKNOWN,DEAD,HEALDSBURG,HEALDSBURG,95448.0,"
,  95448
(38.61064, -122.86883)",1,7843,12.0,283,,0,Recorded completed stay,gap,31-day gap before validation or testing,2025-12-17,excluded
TINY,DOG,CHIHUAHUA SH,RED,Spayed,SMALL,2016-12-24T00:00:00.000,K25-054304,DS67,A395197,2025-12-05,2025-12-06,1,STRAY,FIELD,RETURN TO OWNER,OVER THE COUNTER_MCHIP,HEALTHY,HEALTHY,SANTA ROSA,SANTA ROSA,95405.0,"
,  95405
(38.44473, -122.68655)",1,7844,1.0,283,,0,Recorded completed stay,gap,31-day gap before validation or testing,2025-12-06,excluded
SULTAN,DOG,CHIHUAHUA SH,BROWN/WHITE,Neutered,SMALL,2019-01-19T00:00:00.000,K25-054305,DS68,A395196,2025-12-05,2025-12-06,1,STRAY,FIELD,RETURN TO OWNER,OVER THE COUNTER_NOTICE,HEALTHY,HEALTHY,SANTA ROSA,SANTA ROSA,95405.0,"
,  95405
(38.44473, -122.68655)",1,7845,1.0,283,,0,Recorded completed stay,gap,31-day gap before validation or testing,2025-12-06,excluded
LILO,DOG,PIT BULL,GRAY/WHITE,Spayed,MED,2019-06-14T00:00:00.000,K25-054306,DA34,A438190,2025-12-06,2026-01-16,41,STRAY,OVER THE COUNTER,ADOPTION,WALKIN,HEALTHY,HEALTHY,COUNTY,SANTA ROSA,95401.0,"
,  95401
(38.45663, -122.72292)",1,7846,41.0,282,,1,Recorded completed stay,gap,31-day gap before validation or testing,2026-01-06,excluded
*MAPLE,DOG,PIT BULL/MIX,GRAY/TAN,Spayed,LARGE,2022-01-20T00:00:00.000,K25-054307,DA09,A438562,2025-12-06,,0,STRAY,OVER THE COUNTER,,,HEALTHY,,COUNTY,,,,1,7847,,282,,1,Assumed ongoing: already over 30 days,gap,31-day gap before validation or testing,2026-01-06,excluded
,DOG,PIT BULL,WHITE/BLACK,Female,PUPPY,2024-12-06T00:00:00.000,K25-054308,DS57,A438565,2025-12-06,2025-12-18,12,STRAY,FIELD,TRANSFER,HSSC,UNKNOWN,PENDING,SANTA ROSA,COUNTY,95407.0,"
,  95407
(38.41483, -122.72707)",1,7848,12.0,282,,0,Recorded completed stay,gap,31-day gap before validation or testing,2025-12-18,excluded
,DOG,PIT BULL,BLACK,Male,PUPPY,2025-07-06T00:00:00.000,K25-054309,DS85,A438566,2025-12-06,2025-12-11,5,STRAY,FIELD,TRANSFER,HSSC,UNKNOWN,HEALTHY,SANTA ROSA,COUNTY,95407.0,"
,  95407
(38.41483, -122.72707)",1,7849,5.0,282,,0,Recorded completed stay,gap,31-day gap before validation or testing,2025-12-11,excluded
,DOG,CHOW CHOW,TAN,Male,LARGE,2020-12-09T00:00:00.000,K25-054312,DS63,A438569,2025-12-06,2025-12-29,23,STRAY,FIELD,EUTHANIZE,AGGRESSIVE,UNKNOWN,UNTREATABLE,COUNTY,,,,1,7850,23.0,282,,0,Recorded completed stay,gap,31-day gap before validation or testing,2025-12-29,excluded
*SUGAR,DOG,LABRADOR RETR/AUST CATTLE DOG,WHITE/TAN,Spayed,MED,2024-05-21T00:00:00.000,K25-054318,DS58,A437592,2025-12-06,2025-12-24,18,ADOPTION RETURN,OVER THE COUNTER,TRANSFER,DOGWOOD,UNKNOWN,HEALTHY,SANTA ROSA,COUNTY,95403.0,"
,  95403
(38.51311, -122.75502)",1,7851,18.0,282,,0,Recorded completed stay,gap,31-day gap before validation or testing,2025-12-24,excluded
,CAT,DOMESTIC SH,BRN TABBY/WHITE,Male,KITTN,2025-08-06T00:00:00.000,K25-054320,CS05,A438587,2025-12-06,2025-12-11,5,STRAY,FIELD,TRANSFER,HSSC,UNKNOWN,HEALTHY,SANTA ROSA,COUNTY,95407.0,"
,  95407
(38.41483, -122.72707)",1,7852,5.0,282,,0,Recorded completed stay,gap,31-day gap before validation or testing,2025-12-11,excluded
MILO,DOG,GERM SHEPHERD,BROWN,Neutered,MED,2021-05-02T00:00:00.000,K25-054321,DS68,A438592,2025-12-06,2025-12-09,3,CONFISCATE,FLD_ARREST,RETURN TO OWNER,OVER THE COUNTER_ARREST,UNKNOWN,PENDING,COUNTY,OUT OF COUNTY,94903.0,"
,  94903
(38.00502, -122.53294)",1,7853,3.0,282,,0,Recorded completed stay,gap,31-day gap before validation or testing,2025-12-09,excluded
*CARMEN,CAT,DOMESTIC SH,BLACK/WHITE,Female,SMALL,2022-12-10T00:00:00.000,K25-054322,CS04,A438593,2025-12-07,2026-01-08,32,STRAY,FIELD,TRANSFER,HSSC,UNKNOWN,HEALTHY,COUNTY,COUNTY,95407.0,"
,  95407
(38.41483, -122.72707)",1,7854,32.0,281,,1,Recorded completed stay,gap,31-day gap before validation or testing,2026-01-07,excluded
,DOG,CHIHUAHUA SH,WHITE/BLACK,Male,TOY,2016-12-09T00:00:00.000,K25-054326,CS04,A438600,2025-12-08,2025-12-13,5,STRAY,FIELD,EUTHANIZE,ILL SEVERE,UNKNOWN,UNTREATABLE,SANTA ROSA,,,,1,7855,5.0,280,,0,Recorded completed stay,gap,31-day gap before validation or testing,2025-12-13,excluded
KEAN,DOG,BEAGLE/MIX,WHITE/BROWN,Male,SMALL,2024-09-05T00:00:00.000,K25-054327,FOSTER,A436440,2025-12-08,2025-12-20,12,STRAY,FIELD,TRANSFER,HSSC,HEALTHY,HEALTHY,SANTA ROSA,COUNTY,95407.0,"
,  95407
(38.41483, -122.72707)",1,7856,12.0,280,,0,Recorded completed stay,gap,31-day gap before validation or testing,2025-12-20,excluded
MYLO,DOG,CHIHUAHUA SH,TAN/WHITE,Neutered,TOY,2024-06-19T00:00:00.000,K25-054328,FOSTER,A436438,2025-12-08,2025-12-20,12,STRAY,FIELD,TRANSFER,HSSC,UNKNOWN,PENDING,SANTA ROSA,COUNTY,95407.0,"
,  95407
(38.41483, -122.72707)",1,7857,12.0,280,,0,Recorded completed stay,gap,31-day gap before validation or testing,2025-12-20,excluded
,CAT,DOMESTIC SH,BLACK/WHITE,Female,MED,2015-12-10T00:00:00.000,K25-054329,CS06,A438603,2025-12-08,2025-12-15,7,STRAY,FIELD,EUTHANIZE,ILL SEVERE,UNKNOWN,UNTREATABLE,SANTA ROSA,,,,1,7858,7.0,280,,0,Recorded completed stay,gap,31-day gap before validation or testing,2025-12-15,excluded
33717,DOG,AFFENPINSCHER/MIX,BROWN/WHITE,Male,MED,2024-06-10T00:00:00.000,K25-054340,HSSC,A438614,2025-12-08,2025-12-09,1,STRAY,EMAIL,TRANSFER,HSSC,UNKNOWN,PENDING,COUNTY,COUNTY,95407.0,"
,  95407
(38.41483, -122.72707)",1,7859,1.0,280,,0,Recorded completed stay,gap,31-day gap before validation or testing,2025-12-09,excluded
*ESME,CAT,DOMESTIC SH,TORTIE,Female,KITTN,2024-12-10T00:00:00.000,K25-054330,CS05,A438606,2025-12-09,2025-12-19,10,STRAY,FIELD,EUTHANIZE,ILL SEVERE,UNKNOWN,UNTREATABLE,COUNTY,,,,1,7860,10.0,279,,0,Recorded completed stay,gap,31-day gap before validation or testing,2025-12-19,excluded
TUKI,DOG,FRENCH BULLDOG,GRAY/WHITE,Male,SMALL,2018-12-12T00:00:00.000,K25-054331,DS96,A412003,2025-12-09,2025-12-12,3,STRAY,FIELD,RETURN TO OWNER,OVER THE COUNTER_CALL,HEALTHY,HEALTHY,COUNTY,OUT OF COUNTY,94107.0,"
,  94107
(37.76335, -122.40246)",1,7861,3.0,279,,0,Recorded completed stay,gap,31-day gap before validation or testing,2025-12-12,excluded
,CAT,DOMESTIC SH,GRAY TABBY,Spayed,SMALL,,K25-054332,COOLER,A438607,2025-12-09,2025-12-09,0,STRAY,FIELD,EUTHANIZE,CON SEVERE,UNKNOWN,UNTREATABLE,COUNTY,,,,1,7862,0.0,279,,0,Recorded completed stay,gap,31-day gap before validation or testing,2025-12-09,excluded
,OTHER,DUCK,GRAY/BLACK,Unknown,SMALL,,K25-054334,LS03,A438609,2025-12-09,2025-12-16,7,STRAY,FIELD,RETURN TO OWNER,OVER THE COUNTER_WEB,UNKNOWN,PENDING,SANTA ROSA,SANTA ROSA,95407.0,"
,  95407
(38.41483, -122.72707)",1,7863,7.0,279,,0,Recorded completed stay,gap,31-day gap before validation or testing,2025-12-16,excluded
BOBBY,CAT,DOMESTIC SH,BLACK,Neutered,SMALL,2021-11-13T00:00:00.000,K25-054336,CA02,A436729,2025-12-09,2025-12-20,11,ADOPTION RETURN,OVER THE COUNTER,ADOPTION,SCAS WEB,UNKNOWN,HEALTHY,OUT OF COUNTY,COUNTY,95401.0,"
,  95401
(38.45663, -122.72292)",1,7864,11.0,279,,0,Recorded completed stay,gap,31-day gap before validation or testing,2025-12-20,excluded
PINKY,DOG,SIBERIAN HUSKY,WHITE,Spayed,SMALL,2023-05-08T00:00:00.000,K25-054337,DA35,A426263,2025-12-09,2026-01-08,30,STRAY,FIELD,ADOPTION,WALKIN,HEALTHY,HEALTHY,PETALUMA,OUT OF COUNTY,95458.0,"
,  95458
(39.09144, -122.79699)",1,7865,30.0,279,,0,Recorded completed stay,gap,31-day gap before validation or testing,2026-01-08,excluded
LUNA,DOG,CHIHUAHUA SH,BLACK/BROWN,Female,SMALL,2024-12-10T00:00:00.000,K25-054338,DS95,A438613,2025-12-09,2025-12-10,1,STRAY,OVER THE COUNTER,RETURN TO OWNER,OVER THE COUNTER_WALKIN,UNKNOWN,PENDING,SANTA ROSA,SANTA ROSA,95403.0,"
,  95403
(38.51311, -122.75502)",1,7866,1.0,279,,0,Recorded completed stay,gap,31-day gap before validation or testing,2025-12-10,excluded
DAISY,DOG,FRENCH BULLDOG,AGOUTI/AGOUTI,Female,SMALL,2022-11-28T00:00:00.000,K25-054339,TRUCK,A424385,2025-12-10,2025-12-10,0,STRAY,FIELD,RETURN TO OWNER,FLD_MCHIP,HEALTHY,HEALTHY,COUNTY,COUNTY,95492.0,"
,  95492
(38.54938, -122.81318)",1,7867,0.0,278,,0,Recorded completed stay,gap,31-day gap before validation or testing,2025-12-10,excluded
BEBE,DOG,SHIH TZU/MIX,BLACK/WHITE,Male,TOY,2025-09-10T00:00:00.000,K25-054341,DS54,A438615,2025-12-10,2025-12-10,0,STRAY,FIELD,RETURN TO OWNER,OVER THE COUNTER_WEB,UNKNOWN,PENDING,SANTA ROSA,SANTA ROSA,95407.0,"
,  95407
(38.41483, -122.72707)",1,7868,0.0,278,,0,Recorded completed stay,gap,31-day gap before validation or testing,2025-12-10,excluded
,CAT,DOMESTIC MH,BLACK/WHITE,Neutered,SMALL,2015-12-10T00:00:00.000,K25-054342,CI02,A438616,2025-12-10,2025-12-10,0,STRAY,FIELD,EUTHANIZE,ILL SEVERE,UNTREATABLE,UNTREATABLE,COUNTY,,,,1,7869,0.0,278,,0,Recorded completed stay,gap,31-day gap before validation or testing,2025-12-10,excluded
,CAT,DOMESTIC MH,GRAY/WHITE,Female,SMALL,2024-12-10T00:00:00.000,K25-054344,CS05,A438624,2025-12-10,2025-12-11,1,STRAY,OVER THE COUNTER,TRANSFER,HSSC,UNKNOWN,HEALTHY,SANTA ROSA,COUNTY,95407.0,"
,  95407
(38.41483, -122.72707)",1,7870,1.0,278,,0,Recorded completed stay,gap,31-day gap before validation or testing,2025-12-11,excluded
GYPSY,CAT,DOMESTIC SH,BRN TIGER,Spayed,SMALL,2022-12-10T00:00:00.000,K25-054346,TRUCK,A438625,2025-12-10,2025-12-10,0,STRAY,FIELD,RETURN TO OWNER,FLD_MCHIP,UNKNOWN,HEALTHY,SANTA ROSA,COUNTY,95403.0,"
,  95403
(38.51311, -122.75502)",1,7871,0.0,278,,0,Recorded completed stay,gap,31-day gap before validation or testing,2025-12-10,excluded
HAIRY,DOG,PARSON RUSS TER/MIX,TAN,Male,SMALL,2016-11-22T00:00:00.000,K25-054347,DS49,A393876,2025-12-10,2025-12-16,6,STRAY,FIELD,RETURN TO OWNER,OVER THE COUNTER_CALL,HEALTHY,HEALTHY,COUNTY,PETALUMA,94954.0,"
,  94954
(38.26295, -122.64045)",1,7872,6.0,278,,0,Recorded completed stay,gap,31-day gap before validation or testing,2025-12-16,excluded
*RITA,DOG,DOBERMAN PINSCH/MIX,SABLE/WHITE,Spayed,LARGE,2024-06-04T00:00:00.000,K25-054348,DA32,A438308,2025-12-10,2026-01-02,23,OWNER SURRENDER,OVER THE COUNTER,ADOPTION,WALKIN,UNKNOWN,HEALTHY,COUNTY,SANTA ROSA,95404.0,"
,  95404
(38.43807, -122.71247)",1,7873,23.0,278,,0,Recorded completed stay,gap,31-day gap before validation or testing,2026-01-02,excluded
,DOG,PIT BULL,TAN,Male,MED,2023-12-10T00:00:00.000,K25-054349,DS92,A438631,2025-12-10,2025-12-31,21,STRAY,OVER THE COUNTER,EUTHANIZE,AGGRESSIVE,UNKNOWN,UNTREATABLE,COUNTY,,,,1,7874,21.0,278,,0,Recorded completed stay,gap,31-day gap before validation or testing,2025-12-31,excluded
,DOG,GERM SHEPHERD/MIX,BLACK/TAN,Male,MED,2020-12-11T00:00:00.000,K25-054350,DS95,A438632,2025-12-11,2025-12-26,15,STRAY,FIELD,EUTHANIZE,AGGRESSIVE,UNKNOWN,UNTREATABLE,COUNTY,,,,1,7875,15.0,277,,0,Recorded completed stay,gap,31-day gap before validation or testing,2025-12-26,excluded
,DOG,PIT BULL/MIX,TAN/BLACK,Male,MED,2021-12-11T00:00:00.000,K25-054351,DS54,A438633,2025-12-11,2025-12-20,9,STRAY,FIELD,EUTHANIZE,AGGRESSIVE,UNKNOWN,UNTREATABLE,COUNTY,,,,1,7876,9.0,277,,0,Recorded completed stay,gap,31-day gap before validation or testing,2025-12-20,excluded
TANK,DOG,PIT BULL/MIX,WHITE/TAN,Male,MED,2024-06-25T00:00:00.000,K25-054354,DS69,A433474,2025-12-11,2025-12-12,1,STRAY,FIELD,RETURN TO OWNER,OVER THE COUNTER_WEB,UNKNOWN,PENDING,SANTA ROSA,COUNTY,95404.0,"
,  95404
(38.43807, -122.71247)",1,7877,1.0,277,,0,Recorded completed stay,gap,31-day gap before validation or testing,2025-12-12,excluded
PANCHO,DOG,PIT BULL/MIX,TAN,Neutered,MED,2022-12-11T00:00:00.000,K25-054355,DS72,A438640,2025-12-11,2025-12-24,13,STRAY,OVER THE COUNTER,EUTHANIZE,BEH SEVERE,UNKNOWN,UNTREATABLE,SANTA ROSA,,,,1,7878,13.0,277,,0,Recorded completed stay,gap,31-day gap before validation or testing,2025-12-24,excluded
PANDA,DOG,AUST SHEPHERD/MIX,BLACK,Neutered,MED,2024-10-27T00:00:00.000,K25-054358,FOSTER,A430845,2025-12-11,2025-12-23,12,CONFISCATE,FLD_ARREST,TRANSFER,RP SHELTER,UNKNOWN,HEALTHY,SANTA ROSA,SANTA ROSA,95404.0,"
,  95404
(38.43807, -122.71247)",1,7879,12.0,277,,0,Recorded completed stay,gap,31-day gap before validation or testing,2025-12-23,excluded
GUCCI,DOG,AUST TERRIER,RED,Male,SMALL,2019-12-12T00:00:00.000,K25-054360,DS50,A438650,2025-12-11,2025-12-12,1,STRAY,FIELD,RETURN TO OWNER,OVER THE COUNTER_WEB,UNKNOWN,PENDING,COUNTY,COUNTY,95476.0,"
,  95476
(38.29188, -122.45728)",1,7880,1.0,277,,0,Recorded completed stay,gap,31-day gap before validation or testing,2025-12-12,excluded
CINNAMON,DOG,AMER BULLDOG/MIX,RED/WHITE,Spayed,MED,2023-10-05T00:00:00.000,K25-054362,DS93,A433089,2025-12-12,2025-12-18,6,STRAY,FIELD,RETURN TO OWNER,OVER THE COUNTER_MCHIP,UNKNOWN,PENDING,COUNTY,COUNTY,95476.0,"
,  95476
(38.29188, -122.45728)",1,7881,6.0,276,,0,Recorded completed stay,gap,31-day gap before validation or testing,2025-12-18,excluded
DAISY,DOG,ROTTWEILER,BLACK/BROWN,Female,MED,2023-11-14T00:00:00.000,K25-054363,DS85,A429635,2025-12-12,2025-12-12,0,STRAY,OVER THE COUNTER,RETURN TO OWNER,OVER THE COUNTER_CALL,HEALTHY,HEALTHY,SANTA ROSA,COUNTY,95404.0,"
,  95404
(38.43807, -122.71247)",1,7882,0.0,276,,0,Recorded completed stay,gap,31-day gap before validation or testing,2025-12-12,excluded
*EDMOND,DOG,PIT BULL/MIX,BR BRINDLE,Neutered,PUPPY,2025-05-20T00:00:00.000,K25-054364,DA08,A438662,2025-12-12,2026-01-24,43,STRAY,FIELD,ADOPTION,WALKIN,UNKNOWN,HEALTHY,SANTA ROSA,COUNTY,95441.0,"
,  95441
(38.70646, -122.90408)",1,7883,43.0,276,,1,Recorded completed stay,gap,31-day gap before validation or testing,2026-01-12,excluded
*FAITH,DOG,PIT BULL/MIX,BR BRINDLE,Spayed,PUPPY,2025-08-28T00:00:00.000,K25-054365,DA32,A438663,2025-12-12,2026-01-17,36,STRAY,FIELD,ADOPTION,WALKIN,UNKNOWN,HEALTHY,SANTA ROSA,COUNTY,95403.0,"
,  95403
(38.51311, -122.75502)",1,7884,36.0,276,,1,Recorded completed stay,gap,31-day gap before validation or testing,2026-01-12,excluded
TEHYA,DOG,RHOD RIDGEBACK/BOXER,BROWN/RED,Female,MED,2023-08-04T00:00:00.000,K25-054366,DS85,A425519,2025-12-13,2025-12-13,0,CONFISCATE,FLD_HOSPTL,RETURN TO OWNER,OVER THE COUNTER_NOTICE,HEALTHY,HEALTHY,COUNTY,PETALUMA,94954.0,"
,  94954
(38.26295, -122.64045)",1,7885,0.0,275,,0,Recorded completed stay,gap,31-day gap before validation or testing,2025-12-13,excluded
SPOT,DOG,FRENCH BULLDOG,WHITE/GRAY,Male,SMALL,2023-12-13T00:00:00.000,K25-054367,DS53,A438668,2025-12-13,2025-12-16,3,STRAY,FIELD,RETURN TO OWNER,OVER THE COUNTER_WEB,UNKNOWN,PENDING,COUNTY,COUNTY,94954.0,"
,  94954
(38.26585, -122.6401)",1,7886,3.0,275,,0,Recorded completed stay,gap,31-day gap before validation or testing,2025-12-16,excluded
,OTHER,RABBIT SH,WHITE/BLACK,Male,SMALL,2025-09-18T00:00:00.000,K25-054368,CS06,A438683,2025-12-13,2025-12-18,5,STRAY,OVER THE COUNTER,TRANSFER,RP SHELTER,UNKNOWN,HEALTHY,SANTA ROSA,*ROHNERT PARK,94928.0,"
,  94928
(38.34246, -122.71182)",1,7887,5.0,275,,0,Recorded completed stay,gap,31-day gap before validation or testing,2025-12-18,excluded
,DOG,SIBERIAN HUSKY/MIX,WHITE,Male,LARGE,2023-12-13T00:00:00.000,K25-054369,DS51,A438688,2025-12-13,2026-01-09,27,STRAY,FIELD,EUTHANIZE,AGGRESSIVE,UNTREATABLE,UNTREATABLE,SANTA ROSA,,,,1,7888,27.0,275,,0,Recorded completed stay,gap,31-day gap before validation or testing,2026-01-09,excluded
ZORRA,DOG,QUEENSLAND HEEL/MIX,BR BRINDLE/WHITE,Spayed,MED,2023-12-13T00:00:00.000,K25-054370,DA42,A438689,2025-12-13,2026-06-06,175,STRAY,FIELD,ADOPTION,CA ADOPT,HEALTHY,HEALTHY,SANTA ROSA,*ROHNERT PARK,94928.0,"
,  94928
(38.34246, -122.71182)",1,7889,175.0,275,,1,Recorded completed stay,gap,31-day gap before validation or testing,2026-01-13,excluded
WALTER,DOG,AUST CATTLE DOG,BLUE,Neutered,MED,2024-02-06T00:00:00.000,K25-054371,DA07,A438690,2025-12-13,2026-04-08,116,STRAY,FIELD,ADOPTION,SCAS WEB,HEALTHY,HEALTHY,SANTA ROSA,OUT OF COUNTY,94574.0,"
,  94574
(38.5061, -122.47168)",1,7890,116.0,275,,1,Recorded completed stay,gap,31-day gap before validation or testing,2026-01-13,excluded
,OTHER,PEAFOWL,BROWN/GREEN,Male,MED,2015-12-15T00:00:00.000,K25-054372,LS04,A438691,2025-12-13,2025-12-15,2,STRAY,FIELD,EUTHANIZE,ILL SEVERE,UNTREATABLE,UNTREATABLE,COUNTY,,,,1,7891,2.0,275,,0,Recorded completed stay,gap,31-day gap before validation or testing,2025-12-15,excluded
NIBBLES,CAT,DOMESTIC SH,BLACK/WHITE,Female,SMALL,2017-12-13T00:00:00.000,K25-054373,CS05,A438692,2025-12-13,2025-12-16,3,CONFISCATE,FIELD,RETURN TO OWNER,OVER THE COUNTER_NOTICE,UNKNOWN,,COUNTY,COUNTY,95421.0,"
,  95421
(38.53578, -123.08828)",1,7892,3.0,275,,0,Recorded completed stay,gap,31-day gap before validation or testing,2025-12-16,excluded
,CAT,DOMESTIC SH,BLACK,Male,MED,,K25-054375,COOLER,A438697,2025-12-14,2025-12-16,2,STRAY,FIELD,DISPOSAL,DOA,UNKNOWN,DEAD,HEALDSBURG,,,,1,7893,2.0,274,,0,Recorded completed stay,gap,31-day gap before validation or testing,2025-12-16,excluded
,DOG,BULLDOG,BLACK/WHITE,Neutered,SMALL,2015-12-15T00:00:00.000,K25-054376,DS50,A438698,2025-12-14,2025-12-24,10,STRAY,FIELD,EUTHANIZE,CON SEVERE,UNKNOWN,UNTREATABLE,SANTA ROSA,,,,1,7894,10.0,274,,0,Recorded completed stay,gap,31-day gap before validation or testing,2025-12-24,excluded
RUBY,DOG,PIT BULL/MIX,BLACK/WHITE,Spayed,MED,2014-06-28T00:00:00.000,K25-054377,TRUCK,A325792,2025-12-14,2025-12-14,0,STRAY,FIELD,RETURN TO OWNER,FLD_MCHIP,HEALTHY,HEALTHY,COUNTY,COUNTY,95407.0,"
,  95407
(38.41483, -122.72707)",1,7895,0.0,274,,0,Recorded completed stay,gap,31-day gap before validation or testing,2025-12-14,excluded
*JUNIOR,DOG,BORDER COLLIE,TRICOLOR,Neutered,MED,2024-07-05T00:00:00.000,K25-054380,DA48,A438703,2025-12-15,2026-01-17,33,STRAY,FIELD,ADOPTION,FB SCAS,UNKNOWN,HEALTHY,OUT OF COUNTY,,96158.0,"
,  96158
(38.91427, -120.00618)",1,7896,33.0,273,,1,Recorded completed stay,gap,31-day gap before validation or testing,2026-01-15,excluded
,DOG,BORDER COLLIE,RED/WHITE,Male,MED,,K25-054381,DS85,A438704,2025-12-15,2025-12-24,9,STRAY,FIELD,TRANSFER,DOGWOOD,UNKNOWN,HEALTHY,OUT OF COUNTY,SANTA ROSA,95403.0,"
,  95403
(38.51311, -122.75502)",1,7897,9.0,273,,0,Recorded completed stay,gap,31-day gap before validation or testing,2025-12-24,excluded
*CONNOR,DOG,FRENCH BULLDOG,GRAY,Neutered,SMALL,2023-01-20T00:00:00.000,K25-054382,DA46,A438705,2025-12-15,2026-01-30,46,STRAY,FIELD,ADOPTION,FB SCAS,UNKNOWN,HEALTHY,SANTA ROSA,*ROHNERT PARK,94928.0,"
,  94928
(38.34246, -122.71182)",1,7898,46.0,273,,1,Recorded completed stay,gap,31-day gap before validation or testing,2026-01-15,excluded
KATO,DOG,SHIH TZU,TRICOLOR,Neutered,TOY,2012-09-07T00:00:00.000,K25-054383,DA22,A297747,2025-12-15,2025-12-17,2,STRAY,FIELD,RTOS,SOVER THE COUNTER,UNTREATABLE,UNTREATABLE,COUNTY,COUNTY,94923.0,"
,  94923
(38.33833, -123.0475)",1,7899,2.0,273,,0,Recorded completed stay,gap,31-day gap before validation or testing,2025-12-17,excluded
CHURRO,DOG,DACHSHUND/MIX,TAN/WHITE,Neutered,TOY,2022-01-26T00:00:00.000,K25-054386,DS56,A424064,2025-12-16,2025-12-18,2,STRAY,FIELD,RETURN TO OWNER,OVER THE COUNTER_CALL,HEALTHY,HEALTHY,SANTA ROSA,SANTA ROSA,95407.0,"
,  95407
(38.41483, -122.72707)",1,7900,2.0,272,,0,Recorded completed stay,gap,31-day gap before validation or testing,2025-12-18,excluded
*ASHLEY,DOG,PIT BULL,FAWN,Spayed,MED,2024-12-24T00:00:00.000,K25-054387,DA07,A434018,2025-12-16,2026-01-21,36,ADOPTION RETURN,OVER THE COUNTER,ADOPTION,SCAS WEB,UNKNOWN,HEALTHY,SANTA ROSA,SANTA ROSA,95401.0,"
,  95401
(38.45663, -122.72292)",1,7901,36.0,272,,1,Recorded completed stay,gap,31-day gap before validation or testing,2026-01-16,excluded
*DANTE,DOG,POODLE STND/MIX,BLACK,Neutered,MED,2023-12-16T00:00:00.000,K25-054388,DA35,A438718,2025-12-16,2026-02-07,53,STRAY,FIELD,ADOPTION,WALKIN,UNKNOWN,PENDING,SANTA ROSA,SANTA ROSA,95404.0,"
,  95404
(38.43807, -122.71247)",1,7902,53.0,272,,1,Recorded completed stay,gap,31-day gap before validation or testing,2026-01-16,excluded
,DOG,GERM SHEPHERD/MIX,BLACK/TAN,Female,LARGE,,K25-054389,DI106,A438719,2025-12-16,2025-12-26,10,STRAY,FIELD,EUTHANIZE,BEH SEVERE,UNKNOWN,UNTREATABLE,COUNTY,,,,1,7903,10.0,272,,0,Recorded completed stay,gap,31-day gap before validation or testing,2025-12-26,excluded
KILLER,CAT,DOMESTIC MH,BRN TABBY/WHITE,Male,SMALL,2025-05-17T00:00:00.000,K25-054390,CS05,A438722,2025-12-17,2025-12-20,3,CONFISCATE,FLD_ABAND,RETURN TO OWNER,OVER THE COUNTER_NOTICE,UNKNOWN,PENDING,SANTA ROSA,PETALUMA,94952.0,"
,  94952
(38.23262, -122.64426)",1,7904,3.0,271,,0,Recorded completed stay,gap,31-day gap before validation or testing,2025-12-20,excluded
*CISCO,CAT,SIAMESE,SEAL PT,Neutered,SMALL,2024-06-17T00:00:00.000,K25-054391,CA02,A438723,2025-12-17,2026-01-03,17,STRAY,FIELD,ADOPTION,SCAS WEB,HEALTHY,HEALTHY,SANTA ROSA,*ROHNERT PARK,94928.0,"
,  94928
(38.34246, -122.71182)",1,7905,17.0,271,,0,Recorded completed stay,gap,31-day gap before validation or testing,2026-01-03,excluded
KATO,DOG,SHIH TZU,TRICOLOR,Neutered,TOY,2012-09-07T00:00:00.000,K25-054392,DA22,A297747,2025-12-17,2025-12-24,7,OWNER SURRENDER,OVER THE COUNTER,EUTHANIZE,CON SEVERE,UNTREATABLE,UNTREATABLE,COUNTY,COUNTY,94923.0,"
,  94923
(38.33833, -123.0475)",1,7906,7.0,271,,0,Recorded completed stay,gap,31-day gap before validation or testing,2025-12-24,excluded
COOKIE,CAT,DOMESTIC SH,GRAY/WHITE,Female,SMALL,2023-12-12T00:00:00.000,K25-054393,CS05,A438728,2025-12-17,2025-12-20,3,CONFISCATE,FLD_ABAND,RETURN TO OWNER,OVER THE COUNTER_NOTICE,UNKNOWN,PENDING,SANTA ROSA,PETALUMA,94952.0,"
,  94952
(38.23262, -122.64426)",1,7907,3.0,271,,0,Recorded completed stay,gap,31-day gap before validation or testing,2025-12-20,excluded
*ERNIE,DOG,IBIZAN HOUND/MIX,BROWN/WHITE,Neutered,MED,2023-10-31T00:00:00.000,K25-054394,DA33,A437891,2025-12-17,2026-01-20,34,ADOPTION RETURN,OVER THE COUNTER,ADOPTION,WALKIN,UNKNOWN,HEALTHY,SANTA ROSA,SANTA ROSA,95403.0,"
,  95403
(38.51311, -122.75502)",1,7908,34.0,271,,1,Recorded completed stay,gap,31-day gap before validation or testing,2026-01-17,excluded
,DOG,FRENCH BULLDOG,BR BRINDLE,Male,SMALL,2018-12-17T00:00:00.000,K25-054395,COOLER,A438735,2025-12-17,2025-12-17,0,STRAY,FIELD,EUTHANIZE,CON SEVERE,UNKNOWN,UNTREATABLE,SANTA ROSA,,,,1,7909,0.0,271,,0,Recorded completed stay,gap,31-day gap before validation or testing,2025-12-17,excluded
BUSTER,DOG,PIT BULL,BROWN/WHITE,Neutered,MED,2021-12-17T00:00:00.000,K25-054396,DI099,A438736,2025-12-17,2025-12-18,1,STRAY,FIELD,RETURN TO OWNER,OVER THE COUNTER_NOTICE,UNKNOWN,PENDING,COUNTY,COUNTY,95472.0,"
,  95472
(38.40179, -122.82512)",1,7910,1.0,271,,0,Recorded completed stay,gap,31-day gap before validation or testing,2025-12-18,excluded
*MICK-MACK,DOG,PIT BULL/MIX,WHITE/GRAY,Spayed,MED,2024-07-08T00:00:00.000,K25-054398,DQ107,A438742,2025-12-17,2026-05-23,157,STRAY,FIELD,TRANSFER,SINK,UNKNOWN,TREATABLE/MANAGEABLE,SANTA ROSA,,95441.0,"
,  95441
(38.70646, -122.90408)",1,7911,157.0,271,,1,Recorded completed stay,gap,31-day gap before validation or testing,2026-01-17,excluded
GINO,CAT,DOMESTIC SH,BRN TABBY,Neutered,SMALL,2023-12-24T00:00:00.000,K25-054399,CA02,A438341,2025-12-18,2026-02-28,72,OWNER SURRENDER,OVER THE COUNTER,ADOPTION,SCAS WEB,HEALTHY,HEALTHY,SANTA ROSA,COUNTY,95401.0,"
,  95401
(38.45663, -122.72292)",1,7912,72.0,270,,1,Recorded completed stay,gap,31-day gap before validation or testing,2026-01-18,excluded
NESSA,CAT,DOMESTIC MH,BRN TABBY/WHITE,Spayed,SMALL,2023-12-18T00:00:00.000,K25-054400,CA02,A438342,2025-12-18,2026-01-02,15,OWNER SURRENDER,OVER THE COUNTER,ADOPTION,SCAS WEB,UNKNOWN,HEALTHY,SANTA ROSA,COUNTY,95404.0,"
,  95404
(38.43807, -122.71247)",1,7913,15.0,270,,0,Recorded completed stay,gap,31-day gap before validation or testing,2026-01-02,excluded
*EARL,DOG,VIZSLA/MIX,RED,Male,LARGE,2023-12-18T00:00:00.000,K25-054401,DS60,A438744,2025-12-18,2026-01-22,35,STRAY,OVER THE COUNTER,TRANSFER,HSSC,UNKNOWN,HEALTHY,COUNTY,COUNTY,95407.0,"
,  95407
(38.41483, -122.72707)",1,7914,35.0,270,,1,Recorded completed stay,gap,31-day gap before validation or testing,2026-01-18,excluded
*DARLA,DOG,PIT BULL/MIX,BLACK/WHITE,Spayed,PUPPY,2025-09-18T00:00:00.000,K25-054402,DA07,A438746,2025-12-18,2026-01-24,37,STRAY,OVER THE COUNTER,ADOPTION,SCAS WEB,HEALTHY,HEALTHY,COUNTY,SANTA ROSA,95403.0,"
,  95403
(38.51311, -122.75502)",1,7915,37.0,270,,1,Recorded completed stay,gap,31-day gap before validation or testing,2026-01-18,excluded
*HERRO,CAT,DOMESTIC SH,BLACK/WHITE,Neutered,SMALL,2023-12-18T00:00:00.000,K25-054404,CS04,A438751,2025-12-18,2026-01-06,19,STRAY,FIELD,TRANSFER,FORGOTTEN,UNKNOWN,PENDING,SANTA ROSA,SANTA ROSA,95403.0,"
,  95403
(38.51311, -122.75502)",1,7916,19.0,270,,0,Recorded completed stay,gap,31-day gap before validation or testing,2026-01-06,excluded
,OTHER,CHICKEN/BANTAM,WHITE/GRAY,Male,SMALL,,K25-054405,LS07,A438752,2025-12-18,2026-01-14,27,STRAY,FIELD,TRANSFER,WESTFARM,UNKNOWN,HEALTHY,COUNTY,SANTA ROSA,95401.0,"
,  95401
(38.45663, -122.72292)",1,7917,27.0,270,,0,Recorded completed stay,gap,31-day gap before validation or testing,2026-01-14,excluded
,DOG,SIBERIAN HUSKY/MIX,WHITE,Male,LARGE,2022-12-18T00:00:00.000,K25-054406,DS84,A438753,2025-12-18,2025-12-29,11,STRAY,FIELD,EUTHANIZE,AGGRESSIVE,UNKNOWN,UNTREATABLE,COUNTY,,,,1,7918,11.0,270,,0,Recorded completed stay,gap,31-day gap before validation or testing,2025-12-29,excluded
MARAKA,CAT,DOMESTIC MH,BRN TABBY/WHITE,Female,SMALL,2025-08-11T00:00:00.000,K25-054407,CS05,A438754,2025-12-18,2025-12-19,1,CONFISCATE,FIELD,RETURN TO OWNER,OVER THE COUNTER_LETTER,UNKNOWN,PENDING,COUNTY,SANTA ROSA,95404.0,"
,  95404
(38.43807, -122.71247)",1,7919,1.0,270,,0,Recorded completed stay,gap,31-day gap before validation or testing,2025-12-19,excluded
KING,DOG,PIT BULL/MIX,BLACK/WHITE,Male,MED,2024-12-23T00:00:00.000,K25-054412,DQ116,A437023,2025-12-19,2026-01-06,18,STRAY,OVER THE COUNTER,EUTHANIZE,AGGRESSIVE,UNTREATABLE,UNTREATABLE,SANTA ROSA,SANTA ROSA,95401.0,"
,  95401
(38.45663, -122.72292)",1,7920,18.0,269,,0,Recorded completed stay,gap,31-day gap before validation or testing,2026-01-06,excluded
,DOG,PIT BULL/MIX,BR BRINDLE/WHITE,Male,PUPPY,2025-11-13T00:00:00.000,K25-054413,TX,A438792,2025-12-19,2025-12-19,0,STRAY,OVER THE COUNTER,TRANSFER,RP SHELTER,UNKNOWN,HEALTHY,COUNTY,*ROHNERT PARK,94928.0,"
,  94928
(38.34246, -122.71182)",1,7921,0.0,269,,0,Recorded completed stay,gap,31-day gap before validation or testing,2025-12-19,excluded
,DOG,PIT BULL/MIX,BR BRINDLE/WHITE,Female,PUPPY,2025-11-12T00:00:00.000,K25-054414,TX,A438791,2025-12-19,2025-12-19,0,STRAY,OVER THE COUNTER,TRANSFER,RP SHELTER,UNKNOWN,HEALTHY,COUNTY,*ROHNERT PARK,94928.0,"
,  94928
(38.34246, -122.71182)",1,7922,0.0,269,,0,Recorded completed stay,gap,31-day gap before validation or testing,2025-12-19,excluded
,DOG,PIT BULL/MIX,TAN/WHITE,Female,PUPPY,2025-11-12T00:00:00.000,K25-054415,TX,A438790,2025-12-19,2025-12-19,0,STRAY,OVER THE COUNTER,TRANSFER,RP SHELTER,UNKNOWN,HEALTHY,COUNTY,*ROHNERT PARK,94928.0,"
,  94928
(38.34246, -122.71182)",1,7923,0.0,269,,0,Recorded completed stay,gap,31-day gap before validation or testing,2025-12-19,excluded
,DOG,PIT BULL/MIX,RED/BLACK,Male,PUPPY,2025-11-12T00:00:00.000,K25-054416,TX,A438789,2025-12-19,2025-12-19,0,STRAY,OVER THE COUNTER,TRANSFER,RP SHELTER,UNKNOWN,HEALTHY,COUNTY,*ROHNERT PARK,94928.0,"
,  94928
(38.34246, -122.71182)",1,7924,0.0,269,,0,Recorded completed stay,gap,31-day gap before validation or testing,2025-12-19,excluded
*PRINCESS BUTTERCUP,DOG,PIT BULL/MIX,TAN/WHITE,Spayed,PUPPY,2025-11-10T00:00:00.000,K25-054417,DA47,A438788,2025-12-19,2026-03-03,74,STRAY,OVER THE COUNTER,ADOPTION,WALKIN,UNKNOWN,HEALTHY,COUNTY,SANTA ROSA,95407.0,"
,  95407
(38.41483, -122.72707)",1,7925,74.0,269,,1,Recorded completed stay,gap,31-day gap before validation or testing,2026-01-19,excluded
WAFFLE,DOG,PIT BULL/MIX,TAN/WHITE,Spayed,PUPPY,2025-11-10T00:00:00.000,K25-054418,DA17,A438787,2025-12-19,2026-01-30,42,STRAY,OVER THE COUNTER,ADOPTION,WALKIN,UNKNOWN,HEALTHY,COUNTY,SANTA ROSA,95403.0,"
,  95403
(38.51311, -122.75502)",1,7926,42.0,269,,1,Recorded completed stay,gap,31-day gap before validation or testing,2026-01-19,excluded
*MAE,DOG,PIT BULL/MIX,TAN/WHITE,Spayed,PUPPY,2025-11-10T00:00:00.000,K25-054419,DA17,A438786,2025-12-19,2026-01-28,40,STRAY,OVER THE COUNTER,ADOPTION,VOLUNTEER,UNKNOWN,HEALTHY,COUNTY,CLOVERDALE,95425.0,"
,  95425
(38.80627, -123.01783)",1,7927,40.0,269,,1,Recorded completed stay,gap,31-day gap before validation or testing,2026-01-19,excluded
*MABLE,DOG,PIT BULL/MIX,BR BRINDLE,Spayed,PUPPY,2025-11-10T00:00:00.000,K25-054420,DA17,A438785,2025-12-19,2026-01-29,41,STRAY,OVER THE COUNTER,ADOPTION,REFERRAL-O,UNKNOWN,HEALTHY,COUNTY,PETALUMA,94954.0,"
,  94954
(38.26295, -122.64045)",1,7928,41.0,269,,1,Recorded completed stay,gap,31-day gap before validation or testing,2026-01-19,excluded
33759,DOG,JACK/MIX,TRICOLOR,Male,SMALL,2023-12-19T00:00:00.000,K25-054421,FOSTER,A438796,2025-12-19,2025-12-30,11,STRAY,EMAIL,TRANSFER,DOGWOOD,UNKNOWN,HEALTHY,HEALDSBURG,SANTA ROSA,95403.0,"
,  95403
(38.51311, -122.75502)",1,7929,11.0,269,,0,Recorded completed stay,gap,31-day gap before validation or testing,2025-12-30,excluded
SPOT,CAT,DOMESTIC SH,BRN TABBY/WHITE,Female,SMALL,2025-06-15T00:00:00.000,K25-054423,CI01,A438494,2025-12-19,2026-01-08,20,OWNER SURRENDER,OVER THE COUNTER,TRANSFER,HSSC,UNKNOWN,HEALTHY,SANTA ROSA,COUNTY,95407.0,"
,  95407
(38.41483, -122.72707)",1,7930,20.0,269,,0,Recorded completed stay,gap,31-day gap before validation or testing,2026-01-08,excluded
RUNTZ,CAT,DOMESTIC SH,BRN TABBY/WHITE,Neutered,SMALL,2025-06-15T00:00:00.000,K25-054424,CA02,A438492,2025-12-19,2026-01-10,22,OWNER SURRENDER,OVER THE COUNTER,ADOPTION,WALKIN,HEALTHY,HEALTHY,SANTA ROSA,SANTA ROSA,95403.0,"
,  95403
(38.51311, -122.75502)",1,7931,22.0,269,,0,Recorded completed stay,gap,31-day gap before validation or testing,2026-01-10,excluded
,OTHER,CHICKEN,WHITE/BROWN,Male,SMALL,,K25-054425,LS04,A438815,2025-12-19,2026-01-14,26,STRAY,FIELD,TRANSFER,WESTFARM,UNKNOWN,HEALTHY,SANTA ROSA,SANTA ROSA,95401.0,"
,  95401
(38.45663, -122.72292)",1,7932,26.0,269,,0,Recorded completed stay,gap,31-day gap before validation or testing,2026-01-14,excluded
,DOG,PIT BULL,WHITE,Female,MED,2015-12-19T00:00:00.000,K25-054426,DS66,A438814,2025-12-19,2025-12-31,12,STRAY,OVER THE COUNTER,EUTHANIZE,CON SEVERE,UNKNOWN,UNTREATABLE,COUNTY,,,,1,7933,12.0,269,,0,Recorded completed stay,gap,31-day gap before validation or testing,2025-12-31,excluded
JUSTICE,DOG,ALASK MALAMUTE,WHITE/GRAY,Neutered,LARGE,2018-01-09T00:00:00.000,K25-054428,DA04,A431099,2025-12-20,2026-02-11,53,STRAY,FIELD,ADOPTION,SCAS WEB,TREATABLE/MANAGEABLE,HEALTHY,SANTA ROSA,WINDSOR,95492.0,"
,  95492
(38.54943, -122.81329)",1,7934,53.0,268,,1,Recorded completed stay,gap,31-day gap before validation or testing,2026-01-20,excluded
,DOG,PIT BULL,TAN,Male,MED,2025-03-20T00:00:00.000,K25-054429,DS72,A438832,2025-12-20,2026-01-07,18,STRAY,FIELD,EUTHANIZE,AGGRESSIVE,UNTREATABLE,UNTREATABLE,SANTA ROSA,,,,1,7935,18.0,268,,0,Recorded completed stay,gap,31-day gap before validation or testing,2026-01-07,excluded
*TANNER,CAT,DOMESTIC SH,BRN TABBY,Neutered,SMALL,2023-12-20T00:00:00.000,K25-054430,CI01,A438833,2025-12-20,2026-01-08,19,STRAY,FIELD,TRANSFER,HSSC,UNKNOWN,HEALTHY,COUNTY,COUNTY,95407.0,"
,  95407
(38.41483, -122.72707)",1,7936,19.0,268,,0,Recorded completed stay,gap,31-day gap before validation or testing,2026-01-08,excluded
,OTHER,DUTCH/MIX,TAN/WHITE,Female,SMALL,2023-12-20T00:00:00.000,K25-054431,CS06,A438835,2025-12-20,2026-01-06,17,STRAY,OVER THE COUNTER,TRANSFER,RP SHELTER,UNKNOWN,HEALTHY,SANTA ROSA,*ROHNERT PARK,94928.0,"
,  94928
(38.34246, -122.71182)",1,7937,17.0,268,,0,Recorded completed stay,gap,31-day gap before validation or testing,2026-01-06,excluded
MAX,DOG,AUST CATTLE DOG,BROWN/TAN,Neutered,LARGE,,K25-054432,TRUCK,A403046,2025-12-20,2025-12-20,0,STRAY,FIELD,RETURN TO OWNER,FLD_MCHIP,HEALTHY,HEALTHY,SANTA ROSA,SANTA ROSA,95401.0,"
,  95401
(38.45663, -122.72292)",1,7938,0.0,268,,0,Recorded completed stay,gap,31-day gap before validation or testing,2025-12-20,excluded
SKY,DOG,GERM SHEPHERD/MIX,YELLOW,Female,MED,,K25-054433,TRUCK,A438849,2025-12-20,2025-12-20,0,STRAY,FIELD,RETURN TO OWNER,FLD_IDTAG,TREATABLE/MANAGEABLE,TREATABLE/MANAGEABLE,HEALDSBURG,HEALDSBURG,95448.0,"
,  95448
(38.61064, -122.86883)",1,7939,0.0,268,,0,Recorded completed stay,gap,31-day gap before validation or testing,2025-12-20,excluded
GREMLIN,DOG,PIT BULL/MIX,TAN/WHITE,Female,MED,2021-06-14T00:00:00.000,K25-054434,DI102,A438850,2025-12-21,2025-12-23,2,CONFISCATE,FLD_ABAND,RETURN TO OWNER,OVER THE COUNTER_NOTICE,UNKNOWN,PENDING,SANTA ROSA,CLOVERDALE,95425.0,"
,  95425
(38.80627, -123.01783)",1,7940,2.0,267,,0,Recorded completed stay,gap,31-day gap before validation or testing,2025-12-23,excluded
PUPPY BOY/OJ,DOG,CHIHUAHUA SH/MIX,RED/BLACK,Male,SMALL,2018-01-21T00:00:00.000,K25-054435,DS73,A386573,2025-12-21,2025-12-26,5,CONFISCATE,FLD_ABAND,RETURN TO OWNER,OVER THE COUNTER_NOTICE,HEALTHY,HEALTHY,SANTA ROSA,SANTA ROSA,95401.0,"
,  95401
(38.45663, -122.72292)",1,7941,5.0,267,,0,Recorded completed stay,gap,31-day gap before validation or testing,2025-12-26,excluded
BEAR,DOG,POMERANIAN,BLACK/TAN,Neutered,SMALL,2013-01-01T00:00:00.000,K25-054436,TRUCK,A420132,2025-12-22,2025-12-22,0,STRAY,FIELD,RETURN TO OWNER,FLD_MCHIP,HEALTHY,HEALTHY,SANTA ROSA,SANTA ROSA,95401.0,"
,  95401
(38.45663, -122.72292)",1,7942,0.0,266,,0,Recorded completed stay,gap,31-day gap before validation or testing,2025-12-22,excluded
BOFO,DOG,GERM SHEPHERD/MIX,BLACK/TAN,Male,MED,,K25-054437,DS71,A423585,2025-12-22,2025-12-23,1,STRAY,FIELD,RETURN TO OWNER,OVER THE COUNTER_WALKIN,TREATABLE/REHAB,TREATABLE/REHAB,SANTA ROSA,SANTA ROSA,95403.0,"
,  95403
(38.51311, -122.75502)",1,7943,1.0,266,,0,Recorded completed stay,gap,31-day gap before validation or testing,2025-12-23,excluded
DRAKO,DOG,AUST SHEPHERD/BORDER COLLIE,BLUE MERLE,Neutered,LARGE,,K25-054438,DS83,A438853,2025-12-22,2025-12-23,1,STRAY,FIELD,RETURN TO OWNER,OVER THE COUNTER_MCHIP,UNKNOWN,PENDING,COUNTY,COUNTY,94951.0,"
,  94951
(38.29715, -122.66645)",1,7944,1.0,266,,0,Recorded completed stay,gap,31-day gap before validation or testing,2025-12-23,excluded
,CAT,DOMESTIC SH,GRAY/WHITE,Neutered,SMALL,2013-12-22T00:00:00.000,K25-054439,TRUCK,A438854,2025-12-22,2025-12-22,0,STRAY,FIELD,EUTHANIZE,ILL SEVERE,UNKNOWN,UNTREATABLE,SANTA ROSA,,,,1,7945,0.0,266,,0,Recorded completed stay,gap,31-day gap before validation or testing,2025-12-22,excluded
VELMA,DOG,YORKSHIRE TERR,BLACK/TAN,Female,TOY,2024-11-26T00:00:00.000,K25-054440,DS54,A438855,2025-12-22,2025-12-26,4,STRAY,FIELD,RETURN TO OWNER,OVER THE COUNTER_WEB,UNKNOWN,PENDING,COUNTY,COUNTY,95407.0,"
,  95407
(38.41483, -122.72707)",1,7946,4.0,266,,0,Recorded completed stay,gap,31-day gap before validation or testing,2025-12-26,excluded
OREO,DOG,AUST CATTLE DOG/MIX,BR BRINDLE/WHITE,Neutered,PUPPY,2025-04-15T00:00:00.000,K25-054441,FOSTER,A438856,2025-12-22,2026-01-09,18,STRAY,OVER THE COUNTER,ADOPTION,VOLUNTEER,HEALTHY,HEALTHY,COUNTY,SANTA ROSA,95403.0,"
,  95403
(38.51311, -122.75502)",1,7947,18.0,266,,0,Recorded completed stay,gap,31-day gap before validation or testing,2026-01-09,excluded
,DOG,POODLE STND/MIX,BLACK,Female,PUPPY,2025-08-23T00:00:00.000,K25-054443,TRUCK,A438865,2025-12-23,2025-12-23,0,OWNER SURRENDER,FIELD,TRANSFER,HSSC,HEALTHY,HEALTHY,COUNTY,COUNTY,95407.0,"
,  95407
(38.41483, -122.72707)",0,7948,0.0,265,,0,Recorded completed stay,gap,31-day gap before validation or testing,2025-12-23,excluded
,DOG,POODLE STND/MIX,BLACK,Female,PUPPY,2025-08-23T00:00:00.000,K25-054444,TRUCK,A438866,2025-12-23,2025-12-23,0,OWNER SURRENDER,FIELD,TRANSFER,HSSC,HEALTHY,HEALTHY,COUNTY,COUNTY,95407.0,"
,  95407
(38.41483, -122.72707)",0,7949,0.0,265,,0,Recorded completed stay,gap,31-day gap before validation or testing,2025-12-23,excluded
,DOG,POODLE STND/MIX,BLACK,Female,PUPPY,2025-08-23T00:00:00.000,K25-054445,TRUCK,A438867,2025-12-23,2025-12-23,0,OWNER SURRENDER,FIELD,TRANSFER,HSSC,HEALTHY,HEALTHY,COUNTY,COUNTY,95407.0,"
,  95407
(38.41483, -122.72707)",0,7950,0.0,265,,0,Recorded completed stay,gap,31-day gap before validation or testing,2025-12-23,excluded
GOLDY,DOG,POODLE STND/GOLDEN RETR,TAN,Male,MED,2025-08-23T00:00:00.000,K25-054446,DS56,A438868,2025-12-23,2025-12-24,1,OWNER SURRENDER,FIELD,TRANSFER,DOGWOOD,HEALTHY,HEALTHY,COUNTY,SANTA ROSA,95403.0,"
,  95403
(38.51311, -122.75502)",0,7951,1.0,265,,0,Recorded completed stay,gap,31-day gap before validation or testing,2025-12-24,excluded
,DOG,POODLE STND/MIX,BLACK,Female,PUPPY,2025-08-23T00:00:00.000,K25-054447,TRUCK,A438869,2025-12-23,2025-12-23,0,OWNER SURRENDER,FIELD,TRANSFER,HSSC,HEALTHY,HEALTHY,COUNTY,COUNTY,95407.0,"
,  95407
(38.41483, -122.72707)",0,7952,0.0,265,,0,Recorded completed stay,gap,31-day gap before validation or testing,2025-12-23,excluded
GUS,DOG,GOLDEN RETR/POODLE STND,BLACK,Neutered,MED,2025-04-29T00:00:00.000,K25-054448,DA17,A438870,2025-12-23,2026-02-03,42,OWNER SURRENDER,FIELD,ADOPTION,REFERRAL-F,HEALTHY,HEALTHY,COUNTY,SANTA ROSA,95403.0,"
,  95403
(38.51311, -122.75502)",0,7953,42.0,265,,1,Recorded completed stay,gap,31-day gap before validation or testing,2026-01-23,excluded
,DOG,POODLE STND/MIX,BLACK,Female,PUPPY,2025-08-23T00:00:00.000,K25-054449,TRUCK,A438871,2025-12-23,2025-12-23,0,OWNER SURRENDER,FIELD,TRANSFER,HSSC,HEALTHY,HEALTHY,COUNTY,COUNTY,95407.0,"
,  95407
(38.41483, -122.72707)",0,7954,0.0,265,,0,Recorded completed stay,gap,31-day gap before validation or testing,2025-12-23,excluded
,DOG,GOLDEN RETR/POODLE STND,BLACK,Male,MED,2025-08-23T00:00:00.000,K25-054450,DS89,A438872,2025-12-23,2025-12-24,1,OWNER SURRENDER,FIELD,TRANSFER,DOGWOOD,HEALTHY,HEALTHY,COUNTY,SANTA ROSA,95403.0,"
,  95403
(38.51311, -122.75502)",0,7955,1.0,265,,0,Recorded completed stay,gap,31-day gap before validation or testing,2025-12-24,excluded
,DOG,POODLE STND/MIX,BLACK/WHITE,Female,PUPPY,2025-08-23T00:00:00.000,K25-054451,TRUCK,A438873,2025-12-23,2025-12-23,0,OWNER SURRENDER,FIELD,TRANSFER,HSSC,HEALTHY,HEALTHY,COUNTY,COUNTY,95407.0,"
,  95407
(38.41483, -122.72707)",0,7956,0.0,265,,0,Recorded completed stay,gap,31-day gap before validation or testing,2025-12-23,excluded
,DOG,GOLDEN RETR/POODLE STND,BLACK,Male,MED,2025-08-23T00:00:00.000,K25-054453,DS57,A438875,2025-12-23,2025-12-31,8,OWNER SURRENDER,FIELD,TRANSFER,DOGWOOD,HEALTHY,HEALTHY,COUNTY,SANTA ROSA,95403.0,"
,  95403
(38.51311, -122.75502)",0,7958,8.0,265,,0,Recorded completed stay,gap,31-day gap before validation or testing,2025-12-31,excluded
,DOG,POODLE STND/MIX,BLACK,Female,PUPPY,2025-08-23T00:00:00.000,K25-054454,TRUCK,A438876,2025-12-23,2025-12-23,0,OWNER SURRENDER,FIELD,TRANSFER,HSSC,HEALTHY,HEALTHY,COUNTY,COUNTY,95407.0,"
,  95407
(38.41483, -122.72707)",0,7959,0.0,265,,0,Recorded completed stay,gap,31-day gap before validation or testing,2025-12-23,excluded
LALA,DOG,DACHSHUND,RED,Spayed,SMALL,2022-06-23T00:00:00.000,K25-054455,DQ107,A438878,2025-12-23,2025-12-23,0,STRAY,FIELD,RETURN TO OWNER,OVER THE COUNTER_NOTICE,UNKNOWN,PENDING,SANTA ROSA,SANTA ROSA,95407.0,"
,  95407
(38.41483, -122.72707)",1,7960,0.0,265,,0,Recorded completed stay,gap,31-day gap before validation or testing,2025-12-23,excluded
PEPPA,CAT,DOMESTIC SH,BLACK/WHITE,Spayed,SMALL,2022-12-23T00:00:00.000,K25-054456,CS05,A438880,2025-12-23,2025-12-23,0,STRAY,OVER THE COUNTER,RETURN TO OWNER,OVER THE COUNTER_NOTICE,UNKNOWN,PENDING,COUNTY,HEALDSBURG,95448.0,"
,  95448
(38.61064, -122.86883)",1,7961,0.0,265,,0,Recorded completed stay,gap,31-day gap before validation or testing,2025-12-23,excluded
,DOG,LABRADOR RETR,BLACK,Male,PUPPY,2025-12-17T00:00:00.000,K25-054457,FOSTER,A438884,2025-12-23,2025-12-30,7,STRAY,EMAIL,TRANSFER,PETSLIFELN,UNKNOWN,HEALTHY,SANTA ROSA,COUNTY,95476.0,"
,  95476
(38.29188, -122.45728)",1,7962,7.0,265,,0,Recorded completed stay,gap,31-day gap before validation or testing,2025-12-30,excluded
WAGS,CAT,DOMESTIC SH,ORG TABBY,Neutered,SMALL,2022-12-23T00:00:00.000,K25-054458,CA02,A438885,2025-12-23,2026-01-07,15,STRAY,OVER THE COUNTER,ADOPTION,SCAS WEB,HEALTHY,HEALTHY,COUNTY,COUNTY,95472.0,"
,  95472
(38.40179, -122.82512)",1,7963,15.0,265,,0,Recorded completed stay,gap,31-day gap before validation or testing,2026-01-07,excluded
NIKO,DOG,PIT BULL/AUST CATTLE DOG,BLACK/WHITE,Neutered,MED,2024-01-02T00:00:00.000,K25-054459,DS88,A428897,2025-12-23,2026-05-06,134,ADOPTION RETURN,OVER THE COUNTER,TRANSFER,SINK,TREATABLE/MANAGEABLE,TREATABLE/MANAGEABLE,SANTA ROSA,,95441.0,"
,  95441
(38.70646, -122.90408)",1,7964,134.0,265,,1,Recorded completed stay,gap,31-day gap before validation or testing,2026-01-23,excluded
,DOG,PIT BULL,TAN,Male,PUPPY,2025-05-23T00:00:00.000,K25-054460,DS86,A438886,2025-12-23,2026-01-07,15,STRAY,OVER THE COUNTER,EUTHANIZE,AGGRESSIVE,UNTREATABLE,UNTREATABLE,SANTA ROSA,,,,1,7965,15.0,265,,0,Recorded completed stay,gap,31-day gap before validation or testing,2026-01-07,excluded
SWEET PEA,DOG,CHIHUAHUA SH,BLACK/WHITE,Spayed,TOY,2014-06-07T00:00:00.000,K25-054462,TRUCK,A373730,2025-12-24,2025-12-24,0,STRAY,FIELD,RETURN TO OWNER,FLD_MCHIP,HEALTHY,HEALTHY,COUNTY,COUNTY,94952.0,"
,  94952
(38.23262, -122.64426)",1,7967,0.0,264,,0,Recorded completed stay,gap,31-day gap before validation or testing,2025-12-24,excluded
,OTHER,BAT,BROWN,Unknown,SMALL,,K25-054463,PHLAB,A438900,2025-12-24,2025-12-24,0,QUARANTINE,FIELD,TRANSFER,LAB FRA,UNKNOWN,DEAD,COUNTY,,,,1,7968,0.0,264,,0,Recorded completed stay,gap,31-day gap before validation or testing,2025-12-24,excluded
SIREN,DOG,GERM SHEPHERD,BLACK,Male,LARGE,2023-03-13T00:00:00.000,K25-054465,DS85,A428996,2025-12-25,2025-12-26,1,STRAY,FIELD,RETURN TO OWNER,OVER THE COUNTER_MCHIP,HEALTHY,HEALTHY,COUNTY,COUNTY,95472.0,"
,  95472
(38.40179, -122.82512)",1,7969,1.0,263,,0,Recorded completed stay,gap,31-day gap before validation or testing,2025-12-26,excluded
*AHA,CAT,DOMESTIC MH,TORTIE,Female,KITTN,2025-09-11T00:00:00.000,K25-054466,CA03,A438913,2025-12-26,2026-01-08,13,STRAY,OVER THE COUNTER,TRANSFER,HSSC,UNKNOWN,HEALTHY,COUNTY,COUNTY,95407.0,"
,  95407
(38.41483, -122.72707)",1,7970,13.0,262,,0,Recorded completed stay,gap,31-day gap before validation or testing,2026-01-08,excluded
*AZALEA,DOG,ANATOL SHEPHERD,BROWN/BLACK,Female,LARGE,2024-06-26T00:00:00.000,K25-054467,DA26,A438914,2025-12-26,2026-02-05,41,STRAY,FIELD,TRANSFER,HSSC,UNKNOWN,HEALTHY,COUNTY,COUNTY,95407.0,"
,  95407
(38.41483, -122.72707)",1,7971,41.0,262,,1,Recorded completed stay,gap,31-day gap before validation or testing,2026-01-26,excluded
*SUNFLOWER,DOG,SPANISH MASTIFF/MIX,CREAM/BLACK,Neutered,LARGE,2021-01-14T00:00:00.000,K25-054468,DS57,A438915,2025-12-26,2026-01-30,35,STRAY,FIELD,EUTHANIZE,ILL SEVERE,UNTREATABLE,UNTREATABLE,COUNTY,,,,1,7972,35.0,262,,1,Recorded completed stay,gap,31-day gap before validation or testing,2026-01-26,excluded
,DOG,KANGAL/MIX,CREAM,Female,LARGE,,K25-054469,DS89,A438916,2025-12-26,2026-01-22,27,STRAY,FIELD,EUTHANIZE,BEH SEVERE,UNTREATABLE,UNTREATABLE,COUNTY,,,,1,7973,27.0,262,,0,Recorded completed stay,gap,31-day gap before validation or testing,2026-01-22,excluded
TOBY,DOG,POMERANIAN,WHITE,Male,TOY,2022-12-26T00:00:00.000,K25-054470,DS50,A438917,2025-12-26,2025-12-26,0,STRAY,OVER THE COUNTER,RETURN TO OWNER,OVER THE COUNTER_WALKIN,UNKNOWN,PENDING,COUNTY,COUNTY,95492.0,"
,  95492
(38.54938, -122.81318)",1,7974,0.0,262,,0,Recorded completed stay,gap,31-day gap before validation or testing,2025-12-26,excluded
GORDA,CAT,SCOTTISH FOLD,BRN TABBY/WHITE,Spayed,SMALL,2020-12-01T00:00:00.000,K25-054471,CA02,A438918,2025-12-26,2026-01-17,22,STRAY,OVER THE COUNTER,ADOPTION,FB SCAS,HEALTHY,HEALTHY,SANTA ROSA,PETALUMA,94954.0,"
,  94954
(38.26295, -122.64045)",1,7975,22.0,262,,0,Recorded completed stay,gap,31-day gap before validation or testing,2026-01-17,excluded
SERI,CAT,MAINE COON,BLACK,Male,SMALL,,K25-054473,VET,A438921,2025-12-26,2025-12-28,2,STRAY,OVER THE COUNTER,RETURN TO OWNER,OVER THE COUNTER_MCHIP,UNKNOWN,TREATABLE/MANAGEABLE,COUNTY,,,,1,7976,2.0,262,,0,Recorded completed stay,gap,31-day gap before validation or testing,2025-12-28,excluded
WILSON,DOG,LABRADOR RETR,BLACK,Female,LARGE,2024-05-20T00:00:00.000,K25-054475,DS74,A437086,2025-12-26,2025-12-26,0,STRAY,OVER THE COUNTER,RETURN TO OWNER,FLD_MCHIP,UNKNOWN,PENDING,COUNTY,COUNTY,95401.0,"
,  95401
(38.45663, -122.72292)",1,7977,0.0,262,,0,Recorded completed stay,gap,31-day gap before validation or testing,2025-12-26,excluded
LOBO,DOG,GERM SHEPHERD,TAN/BLACK,Neutered,LARGE,2018-11-02T00:00:00.000,K25-054476,TRUCK,A389139,2025-12-26,2025-12-26,0,STRAY,FIELD,RETURN TO OWNER,FLD_MCHIP,HEALTHY,HEALTHY,SANTA ROSA,COUNTY,95407.0,"
,  95407
(38.41483, -122.72707)",1,7978,0.0,262,,0,Recorded completed stay,gap,31-day gap before validation or testing,2025-12-26,excluded
BO,DOG,POINTER,BROWN/WHITE,Male,SMALL,2014-12-26T00:00:00.000,K25-054477,DS76,A438928,2025-12-26,2025-12-26,0,STRAY,OVER THE COUNTER,RETURN TO OWNER,OVER THE COUNTER_NOTICE,UNKNOWN,PENDING,COUNTY,COUNTY,95403.0,"
,  95403
(38.51311, -122.75502)",1,7979,0.0,262,,0,Recorded completed stay,gap,31-day gap before validation or testing,2025-12-26,excluded
CHIQUIO,DOG,GERM SHEPHERD,TAN/BLACK,Neutered,LARGE,2013-10-11T00:00:00.000,K25-054478,TRUCK,A307882,2025-12-26,2025-12-26,0,STRAY,FIELD,RETURN TO OWNER,FLD_MCHIP,HEALTHY,HEALTHY,SANTA ROSA,COUNTY,95407.0,"
,  95407
(38.41483, -122.72707)",1,7980,0.0,262,,0,Recorded completed stay,gap,31-day gap before validation or testing,2025-12-26,excluded
*HILDA,DOG,GERM SHEPHERD/MIX,BROWN/BLACK,Spayed,LARGE,2022-12-26T00:00:00.000,K25-054481,DS88,A438930,2025-12-26,2026-03-11,75,STRAY,OVER THE COUNTER,EUTHANIZE,BEH SEVERE,HEALTHY,UNTREATABLE,COUNTY,,,,1,7981,75.0,262,,1,Recorded completed stay,gap,31-day gap before validation or testing,2026-01-26,excluded
*SAM,DOG,BORDER COLLIE,BROWN/WHITE,Neutered,MED,2022-01-26T00:00:00.000,K25-054483,DA13,A438932,2025-12-27,2026-02-24,59,STRAY,FIELD,ADOPTION,WALKIN,UNKNOWN,HEALTHY,COUNTY,COUNTY,95407.0,"
,  95407
(38.41483, -122.72707)",1,7982,59.0,261,,1,Recorded completed stay,gap,31-day gap before validation or testing,2026-01-27,excluded
WEBSTER,CAT,DOMESTIC MH,BLACK,Neutered,SMALL,2025-08-27T00:00:00.000,K25-054484,CA03,A438945,2025-12-27,2026-01-08,12,CONFISCATE,FLD_INVEST,TRANSFER,HSSC,UNKNOWN,HEALTHY,SANTA ROSA,COUNTY,95407.0,"
,  95407
(38.41483, -122.72707)",1,7983,12.0,261,,0,Recorded completed stay,gap,31-day gap before validation or testing,2026-01-08,excluded
TRIPLE DIPPER,CAT,DOMESTIC SH,BLACK,Spayed,SMALL,2025-08-27T00:00:00.000,K25-054485,CI01,A438944,2025-12-27,2026-01-08,12,CONFISCATE,FLD_INVEST,TRANSFER,HSSC,HEALTHY,HEALTHY,SANTA ROSA,COUNTY,95407.0,"
,  95407
(38.41483, -122.72707)",1,7984,12.0,261,,0,Recorded completed stay,gap,31-day gap before validation or testing,2026-01-08,excluded
*LUMI,DOG,AUST CATTLE DOG,BLUE/TAN,Spayed,PUPPY,2025-05-21T00:00:00.000,K25-054486,DA07,A438961,2025-12-27,2026-02-03,38,STRAY,FIELD,ADOPTION,SCAS WEB,HEALTHY,HEALTHY,COUNTY,COUNTY,95436.0,"
,  95436
(38.47569, -122.89487)",1,7985,38.0,261,,1,Recorded completed stay,gap,31-day gap before validation or testing,2026-01-27,excluded
BANDIT,DOG,CHIHUAHUA SH,TAN,Male,TOY,2024-12-27T00:00:00.000,K25-054487,RECEIVING,A438962,2025-12-27,2025-12-27,0,STRAY,OVER THE COUNTER,RETURN TO OWNER,OVER THE COUNTER_NOTICE,HEALTHY,HEALTHY,SANTA ROSA,SANTA ROSA,95403.0,"
,  95403
(38.51311, -122.75502)",1,7986,0.0,261,,0,Recorded completed stay,gap,31-day gap before validation or testing,2025-12-27,excluded
,CAT,DOMESTIC MH,BRN TABBY,Male,SMALL,2023-01-08T00:00:00.000,K25-054488,CS06,A438973,2025-12-27,2026-01-20,24,STRAY,OVER THE COUNTER,TRANSFER,FORGOTTEN,UNKNOWN,PENDING,SANTA ROSA,SANTA ROSA,95403.0,"
,  95403
(38.51311, -122.75502)",1,7987,24.0,261,,0,Recorded completed stay,gap,31-day gap before validation or testing,2026-01-20,excluded
*CHAMP,DOG,BELG MALINOIS/MIX,TAN/BLACK,Neutered,PUPPY,2025-10-21T00:00:00.000,K25-054491,DA35,A438977,2025-12-28,2026-01-31,34,CONFISCATE,FLD_ARREST,ADOPTION,SCAS WEB,UNKNOWN,HEALTHY,COUNTY,OUT OF COUNTY,94066.0,"
,  94066
(37.62517, -122.41431)",1,7988,34.0,260,,1,Recorded completed stay,gap,31-day gap before validation or testing,2026-01-28,excluded
PEGASO,OTHER,HORSE,WHITE/GRAY,Male,LARGE,2017-12-31T00:00:00.000,K25-054492,CHANGE,A438978,2025-12-28,2025-12-31,3,STRAY,FIELD,RETURN TO OWNER,OVER THE COUNTER_NOTICE,UNKNOWN,PENDING,COUNTY,COUNTY,95407.0,"
,  95407
(38.41483, -122.72707)",1,7989,3.0,260,,0,Recorded completed stay,gap,31-day gap before validation or testing,2025-12-31,excluded
THOR,DOG,SIBERIAN HUSKY/MIX,WHITE,Male,MED,2025-04-30T00:00:00.000,K25-054493,DS74,A438984,2025-12-29,2025-12-30,1,STRAY,FIELD,RETURN TO OWNER,OVER THE COUNTER_WEB,HEALTHY,HEALTHY,SANTA ROSA,SANTA ROSA,95407.0,"
,  95407
(38.41483, -122.72707)",1,7990,1.0,259,,0,Recorded completed stay,gap,31-day gap before validation or testing,2025-12-30,excluded
HELLA,DOG,LABRADOR RETR,YELLOW,Female,SMALL,2023-06-30T00:00:00.000,K25-054494,DS73,A438985,2025-12-29,2025-12-30,1,STRAY,FIELD,RETURN TO OWNER,OVER THE COUNTER_WEB,HEALTHY,HEALTHY,SANTA ROSA,SANTA ROSA,95407.0,"
,  95407
(38.41483, -122.72707)",1,7991,1.0,259,,0,Recorded completed stay,gap,31-day gap before validation or testing,2025-12-30,excluded
,OTHER,QUAIL,BROWN,Unknown,SMALL,,K25-054495,CI02,A438986,2025-12-29,2026-01-11,13,STRAY,FIELD,EUTHANIZE,INJ SEVERE,UNTREATABLE,UNTREATABLE,HEALDSBURG,,,,1,7992,13.0,259,,0,Recorded completed stay,gap,31-day gap before validation or testing,2026-01-11,excluded
*NADINE,CAT,DOMESTIC SH,CALICO,Spayed,SMALL,2025-01-08T00:00:00.000,K25-054496,CA02,A438988,2025-12-29,2026-02-17,50,STRAY,FIELD,ADOPTION,WALKIN,HEALTHY,HEALTHY,COUNTY,PETALUMA,94954.0,"
,  94954
(38.26295, -122.64045)",1,7993,50.0,259,,1,Recorded completed stay,gap,31-day gap before validation or testing,2026-01-29,excluded
*SPRINKLES,DOG,SCHNAUZER MIN/MIX,BLACK,Neutered,SMALL,2022-01-08T00:00:00.000,K25-054497,DS49,A438989,2025-12-29,2026-01-20,22,STRAY,FIELD,EUTHANIZE,BEH SEVERE,UNTREATABLE,UNTREATABLE,COUNTY,,,,1,7994,22.0,259,,0,Recorded completed stay,gap,31-day gap before validation or testing,2026-01-20,excluded
HAVOC,DOG,LABRADOR RETR,WHITE/BLACK,Neutered,PUPPY,2025-12-13T00:00:00.000,K25-054501,FOSTER,A439006,2025-12-29,2026-02-26,59,STRAY,FIELD,ADOPTION,REFERRAL-O,UNKNOWN,PENDING,SANTA ROSA,COUNTY,95407.0,"
,  95407
(38.41483, -122.72707)",1,7995,59.0,259,,1,Recorded completed stay,gap,31-day gap before validation or testing,2026-01-29,excluded
LEO,DOG,GERM SHEPHERD,BLACK,Neutered,MED,2016-06-03T00:00:00.000,K25-054500,DS77,A344248,2025-12-30,2025-12-30,0,STRAY,FIELD,RETURN TO OWNER,OVER THE COUNTER_WEB,HEALTHY,HEALTHY,SANTA ROSA,SANTA ROSA,95401.0,"
,  95401
(38.45663, -122.72292)",1,7996,0.0,258,,0,Recorded completed stay,gap,31-day gap before validation or testing,2025-12-30,excluded
LILY,DOG,GERM SHEPHERD,WHITE,Female,MED,2015-12-30T00:00:00.000,K25-054503,TX,A439011,2025-12-30,2026-01-05,6,CONFISCATE,FLD_HOSPTL,EUTHANIZE,ILL SEVERE,UNTREATABLE,UNTREATABLE,SANTA ROSA,SANTA ROSA,95405.0,"
,  95405
(38.44473, -122.68655)",1,7997,6.0,258,,0,Recorded completed stay,gap,31-day gap before validation or testing,2026-01-05,excluded
TURTLE,DOG,PIT BULL/MIX,BLACK/WHITE,Neutered,MED,2021-09-28T00:00:00.000,K25-054505,DS84,A439014,2025-12-30,2026-04-23,114,STRAY,OVER THE COUNTER,EUTHANIZE,AGGRESSIVE,HEALTHY,UNTREATABLE,SANTA ROSA,,,,1,7998,114.0,258,,1,Recorded completed stay,gap,31-day gap before validation or testing,2026-01-30,excluded
*NORRIS,OTHER,CHICKEN,RED/BLACK,Male,SMALL,,K25-054506,LS06,A439016,2025-12-30,2026-02-06,38,STRAY,OVER THE COUNTER,TRANSFER,WESTFARM,UNKNOWN,HEALTHY,COUNTY,SANTA ROSA,95401.0,"
,  95401
(38.45663, -122.72292)",1,7999,38.0,258,,1,Recorded completed stay,gap,31-day gap before validation or testing,2026-01-30,excluded
*HYDE,CAT,DOMESTIC SH,LYNX PT,Neutered,MED,2021-01-09T00:00:00.000,K25-054507,CS06,A439017,2025-12-30,2026-01-21,22,STRAY,FIELD,EUTHANIZE,ILL SEVERE,UNTREATABLE,UNTREATABLE,SANTA ROSA,,,,1,8000,22.0,258,,0,Recorded completed stay,gap,31-day gap before validation or testing,2026-01-21,excluded
KING,DOG,GERM SHEPHERD,BLACK/TAN,Neutered,MED,2024-03-04T00:00:00.000,K25-054508,DS79,A439013,2025-12-30,2026-02-10,42,CONFISCATE,FLD_ARREST,EUTHANIZE,AGGRESSIVE,UNTREATABLE,UNTREATABLE,SANTA ROSA,,,,1,8001,42.0,258,,1,Recorded completed stay,gap,31-day gap before validation or testing,2026-01-30,excluded
*DRAGONFLY,DOG,AUST CATTLE DOG/MIX,BLACK/WHITE,Spayed,SMALL,2025-08-31T00:00:00.000,K25-054509,DA02,A439020,2025-12-31,2026-01-23,23,STRAY,FIELD,ADOPTION,WALKIN,UNKNOWN,HEALTHY,COUNTY,WINDSOR,95492.0,"
,  95492
(38.54943, -122.81329)",1,8002,23.0,257,,0,Recorded completed stay,gap,31-day gap before validation or testing,2026-01-23,excluded
*FITCH,DOG,AUST CATTLE DOG/MIX,RED/WHITE,Neutered,SMALL,2025-04-15T00:00:00.000,K25-054510,DA08,A439021,2025-12-31,2026-01-31,31,STRAY,FIELD,ADOPTION,SCAS WEB,HEALTHY,HEALTHY,COUNTY,SANTA ROSA,95405.0,"
,  95405
(38.44473, -122.68655)",1,8003,31.0,257,,1,Recorded completed stay,gap,31-day gap before validation or testing,2026-01-31,excluded
*SCHUGIE,DOG,AUST CATTLE DOG/MIX,RED/WHITE,Spayed,SMALL,2025-07-01T00:00:00.000,K25-054511,DA46,A439022,2025-12-31,2026-04-24,114,STRAY,FIELD,ADOPTION,WALKIN,HEALTHY,HEALTHY,COUNTY,COUNTY,94954.0,"
,  94954
(38.26295, -122.64045)",1,8004,114.0,257,,1,Recorded completed stay,gap,31-day gap before validation or testing,2026-01-31,excluded
*MATHESON,DOG,AUST CATTLE DOG,BLACK/WHITE,Male,SMALL,2025-07-01T00:00:00.000,K25-054512,TX,A439023,2025-12-31,2026-03-30,89,STRAY,FIELD,EUTHANIZE,BEH SEVERE,UNTREATABLE,UNTREATABLE,COUNTY,,,,1,8005,89.0,257,,1,Recorded completed stay,gap,31-day gap before validation or testing,2026-01-31,excluded
,DOG,AUST CATTLE DOG/MIX,WHITE,Female,SMALL,2025-07-01T00:00:00.000,K25-054513,DI105,A439024,2025-12-31,2026-01-29,29,STRAY,FIELD,EUTHANIZE,BEH SEVERE,UNTREATABLE,UNTREATABLE,COUNTY,,,,1,8006,29.0,257,,0,Recorded completed stay,gap,31-day gap before validation or testing,2026-01-29,excluded
*TANNER,DOG,AUST CATTLE DOG/MIX,TAN,Neutered,SMALL,2025-07-01T00:00:00.000,K25-054514,DA35,A439025,2025-12-31,2026-07-09,190,STRAY,FIELD,ADOPTION,OTH_MEDIA,UNKNOWN,HEALTHY,COUNTY,SANTA ROSA,95407.0,"
,  95407
(38.41483, -122.72707)",1,8007,190.0,257,,1,Recorded completed stay,gap,31-day gap before validation or testing,2026-01-31,excluded
*PETRIE,DOG,AUST CATTLE DOG/MIX,WHITE/BLACK,Neutered,SMALL,2025-07-01T00:00:00.000,K25-054515,COOLER,A439026,2025-12-31,2026-02-23,54,STRAY,FIELD,DISPOSAL,DOA,HEALTHY,DEAD,COUNTY,,,,1,8008,54.0,257,,1,Recorded completed stay,gap,31-day gap before validation or testing,2026-01-31,excluded
,DOG,BELG MALINOIS/MIX,TAN,Spayed,MED,2022-12-31T00:00:00.000,K25-054517,DS70,A439036,2025-12-31,2026-01-06,6,STRAY,FIELD,TRANSFER,ROXYS,UNKNOWN,PENDING,COUNTY,COUNTY,94952.0,"
,  94952
(38.23262, -122.64426)",1,8009,6.0,257,,0,Recorded completed stay,gap,31-day gap before validation or testing,2026-01-06,excluded
,OTHER,RABBIT SH,TAN/BLACK,Male,SMALL,2023-12-31T00:00:00.000,K25-054518,CA01,A439035,2025-12-31,2026-04-18,108,STRAY,FIELD,TRANSFER,RP SHELTER,UNKNOWN,HEALTHY,SANTA ROSA,*ROHNERT PARK,94928.0,"
,  94928
(38.34246, -122.71182)",1,8010,108.0,257,,1,Recorded completed stay,gap,31-day gap before validation or testing,2026-01-31,excluded
*JOUST,DOG,ROTTWEILER/GERM SHEPHERD,BLACK/TAN,Neutered,LARGE,2023-09-20T00:00:00.000,K25-054519,DS68,A439038,2025-12-31,2026-01-06,6,STRAY,FIELD,TRANSFER,ROXYS,UNKNOWN,PENDING,COUNTY,COUNTY,94952.0,"
,  94952
(38.23262, -122.64426)",1,8011,6.0,257,,0,Recorded completed stay,gap,31-day gap before validation or testing,2026-01-06,excluded
,DOG,GERM SHEPHERD/MIX,SABLE,Spayed,MED,,K25-054520,DS82,A439039,2025-12-31,2026-01-06,6,STRAY,FIELD,TRANSFER,ROXYS,UNKNOWN,PENDING,COUNTY,COUNTY,94952.0,"
,  94952
(38.23262, -122.64426)",1,8012,6.0,257,,0,Recorded completed stay,gap,31-day gap before validation or testing,2026-01-06,excluded
COLT,DOG,PIT BULL,GRAY,Neutered,LARGE,2018-04-23T00:00:00.000,K25-054522,DS73,A392479,2025-12-31,2026-01-06,6,STRAY,OVER THE COUNTER,RTOS,SOVER THE COUNTER,HEALTHY,HEALTHY,COUNTY,SANTA ROSA,95401.0,"
,  95401
(38.45663, -122.72292)",1,8013,6.0,257,,0,Recorded completed stay,gap,31-day gap before validation or testing,2026-01-06,excluded
HARLEY,DOG,PIT BULL,GRAY,Spayed,LARGE,2019-05-17T00:00:00.000,K25-054523,DS63,A392480,2025-12-31,2026-01-06,6,STRAY,OVER THE COUNTER,RETURN TO OWNER,OVER THE COUNTER_MCHIP,TREATABLE/REHAB,TREATABLE/REHAB,COUNTY,SANTA ROSA,95401.0,"
,  95401
(38.45663, -122.72292)",1,8014,6.0,257,,0,Recorded completed stay,gap,31-day gap before validation or testing,2026-01-06,excluded
ONYX,DOG,GERM SHEPHERD/SIBERIAN HUSKY,TAN/BLACK,Female,MED,2022-12-31T00:00:00.000,K25-054525,DS77,A434112,2025-12-31,2025-12-31,0,STRAY,FIELD,RETURN TO OWNER,OVER THE COUNTER_CALL,TREATABLE/MANAGEABLE,TREATABLE/MANAGEABLE,SANTA ROSA,SANTA ROSA,95409.0,"
,  95409
(38.46382, -122.67058)",1,8015,0.0,257,,0,Recorded completed stay,gap,31-day gap before validation or testing,2025-12-31,excluded
*PICASSO,CAT,DOMESTIC SH,BLACK,Male,KITTN,2025-10-01T00:00:00.000,K25-054526,CI01,A439045,2025-12-31,2026-01-14,14,STRAY,FIELD,TRANSFER,HSSC,UNKNOWN,HEALTHY,COUNTY,COUNTY,95407.0,"
,  95407
(38.41483, -122.72707)",1,8016,14.0,257,,0,Recorded completed stay,gap,31-day gap before validation or testing,2026-01-14,excluded
,DOG,AUST CATTLE DOG/MIX,BR BRINDLE,Female,PUPPY,2025-07-22T00:00:00.000,K25-054527,DS59,A439047,2025-12-31,2026-01-29,29,STRAY,FIELD,EUTHANIZE,BEH SEVERE,UNTREATABLE,UNTREATABLE,COUNTY,,,,1,8017,29.0,257,,0,Recorded completed stay,gap,31-day gap before validation or testing,2026-01-29,excluded
TANGO,DOG,BERNESE MTN DOG/MIX,BLACK/TRICOLOR,Neutered,MED,2025-01-04T00:00:00.000,K25-054528,DS84,A439046,2025-12-31,2026-01-02,2,STRAY,FIELD,RETURN TO OWNER,OVER THE COUNTER_MCHIP,UNKNOWN,PENDING,SANTA ROSA,COUNTY,95407.0,"
,  95407
(38.41483, -122.72707)",1,8018,2.0,257,,0,Recorded completed stay,gap,31-day gap before validation or testing,2026-01-02,excluded
