source_row_number,id,impound_number,intake_date,label_known_date,candidate_split,final_split,split_exclusion_reason
1,A414670,K23-043481,2023-01-01,2023-01-03,train,train,
2,A414672,K23-043482,2023-01-01,2023-01-21,train,train,
3,A414673,K23-043483,2023-01-01,2023-01-03,train,train,
4,A410250,K23-043484,2023-01-01,2023-01-14,train,train,
5,A414675,K23-043485,2023-01-02,2023-01-22,train,train,
6,A413794,K23-043493,2023-01-03,2023-01-18,train,train,
7,A414689,K23-043495,2023-01-03,2023-02-03,train,train,
8,A414691,K23-043496,2023-01-03,2023-01-28,train,train,
9,A370582,K23-043497,2023-01-03,2023-02-03,train,train,
10,A412310,K23-043499,2023-01-03,2023-02-03,train,train,
11,A414717,K23-043506,2023-01-04,2023-01-19,train,train,
12,A414738,K23-043510,2023-01-05,2023-02-05,train,train,
13,A414737,K23-043511,2023-01-05,2023-02-02,train,train,
14,A275743,K23-043512,2023-01-05,2023-01-06,train,train,
15,A414749,K23-043514,2023-01-05,2023-01-31,train,train,
16,A414750,K23-043515,2023-01-05,2023-02-05,train,train,
17,A414752,K23-043517,2023-01-06,2023-01-07,train,train,
18,A414755,K23-043518,2023-01-06,2023-01-26,train,train,
19,A412679,K23-043519,2023-01-06,2023-01-06,train,train,
20,A412678,K23-043520,2023-01-06,2023-01-06,train,train,
21,A414756,K23-043521,2023-01-06,2023-02-06,train,train,
22,A414759,K23-043523,2023-01-06,2023-02-06,train,train,
23,A414761,K23-043524,2023-01-06,2023-01-06,train,train,
24,A414763,K23-043525,2023-01-06,2023-01-27,train,train,
25,A414767,K23-043528,2023-01-06,2023-02-06,train,train,
26,A414771,K23-043530,2023-01-06,2023-02-06,train,train,
27,A414773,K23-043531,2023-01-06,2023-02-06,train,train,
28,A414788,K23-043532,2023-01-07,2023-02-07,train,train,
29,A414792,K23-043533,2023-01-07,2023-01-18,train,train,
30,A414793,K23-043534,2023-01-07,2023-01-07,train,train,
31,A414799,K23-043535,2023-01-08,2023-02-08,train,train,
32,A347255,K23-043536,2023-01-08,2023-02-02,train,train,
33,A411416,K23-043539,2023-01-09,2023-01-19,train,train,
34,A414805,K23-043540,2023-01-09,2023-01-18,train,train,
35,A414806,K23-043541,2023-01-09,2023-01-18,train,train,
36,A414807,K23-043542,2023-01-09,2023-01-26,train,train,
37,A414808,K23-043543,2023-01-09,2023-01-26,train,train,
38,A414809,K23-043544,2023-01-09,2023-01-26,train,train,
39,A414810,K23-043545,2023-01-09,2023-01-18,train,train,
40,A414811,K23-043546,2023-01-09,2023-01-10,train,train,
41,A414812,K23-043547,2023-01-10,2023-01-10,train,train,
42,A414817,K23-043548,2023-01-10,2023-01-10,train,train,
43,A414819,K23-043549,2023-01-10,2023-02-10,train,train,
44,A414818,K23-043550,2023-01-10,2023-01-20,train,train,
45,A412812,K23-043551,2023-01-10,2023-01-17,train,train,
46,A414823,K23-043552,2023-01-10,2023-01-10,train,train,
47,A413052,K23-043554,2023-01-10,2023-02-10,train,train,
48,A410738,K23-043556,2023-01-10,2023-01-17,train,train,
49,A414830,K23-043557,2023-01-10,2023-02-10,train,train,
50,A299415,K23-043559,2023-01-10,2023-01-12,train,excluded,Training animal also appears in validation or test period
51,A299416,K23-043560,2023-01-10,2023-01-12,train,excluded,Training animal also appears in validation or test period
52,A414848,K23-043561,2023-01-10,2023-02-10,train,train,
53,A414814,K23-043562,2023-01-10,2023-01-12,train,train,
54,A415605,K23-043563,2023-01-11,2023-01-19,train,train,
55,A388830,K23-043564,2023-01-11,2023-01-19,train,train,
56,A360813,K23-043565,2023-01-11,2023-01-11,train,train,
57,A414849,K23-043566,2023-01-11,2023-01-11,train,train,
58,A414851,K23-043567,2023-01-11,2023-02-11,train,train,
59,A414852,K23-043568,2023-01-11,2023-02-04,train,train,
60,A414853,K23-043569,2023-01-11,2023-02-03,train,train,
61,A336648,K23-043570,2023-01-11,2023-01-25,train,train,
62,A414860,K23-043571,2023-01-11,2023-02-02,train,train,
63,A414872,K23-043572,2023-01-11,2023-01-18,train,train,
64,A414875,K23-043573,2023-01-11,2023-01-11,train,train,
65,A414880,K23-043575,2023-01-11,2023-01-12,train,train,
66,A355527,K23-043576,2023-01-12,2023-01-18,train,train,
67,A414883,K23-043579,2023-01-12,2023-01-17,train,train,
68,A414887,K23-043580,2023-01-12,2023-01-27,train,train,
69,A414908,K23-043593,2023-01-12,2023-02-12,train,train,
70,A414909,K23-043594,2023-01-12,2023-01-24,train,train,
71,A414911,K23-043595,2023-01-12,2023-01-13,train,train,
72,A414912,K23-043596,2023-01-12,2023-01-13,train,train,
73,A414914,K23-043597,2023-01-12,2023-01-21,train,train,
74,A414913,K23-043598,2023-01-12,2023-02-04,train,train,
75,A375350,K23-043599,2023-01-12,2023-01-13,train,train,
76,A414916,K23-043600,2023-01-12,2023-01-13,train,train,
77,A414918,K23-043601,2023-01-12,2023-01-13,train,train,
78,A414931,K23-043603,2023-01-13,2023-02-13,train,train,
79,A414941,K23-043605,2023-01-13,2023-01-14,train,train,
80,A414944,K23-043606,2023-01-13,2023-02-13,train,train,
81,A414959,K23-043607,2023-01-13,2023-01-14,train,train,
82,A414961,K23-043608,2023-01-13,2023-01-13,train,train,
83,A414202,K23-043609,2023-01-13,2023-02-11,train,train,
84,A414964,K23-043610,2023-01-13,2023-01-14,train,train,
85,A414965,K23-043611,2023-01-13,2023-02-04,train,train,
86,A414966,K23-043612,2023-01-13,2023-01-14,train,train,
87,A414968,K23-043614,2023-01-14,2023-02-14,train,train,
88,A414973,K23-043615,2023-01-14,2023-01-14,train,train,
89,A414974,K23-043616,2023-01-14,2023-01-17,train,train,
90,A414975,K23-043617,2023-01-14,2023-02-14,train,train,
91,A215216,K23-043619,2023-01-14,2023-01-17,train,train,
92,A414986,K23-043620,2023-01-14,2023-02-14,train,train,
93,A414984,K23-043621,2023-01-14,2023-02-12,train,train,
94,A414989,K23-043622,2023-01-14,2023-01-18,train,train,
95,A410738,K23-043624,2023-01-17,2023-02-14,train,train,
96,A415002,K23-043625,2023-01-17,2023-01-17,train,train,
97,A414350,K23-043626,2023-01-17,2023-01-18,train,train,
98,A415009,K23-043627,2023-01-17,2023-02-17,train,train,
99,A413247,K23-043628,2023-01-17,2023-01-18,train,train,
100,A415013,K23-043629,2023-01-17,2023-01-18,train,train,
101,A415021,K23-043631,2023-01-17,2023-02-17,train,train,
102,A415022,K23-043632,2023-01-17,2023-01-21,train,train,
103,A412882,K23-043633,2023-01-18,2023-02-18,train,train,
104,A270880,K23-043635,2023-01-18,2023-02-04,train,train,
105,A415097,K23-043636,2023-01-18,2023-01-18,train,train,
106,A415034,K23-043638,2023-01-19,2023-01-19,train,train,
107,A415035,K23-043639,2023-01-19,2023-01-19,train,train,
108,A415036,K23-043640,2023-01-19,2023-01-19,train,train,
109,A415037,K23-043641,2023-01-19,2023-02-19,train,train,
110,A415038,K23-043642,2023-01-19,2023-01-19,train,train,
111,A415039,K23-043643,2023-01-19,2023-02-19,train,train,
112,A397644,K23-043645,2023-01-19,2023-01-20,train,train,
113,A415062,K23-043646,2023-01-19,2023-01-24,train,train,
114,A415065,K23-043647,2023-01-19,2023-02-19,train,train,
115,A415068,K23-043649,2023-01-20,2023-01-21,train,train,
116,A415069,K23-043650,2023-01-20,2023-01-21,train,train,
117,A415087,K23-043652,2023-01-20,2023-02-20,train,train,
118,A415089,K23-043653,2023-01-20,2023-02-20,train,train,
119,A414136,K23-043655,2023-01-20,2023-02-20,train,train,
120,A415098,K23-043658,2023-01-21,2023-02-07,train,excluded,Training animal also appears in validation or test period
121,A415099,K23-043659,2023-01-21,2023-02-21,train,train,
122,A415100,K23-043660,2023-01-21,2023-01-21,train,train,
123,A415101,K23-043661,2023-01-21,2023-01-21,train,train,
124,A415104,K23-043664,2023-01-21,2023-02-11,train,train,
125,A415106,K23-043665,2023-01-21,2023-02-11,train,train,
126,A415105,K23-043666,2023-01-21,2023-01-25,train,train,
127,A415107,K23-043667,2023-01-21,2023-01-24,train,excluded,Training animal also appears in validation or test period
128,A327663,K23-043668,2023-01-22,2023-01-22,train,train,
129,A371059,K23-043669,2023-01-22,2023-01-22,train,train,
130,A415111,K23-043670,2023-01-23,2023-01-24,train,train,
131,A415116,K23-043673,2023-01-23,2023-01-26,train,train,
132,A412962,K23-043676,2023-01-24,2023-02-24,train,train,
133,A415135,K23-043678,2023-01-24,2023-02-15,train,train,
134,A415137,K23-043679,2023-01-24,2023-01-26,train,train,
135,A415138,K23-043680,2023-01-24,2023-02-18,train,train,
136,A415139,K23-043681,2023-01-24,2023-02-24,train,train,
137,A415144,K23-043682,2023-01-24,2023-02-21,train,train,
138,A415146,K23-043683,2023-01-24,2023-02-24,train,train,
139,A415147,K23-043684,2023-01-25,2023-02-04,train,train,
140,A415162,K23-043693,2023-01-25,2023-01-26,train,excluded,Training animal also appears in validation or test period
141,A415164,K23-043694,2023-01-25,2023-02-25,train,train,
142,A415165,K23-043695,2023-01-25,2023-01-26,train,train,
143,A415166,K23-043696,2023-01-25,2023-01-25,train,train,
144,A415169,K23-043697,2023-01-25,2023-01-25,train,train,
145,A371464,K23-043698,2023-01-25,2023-01-26,train,train,
146,A415170,K23-043699,2023-01-25,2023-02-24,train,train,
147,A415171,K23-043700,2023-01-25,2023-01-27,train,train,
148,A415179,K23-043702,2023-01-26,2023-01-27,train,train,
149,A412061,K23-043703,2023-01-26,2023-02-26,train,train,
150,A415188,K23-043704,2023-01-26,2023-02-26,train,train,
151,A415200,K23-043707,2023-01-27,2023-02-27,train,train,
152,A415201,K23-043708,2023-01-27,2023-02-15,train,train,
153,A415202,K23-043709,2023-01-27,2023-02-16,train,train,
154,A407272,K23-043710,2023-01-27,2023-02-27,train,train,
155,A415204,K23-043711,2023-01-27,2023-02-27,train,train,
156,A415205,K23-043712,2023-01-27,2023-01-31,train,train,
157,A415209,K23-043713,2023-01-27,2023-01-31,train,train,
158,A415222,K23-043715,2023-01-27,2023-02-01,train,train,
159,A413982,K23-043716,2023-01-28,2023-02-22,train,train,
160,A415224,K23-043717,2023-01-28,2023-02-12,train,train,
161,A415235,K23-043718,2023-01-28,2023-02-28,train,train,
162,A415236,K23-043719,2023-01-28,2023-02-15,train,train,
163,A415239,K23-043720,2023-01-28,2023-02-28,train,train,
164,A415241,K23-043722,2023-01-28,2023-02-12,train,train,
165,A415243,K23-043723,2023-01-29,2023-01-31,train,train,
166,A378387,K23-043724,2023-01-29,2023-03-01,train,train,
167,A410174,K23-043725,2023-01-30,2023-01-31,train,train,
168,A415246,K23-043726,2023-01-30,2023-01-31,train,train,
169,A361248,K23-043731,2023-01-30,2023-01-30,train,train,
170,A415262,K23-043732,2023-01-31,2023-02-14,train,train,
171,A249409,K23-043733,2023-01-31,2023-02-01,train,train,
172,A415271,K23-043734,2023-01-31,2023-02-01,train,train,
173,A415272,K23-043735,2023-01-31,2023-02-02,train,excluded,Training animal also appears in validation or test period
174,A248539,K23-043736,2023-01-31,2023-01-31,train,train,
175,A415276,K23-043737,2023-01-31,2023-03-03,train,train,
176,A415278,K23-043739,2023-01-31,2023-03-03,train,train,
177,A415279,K23-043740,2023-01-31,2023-03-03,train,train,
178,A415286,K23-043750,2023-02-01,2023-02-01,train,train,
179,A415287,K23-043751,2023-02-01,2023-02-01,train,train,
180,A415291,K23-043754,2023-02-01,2023-02-15,train,train,
181,A414511,K23-043757,2023-02-01,2023-03-02,train,train,
182,A408756,K23-043759,2023-02-01,2023-02-01,train,train,
183,A414749,K23-043760,2023-02-02,2023-02-09,train,train,
184,A415297,K23-043761,2023-02-02,2023-03-04,train,train,
185,A414160,K23-043763,2023-02-02,2023-02-03,train,train,
186,A415272,K23-043764,2023-02-02,2023-02-15,train,excluded,Training animal also appears in validation or test period
187,A415306,K23-043765,2023-02-02,2023-02-13,train,train,
188,A415107,K23-043773,2023-02-03,2023-02-04,train,excluded,Training animal also appears in validation or test period
189,A415320,K23-043774,2023-02-03,2023-02-04,train,train,
190,A415322,K23-043775,2023-02-03,2023-02-04,train,train,
191,A415325,K23-043776,2023-02-03,2023-02-15,train,train,
192,A415328,K23-043777,2023-02-03,2023-03-06,train,train,
193,A415329,K23-043778,2023-02-03,2023-03-06,train,train,
194,A415330,K23-043779,2023-02-03,2023-03-03,train,train,
195,A415337,K23-043780,2023-02-03,2023-02-03,train,train,
196,A415345,K23-043781,2023-02-03,2023-02-04,train,train,
197,A415349,K23-043782,2023-02-03,2023-02-03,train,train,
198,A415350,K23-043783,2023-02-03,2023-02-03,train,train,
199,A415352,K23-043785,2023-02-03,2023-02-04,train,train,
200,A413017,K23-043786,2023-02-03,2023-02-04,train,train,
201,A415367,K23-043788,2023-02-04,2023-02-04,train,train,
202,A415368,K23-043789,2023-02-04,2023-03-07,train,train,
203,A039439,K23-043790,2023-02-04,2023-02-07,train,train,
204,A415376,K23-043791,2023-02-04,2023-02-04,train,train,
205,A415381,K23-043792,2023-02-04,2023-02-16,train,train,
206,A411407,K23-043793,2023-02-06,2023-02-07,train,train,
207,A415387,K23-043794,2023-02-06,2023-03-09,train,train,
208,A415388,K23-043795,2023-02-06,2023-03-09,train,train,
209,A369083,K23-043796,2023-02-06,2023-02-07,train,train,
210,A415389,K23-043797,2023-02-06,2023-02-06,train,train,
211,A415395,K23-043800,2023-02-07,2023-03-10,train,train,
212,A415396,K23-043801,2023-02-07,2023-03-10,train,train,
213,A415398,K23-043802,2023-02-07,2023-03-10,train,train,
214,A350175,K23-043804,2023-02-07,2023-02-07,train,train,
215,A347925,K23-043805,2023-02-07,2023-02-07,train,train,
216,A415402,K23-043806,2023-02-07,2023-03-10,train,train,
217,A415410,K23-043808,2023-02-07,2023-03-10,train,train,
218,A415413,K23-043809,2023-02-07,2023-02-08,train,train,
219,A415416,K23-043810,2023-02-08,2023-02-09,train,train,
220,A415424,K23-043811,2023-02-08,2023-03-01,train,train,
221,A415425,K23-043812,2023-02-08,2023-03-01,train,train,
222,A415428,K23-043813,2023-02-08,2023-03-11,train,train,
223,A415429,K23-043814,2023-02-08,2023-03-11,train,train,
224,A288342,K23-043815,2023-02-08,2023-02-08,train,train,
225,A364840,K23-043817,2023-02-09,2023-02-18,train,train,
226,A415463,K23-043819,2023-02-09,2023-02-15,train,train,
227,A415467,K23-043820,2023-02-10,2023-02-10,train,train,
228,A415397,K23-043821,2023-02-10,2023-02-28,train,train,
229,A415488,K23-043824,2023-02-10,2023-03-13,train,train,
230,A415492,K23-043825,2023-02-10,2023-03-13,train,train,
231,A415493,K23-043826,2023-02-10,2023-03-13,train,train,
232,A415494,K23-043827,2023-02-10,2023-03-03,train,train,
233,A415495,K23-043828,2023-02-10,2023-03-13,train,train,
234,A415496,K23-043829,2023-02-10,2023-03-13,train,train,
235,A415523,K23-043832,2023-02-11,2023-02-11,train,train,
236,A414749,K23-043834,2023-02-11,2023-02-16,train,train,
237,A415512,K23-043875,2023-02-11,2023-02-25,train,train,
238,A403995,K23-043835,2023-02-14,2023-02-14,train,train,
239,A415568,K23-043855,2023-02-14,2023-03-04,train,train,
240,A415578,K23-043857,2023-02-14,2023-02-28,train,train,
241,A415579,K23-043858,2023-02-14,2023-03-17,train,train,
242,A415583,K23-043859,2023-02-14,2023-02-15,train,train,
243,A415605,K23-043860,2023-02-15,2023-02-25,train,train,
244,A411416,K23-043861,2023-02-15,2023-02-25,train,train,
245,A388830,K23-043862,2023-02-15,2023-02-25,train,train,
246,A415607,K23-043863,2023-02-15,2023-02-25,train,train,
247,A415609,K23-043864,2023-02-15,2023-03-18,train,train,
248,A415612,K23-043865,2023-02-15,2023-03-18,train,train,
249,A415611,K23-043866,2023-02-15,2023-02-16,train,train,
250,A391075,K23-043867,2023-02-15,2023-02-15,train,train,
251,A415616,K23-043869,2023-02-15,2023-02-15,train,train,
252,A415618,K23-043871,2023-02-15,2023-02-17,train,train,
253,A415621,K23-043873,2023-02-15,2023-02-16,train,train,
254,A415623,K23-043874,2023-02-15,2023-02-16,train,train,
255,A415639,K23-043876,2023-02-16,2023-03-19,train,train,
256,A415647,K23-043878,2023-02-16,2023-03-07,train,train,
257,A415648,K23-043879,2023-02-16,2023-03-19,train,train,
258,A415649,K23-043880,2023-02-16,2023-03-07,train,train,
259,A415650,K23-043881,2023-02-16,2023-03-19,train,train,
260,A415658,K23-043882,2023-02-16,2023-03-11,train,train,
261,A415669,K23-043884,2023-02-16,2023-03-07,train,train,
262,A418930,K23-043885,2023-02-17,2023-03-03,train,train,
263,A415686,K23-043886,2023-02-17,2023-03-03,train,train,
264,A415687,K23-043887,2023-02-17,2023-03-03,train,train,
265,A415710,K23-043891,2023-02-17,2023-02-17,train,excluded,Training animal also appears in validation or test period
266,A415715,K23-043892,2023-02-17,2023-03-20,train,train,
267,A415720,K23-043895,2023-02-18,2023-02-28,train,train,
268,A415731,K23-043898,2023-02-18,2023-03-11,train,train,
269,A415732,K23-043899,2023-02-18,2023-02-22,train,train,
270,A407311,K23-043900,2023-02-19,2023-02-23,train,train,
271,A394142,K23-043901,2023-02-19,2023-02-23,train,train,
272,A415738,K23-043902,2023-02-20,2023-02-21,train,excluded,Training animal also appears in validation or test period
273,A415739,K23-043903,2023-02-20,2023-02-22,train,train,
274,A415750,K23-043908,2023-02-21,2023-02-21,train,train,
275,A415755,K23-043909,2023-02-21,2023-03-24,train,train,
276,A415762,K23-043910,2023-02-21,2023-02-21,train,train,
277,A415763,K23-043911,2023-02-21,2023-02-23,train,train,
278,A415767,K23-043912,2023-02-21,2023-02-21,train,train,
279,A400594,K23-043913,2023-02-21,2023-02-22,train,train,
280,A411967,K23-043914,2023-02-21,2023-02-24,train,train,
281,A415794,K23-043915,2023-02-22,2023-03-22,train,train,
282,A415795,K23-043916,2023-02-22,2023-03-18,train,train,
283,A415796,K23-043917,2023-02-22,2023-03-18,train,train,
284,A415797,K23-043918,2023-02-22,2023-03-22,train,train,
285,A341729,K23-043920,2023-02-22,2023-02-22,train,train,
286,A415805,K23-043921,2023-02-23,2023-03-26,train,train,
287,A415806,K23-043922,2023-02-23,2023-03-17,train,train,
288,A415824,K23-043924,2023-02-23,2023-03-07,train,train,
289,A415825,K23-043925,2023-02-23,2023-03-07,train,train,
290,A415826,K23-043926,2023-02-23,2023-03-07,train,train,
291,A415827,K23-043927,2023-02-23,2023-03-07,train,train,
292,A415828,K23-043928,2023-02-23,2023-02-23,train,train,
293,A415836,K23-043929,2023-02-23,2023-03-25,train,train,
294,A415859,K23-043930,2023-02-24,2023-03-16,train,train,
295,A415866,K23-043931,2023-02-24,2023-03-22,train,train,
296,A415867,K23-043932,2023-02-24,2023-03-22,train,train,
297,A415868,K23-043933,2023-02-24,2023-03-22,train,train,
298,A415869,K23-043934,2023-02-24,2023-02-24,train,train,
299,A415870,K23-043935,2023-02-24,2023-02-24,train,train,
300,A415880,K23-043936,2023-02-25,2023-03-28,train,train,
301,A376095,K23-043938,2023-02-25,2023-03-28,train,train,
302,A411416,K23-043941,2023-02-25,2023-03-14,train,train,
303,A323116,K23-043942,2023-02-28,2023-03-03,train,train,
304,A337210,K23-043943,2023-02-28,2023-03-31,train,train,
305,A415903,K23-043946,2023-02-28,2023-03-10,train,train,
306,A411602,K23-043947,2023-02-28,2023-03-01,train,train,
307,A415905,K23-043948,2023-02-28,2023-02-28,train,train,
308,A415065,K23-043949,2023-02-28,2023-03-24,train,train,
309,A360813,K23-043950,2023-02-28,2023-03-02,train,train,
310,A415907,K23-043951,2023-02-28,2023-03-31,train,train,
311,A415909,K23-043952,2023-02-28,2023-03-01,train,train,
312,A415913,K23-043953,2023-02-28,2023-03-31,train,train,
313,A415917,K23-043955,2023-02-28,2023-02-28,train,train,
314,A415918,K23-043956,2023-02-28,2023-03-02,train,train,
315,A415922,K23-043965,2023-03-01,2023-03-02,train,train,
316,A415927,K23-043969,2023-03-01,2023-04-01,train,train,
317,A406403,K23-043975,2023-03-01,2023-03-03,train,train,
318,A415940,K23-043977,2023-03-01,2023-03-22,train,train,
319,A213535,K23-043979,2023-03-01,2023-03-04,train,train,
320,A415948,K23-043980,2023-03-02,2023-04-02,train,train,
321,A415959,K23-043982,2023-03-02,2023-03-14,train,train,
322,A415964,K23-043983,2023-03-02,2023-03-02,train,train,
323,A411212,K23-043985,2023-03-02,2023-03-08,train,train,
324,A415977,K23-043989,2023-03-03,2023-03-11,train,train,
325,A414473,K23-043991,2023-03-03,2023-03-21,train,train,
326,A395555,K23-043993,2023-03-03,2023-03-03,train,train,
327,A415983,K23-043995,2023-03-03,2023-04-03,train,train,
328,A415984,K23-043996,2023-03-03,2023-03-22,train,train,
329,A415982,K23-043997,2023-03-03,2023-04-03,train,train,
330,A414367,K23-043998,2023-03-03,2023-03-07,train,train,
331,A415992,K23-043999,2023-03-03,2023-03-04,train,train,
332,A415994,K23-044001,2023-03-03,2023-03-04,train,train,
333,A360813,K23-044004,2023-03-04,2023-03-07,train,train,
334,A415997,K23-044005,2023-03-04,2023-03-07,train,train,
335,A415998,K23-044006,2023-03-04,2023-03-07,train,train,
336,A416001,K23-044007,2023-03-04,2023-03-07,train,train,
337,A416003,K23-044008,2023-03-04,2023-04-04,train,train,
338,A416004,K23-044009,2023-03-04,2023-03-07,train,train,
339,A414756,K23-044012,2023-03-04,2023-04-04,train,train,
340,A416007,K23-044015,2023-03-06,2023-03-11,train,train,
341,A416013,K23-044017,2023-03-06,2023-04-06,train,train,
342,A416014,K23-044018,2023-03-06,2023-04-06,train,train,
343,A416015,K23-044019,2023-03-06,2023-04-06,train,train,
344,A416016,K23-044020,2023-03-06,2023-04-06,train,train,
345,A416017,K23-044021,2023-03-06,2023-03-28,train,train,
346,A414687,K23-044022,2023-03-06,2023-03-08,train,train,
347,A416018,K23-044023,2023-03-06,2023-03-07,train,train,
348,A416020,K23-044025,2023-03-06,2023-04-06,train,train,
349,A419033,K23-044026,2023-03-06,2023-03-07,train,train,
350,A416024,K23-044028,2023-03-07,2023-03-22,train,train,
351,A414402,K23-044029,2023-03-07,2023-04-07,train,train,
352,A414190,K23-044030,2023-03-07,2023-04-07,train,train,
353,A416028,K23-044031,2023-03-07,2023-03-07,train,train,
354,A416029,K23-044032,2023-03-07,2023-03-08,train,train,
355,A416031,K23-044034,2023-03-07,2023-03-23,train,train,
356,A416033,K23-044035,2023-03-07,2023-03-07,train,train,
357,A416034,K23-044036,2023-03-07,2023-03-18,train,train,
358,A416035,K23-044037,2023-03-07,2023-03-17,train,train,
359,A414511,K23-044038,2023-03-07,2023-03-22,train,train,
360,A416037,K23-044039,2023-03-07,2023-04-07,train,train,
361,A416039,K23-044040,2023-03-07,2023-03-08,train,train,
362,A416045,K23-044041,2023-03-08,2023-03-08,train,train,
363,A416056,K23-044042,2023-03-08,2023-03-23,train,train,
364,A416057,K23-044043,2023-03-08,2023-04-08,train,train,
365,A416059,K23-044044,2023-03-08,2023-03-10,train,train,
366,A416067,K23-044045,2023-03-08,2023-03-10,train,train,
367,A416070,K23-044046,2023-03-08,2023-03-08,train,train,
368,A406992,K23-044050,2023-03-09,2023-03-09,train,train,
369,A416088,K23-044051,2023-03-09,2023-04-07,train,train,
370,A416092,K23-044052,2023-03-09,2023-03-09,train,train,
371,A416094,K23-044053,2023-03-09,2023-03-22,train,train,
372,A416100,K23-044058,2023-03-10,2023-04-10,train,train,
373,A416101,K23-044059,2023-03-10,2023-03-11,train,train,
374,A416107,K23-044061,2023-03-11,2023-04-11,train,train,
375,A416112,K23-044062,2023-03-11,2023-03-23,train,train,
376,A416113,K23-044063,2023-03-11,2023-04-06,train,train,
377,A416117,K23-044064,2023-03-11,2023-03-23,train,train,
378,A416119,K23-044065,2023-03-11,2023-03-11,train,train,
379,A415089,K23-044066,2023-03-11,2023-03-16,train,train,
380,A416124,K23-044067,2023-03-11,2023-03-13,train,train,
381,A416125,K23-044068,2023-03-11,2023-03-11,train,train,
382,A416137,K23-044071,2023-03-13,2023-04-13,train,train,
383,A416138,K23-044072,2023-03-13,2023-03-13,train,train,
384,A416139,K23-044073,2023-03-13,2023-04-13,train,train,
385,A416140,K23-044075,2023-03-13,2023-04-12,train,train,
386,A416097,K23-044076,2023-03-14,2023-04-13,train,train,
387,A416147,K23-044077,2023-03-14,2023-03-14,train,train,
388,A416149,K23-044078,2023-03-14,2023-04-14,train,train,
389,A416151,K23-044079,2023-03-14,2023-04-14,train,train,
390,A416150,K23-044080,2023-03-14,2023-03-22,train,train,
391,A416160,K23-044082,2023-03-14,2023-04-14,train,train,
392,A416162,K23-044083,2023-03-14,2023-03-14,train,train,
393,A416171,K23-044084,2023-03-14,2023-03-14,train,train,
394,A416178,K23-044085,2023-03-14,2023-04-14,train,train,
395,A416186,K23-044087,2023-03-15,2023-03-15,train,train,
396,A416191,K23-044088,2023-03-15,2023-03-23,train,train,
397,A416189,K23-044089,2023-03-15,2023-03-23,train,train,
398,A399488,K23-044090,2023-03-15,2023-03-15,train,train,
399,A399409,K23-044091,2023-03-15,2023-04-07,train,train,
400,A416203,K23-044093,2023-03-15,2023-04-04,train,train,
401,A416204,K23-044094,2023-03-15,2023-03-16,train,excluded,Training animal also appears in validation or test period
402,A416206,K23-044095,2023-03-15,2023-03-15,train,train,
403,A416261,K23-044118,2023-03-15,2023-03-22,train,train,
404,A416260,K23-044119,2023-03-15,2023-03-22,train,train,
405,A416259,K23-044120,2023-03-15,2023-03-22,train,train,
406,A416262,K23-044121,2023-03-15,2023-03-22,train,train,
407,A416263,K23-044122,2023-03-15,2023-03-22,train,train,
408,A416210,K23-044098,2023-03-16,2023-04-16,train,train,
409,A416225,K23-044106,2023-03-16,2023-03-28,train,train,
410,A416235,K23-044108,2023-03-16,2023-03-16,train,train,
411,A416238,K23-044109,2023-03-16,2023-04-15,train,train,
412,A416241,K23-044110,2023-03-16,2023-04-08,train,train,
413,A416245,K23-044111,2023-03-17,2023-03-28,train,train,
414,A416246,K23-044112,2023-03-17,2023-03-17,train,train,
415,A416247,K23-044113,2023-03-17,2023-03-18,train,train,
416,A416248,K23-044114,2023-03-17,2023-03-17,train,train,
417,A410395,K23-044115,2023-03-17,2023-03-20,train,train,
418,A416252,K23-044116,2023-03-17,2023-04-17,train,train,
419,A416266,K23-044123,2023-03-18,2023-03-28,train,train,
420,A416267,K23-044124,2023-03-18,2023-03-18,train,train,
421,A416268,K23-044125,2023-03-18,2023-04-12,train,train,
422,A416269,K23-044126,2023-03-18,2023-04-18,train,train,
423,A416270,K23-044127,2023-03-18,2023-03-18,train,train,
424,A416271,K23-044128,2023-03-18,2023-03-18,train,train,
425,A398062,K23-044129,2023-03-18,2023-04-04,train,train,
426,A416276,K23-044130,2023-03-18,2023-04-12,train,train,
427,A416283,K23-044137,2023-03-19,2023-04-06,train,train,
428,A415687,K23-044138,2023-03-20,2023-04-08,train,train,
429,A415686,K23-044139,2023-03-20,2023-04-08,train,train,
430,A418930,K23-044140,2023-03-20,2023-04-08,train,train,
431,A416287,K23-044141,2023-03-20,2023-04-06,train,train,
432,A416292,K23-044143,2023-03-21,2023-04-21,train,train,
433,A415806,K23-044144,2023-03-21,2023-04-15,train,train,
434,A416299,K23-044147,2023-03-21,2023-04-21,train,train,
435,A416300,K23-044148,2023-03-21,2023-04-21,train,train,
436,A416305,K23-044150,2023-03-22,2023-04-04,train,train,
437,A416306,K23-044151,2023-03-22,2023-03-24,train,train,
438,A416307,K23-044152,2023-03-22,2023-03-24,train,train,
439,A416308,K23-044153,2023-03-22,2023-03-24,train,train,
440,A416309,K23-044154,2023-03-22,2023-03-24,train,train,
441,A416310,K23-044155,2023-03-22,2023-03-24,train,train,
442,A416315,K23-044157,2023-03-22,2023-03-22,train,train,
443,A416320,K23-044158,2023-03-22,2023-04-22,train,train,
444,A416322,K23-044159,2023-03-23,2023-03-24,train,train,
445,A325107,K23-044160,2023-03-23,2023-04-01,train,train,
446,A416327,K23-044162,2023-03-23,2023-03-23,train,train,
447,A416189,K23-044164,2023-03-23,2023-04-06,train,train,
448,A416191,K23-044165,2023-03-23,2023-04-23,train,train,
449,A416335,K23-044166,2023-03-23,2023-03-24,train,train,
450,A416336,K23-044167,2023-03-23,2023-03-24,train,train,
451,A416337,K23-044168,2023-03-23,2023-04-04,train,train,
452,A416338,K23-044169,2023-03-23,2023-04-23,train,train,
453,A416339,K23-044170,2023-03-23,2023-03-24,train,train,
454,A416343,K23-044171,2023-03-24,2023-04-24,train,train,
455,A416324,K23-044172,2023-03-24,2023-04-12,train,train,
456,A416345,K23-044173,2023-03-24,2023-03-24,train,train,
457,A416322,K23-044174,2023-03-24,2023-03-30,train,train,
458,A416347,K23-044176,2023-03-24,2023-03-24,train,train,
459,A412809,K23-044179,2023-03-24,2023-04-12,train,train,
460,A416361,K23-044180,2023-03-24,2023-04-04,train,train,
461,A416355,K23-044178,2023-03-25,2023-03-28,train,train,
462,A416370,K23-044182,2023-03-25,2023-04-05,train,train,
463,A416371,K23-044183,2023-03-25,2023-04-05,train,train,
464,A416372,K23-044184,2023-03-25,2023-04-05,train,train,
465,A416373,K23-044185,2023-03-25,2023-04-05,train,train,
466,A416374,K23-044186,2023-03-25,2023-04-05,train,train,
467,A416375,K23-044187,2023-03-25,2023-04-05,train,train,
468,A416376,K23-044188,2023-03-25,2023-04-05,train,train,
469,A416377,K23-044189,2023-03-25,2023-04-05,train,train,
470,A416380,K23-044190,2023-03-25,2023-04-14,train,train,
471,A416381,K23-044191,2023-03-25,2023-04-14,train,train,
472,A416382,K23-044192,2023-03-25,2023-04-14,train,train,
473,A416384,K23-044193,2023-03-25,2023-04-25,train,train,
475,A414995,K23-044195,2023-03-26,2023-04-12,train,train,
476,A416388,K23-044196,2023-03-26,2023-04-26,train,train,
478,A416392,K23-044197,2023-03-27,2023-04-22,train,train,
479,A416396,K23-044200,2023-03-27,2023-04-27,train,train,
480,A416397,K23-044201,2023-03-27,2023-04-27,train,train,
481,A416401,K23-044204,2023-03-27,2023-04-11,train,train,
482,A416405,K23-044205,2023-03-28,2023-04-13,train,train,
483,A416412,K23-044209,2023-03-28,2023-04-04,train,train,
484,A416414,K23-044210,2023-03-28,2023-04-12,train,train,
485,A416422,K23-044214,2023-03-29,2023-03-30,train,train,
486,A365607,K23-044219,2023-03-30,2023-04-18,train,train,
487,A416427,K23-044220,2023-03-30,2023-04-30,train,train,
488,A232302,K23-044222,2023-03-30,2023-03-30,train,train,
489,A271127,K23-044223,2023-03-30,2023-04-01,train,train,
490,A416433,K23-044224,2023-03-30,2023-04-18,train,train,
491,A416434,K23-044225,2023-03-30,2023-04-30,train,train,
492,A416435,K23-044226,2023-03-30,2023-04-30,train,train,
493,A416436,K23-044227,2023-03-30,2023-04-04,train,train,
494,A416442,K23-044230,2023-03-30,2023-04-30,train,train,
495,A416443,K23-044231,2023-03-30,2023-04-30,train,train,
496,A416444,K23-044232,2023-03-30,2023-04-19,train,train,
497,A299416,K23-044233,2023-03-30,2023-04-05,train,excluded,Training animal also appears in validation or test period
498,A299415,K23-044234,2023-03-30,2023-04-05,train,excluded,Training animal also appears in validation or test period
499,A416446,K23-044235,2023-03-30,2023-04-30,train,train,
500,A416447,K23-044236,2023-03-30,2023-04-30,train,train,
501,A416448,K23-044237,2023-03-30,2023-04-28,train,train,
502,A259130,K23-044238,2023-03-31,2023-04-01,train,train,
503,A416449,K23-044239,2023-03-31,2023-04-03,train,train,
504,A416458,K23-044254,2023-04-01,2023-05-02,train,train,
505,A416461,K23-044255,2023-04-01,2023-05-02,train,train,
506,A416464,K23-044256,2023-04-01,2023-05-02,train,train,
507,A416465,K23-044257,2023-04-01,2023-05-02,train,train,
508,A416467,K23-044258,2023-04-01,2023-04-21,train,train,
509,A416468,K23-044259,2023-04-01,2023-04-18,train,train,
510,A416469,K23-044260,2023-04-01,2023-05-02,train,train,
511,A416470,K23-044261,2023-04-01,2023-05-02,train,train,
512,A416471,K23-044262,2023-04-01,2023-05-02,train,train,
513,A416472,K23-044263,2023-04-01,2023-05-02,train,train,
514,A416474,K23-044264,2023-04-01,2023-05-02,train,train,
515,A416475,K23-044265,2023-04-01,2023-04-18,train,train,
516,A416476,K23-044266,2023-04-01,2023-04-04,train,train,
517,A416477,K23-044267,2023-04-01,2023-04-04,train,train,
518,A416479,K23-044269,2023-04-02,2023-04-05,train,train,
519,A416480,K23-044270,2023-04-02,2023-04-05,train,train,
520,A416486,K23-044271,2023-04-02,2023-05-03,train,train,
521,A416540,K23-044301,2023-04-02,2023-04-05,train,train,
522,A416541,K23-044302,2023-04-02,2023-04-05,train,train,
523,A416489,K23-044272,2023-04-03,2023-04-19,train,train,
524,A416490,K23-044273,2023-04-03,2023-04-15,train,train,
525,A416491,K23-044274,2023-04-03,2023-04-03,train,train,
526,A416492,K23-044275,2023-04-03,2023-04-03,train,train,
527,A416493,K23-044276,2023-04-03,2023-04-03,train,train,
528,A416495,K23-044277,2023-04-03,2023-05-04,train,train,
529,A416496,K23-044278,2023-04-03,2023-05-04,train,train,
530,A416497,K23-044279,2023-04-03,2023-05-04,train,train,
531,A416498,K23-044280,2023-04-03,2023-05-04,train,train,
532,A416493,K23-044281,2023-04-04,2023-04-04,train,train,
533,A416499,K23-044282,2023-04-04,2023-04-04,train,train,
534,A416504,K23-044284,2023-04-04,2023-04-04,train,train,
535,A416507,K23-044286,2023-04-04,2023-05-02,train,train,
536,A416516,K23-044291,2023-04-04,2023-05-05,train,train,
537,A416517,K23-044292,2023-04-04,2023-05-05,train,train,
538,A367544,K23-044293,2023-04-04,2023-04-14,train,excluded,Training animal also appears in validation or test period
539,A414778,K23-044294,2023-04-05,2023-04-05,train,train,
540,A415605,K23-044295,2023-04-05,2023-04-26,train,train,
541,A415607,K23-044296,2023-04-05,2023-05-06,train,train,
542,A416535,K23-044297,2023-04-05,2023-04-22,train,train,
543,A416534,K23-044299,2023-04-05,2023-04-06,train,train,
544,A416539,K23-044300,2023-04-05,2023-04-05,train,train,
545,A308020,K23-044305,2023-04-05,2023-04-06,train,train,
546,A408497,K23-044307,2023-04-05,2023-05-03,train,train,
547,A416551,K23-044308,2023-04-05,2023-04-05,train,train,
548,A416557,K23-044309,2023-04-06,2023-05-02,train,train,
549,A416559,K23-044310,2023-04-06,2023-04-07,train,train,
550,A416565,K23-044312,2023-04-06,2023-04-06,train,train,
551,A416566,K23-044313,2023-04-06,2023-04-19,train,train,
552,A399193,K23-044314,2023-04-06,2023-04-06,train,train,
553,A416476,K23-044315,2023-04-06,2023-04-07,train,train,
554,A416477,K23-044316,2023-04-06,2023-04-07,train,train,
555,A416568,K23-044317,2023-04-06,2023-05-07,train,train,
556,A416574,K23-044318,2023-04-06,2023-04-08,train,train,
557,A416575,K23-044319,2023-04-06,2023-04-07,train,train,
558,A416577,K23-044320,2023-04-07,2023-04-20,train,train,
559,A416583,K23-044321,2023-04-07,2023-04-07,train,excluded,Training animal also appears in validation or test period
560,A416594,K23-044323,2023-04-07,2023-04-07,train,train,
561,A416602,K23-044324,2023-04-07,2023-04-08,train,train,
562,A416609,K23-044325,2023-04-08,2023-04-21,train,train,
563,A416611,K23-044326,2023-04-08,2023-05-09,train,train,
564,A416612,K23-044327,2023-04-08,2023-05-09,train,train,
565,A416613,K23-044328,2023-04-08,2023-04-22,train,train,
566,A416615,K23-044329,2023-04-08,2023-04-14,train,train,
567,A416616,K23-044330,2023-04-08,2023-04-14,train,train,
568,A416617,K23-044331,2023-04-08,2023-04-14,train,train,
569,A416618,K23-044332,2023-04-08,2023-04-14,train,train,
570,A416614,K23-044333,2023-04-08,2023-04-14,train,train,
571,A416619,K23-044334,2023-04-08,2023-04-14,train,train,
572,A416620,K23-044335,2023-04-08,2023-04-15,train,train,
573,A416621,K23-044336,2023-04-08,2023-04-08,train,train,
574,A414054,K23-044337,2023-04-08,2023-04-08,train,train,
575,A416574,K23-044338,2023-04-08,2023-05-09,train,train,
576,A416624,K23-044339,2023-04-08,2023-04-09,train,train,
577,A416626,K23-044341,2023-04-09,2023-04-12,train,train,
578,A416628,K23-044342,2023-04-09,2023-04-09,train,train,
579,A416537,K23-044343,2023-04-10,2023-04-10,train,train,
580,A416632,K23-044344,2023-04-10,2023-05-11,train,train,
581,A416634,K23-044345,2023-04-10,2023-05-11,train,train,
582,A416638,K23-044347,2023-04-11,2023-04-11,train,train,
583,A271830,K23-044348,2023-04-11,2023-04-11,train,train,
584,A416641,K23-044349,2023-04-11,2023-04-29,train,train,
585,A416642,K23-044350,2023-04-11,2023-04-13,train,train,
586,A416647,K23-044352,2023-04-11,2023-05-12,train,train,
587,A416651,K23-044354,2023-04-11,2023-04-14,train,train,
588,A416653,K23-044355,2023-04-11,2023-04-18,train,train,
589,A416662,K23-044356,2023-04-12,2023-05-09,train,train,
590,A416664,K23-044357,2023-04-12,2023-04-12,train,train,
591,A416677,K23-044362,2023-04-12,2023-05-03,train,train,
592,A416678,K23-044363,2023-04-12,2023-05-04,train,train,
593,A416679,K23-044364,2023-04-12,2023-04-12,train,train,
594,A416687,K23-044366,2023-04-13,2023-04-13,train,train,
595,A416688,K23-044367,2023-04-13,2023-04-13,train,train,
596,A416689,K23-044368,2023-04-13,2023-04-13,train,train,
597,A416690,K23-044369,2023-04-13,2023-04-13,train,train,
598,A416691,K23-044370,2023-04-13,2023-04-13,train,train,
599,A416692,K23-044371,2023-04-13,2023-04-13,train,train,
600,A416694,K23-044372,2023-04-13,2023-05-06,train,train,
601,A416697,K23-044373,2023-04-13,2023-04-21,train,train,
602,A416698,K23-044374,2023-04-13,2023-05-14,train,train,
603,A416699,K23-044375,2023-04-13,2023-05-14,train,train,
604,A416700,K23-044376,2023-04-13,2023-05-14,train,train,
605,A416701,K23-044377,2023-04-13,2023-04-22,train,train,
606,A416119,K23-044380,2023-04-13,2023-04-13,train,train,
607,A416708,K23-044381,2023-04-13,2023-04-14,train,train,
608,A364864,K23-044384,2023-04-13,2023-04-15,train,train,
609,A416719,K23-044385,2023-04-13,2023-04-28,train,train,
610,A416732,K23-044395,2023-04-14,2023-05-03,train,train,
611,A416734,K23-044396,2023-04-14,2023-05-15,train,train,
612,A416735,K23-044397,2023-04-14,2023-05-15,train,train,
613,A416736,K23-044398,2023-04-14,2023-05-15,train,train,
614,A416738,K23-044399,2023-04-14,2023-04-14,train,train,
615,A416740,K23-044400,2023-04-14,2023-05-04,train,train,
616,A416741,K23-044401,2023-04-14,2023-04-19,train,train,
617,A416756,K23-044403,2023-04-14,2023-04-15,train,train,
618,A416757,K23-044404,2023-04-15,2023-04-15,train,train,
619,A414756,K23-044405,2023-04-15,2023-05-16,train,train,
620,A416759,K23-044406,2023-04-15,2023-05-16,train,train,
621,A410917,K23-044407,2023-04-15,2023-05-04,train,train,
622,A416761,K23-044408,2023-04-15,2023-04-27,train,train,
623,A416762,K23-044409,2023-04-15,2023-04-15,train,train,
624,A416763,K23-044410,2023-04-15,2023-04-15,train,train,
625,A416764,K23-044411,2023-04-15,2023-04-15,train,train,
626,A416771,K23-044413,2023-04-15,2023-05-04,train,train,
627,A416783,K23-044414,2023-04-16,2023-04-17,train,train,
628,A416789,K23-044415,2023-04-16,2023-04-18,train,train,
629,A420662,K23-044416,2023-04-17,2023-04-17,train,train,
630,A416793,K23-044417,2023-04-17,2023-04-17,train,train,
631,A415738,K23-044419,2023-04-17,2023-04-18,train,excluded,Training animal also appears in validation or test period
632,A416798,K23-044420,2023-04-17,2023-05-18,train,train,
633,A416799,K23-044421,2023-04-17,2023-05-13,train,train,
634,A416805,K23-044422,2023-04-17,2023-04-18,train,train,
635,A416808,K23-044425,2023-04-18,2023-04-28,train,train,
636,A416815,K23-044426,2023-04-18,2023-04-18,train,train,
637,A416804,K23-044427,2023-04-18,2023-04-18,train,train,
638,A347467,K23-044428,2023-04-18,2023-04-19,train,train,
639,A416826,K23-044430,2023-04-18,2023-04-18,train,train,
640,A416827,K23-044431,2023-04-18,2023-05-19,train,train,
641,A416832,K23-044432,2023-04-18,2023-05-06,train,train,
642,A416837,K23-044433,2023-04-19,2023-04-19,train,train,
643,A416839,K23-044434,2023-04-19,2023-05-20,train,train,
644,A416847,K23-044435,2023-04-19,2023-04-19,train,train,
645,A416861,K23-044438,2023-04-20,2023-04-20,train,excluded,Training animal also appears in validation or test period
646,A412121,K23-044439,2023-04-20,2023-04-20,train,train,
647,A402860,K23-044442,2023-04-20,2023-04-29,train,train,
648,A416871,K23-044443,2023-04-20,2023-04-29,train,train,
649,A416017,K23-044444,2023-04-20,2023-04-25,train,train,
650,A416875,K23-044445,2023-04-20,2023-05-18,train,train,
651,A416886,K23-044446,2023-04-21,2023-05-11,train,train,
652,A416887,K23-044447,2023-04-21,2023-04-25,train,train,
653,A416888,K23-044448,2023-04-21,2023-04-21,train,train,
654,A416889,K23-044449,2023-04-21,2023-05-22,train,train,
655,A416893,K23-044451,2023-04-21,2023-04-22,train,train,
656,A416895,K23-044452,2023-04-21,2023-05-22,train,train,
657,A416238,K23-044453,2023-04-21,2023-05-03,train,train,
658,A416897,K23-044454,2023-04-21,2023-05-17,train,train,
659,A416898,K23-044455,2023-04-21,2023-04-21,train,train,
660,A416901,K23-044456,2023-04-21,2023-05-05,train,train,
661,A416905,K23-044457,2023-04-22,2023-04-22,train,train,
662,A416911,K23-044458,2023-04-22,2023-04-22,train,train,
663,A416912,K23-044459,2023-04-22,2023-04-22,train,train,
664,A416913,K23-044460,2023-04-22,2023-04-28,train,train,
665,A416914,K23-044461,2023-04-22,2023-05-23,train,train,
666,A416915,K23-044462,2023-04-22,2023-05-12,train,train,
667,A416919,K23-044463,2023-04-22,2023-05-23,train,train,
668,A416918,K23-044464,2023-04-22,2023-05-23,train,train,
669,A416917,K23-044465,2023-04-22,2023-05-23,train,train,
670,A416916,K23-044466,2023-04-22,2023-05-23,train,train,
671,A416920,K23-044467,2023-04-22,2023-05-23,train,train,
672,A416923,K23-044468,2023-04-22,2023-04-25,train,train,
673,A396382,K23-044469,2023-04-22,2023-05-16,train,train,
674,A262320,K23-044470,2023-04-24,2023-04-25,train,train,
675,A416931,K23-044471,2023-04-24,2023-05-25,train,train,
676,A416932,K23-044472,2023-04-24,2023-05-09,train,train,
677,A416934,K23-044473,2023-04-24,2023-05-23,train,train,
678,A399426,K23-044474,2023-04-24,2023-05-25,train,train,
679,A416946,K23-044476,2023-04-25,2023-04-25,train,train,
680,A416947,K23-044477,2023-04-25,2023-05-19,train,train,
681,A416948,K23-044478,2023-04-25,2023-05-26,train,train,
682,A416949,K23-044479,2023-04-25,2023-04-25,train,train,
683,A416951,K23-044480,2023-04-25,2023-05-16,train,train,
684,A416957,K23-044482,2023-04-25,2023-05-26,train,train,
685,A416963,K23-044483,2023-04-25,2023-05-26,train,train,
686,A416966,K23-044484,2023-04-25,2023-05-11,train,train,
687,A416967,K23-044485,2023-04-25,2023-05-11,train,train,
688,A416984,K23-044487,2023-04-26,2023-05-20,train,train,
689,A417022,K23-044493,2023-04-27,2023-05-28,train,train,
690,A417024,K23-044495,2023-04-27,2023-05-28,train,train,
691,A417029,K23-044497,2023-04-27,2023-05-17,train,train,
692,A417030,K23-044498,2023-04-27,2023-05-28,train,train,
693,A417041,K23-044499,2023-04-27,2023-04-27,train,train,
694,A417042,K23-044500,2023-04-27,2023-05-14,train,train,
695,A417043,K23-044501,2023-04-27,2023-05-14,train,train,
696,A417044,K23-044502,2023-04-27,2023-05-14,train,train,
697,A417045,K23-044503,2023-04-27,2023-05-14,train,train,
698,A417046,K23-044504,2023-04-27,2023-05-14,train,train,
699,A417047,K23-044505,2023-04-27,2023-05-14,train,train,
700,A417048,K23-044506,2023-04-27,2023-05-14,train,train,
701,A417049,K23-044507,2023-04-27,2023-05-14,train,train,
702,A417094,K23-044511,2023-04-28,2023-04-28,train,train,
703,A417096,K23-044512,2023-04-28,2023-05-03,train,train,
704,A417099,K23-044513,2023-04-28,2023-04-28,train,train,
705,A417100,K23-044514,2023-04-28,2023-04-28,train,train,
706,A417101,K23-044515,2023-04-28,2023-04-28,train,train,
707,A417102,K23-044516,2023-04-28,2023-04-28,train,train,
708,A417103,K23-044517,2023-04-28,2023-04-28,train,train,
709,A417105,K23-044518,2023-04-28,2023-04-28,train,train,
710,A417106,K23-044519,2023-04-28,2023-04-28,train,train,
711,A417113,K23-044520,2023-04-28,2023-05-24,train,train,
712,A417114,K23-044521,2023-04-28,2023-04-28,train,train,
713,A417118,K23-044522,2023-04-28,2023-05-02,train,train,
714,A416626,K23-044523,2023-04-28,2023-05-20,train,train,
715,A417129,K23-044524,2023-04-29,2023-05-16,train,train,
716,A416992,K23-044526,2023-04-29,2023-05-30,train,train,
717,A412150,K23-044527,2023-04-29,2023-05-23,train,train,
718,A417171,K23-044530,2023-05-01,2023-06-01,train,train,
719,A417173,K23-044531,2023-05-01,2023-06-01,train,train,
720,A417175,K23-044533,2023-05-01,2023-05-02,train,train,
721,A417183,K23-044555,2023-05-01,2023-05-02,train,train,
722,A417176,K23-044534,2023-05-02,2023-05-02,train,train,
723,A417187,K23-044556,2023-05-02,2023-06-02,train,train,
724,A417188,K23-044557,2023-05-02,2023-05-24,train,train,
725,A416577,K23-044558,2023-05-02,2023-05-30,train,train,
726,A417191,K23-044559,2023-05-02,2023-05-30,train,train,
727,A417200,K23-044560,2023-05-02,2023-05-03,train,train,
728,A417201,K23-044561,2023-05-02,2023-05-03,train,train,
729,A409300,K23-044562,2023-05-02,2023-05-03,train,excluded,Training animal also appears in validation or test period
730,A413710,K23-044592,2023-05-02,2023-05-16,train,train,
731,A413709,K23-044593,2023-05-02,2023-05-16,train,train,
732,A417213,K23-044564,2023-05-03,2023-05-03,train,train,
733,A417225,K23-044565,2023-05-03,2023-05-16,train,train,
734,A417231,K23-044566,2023-05-03,2023-06-03,train,train,
735,A417233,K23-044567,2023-05-03,2023-05-17,train,train,
736,A417241,K23-044569,2023-05-03,2023-06-03,train,train,
737,A417250,K23-044570,2023-05-03,2023-05-04,train,train,
738,A417255,K23-044574,2023-05-04,2023-05-18,train,train,
739,A417256,K23-044575,2023-05-04,2023-05-05,train,train,
740,A417258,K23-044576,2023-05-04,2023-05-11,train,train,
741,A417259,K23-044577,2023-05-04,2023-06-04,train,train,
742,A411602,K23-044578,2023-05-04,2023-05-05,train,train,
743,A417261,K23-044579,2023-05-04,2023-05-05,train,train,
744,A417272,K23-044580,2023-05-05,2023-05-27,train,train,
745,A417270,K23-044581,2023-05-05,2023-06-05,train,train,
746,A417276,K23-044583,2023-05-05,2023-05-30,train,train,
747,A417277,K23-044584,2023-05-05,2023-06-05,train,train,
748,A417278,K23-044585,2023-05-05,2023-06-05,train,train,
749,A417281,K23-044587,2023-05-05,2023-05-06,train,train,
750,A378873,K23-044588,2023-05-05,2023-05-05,train,train,
751,A417283,K23-044589,2023-05-05,2023-05-09,train,train,
752,A417296,K23-044590,2023-05-05,2023-05-18,train,train,
753,A417303,K23-044591,2023-05-06,2023-05-06,train,train,
754,A417311,K23-044594,2023-05-06,2023-05-09,train,train,
755,A417312,K23-044595,2023-05-06,2023-05-09,train,train,
756,A417317,K23-044596,2023-05-06,2023-06-01,train,train,
757,A417323,K23-044597,2023-05-07,2023-06-07,train,train,
758,A417329,K23-044599,2023-05-08,2023-05-27,train,train,
759,A417331,K23-044601,2023-05-08,2023-05-09,train,train,
760,A403737,K23-044602,2023-05-08,2023-05-09,train,train,
761,A407603,K23-044605,2023-05-09,2023-05-18,train,train,
762,A417343,K23-044608,2023-05-09,2023-06-09,train,train,
763,A417344,K23-044609,2023-05-09,2023-06-09,train,train,
764,A417348,K23-044610,2023-05-09,2023-06-09,train,train,
765,A417354,K23-044611,2023-05-09,2023-05-10,train,train,
766,A417355,K23-044612,2023-05-09,2023-05-09,train,train,
767,A417358,K23-044613,2023-05-09,2023-06-09,train,train,
768,A417359,K23-044614,2023-05-09,2023-06-09,train,train,
769,A417363,K23-044618,2023-05-10,2023-05-10,train,train,
770,A417366,K23-044619,2023-05-10,2023-05-10,train,train,
771,A417372,K23-044621,2023-05-10,2023-06-10,train,train,
772,A417373,K23-044622,2023-05-10,2023-06-10,train,train,
773,A417374,K23-044623,2023-05-10,2023-06-10,train,train,
774,A417375,K23-044624,2023-05-10,2023-06-10,train,train,
775,A417376,K23-044625,2023-05-10,2023-06-10,train,train,
776,A417378,K23-044627,2023-05-10,2023-05-10,train,train,
777,A407510,K23-044628,2023-05-10,2023-05-10,train,train,
778,A417383,K23-044629,2023-05-10,2023-05-10,train,train,
779,A417384,K23-044630,2023-05-10,2023-05-11,train,train,
780,A417391,K23-044631,2023-05-11,2023-06-11,train,train,
781,A415209,K23-044632,2023-05-11,2023-06-11,train,train,
782,A417397,K23-044634,2023-05-11,2023-05-11,train,train,
783,A417398,K23-044635,2023-05-11,2023-05-11,train,train,
784,A417399,K23-044636,2023-05-11,2023-05-11,train,train,
785,A417400,K23-044637,2023-05-11,2023-05-11,train,train,
786,A417401,K23-044638,2023-05-11,2023-06-01,train,train,
787,A417405,K23-044639,2023-05-11,2023-05-20,train,train,
788,A330492,K23-044640,2023-05-11,2023-05-11,train,train,
789,A417406,K23-044641,2023-05-11,2023-05-11,train,train,
790,A417301,K23-044643,2023-05-11,2023-05-16,train,train,
791,A417414,K23-044645,2023-05-12,2023-05-18,train,train,
792,A417415,K23-044646,2023-05-12,2023-05-18,train,train,
793,A417416,K23-044647,2023-05-12,2023-05-18,train,train,
794,A417417,K23-044648,2023-05-12,2023-05-18,train,train,
795,A417418,K23-044649,2023-05-12,2023-05-18,train,train,
796,A299416,K23-044651,2023-05-12,2023-05-16,train,excluded,Training animal also appears in validation or test period
797,A299415,K23-044652,2023-05-12,2023-05-16,train,excluded,Training animal also appears in validation or test period
798,A417429,K23-044655,2023-05-12,2023-06-12,train,train,
799,A417441,K23-044656,2023-05-12,2023-05-23,train,train,
800,A417444,K23-044657,2023-05-12,2023-06-03,train,train,
801,A417445,K23-044658,2023-05-12,2023-06-10,train,train,
802,A417446,K23-044659,2023-05-12,2023-06-03,train,train,
803,A417447,K23-044660,2023-05-12,2023-06-03,train,train,
804,A417448,K23-044661,2023-05-12,2023-06-08,train,train,
805,A417449,K23-044662,2023-05-12,2023-06-10,train,train,
806,A417451,K23-044664,2023-05-12,2023-05-13,train,train,
807,A417458,K23-044665,2023-05-13,2023-06-06,train,train,
808,A417461,K23-044666,2023-05-13,2023-06-02,train,train,
809,A417463,K23-044667,2023-05-13,2023-05-13,train,train,
810,A417464,K23-044668,2023-05-13,2023-06-10,train,train,
811,A417465,K23-044669,2023-05-13,2023-06-08,train,train,
812,A417466,K23-044670,2023-05-13,2023-06-08,train,train,
813,A417477,K23-044671,2023-05-13,2023-05-13,train,train,
814,A417480,K23-044672,2023-05-14,2023-05-17,train,train,
815,A417482,K23-044673,2023-05-15,2023-05-15,train,train,
816,A417483,K23-044674,2023-05-15,2023-05-15,train,train,
817,A417484,K23-044675,2023-05-15,2023-05-15,train,train,
818,A417485,K23-044676,2023-05-15,2023-05-15,train,train,
819,A417486,K23-044677,2023-05-15,2023-05-15,train,train,
820,A417487,K23-044678,2023-05-15,2023-05-15,train,train,
821,A417488,K23-044679,2023-05-15,2023-05-15,train,train,
822,A417489,K23-044680,2023-05-15,2023-05-15,train,train,
823,A417490,K23-044681,2023-05-15,2023-05-15,train,train,
824,A417491,K23-044682,2023-05-15,2023-05-15,train,train,
825,A417492,K23-044683,2023-05-15,2023-05-15,train,train,
826,A417493,K23-044684,2023-05-15,2023-05-15,train,train,
827,A417494,K23-044685,2023-05-15,2023-05-15,train,train,
828,A417495,K23-044686,2023-05-15,2023-05-15,train,train,
829,A417496,K23-044687,2023-05-15,2023-05-15,train,train,
830,A417497,K23-044688,2023-05-15,2023-05-15,train,train,
831,A417498,K23-044689,2023-05-15,2023-05-15,train,train,
832,A417499,K23-044690,2023-05-15,2023-05-15,train,train,
833,A417500,K23-044691,2023-05-15,2023-05-15,train,train,
834,A417501,K23-044692,2023-05-15,2023-05-15,train,train,
835,A417502,K23-044693,2023-05-15,2023-05-15,train,train,
836,A417503,K23-044694,2023-05-15,2023-05-15,train,train,
837,A417504,K23-044695,2023-05-15,2023-05-15,train,train,
838,A417505,K23-044696,2023-05-15,2023-05-15,train,train,
839,A417506,K23-044697,2023-05-15,2023-05-15,train,train,
840,A417507,K23-044698,2023-05-15,2023-05-15,train,train,
841,A417508,K23-044699,2023-05-15,2023-05-15,train,train,
842,A417509,K23-044700,2023-05-15,2023-05-15,train,train,
843,A417510,K23-044701,2023-05-15,2023-05-15,train,train,
844,A417511,K23-044702,2023-05-15,2023-05-15,train,train,
845,A417512,K23-044703,2023-05-15,2023-05-15,train,train,
846,A417513,K23-044704,2023-05-15,2023-05-15,train,train,
847,A417514,K23-044705,2023-05-15,2023-05-15,train,train,
848,A417515,K23-044706,2023-05-15,2023-05-15,train,train,
849,A417516,K23-044707,2023-05-15,2023-05-15,train,train,
850,A417517,K23-044708,2023-05-15,2023-05-15,train,train,
851,A417518,K23-044709,2023-05-15,2023-05-15,train,train,
852,A417519,K23-044710,2023-05-15,2023-05-15,train,train,
853,A417520,K23-044711,2023-05-15,2023-05-15,train,train,
854,A417521,K23-044712,2023-05-15,2023-05-15,train,train,
855,A417522,K23-044713,2023-05-15,2023-05-15,train,train,
856,A417523,K23-044714,2023-05-15,2023-05-15,train,train,
857,A417524,K23-044715,2023-05-15,2023-05-15,train,train,
858,A417525,K23-044716,2023-05-15,2023-05-15,train,train,
859,A417526,K23-044717,2023-05-15,2023-05-15,train,train,
860,A417527,K23-044718,2023-05-15,2023-05-15,train,train,
861,A417528,K23-044719,2023-05-15,2023-05-15,train,train,
862,A417529,K23-044720,2023-05-15,2023-05-15,train,train,
863,A417530,K23-044721,2023-05-15,2023-05-15,train,train,
864,A417531,K23-044722,2023-05-15,2023-05-15,train,train,
865,A417532,K23-044723,2023-05-15,2023-05-15,train,train,
866,A417533,K23-044724,2023-05-15,2023-05-15,train,train,
867,A417534,K23-044725,2023-05-15,2023-05-15,train,train,
868,A417535,K23-044726,2023-05-15,2023-05-15,train,train,
869,A417536,K23-044727,2023-05-15,2023-05-15,train,train,
870,A417537,K23-044728,2023-05-15,2023-05-15,train,train,
871,A417538,K23-044729,2023-05-15,2023-05-15,train,train,
872,A417539,K23-044730,2023-05-15,2023-05-15,train,train,
873,A417540,K23-044731,2023-05-15,2023-05-15,train,train,
874,A417541,K23-044732,2023-05-15,2023-05-15,train,train,
875,A417542,K23-044733,2023-05-15,2023-05-15,train,train,
876,A417543,K23-044734,2023-05-15,2023-05-15,train,train,
877,A417544,K23-044735,2023-05-15,2023-05-15,train,train,
878,A417545,K23-044736,2023-05-15,2023-05-15,train,train,
879,A417546,K23-044737,2023-05-15,2023-05-15,train,train,
880,A417547,K23-044738,2023-05-15,2023-05-15,train,train,
881,A417548,K23-044739,2023-05-15,2023-05-15,train,train,
882,A417551,K23-044740,2023-05-15,2023-05-15,train,train,
883,A417552,K23-044741,2023-05-15,2023-06-15,train,train,
884,A406473,K23-044742,2023-05-15,2023-05-16,train,train,
885,A417554,K23-044743,2023-05-16,2023-05-23,train,train,
886,A417561,K23-044745,2023-05-16,2023-06-16,train,train,
887,A417562,K23-044747,2023-05-16,2023-05-16,train,train,
888,A417564,K23-044748,2023-05-16,2023-06-11,train,train,
889,A417574,K23-044749,2023-05-16,2023-05-23,train,train,
890,A417621,K23-044752,2023-05-18,2023-05-19,train,train,
891,A417641,K23-044753,2023-05-18,2023-05-18,train,train,
892,A417642,K23-044754,2023-05-18,2023-05-18,train,train,
893,A417643,K23-044755,2023-05-18,2023-05-20,train,train,
894,A417644,K23-044756,2023-05-18,2023-05-21,train,train,
895,A417645,K23-044757,2023-05-18,2023-05-18,train,train,
896,A417646,K23-044758,2023-05-18,2023-05-18,train,train,
897,A417648,K23-044759,2023-05-18,2023-05-26,train,train,
898,A417647,K23-044760,2023-05-18,2023-05-26,train,train,
899,A417649,K23-044761,2023-05-18,2023-05-18,train,train,
900,A417650,K23-044762,2023-05-18,2023-05-20,train,train,
901,A417654,K23-044764,2023-05-18,2023-05-21,train,train,
902,A417653,K23-044765,2023-05-18,2023-05-21,train,train,
903,A417652,K23-044766,2023-05-18,2023-05-21,train,train,
904,A417684,K23-044779,2023-05-19,2023-05-19,train,train,
905,A417685,K23-044780,2023-05-19,2023-05-25,train,train,
906,A417688,K23-044781,2023-05-19,2023-05-20,train,train,
907,A410329,K23-044784,2023-05-19,2023-06-08,train,train,
908,A417694,K23-044785,2023-05-19,2023-06-15,train,train,
909,A417696,K23-044786,2023-05-19,2023-05-19,train,train,
910,A417695,K23-044787,2023-05-19,2023-05-19,train,train,
911,A417708,K23-044788,2023-05-20,2023-05-20,train,train,
912,A417707,K23-044789,2023-05-20,2023-05-23,train,train,
913,A267178,K23-044790,2023-05-20,2023-05-22,train,train,
914,A416799,K23-044792,2023-05-20,2023-05-27,train,train,
915,A417717,K23-044793,2023-05-20,2023-06-08,train,train,
916,A417716,K23-044794,2023-05-20,2023-06-10,train,train,
917,A417715,K23-044795,2023-05-20,2023-06-20,train,train,
918,A417718,K23-044796,2023-05-20,2023-06-20,train,train,
919,A417719,K23-044797,2023-05-20,2023-06-14,train,train,
920,A417720,K23-044798,2023-05-20,2023-06-08,train,train,
921,A417721,K23-044799,2023-05-20,2023-06-16,train,train,
922,A417723,K23-044800,2023-05-20,2023-06-20,train,train,
923,A299416,K23-044801,2023-05-21,2023-05-30,train,excluded,Training animal also appears in validation or test period
924,A299415,K23-044802,2023-05-21,2023-05-30,train,excluded,Training animal also appears in validation or test period
925,A413546,K23-044803,2023-05-21,2023-05-23,train,train,
926,A417732,K23-044804,2023-05-22,2023-05-23,train,train,
927,A417733,K23-044805,2023-05-22,2023-05-23,train,train,
928,A417735,K23-044807,2023-05-22,2023-06-06,train,train,
929,A417736,K23-044808,2023-05-22,2023-06-06,train,train,
930,A417737,K23-044809,2023-05-23,2023-06-23,train,train,
931,A417738,K23-044810,2023-05-23,2023-05-23,train,train,
932,A417746,K23-044812,2023-05-23,2023-05-23,train,train,
933,A417749,K23-044815,2023-05-23,2023-05-24,train,train,
934,A417750,K23-044817,2023-05-24,2023-05-26,train,excluded,Training animal also appears in validation or test period
935,A353750,K23-044821,2023-05-24,2023-05-25,train,train,
936,A353744,K23-044822,2023-05-24,2023-05-25,train,train,
937,A417779,K23-044823,2023-05-24,2023-06-24,train,train,
938,A417786,K23-044824,2023-05-25,2023-06-25,train,train,
939,A417787,K23-044825,2023-05-25,2023-05-25,train,train,
940,A417791,K23-044826,2023-05-25,2023-06-15,train,train,
941,A417113,K23-044827,2023-05-25,2023-06-14,train,train,
942,A417794,K23-044828,2023-05-25,2023-06-21,train,train,
943,A417795,K23-044829,2023-05-25,2023-05-25,train,train,
944,A417798,K23-044830,2023-05-25,2023-05-30,train,train,
945,A417809,K23-044831,2023-05-25,2023-06-25,train,train,
946,A417801,K23-044832,2023-05-25,2023-06-25,train,train,
947,A417802,K23-044833,2023-05-25,2023-06-25,train,train,
948,A417803,K23-044834,2023-05-25,2023-06-25,train,train,
949,A417804,K23-044835,2023-05-25,2023-06-25,train,train,
950,A417805,K23-044836,2023-05-25,2023-06-25,train,train,
951,A417806,K23-044837,2023-05-25,2023-06-25,train,train,
952,A417807,K23-044838,2023-05-25,2023-06-25,train,train,
953,A417808,K23-044839,2023-05-25,2023-06-25,train,train,
954,A417685,K23-044840,2023-05-25,2023-06-22,train,train,
955,A417825,K23-044841,2023-05-26,2023-06-23,train,train,
956,A417828,K23-044842,2023-05-26,2023-06-26,train,train,
957,A417829,K23-044843,2023-05-26,2023-06-26,train,train,
958,A417830,K23-044844,2023-05-26,2023-06-26,train,train,
959,A417831,K23-044845,2023-05-26,2023-06-26,train,train,
960,A410926,K23-044846,2023-05-26,2023-06-26,train,train,
961,A413147,K23-044847,2023-05-26,2023-06-26,train,train,
962,A417832,K23-044848,2023-05-26,2023-06-26,train,train,
963,A417833,K23-044849,2023-05-26,2023-06-26,train,train,
964,A417834,K23-044850,2023-05-26,2023-06-26,train,train,
965,A417841,K23-044851,2023-05-26,2023-06-26,train,train,
966,A417845,K23-044852,2023-05-26,2023-06-06,train,train,
967,A417847,K23-044853,2023-05-26,2023-06-17,train,train,
968,A417855,K23-044854,2023-05-27,2023-06-21,train,train,
969,A386437,K23-044855,2023-05-27,2023-05-27,train,train,
970,A417863,K23-044857,2023-05-27,2023-06-27,train,train,
971,A417862,K23-044858,2023-05-27,2023-06-27,train,train,
972,A417861,K23-044859,2023-05-27,2023-06-27,train,train,
973,A417860,K23-044860,2023-05-27,2023-06-27,train,train,
974,A415750,K23-044861,2023-05-27,2023-05-30,train,train,
975,A417296,K23-044862,2023-05-27,2023-05-27,train,train,
976,A415010,K23-044863,2023-05-27,2023-05-27,train,train,
977,A417866,K23-044864,2023-05-27,2023-06-14,train,train,
978,A417867,K23-044865,2023-05-27,2023-05-27,train,train,
979,A417650,K23-044866,2023-05-30,2023-06-01,train,train,
980,A417889,K23-044867,2023-05-30,2023-06-30,train,train,
981,A417891,K23-044868,2023-05-30,2023-06-30,train,train,
982,A417892,K23-044869,2023-05-30,2023-06-30,train,train,
983,A413017,K23-044870,2023-05-30,2023-06-09,train,train,
984,A417894,K23-044872,2023-05-30,2023-06-22,train,train,
985,A417896,K23-044873,2023-05-30,2023-06-30,train,train,
986,A417895,K23-044874,2023-05-30,2023-06-30,train,train,
987,A323602,K23-044875,2023-05-30,2023-05-30,train,train,
988,A417900,K23-044877,2023-05-30,2023-06-01,train,excluded,Training animal also appears in validation or test period
989,A417908,K23-044878,2023-05-31,2023-06-09,train,train,
990,A417909,K23-044879,2023-05-31,2023-05-31,train,train,
991,A417910,K23-044880,2023-05-31,2023-05-31,train,train,
992,A417191,K23-044881,2023-05-31,2023-06-16,train,train,
993,A417911,K23-044883,2023-05-31,2023-07-01,train,train,
994,A417913,K23-044885,2023-05-31,2023-06-24,train,train,
995,A417915,K23-044886,2023-05-31,2023-06-24,train,train,
996,A417927,K23-044889,2023-05-31,2023-06-01,train,train,
997,A417944,K23-044898,2023-06-01,2023-06-24,train,train,
998,A293362,K23-044900,2023-06-01,2023-07-02,train,train,
999,A417951,K23-044901,2023-06-01,2023-07-02,train,train,
1000,A417957,K23-044904,2023-06-01,2023-06-01,train,train,
1001,A417958,K23-044905,2023-06-01,2023-06-27,train,train,
1002,A417967,K23-044906,2023-06-02,2023-06-06,train,train,
1003,A417969,K23-044907,2023-06-02,2023-06-30,train,train,
1004,A417970,K23-044909,2023-06-02,2023-06-29,train,train,
1005,A417977,K23-044910,2023-06-02,2023-07-03,train,train,
1006,A417982,K23-044911,2023-06-02,2023-06-06,train,train,
1007,A417983,K23-044912,2023-06-02,2023-06-02,train,train,
1008,A417996,K23-044913,2023-06-02,2023-06-10,train,train,
1009,A417999,K23-044914,2023-06-02,2023-06-03,train,train,
1010,A418000,K23-044915,2023-06-02,2023-06-03,train,train,
1011,A418001,K23-044916,2023-06-02,2023-06-03,train,train,
1012,A418002,K23-044917,2023-06-02,2023-06-03,train,train,
1013,A418003,K23-044918,2023-06-02,2023-06-03,train,train,
1014,A418020,K23-044919,2023-06-03,2023-07-04,train,train,
1015,A418021,K23-044920,2023-06-03,2023-06-03,train,train,
1016,A418022,K23-044921,2023-06-03,2023-07-04,train,train,
1017,A418023,K23-044922,2023-06-03,2023-07-04,train,train,
1018,A418024,K23-044923,2023-06-03,2023-07-04,train,train,
1019,A418025,K23-044924,2023-06-03,2023-07-04,train,train,
1020,A418026,K23-044925,2023-06-03,2023-06-04,train,train,
1021,A418027,K23-044926,2023-06-03,2023-07-04,train,train,
1022,A418028,K23-044927,2023-06-03,2023-07-04,train,train,
1023,A418029,K23-044928,2023-06-03,2023-07-04,train,train,
1024,A418030,K23-044929,2023-06-03,2023-06-23,train,train,
1025,A418031,K23-044930,2023-06-03,2023-07-04,train,train,
1026,A418037,K23-044932,2023-06-03,2023-07-04,train,train,
1027,A418046,K23-044933,2023-06-05,2023-06-06,train,train,
1028,A418047,K23-044934,2023-06-05,2023-07-06,train,train,
1029,A326044,K23-044936,2023-06-05,2023-06-23,train,train,
1030,A418051,K23-044938,2023-06-05,2023-07-06,train,train,
1031,A418052,K23-044939,2023-06-05,2023-07-06,train,train,
1032,A418053,K23-044940,2023-06-05,2023-06-23,train,train,
1033,A418058,K23-044944,2023-06-06,2023-06-29,train,train,
1034,A418059,K23-044945,2023-06-06,2023-07-06,train,train,
1035,A418062,K23-044948,2023-06-06,2023-07-07,train,train,
1036,A413390,K23-044949,2023-06-06,2023-06-06,train,train,
1037,A413391,K23-044950,2023-06-06,2023-06-06,train,train,
1038,A299415,K23-044952,2023-06-06,2023-06-09,train,excluded,Training animal also appears in validation or test period
1039,A299416,K23-044953,2023-06-06,2023-06-09,train,excluded,Training animal also appears in validation or test period
1040,A413546,K23-044954,2023-06-07,2023-06-24,train,train,
1041,A413547,K23-044955,2023-06-07,2023-06-24,train,train,
1042,A417780,K23-044956,2023-06-07,2023-06-17,train,train,
1043,A418088,K23-044965,2023-06-07,2023-07-08,train,train,
1044,A418095,K23-044967,2023-06-07,2023-06-07,train,train,
1045,A418108,K23-044969,2023-06-08,2023-07-09,train,train,
1046,A383768,K23-044971,2023-06-08,2023-07-09,train,train,
1047,A366455,K23-044972,2023-06-08,2023-07-09,train,train,
1048,A418113,K23-044973,2023-06-08,2023-07-09,train,train,
1049,A418117,K23-044975,2023-06-08,2023-06-23,train,train,
1050,A418118,K23-044976,2023-06-08,2023-06-17,train,train,
1051,A418121,K23-044977,2023-06-08,2023-06-23,train,train,
1052,A418122,K23-044978,2023-06-08,2023-06-23,train,train,
1053,A418123,K23-044979,2023-06-08,2023-06-23,train,train,
1054,A418124,K23-044980,2023-06-09,2023-06-10,train,train,
1055,A418135,K23-044983,2023-06-09,2023-06-10,train,train,
1056,A266935,K23-044984,2023-06-09,2023-06-10,train,train,
1057,A418149,K23-044985,2023-06-09,2023-07-10,train,train,
1058,A418931,K23-044986,2023-06-09,2023-06-14,train,train,
1059,A418161,K23-044989,2023-06-09,2023-07-10,train,train,
1060,A418163,K23-044990,2023-06-09,2023-07-01,train,train,
1061,A418164,K23-044991,2023-06-09,2023-07-10,train,train,
1062,A418165,K23-044992,2023-06-09,2023-07-06,train,train,
1063,A418166,K23-044993,2023-06-09,2023-07-10,train,train,
1064,A418167,K23-044994,2023-06-09,2023-07-10,train,train,
1065,A417900,K23-044995,2023-06-10,2023-06-15,train,excluded,Training animal also appears in validation or test period
1066,A418178,K23-044996,2023-06-10,2023-07-11,train,train,
1067,A418176,K23-044997,2023-06-10,2023-06-15,train,train,
1068,A418182,K23-044999,2023-06-10,2023-07-01,train,train,
1069,A418185,K23-045000,2023-06-10,2023-07-01,train,train,
1070,A418187,K23-045001,2023-06-10,2023-06-13,train,train,
1071,A418189,K23-045002,2023-06-10,2023-06-27,train,train,
1072,A266935,K23-045003,2023-06-10,2023-06-14,train,train,
1073,A418190,K23-045004,2023-06-11,2023-06-24,train,train,
1074,A418193,K23-045005,2023-06-12,2023-07-13,train,train,
1075,A418195,K23-045006,2023-06-12,2023-07-13,train,train,
1076,A418209,K23-045008,2023-06-13,2023-06-24,train,train,
1077,A418218,K23-045012,2023-06-13,2023-07-14,train,train,
1078,A418219,K23-045013,2023-06-13,2023-07-14,train,train,
1079,A418220,K23-045014,2023-06-13,2023-07-14,train,train,
1080,A418221,K23-045015,2023-06-13,2023-07-14,train,train,
1081,A418222,K23-045016,2023-06-13,2023-07-14,train,train,
1082,A418224,K23-045017,2023-06-13,2023-06-13,train,train,
1083,A418226,K23-045019,2023-06-13,2023-06-27,train,train,
1084,A418227,K23-045020,2023-06-13,2023-07-14,train,train,
1085,A418239,K23-045022,2023-06-13,2023-07-11,train,train,
1086,A418242,K23-045023,2023-06-13,2023-06-14,train,train,
1087,A418130,K23-044982,2023-06-14,2023-07-07,train,train,
1088,A418259,K23-045024,2023-06-14,2023-07-15,train,train,
1089,A418263,K23-045025,2023-06-14,2023-07-15,train,train,
1090,A418264,K23-045026,2023-06-14,2023-06-14,train,train,
1091,A418267,K23-045027,2023-06-14,2023-07-15,train,train,
1092,A418273,K23-045028,2023-06-14,2023-06-15,train,train,
1093,A418274,K23-045029,2023-06-14,2023-06-15,train,train,
1094,A418276,K23-045031,2023-06-14,2023-06-14,train,train,
1095,A418279,K23-045032,2023-06-14,2023-06-14,train,train,
1096,A418282,K23-045033,2023-06-14,2023-06-23,train,train,
1097,A418284,K23-045034,2023-06-14,2023-07-15,train,train,
1098,A418285,K23-045035,2023-06-14,2023-07-15,train,train,
1099,A418286,K23-045036,2023-06-14,2023-07-15,train,train,
1100,A418292,K23-045037,2023-06-14,2023-06-15,train,train,
1101,A418331,K23-045056,2023-06-15,2023-06-15,train,train,
1102,A418340,K23-045057,2023-06-15,2023-07-07,train,train,
1103,A418341,K23-045058,2023-06-15,2023-06-15,train,train,
1104,A418362,K23-045061,2023-06-16,2023-06-28,train,train,
1105,A418370,K23-045062,2023-06-16,2023-07-07,train,train,
1106,A418372,K23-045064,2023-06-16,2023-06-28,train,train,
1107,A418375,K23-045066,2023-06-16,2023-07-17,train,train,
1108,A418376,K23-045067,2023-06-16,2023-07-17,train,train,
1109,A418377,K23-045068,2023-06-16,2023-06-25,train,train,
1110,A418378,K23-045069,2023-06-16,2023-06-25,train,train,
1111,A418379,K23-045070,2023-06-16,2023-06-25,train,train,
1112,A418380,K23-045071,2023-06-16,2023-06-25,train,train,
1113,A418381,K23-045072,2023-06-16,2023-06-25,train,train,
1114,A418382,K23-045073,2023-06-16,2023-06-24,train,train,
1115,A418383,K23-045074,2023-06-16,2023-06-23,train,train,
1116,A418384,K23-045075,2023-06-16,2023-06-24,train,train,
1117,A418385,K23-045076,2023-06-17,2023-06-17,train,train,
1118,A418390,K23-045077,2023-06-17,2023-07-18,train,train,
1119,A368604,K23-045078,2023-06-17,2023-06-17,train,train,
1120,A418401,K23-045079,2023-06-17,2023-06-22,train,train,
1121,A418402,K23-045080,2023-06-17,2023-07-18,train,excluded,Training animal also appears in validation or test period
1122,A375683,K23-045081,2023-06-17,2023-06-29,train,train,
1123,A418404,K23-045082,2023-06-17,2023-07-01,train,train,
1124,A418415,K23-045086,2023-06-17,2023-06-17,train,train,
1125,A418424,K23-045087,2023-06-19,2023-07-06,train,train,
1126,A418425,K23-045088,2023-06-19,2023-06-27,train,train,
1127,A418426,K23-045089,2023-06-19,2023-06-19,train,train,
1128,A418427,K23-045090,2023-06-19,2023-06-24,train,train,
1129,A418435,K23-045097,2023-06-20,2023-07-21,train,train,
1130,A418436,K23-045098,2023-06-20,2023-06-28,train,train,
1131,A418437,K23-045099,2023-06-20,2023-07-21,train,train,
1132,A323874,K23-045100,2023-06-20,2023-07-21,train,train,
1133,A418443,K23-045101,2023-06-20,2023-06-28,train,train,
1134,A418444,K23-045102,2023-06-20,2023-07-21,train,train,
1135,A418445,K23-045103,2023-06-20,2023-06-27,train,train,
1136,A418451,K23-045106,2023-06-20,2023-06-21,train,train,
1137,A418455,K23-045107,2023-06-20,2023-07-21,train,train,
1138,A412415,K23-045108,2023-06-20,2023-07-20,train,train,
1139,A418465,K23-045109,2023-06-20,2023-07-20,train,train,
1140,A418464,K23-045110,2023-06-20,2023-07-01,train,train,
1141,A418471,K23-045111,2023-06-21,2023-07-22,train,train,
1142,A363169,K23-045112,2023-06-21,2023-06-21,train,train,
1143,A418475,K23-045113,2023-06-21,2023-06-21,train,train,
1144,A418478,K23-045114,2023-06-21,2023-07-21,train,train,
1145,A418481,K23-045115,2023-06-21,2023-07-21,train,train,
1146,A418482,K23-045116,2023-06-21,2023-07-18,train,train,
1147,A418483,K23-045117,2023-06-21,2023-07-19,train,train,
1148,A418485,K23-045118,2023-06-21,2023-06-22,train,train,
1149,A418490,K23-045119,2023-06-22,2023-07-07,train,train,
1150,A415034,K23-045120,2023-06-22,2023-07-12,train,train,
1151,A418493,K23-045121,2023-06-22,2023-06-22,train,train,
1152,A418501,K23-045123,2023-06-22,2023-07-19,train,train,
1153,A418508,K23-045124,2023-06-22,2023-07-23,train,train,
1154,A418521,K23-045125,2023-06-23,2023-06-27,train,train,
1155,A418533,K23-045126,2023-06-23,2023-06-24,train,train,
1156,A418532,K23-045127,2023-06-23,2023-06-23,train,train,
1157,A418534,K23-045128,2023-06-23,2023-06-27,train,train,
1158,A413858,K23-045129,2023-06-23,2023-06-24,train,train,
1159,A418535,K23-045130,2023-06-23,2023-07-24,train,train,
1160,A418547,K23-045132,2023-06-23,2023-07-22,train,train,
1161,A418588,K23-045140,2023-06-24,2023-06-24,train,train,
1162,A418590,K23-045141,2023-06-24,2023-06-27,train,train,
1163,A418591,K23-045142,2023-06-24,2023-07-07,train,train,
1164,A418592,K23-045143,2023-06-24,2023-07-25,train,train,
1165,A418594,K23-045145,2023-06-24,2023-06-28,train,train,
1166,A417552,K23-045147,2023-06-24,2023-07-25,train,train,
1167,A257782,K23-045148,2023-06-26,2023-07-11,train,train,
1168,A418602,K23-045149,2023-06-26,2023-07-27,train,train,
1169,A418603,K23-045150,2023-06-26,2023-06-27,train,train,
1170,A418604,K23-045151,2023-06-26,2023-06-27,train,train,
1171,A418608,K23-045152,2023-06-27,2023-06-30,train,train,
1172,A418616,K23-045154,2023-06-27,2023-07-28,train,train,
1173,A418617,K23-045155,2023-06-27,2023-07-28,train,train,
1174,A418618,K23-045156,2023-06-27,2023-07-28,train,train,
1175,A418619,K23-045157,2023-06-27,2023-07-28,train,train,
1176,A418620,K23-045158,2023-06-27,2023-07-28,train,train,
1177,A418623,K23-045159,2023-06-27,2023-07-28,train,train,
1178,A418624,K23-045160,2023-06-27,2023-07-28,train,train,
1179,A418625,K23-045161,2023-06-27,2023-07-28,train,train,
1180,A418626,K23-045162,2023-06-27,2023-07-28,train,train,
1181,A418627,K23-045163,2023-06-27,2023-07-28,train,train,
1182,A418628,K23-045164,2023-06-27,2023-07-28,train,train,
1183,A418629,K23-045165,2023-06-27,2023-07-28,train,train,
1184,A418630,K23-045166,2023-06-27,2023-06-28,train,train,
1185,A404257,K23-045167,2023-06-27,2023-07-05,train,train,
1186,A418631,K23-045168,2023-06-27,2023-07-21,train,train,
1187,A418641,K23-045169,2023-06-28,2023-07-29,train,train,
1188,A401175,K23-045170,2023-06-28,2023-07-29,train,train,
1189,A418642,K23-045171,2023-06-28,2023-06-28,train,train,
1190,A418643,K23-045172,2023-06-28,2023-06-28,train,train,
1191,A418644,K23-045173,2023-06-28,2023-06-28,train,train,
1192,A418645,K23-045174,2023-06-28,2023-06-28,train,train,
1193,A418647,K23-045175,2023-06-28,2023-06-28,train,train,
1194,A418649,K23-045176,2023-06-28,2023-06-28,train,train,
1195,A418648,K23-045177,2023-06-28,2023-06-28,train,train,
1196,A418650,K23-045178,2023-06-28,2023-06-28,train,train,
1197,A418651,K23-045179,2023-06-28,2023-06-28,train,train,
1198,A418652,K23-045180,2023-06-28,2023-06-28,train,train,
1199,A418653,K23-045181,2023-06-28,2023-06-28,train,train,
1200,A418654,K23-045182,2023-06-28,2023-07-07,train,train,
1201,A418656,K23-045183,2023-06-28,2023-07-29,train,train,
1202,A418667,K23-045188,2023-06-28,2023-06-30,train,train,
1203,A418673,K23-045189,2023-06-29,2023-06-29,train,train,
1204,A418674,K23-045190,2023-06-29,2023-06-29,train,train,
1205,A418675,K23-045191,2023-06-29,2023-07-14,train,train,
1206,A418677,K23-045192,2023-06-29,2023-07-19,train,train,
1207,A418682,K23-045193,2023-06-29,2023-07-30,train,train,
1208,A418685,K23-045194,2023-06-29,2023-07-30,train,train,
1209,A418686,K23-045195,2023-06-29,2023-07-30,train,train,
1210,A418687,K23-045196,2023-06-29,2023-07-30,train,train,
1211,A418688,K23-045197,2023-06-29,2023-07-30,train,train,
1212,A418689,K23-045198,2023-06-29,2023-07-30,train,train,
1213,A418690,K23-045199,2023-06-29,2023-07-30,train,train,
1214,A418691,K23-045200,2023-06-29,2023-07-30,train,train,
1215,A418698,K23-045201,2023-06-29,2023-07-30,train,train,
1216,A418704,K23-045202,2023-06-29,2023-07-15,train,train,
1217,A418705,K23-045203,2023-06-29,2023-07-15,train,train,
1218,A418706,K23-045204,2023-06-29,2023-07-30,train,train,
1219,A418714,K23-045205,2023-06-29,2023-06-30,train,train,
1220,A418716,K23-045206,2023-06-29,2023-06-30,train,train,
1221,A418717,K23-045207,2023-06-29,2023-06-30,train,train,
1222,A418718,K23-045208,2023-06-29,2023-06-30,train,train,
1223,A418719,K23-045209,2023-06-29,2023-06-30,train,train,
1224,A418715,K23-045210,2023-06-29,2023-06-30,train,train,
1225,A418713,K23-045211,2023-06-29,2023-06-30,train,train,
1226,A418712,K23-045212,2023-06-29,2023-06-30,train,train,
1227,A418711,K23-045213,2023-06-29,2023-06-30,train,train,
1228,A418710,K23-045214,2023-06-29,2023-06-30,train,train,
1229,A418709,K23-045215,2023-06-29,2023-06-30,train,train,
1230,A418722,K23-045216,2023-06-29,2023-07-26,train,train,
1231,A418723,K23-045217,2023-06-30,2023-06-30,train,train,
1232,A418730,K23-045219,2023-06-30,2023-07-19,train,train,
1233,A418731,K23-045220,2023-06-30,2023-07-31,train,train,
1234,A418732,K23-045221,2023-06-30,2023-07-31,train,train,
1235,A418734,K23-045222,2023-06-30,2023-07-31,train,train,
1236,A418735,K23-045223,2023-06-30,2023-06-30,train,train,
1237,A418736,K23-045224,2023-06-30,2023-07-31,train,train,
1238,A418748,K23-045226,2023-06-30,2023-07-08,train,train,
1239,A418750,K23-045227,2023-06-30,2023-06-30,train,train,
1240,A418753,K23-045236,2023-07-01,2023-07-11,train,train,
1241,A418754,K23-045237,2023-07-01,2023-07-01,train,train,
1242,A418758,K23-045238,2023-07-01,2023-08-01,train,train,
1243,A418762,K23-045239,2023-07-01,2023-08-01,train,train,
1244,A418767,K23-045240,2023-07-01,2023-07-14,train,train,
1245,A370571,K23-045241,2023-07-01,2023-07-14,train,train,
1246,A347001,K23-045242,2023-07-01,2023-07-01,train,train,
1247,A402444,K23-045243,2023-07-01,2023-07-06,train,train,
1248,A407510,K23-045244,2023-07-02,2023-07-06,train,train,
1249,A404536,K23-045245,2023-07-02,2023-07-05,train,train,
1250,A418775,K23-045246,2023-07-02,2023-08-02,train,train,
1251,A418776,K23-045247,2023-07-03,2023-08-03,train,train,
1252,A418779,K23-045249,2023-07-03,2023-07-03,train,train,
1253,A346894,K23-045250,2023-07-03,2023-07-05,train,train,
1254,A284537,K23-045251,2023-07-03,2023-07-05,train,train,
1255,A410130,K23-045252,2023-07-03,2023-07-03,train,train,
1256,A418787,K23-045254,2023-07-04,2023-07-07,train,train,
1257,A418788,K23-045255,2023-07-04,2023-07-07,train,train,
1258,A418791,K23-045256,2023-07-05,2023-08-05,train,train,
1259,A418793,K23-045259,2023-07-05,2023-07-05,train,train,
1260,A418796,K23-045262,2023-07-05,2023-07-28,train,train,
1261,A328255,K23-045263,2023-07-05,2023-08-05,train,train,
1262,A399917,K23-045264,2023-07-05,2023-08-05,train,train,
1263,A418798,K23-045265,2023-07-05,2023-08-05,train,train,
1264,A418799,K23-045267,2023-07-05,2023-07-06,train,train,
1265,A418803,K23-045269,2023-07-05,2023-07-22,train,train,
1266,A418804,K23-045270,2023-07-05,2023-07-22,train,train,
1267,A418806,K23-045271,2023-07-05,2023-08-02,train,train,
1268,A418807,K23-045272,2023-07-05,2023-07-15,train,train,
1269,A418805,K23-045273,2023-07-05,2023-07-05,train,train,
1270,A418809,K23-045274,2023-07-05,2023-08-05,train,train,
1271,A418810,K23-045275,2023-07-05,2023-08-05,train,train,
1272,A418812,K23-045277,2023-07-05,2023-08-05,train,train,
1273,A418813,K23-045278,2023-07-05,2023-08-05,train,train,
1274,A407510,K23-045280,2023-07-06,2023-07-15,train,train,
1275,A271496,K23-045281,2023-07-06,2023-07-06,train,train,
1276,A418817,K23-045282,2023-07-06,2023-07-12,train,train,
1277,A418404,K23-045283,2023-07-06,2023-07-14,train,train,
1278,A418818,K23-045284,2023-07-06,2023-07-19,train,train,
1279,A415166,K23-045285,2023-07-06,2023-07-06,train,train,
1280,A418824,K23-045286,2023-07-06,2023-07-06,train,train,
1281,A418825,K23-045287,2023-07-06,2023-08-06,train,train,
1282,A418827,K23-045288,2023-07-06,2023-08-06,train,train,
1283,A418828,K23-045289,2023-07-06,2023-07-06,train,train,
1284,A418829,K23-045290,2023-07-06,2023-07-14,train,train,
1285,A418830,K23-045291,2023-07-06,2023-07-29,train,train,
1286,A355911,K23-045293,2023-07-07,2023-07-08,train,train,
1287,A381825,K23-045294,2023-07-07,2023-08-07,train,train,
1288,A418863,K23-045306,2023-07-07,2023-08-07,train,train,
1289,A418877,K23-045308,2023-07-07,2023-08-07,train,train,
1290,A418879,K23-045309,2023-07-07,2023-08-07,train,train,
1291,A418878,K23-045310,2023-07-07,2023-08-07,train,train,
1292,A418880,K23-045311,2023-07-08,2023-07-15,train,train,
1293,A418895,K23-045315,2023-07-08,2023-08-08,train,train,
1294,A418894,K23-045316,2023-07-08,2023-08-08,train,train,
1295,A418897,K23-045317,2023-07-08,2023-07-11,train,train,
1296,A418898,K23-045318,2023-07-08,2023-07-11,train,train,
1297,A418901,K23-045320,2023-07-08,2023-07-28,train,train,
1298,A418902,K23-045323,2023-07-08,2023-07-11,train,train,
1299,A418908,K23-045324,2023-07-09,2023-07-11,train,train,
1300,A418909,K23-045325,2023-07-09,2023-07-11,train,train,
1301,A418916,K23-045328,2023-07-09,2023-07-20,train,train,
1302,A418911,K23-045326,2023-07-10,2023-07-11,train,train,
1303,A418915,K23-045327,2023-07-10,2023-07-11,train,train,
1304,A410357,K23-045329,2023-07-10,2023-07-28,train,train,
1305,A418918,K23-045330,2023-07-10,2023-08-10,train,train,
1306,A418919,K23-045331,2023-07-10,2023-08-10,train,train,
1307,A385059,K23-045333,2023-07-11,2023-07-13,train,train,
1308,A418929,K23-045337,2023-07-11,2023-08-11,train,train,
1309,A418930,K23-045338,2023-07-11,2023-07-12,train,train,
1310,A418931,K23-045339,2023-07-11,2023-08-11,train,train,
1311,A418977,K23-045363,2023-07-12,2023-08-12,train,train,
1312,A418978,K23-045364,2023-07-12,2023-08-04,train,train,
1313,A418979,K23-045365,2023-07-12,2023-08-12,train,train,
1314,A418981,K23-045366,2023-07-12,2023-08-04,train,train,
1315,A418982,K23-045367,2023-07-12,2023-08-07,train,train,
1316,A418983,K23-045368,2023-07-12,2023-08-07,train,train,
1317,A418984,K23-045369,2023-07-12,2023-08-07,train,train,
1318,A418980,K23-045370,2023-07-12,2023-08-07,train,train,
1319,A418588,K23-045373,2023-07-12,2023-08-02,train,train,
1320,A418990,K23-045374,2023-07-12,2023-08-12,train,train,
1321,A418991,K23-045375,2023-07-12,2023-07-15,train,train,
1322,A337321,K23-045376,2023-07-12,2023-07-13,train,train,
1323,A418993,K23-045377,2023-07-12,2023-08-10,train,train,
1324,A418994,K23-045378,2023-07-12,2023-08-12,train,train,
1325,A413614,K23-045379,2023-07-12,2023-08-03,train,train,
1326,A418997,K23-045380,2023-07-12,2023-08-05,train,train,
1327,A419021,K23-045394,2023-07-12,2023-07-13,train,train,
1328,A419001,K23-045382,2023-07-13,2023-08-02,train,train,
1329,A419002,K23-045383,2023-07-13,2023-08-13,train,train,
1330,A419003,K23-045384,2023-07-13,2023-08-13,train,train,
1331,A419012,K23-045389,2023-07-13,2023-08-13,train,train,
1332,A419015,K23-045390,2023-07-13,2023-08-13,train,train,
1333,A419013,K23-045392,2023-07-13,2023-07-13,train,train,
1334,A419017,K23-045393,2023-07-13,2023-07-13,train,train,
1335,A419032,K23-045396,2023-07-13,2023-07-14,train,train,
1336,A419033,K23-045397,2023-07-14,2023-07-18,train,train,
1337,A335460,K23-045398,2023-07-14,2023-07-15,train,train,
1338,A419040,K23-045399,2023-07-14,2023-08-14,train,train,
1339,A419051,K23-045400,2023-07-14,2023-07-15,train,train,
1340,A419055,K23-045402,2023-07-14,2023-07-20,train,train,
1341,A419056,K23-045403,2023-07-14,2023-07-20,train,train,
1342,A419057,K23-045404,2023-07-14,2023-07-20,train,train,
1343,A419058,K23-045405,2023-07-14,2023-07-18,train,train,
1344,A419063,K23-045406,2023-07-14,2023-08-14,train,train,
1345,A419062,K23-045407,2023-07-14,2023-08-01,train,train,
1346,A419061,K23-045408,2023-07-14,2023-08-14,train,train,
1347,A419060,K23-045409,2023-07-14,2023-07-20,train,train,
1348,A411848,K23-045410,2023-07-14,2023-07-18,train,train,
1349,A419059,K23-045411,2023-07-14,2023-08-01,train,train,
1350,A419079,K23-045414,2023-07-15,2023-07-18,train,train,
1351,A418124,K23-045415,2023-07-15,2023-07-18,train,train,
1352,A419086,K23-045417,2023-07-15,2023-08-08,train,train,
1353,A415738,K23-045418,2023-07-16,2023-07-20,train,excluded,Training animal also appears in validation or test period
1354,A419090,K23-045419,2023-07-16,2023-08-16,train,train,
1355,A419091,K23-045420,2023-07-16,2023-07-28,train,train,
1356,A419097,K23-045421,2023-07-17,2023-08-15,train,train,
1357,A419096,K23-045422,2023-07-17,2023-07-27,train,train,
1358,A419098,K23-045423,2023-07-17,2023-07-20,train,train,
1359,A419114,K23-045424,2023-07-17,2023-07-18,train,train,
1360,A419099,K23-045425,2023-07-17,2023-07-18,train,train,
1361,A419100,K23-045426,2023-07-17,2023-07-18,train,train,
1362,A419101,K23-045427,2023-07-17,2023-07-18,train,train,
1363,A419102,K23-045428,2023-07-17,2023-07-18,train,train,
1364,A419103,K23-045429,2023-07-17,2023-07-18,train,train,
1365,A419104,K23-045430,2023-07-17,2023-07-18,train,train,
1366,A419105,K23-045431,2023-07-17,2023-07-18,train,train,
1367,A419106,K23-045432,2023-07-17,2023-07-18,train,train,
1368,A419107,K23-045433,2023-07-17,2023-07-18,train,train,
1369,A419117,K23-045435,2023-07-18,2023-08-18,train,train,
1370,A419119,K23-045436,2023-07-18,2023-07-18,train,train,
1371,A419122,K23-045438,2023-07-18,2023-08-18,train,train,
1372,A419124,K23-045439,2023-07-18,2023-07-18,train,train,
1373,A419128,K23-045440,2023-07-18,2023-08-10,train,train,
1374,A419129,K23-045441,2023-07-18,2023-08-18,train,train,
1375,A419132,K23-045443,2023-07-18,2023-07-25,train,train,
1376,A419134,K23-045445,2023-07-18,2023-07-19,train,train,
1377,A419135,K23-045446,2023-07-18,2023-08-11,train,train,
1378,A419139,K23-045447,2023-07-19,2023-08-03,train,train,
1379,A419140,K23-045448,2023-07-19,2023-07-19,train,train,
1380,A419147,K23-045449,2023-07-19,2023-08-19,train,train,
1381,A249409,K23-045450,2023-07-19,2023-07-19,train,train,
1382,A419149,K23-045451,2023-07-19,2023-08-19,train,train,
1383,A419151,K23-045452,2023-07-19,2023-08-04,train,train,
1384,A395220,K23-045453,2023-07-19,2023-08-19,train,train,
1385,A419152,K23-045454,2023-07-19,2023-08-01,train,train,
1386,A375351,K23-045455,2023-07-19,2023-08-19,train,train,
1387,A419156,K23-045457,2023-07-19,2023-08-19,train,train,
1388,A419157,K23-045458,2023-07-19,2023-07-21,train,train,
1389,A419173,K23-045467,2023-07-20,2023-07-20,train,train,
1390,A419174,K23-045468,2023-07-20,2023-08-03,train,train,
1391,A419176,K23-045469,2023-07-20,2023-08-03,train,train,
1392,A419177,K23-045470,2023-07-20,2023-08-03,train,train,
1393,A419178,K23-045472,2023-07-20,2023-08-03,train,train,
1394,A419186,K23-045473,2023-07-20,2023-07-25,train,train,
1395,A419192,K23-045475,2023-07-20,2023-08-20,train,train,
1396,A419199,K23-045478,2023-07-21,2023-07-21,train,train,
1397,A419202,K23-045480,2023-07-21,2023-08-21,train,train,
1398,A419214,K23-045481,2023-07-21,2023-07-25,train,train,
1399,A419226,K23-045484,2023-07-22,2023-08-22,train,train,
1400,A419227,K23-045485,2023-07-22,2023-08-18,train,train,
1401,A419231,K23-045486,2023-07-22,2023-07-28,train,train,
1402,A419232,K23-045488,2023-07-22,2023-07-25,train,train,
1403,A419235,K23-045490,2023-07-22,2023-08-22,train,train,
1404,A417359,K23-045491,2023-07-22,2023-08-22,train,train,
1405,A384287,K23-045494,2023-07-23,2023-08-01,train,train,
1406,A402444,K23-045495,2023-07-23,2023-07-25,train,train,
1407,A419257,K23-045497,2023-07-24,2023-08-24,train,train,
1408,A419258,K23-045498,2023-07-24,2023-08-24,train,train,
1409,A419259,K23-045499,2023-07-24,2023-07-24,train,train,
1410,A419260,K23-045500,2023-07-24,2023-07-24,train,train,
1411,A419261,K23-045501,2023-07-24,2023-08-24,train,train,
1412,A419262,K23-045502,2023-07-24,2023-08-24,train,train,
1413,A420662,K23-045503,2023-07-25,2023-07-25,train,train,
1414,A416793,K23-045504,2023-07-25,2023-07-25,train,train,
1415,A419284,K23-045509,2023-07-25,2023-07-26,train,train,
1416,A417900,K23-045514,2023-07-25,2023-07-28,train,excluded,Training animal also appears in validation or test period
1417,A419303,K23-045515,2023-07-26,2023-08-26,train,train,
1418,A411848,K23-045518,2023-07-26,2023-08-02,train,train,
1419,A419307,K23-045519,2023-07-26,2023-08-09,train,train,
1420,A419308,K23-045520,2023-07-26,2023-08-26,train,train,
1421,A419309,K23-045521,2023-07-26,2023-08-26,train,train,
1422,A419310,K23-045522,2023-07-26,2023-08-09,train,train,
1423,A419311,K23-045523,2023-07-26,2023-08-26,train,train,
1424,A417804,K23-045524,2023-07-26,2023-07-29,train,train,
1425,A413248,K23-045525,2023-07-26,2023-07-27,train,train,
1426,A419312,K23-045526,2023-07-26,2023-08-10,train,train,
1427,A419313,K23-045527,2023-07-26,2023-08-26,train,train,
1428,A419314,K23-045528,2023-07-26,2023-08-26,train,train,
1429,A419324,K23-045533,2023-07-27,2023-08-27,train,train,
1430,A419325,K23-045534,2023-07-27,2023-08-02,train,train,
1431,A419326,K23-045535,2023-07-27,2023-08-27,train,train,
1432,A419327,K23-045536,2023-07-27,2023-08-25,train,train,
1433,A419328,K23-045537,2023-07-27,2023-08-02,train,train,
1434,A419329,K23-045538,2023-07-27,2023-08-27,train,train,
1435,A419330,K23-045539,2023-07-27,2023-08-26,train,train,
1436,A419331,K23-045540,2023-07-27,2023-08-27,train,train,
1437,A419332,K23-045541,2023-07-27,2023-08-27,train,train,
1438,A419333,K23-045542,2023-07-27,2023-07-30,train,train,
1439,A419334,K23-045543,2023-07-27,2023-08-26,train,train,
1440,A301675,K23-045544,2023-07-27,2023-07-27,train,train,
1441,A419338,K23-045545,2023-07-27,2023-07-28,train,excluded,Training animal also appears in validation or test period
1442,A419341,K23-045547,2023-07-27,2023-08-27,train,train,
1443,A419342,K23-045548,2023-07-27,2023-08-27,train,train,
1444,A419354,K23-045552,2023-07-27,2023-08-27,train,train,
1445,A386134,K23-045553,2023-07-28,2023-07-29,train,train,
1446,A419370,K23-045554,2023-07-28,2023-08-28,train,train,
1447,A419371,K23-045555,2023-07-28,2023-07-28,train,train,
1448,A419372,K23-045556,2023-07-28,2023-08-19,train,train,
1449,A419373,K23-045557,2023-07-28,2023-07-29,train,train,
1450,A281474,K23-045558,2023-07-28,2023-07-29,train,train,
1451,A419379,K23-045559,2023-07-28,2023-07-28,train,train,
1452,A419382,K23-045561,2023-07-29,2023-08-12,train,train,
1453,A419383,K23-045562,2023-07-29,2023-08-12,train,train,
1454,A419385,K23-045563,2023-07-29,2023-08-23,train,train,
1455,A419386,K23-045564,2023-07-29,2023-08-12,train,train,
1456,A419387,K23-045565,2023-07-29,2023-08-12,train,train,
1457,A419388,K23-045566,2023-07-29,2023-08-23,train,train,
1458,A419389,K23-045567,2023-07-29,2023-08-29,train,train,
1459,A419391,K23-045569,2023-07-29,2023-08-29,train,train,
1460,A419394,K23-045570,2023-07-29,2023-08-05,train,train,
1461,A301022,K23-045571,2023-07-29,2023-07-29,train,train,
1462,A419396,K23-045572,2023-07-29,2023-08-29,train,train,
1463,A419404,K23-045574,2023-07-31,2023-07-31,train,train,
1464,A419405,K23-045575,2023-07-31,2023-08-19,train,train,
1465,A419415,K23-045591,2023-08-01,2023-09-01,train,train,
1466,A419416,K23-045592,2023-08-01,2023-09-01,train,train,
1467,A419417,K23-045593,2023-08-01,2023-08-18,train,train,
1468,A356213,K23-045594,2023-08-01,2023-09-01,train,train,
1469,A419420,K23-045595,2023-08-01,2023-09-01,train,train,
1470,A419425,K23-045600,2023-08-01,2023-09-01,train,train,
1471,A419428,K23-045602,2023-08-02,2023-08-02,train,train,
1472,A419429,K23-045603,2023-08-02,2023-08-05,train,train,
1473,A419430,K23-045604,2023-08-02,2023-08-02,train,train,
1474,A419431,K23-045605,2023-08-02,2023-08-04,train,train,
1475,A419432,K23-045606,2023-08-02,2023-09-01,train,train,
1476,A419434,K23-045608,2023-08-02,2023-08-02,train,train,
1477,A419438,K23-045610,2023-08-02,2023-09-01,train,train,
1478,A419439,K23-045611,2023-08-02,2023-09-02,train,train,
1479,A419441,K23-045613,2023-08-03,2023-08-08,train,train,
1480,A419445,K23-045614,2023-08-03,2023-08-04,train,train,
1481,A419450,K23-045615,2023-08-03,2023-08-15,train,train,
1482,A419455,K23-045616,2023-08-03,2023-08-04,train,train,
1483,A419456,K23-045617,2023-08-03,2023-09-03,train,train,
1484,A419457,K23-045618,2023-08-03,2023-08-04,train,train,
1485,A419459,K23-045620,2023-08-03,2023-08-03,train,train,
1486,A419469,K23-045621,2023-08-04,2023-09-04,train,train,
1487,A378799,K23-045622,2023-08-04,2023-08-04,train,train,
1488,A419472,K23-045623,2023-08-04,2023-08-04,train,train,
1489,A419473,K23-045624,2023-08-04,2023-08-04,train,train,
1490,A419474,K23-045625,2023-08-04,2023-08-04,train,train,
1491,A419475,K23-045626,2023-08-04,2023-08-04,train,train,
1492,A419476,K23-045627,2023-08-04,2023-08-04,train,train,
1493,A419477,K23-045628,2023-08-04,2023-08-04,train,train,
1494,A419478,K23-045629,2023-08-04,2023-08-04,train,train,
1495,A419479,K23-045630,2023-08-04,2023-08-04,train,train,
1496,A419480,K23-045631,2023-08-04,2023-08-04,train,train,
1497,A419484,K23-045632,2023-08-04,2023-09-04,train,train,
1498,A419486,K23-045633,2023-08-04,2023-09-04,train,train,
1499,A419487,K23-045634,2023-08-04,2023-08-12,train,train,
1500,A419489,K23-045635,2023-08-04,2023-09-01,train,train,
1501,A419490,K23-045636,2023-08-04,2023-09-04,train,train,
1502,A419496,K23-045639,2023-08-05,2023-09-05,train,train,
1503,A419497,K23-045640,2023-08-05,2023-09-05,train,train,
1504,A419498,K23-045641,2023-08-05,2023-09-05,train,train,
1505,A419513,K23-045651,2023-08-05,2023-08-12,train,train,
1506,A419501,K23-045643,2023-08-06,2023-08-08,train,train,
1507,A418124,K23-045644,2023-08-06,2023-08-09,train,train,
1508,A419502,K23-045645,2023-08-06,2023-08-10,train,train,
1509,A267380,K23-045646,2023-08-07,2023-08-31,train,train,
1510,A419503,K23-045647,2023-08-07,2023-09-07,train,train,
1511,A419504,K23-045648,2023-08-07,2023-09-07,train,train,
1512,A419509,K23-045649,2023-08-07,2023-08-07,train,train,
1513,A419511,K23-045650,2023-08-07,2023-08-30,train,train,
1514,A419514,K23-045652,2023-08-08,2023-09-08,train,train,
1515,A419515,K23-045653,2023-08-08,2023-08-08,train,train,
1516,A419516,K23-045656,2023-08-08,2023-08-08,train,train,
1517,A419517,K23-045657,2023-08-08,2023-09-08,train,train,
1518,A419520,K23-045658,2023-08-08,2023-08-22,train,train,
1519,A419522,K23-045659,2023-08-08,2023-09-08,train,train,
1520,A419533,K23-045660,2023-08-08,2023-08-09,train,train,
1521,A419543,K23-045661,2023-08-08,2023-08-09,train,train,
1522,A419544,K23-045662,2023-08-08,2023-09-08,train,train,
1523,A419545,K23-045663,2023-08-08,2023-09-05,train,train,
1524,A419948,K23-045664,2023-08-09,2023-08-16,train,train,
1525,A414191,K23-045665,2023-08-09,2023-08-11,train,train,
1526,A419550,K23-045666,2023-08-09,2023-09-01,train,train,
1527,A419553,K23-045668,2023-08-09,2023-08-09,train,train,
1528,A417024,K23-045670,2023-08-09,2023-08-29,train,train,
1529,A419560,K23-045674,2023-08-09,2023-09-09,train,train,
1530,A419561,K23-045675,2023-08-10,2023-08-15,train,excluded,Training animal also appears in validation or test period
1531,A419562,K23-045676,2023-08-10,2023-08-15,train,train,
1532,A419563,K23-045677,2023-08-10,2023-08-15,train,train,
1533,A419564,K23-045678,2023-08-10,2023-08-11,train,train,
1534,A410133,K23-045679,2023-08-10,2023-08-10,train,train,
1535,A419567,K23-045682,2023-08-10,2023-08-31,train,train,
1536,A419570,K23-045683,2023-08-11,2023-08-11,train,train,
1537,A419576,K23-045687,2023-08-11,2023-09-11,train,train,
1538,A419577,K23-045688,2023-08-11,2023-09-11,train,train,
1539,A419578,K23-045689,2023-08-11,2023-09-11,train,train,
1540,A419579,K23-045690,2023-08-11,2023-09-11,train,train,
1541,A419584,K23-045692,2023-08-11,2023-08-18,train,train,
1542,A419585,K23-045693,2023-08-11,2023-08-18,train,train,
1543,A419592,K23-045694,2023-08-11,2023-08-15,train,train,
1544,A419593,K23-045695,2023-08-11,2023-08-12,train,train,
1545,A416917,K23-045696,2023-08-11,2023-08-12,train,train,
1546,A276338,K23-045697,2023-08-11,2023-08-18,train,train,
1547,A419601,K23-045698,2023-08-11,2023-08-16,train,train,
1548,A273845,K23-045699,2023-08-12,2023-08-12,train,train,
1549,A419607,K23-045702,2023-08-12,2023-08-30,train,train,
1550,A418390,K23-045703,2023-08-12,2023-08-23,train,train,
1551,A419617,K23-045704,2023-08-12,2023-08-23,train,train,
1552,A419622,K23-045706,2023-08-12,2023-08-12,train,train,
1553,A419623,K23-045707,2023-08-12,2023-08-12,train,train,
1554,A419624,K23-045708,2023-08-12,2023-08-12,train,train,
1555,A419429,K23-045709,2023-08-13,2023-08-16,train,train,
1556,A419627,K23-045710,2023-08-13,2023-08-15,train,train,
1557,A419630,K23-045711,2023-08-14,2023-08-16,train,train,
1558,A419632,K23-045712,2023-08-14,2023-09-14,train,train,
1559,A419661,K23-045714,2023-08-15,2023-09-13,train,train,
1560,A419664,K23-045715,2023-08-15,2023-08-29,train,train,
1561,A419669,K23-045716,2023-08-15,2023-09-15,train,train,
1562,A419671,K23-045717,2023-08-15,2023-09-15,train,train,
1563,A419689,K23-045718,2023-08-16,2023-08-23,train,train,
1564,A419691,K23-045719,2023-08-16,2023-09-16,train,train,
1565,A419692,K23-045720,2023-08-16,2023-08-17,train,train,
1566,A419693,K23-045721,2023-08-16,2023-08-17,train,train,
1567,A419694,K23-045722,2023-08-16,2023-09-16,train,train,
1568,A419695,K23-045723,2023-08-16,2023-09-16,train,train,
1569,A419696,K23-045724,2023-08-16,2023-09-16,train,train,
1570,A419698,K23-045725,2023-08-16,2023-09-16,train,train,
1571,A418722,K23-045726,2023-08-16,2023-08-22,train,train,
1572,A419707,K23-045728,2023-08-16,2023-09-16,train,train,
1573,A419708,K23-045729,2023-08-16,2023-09-16,train,train,
1574,A419709,K23-045730,2023-08-16,2023-09-16,train,train,
1575,A419712,K23-045731,2023-08-16,2023-08-16,train,train,
1576,A419716,K23-045732,2023-08-16,2023-09-16,train,train,
1577,A419719,K23-045733,2023-08-16,2023-08-16,train,train,
1578,A419722,K23-045734,2023-08-16,2023-08-18,train,train,
1579,A419574,K23-045685,2023-08-17,2023-09-17,train,train,
1580,A419731,K23-045735,2023-08-17,2023-08-23,train,train,
1581,A419733,K23-045737,2023-08-17,2023-08-17,train,train,
1582,A419736,K23-045738,2023-08-17,2023-08-22,train,train,
1583,A419743,K23-045745,2023-08-17,2023-08-17,train,train,
1584,A419748,K23-045746,2023-08-17,2023-08-24,train,train,
1585,A419749,K23-045747,2023-08-17,2023-08-31,train,train,
1586,A419750,K23-045748,2023-08-17,2023-08-18,train,train,
1587,A419755,K23-045749,2023-08-17,2023-09-17,train,train,
1588,A419758,K23-045750,2023-08-17,2023-09-17,train,train,
1589,A419759,K23-045751,2023-08-17,2023-09-17,train,train,
1590,A419760,K23-045752,2023-08-17,2023-09-17,train,train,
1591,A419766,K23-045754,2023-08-18,2023-08-18,train,train,
1592,A419767,K23-045755,2023-08-18,2023-08-18,train,train,
1593,A419768,K23-045756,2023-08-18,2023-08-18,train,train,
1594,A419769,K23-045757,2023-08-18,2023-08-18,train,train,
1595,A419775,K23-045758,2023-08-18,2023-08-18,train,train,
1596,A419776,K23-045759,2023-08-18,2023-08-18,train,train,
1597,A419787,K23-045761,2023-08-18,2023-09-18,train,train,
1598,A355971,K23-045767,2023-08-18,2023-09-18,train,train,
1599,A355986,K23-045768,2023-08-18,2023-09-18,train,train,
1600,A419795,K23-045769,2023-08-18,2023-09-18,train,train,
1601,A419801,K23-045770,2023-08-19,2023-08-19,train,train,
1602,A419802,K23-045771,2023-08-19,2023-08-19,train,train,
1603,A419803,K23-045772,2023-08-19,2023-08-19,train,train,
1604,A419804,K23-045773,2023-08-19,2023-08-19,train,train,
1605,A419805,K23-045774,2023-08-19,2023-08-19,train,train,
1606,A419808,K23-045775,2023-08-19,2023-08-19,train,train,
1607,A419817,K23-045776,2023-08-19,2023-09-19,train,train,
1608,A419818,K23-045777,2023-08-19,2023-08-22,train,train,
1609,A419627,K23-045781,2023-08-21,2023-08-22,train,train,
1610,A419833,K23-045782,2023-08-21,2023-08-22,train,train,
1611,A419834,K23-045783,2023-08-21,2023-08-22,train,train,
1612,A368074,K23-045785,2023-08-21,2023-09-21,train,train,
1613,A419557,K23-045671,2023-08-22,2023-09-16,train,train,
1614,A419558,K23-045672,2023-08-22,2023-09-16,train,train,
1615,A419843,K23-045786,2023-08-22,2023-09-22,train,train,
1616,A419845,K23-045787,2023-08-22,2023-09-22,train,train,
1617,A419849,K23-045788,2023-08-22,2023-08-22,train,train,
1618,A419850,K23-045789,2023-08-22,2023-08-23,train,train,
1619,A402932,K23-045791,2023-08-23,2023-08-24,train,train,
1620,A419866,K23-045792,2023-08-23,2023-08-29,train,train,
1621,A419882,K23-045795,2023-08-23,2023-08-23,train,train,
1622,A419889,K23-045796,2023-08-24,2023-09-24,train,train,
1623,A419891,K23-045797,2023-08-24,2023-08-24,train,train,
1624,A419883,K23-045798,2023-08-24,2023-08-31,train,train,
1625,A419892,K23-045799,2023-08-24,2023-09-09,train,train,
1626,A419896,K23-045800,2023-08-24,2023-09-24,train,train,
1627,A419898,K23-045801,2023-08-24,2023-09-13,train,train,
1628,A419902,K23-045802,2023-08-24,2023-09-24,train,train,
1629,A419907,K23-045806,2023-08-25,2023-08-25,train,train,
1630,A419910,K23-045807,2023-08-25,2023-09-07,train,train,
1631,A419911,K23-045808,2023-08-25,2023-09-25,train,train,
1632,A419928,K23-045809,2023-08-25,2023-09-25,train,train,
1633,A419933,K23-045810,2023-08-25,2023-09-02,train,train,
1634,A419931,K23-045811,2023-08-25,2023-08-26,train,train,
1635,A419936,K23-045812,2023-08-25,2023-09-14,train,train,
1636,A419937,K23-045813,2023-08-25,2023-09-23,train,train,
1637,A419947,K23-045814,2023-08-26,2023-08-26,train,train,
1638,A419948,K23-045815,2023-08-26,2023-09-16,train,train,
1639,A419327,K23-045817,2023-08-26,2023-08-29,train,train,
1640,A419963,K23-045818,2023-08-26,2023-09-26,train,train,
1641,A419966,K23-045820,2023-08-26,2023-08-31,train,train,
1642,A419969,K23-045823,2023-08-26,2023-08-26,train,train,
1643,A419972,K23-045825,2023-08-27,2023-08-31,train,excluded,Training animal also appears in validation or test period
1644,A312859,K23-045826,2023-08-27,2023-08-29,train,train,
1645,A419976,K23-045827,2023-08-27,2023-08-29,train,train,
1646,A419977,K23-045828,2023-08-28,2023-09-26,train,train,
1647,A419981,K23-045830,2023-08-28,2023-08-29,train,train,
1648,A419994,K23-045834,2023-08-29,2023-08-31,train,train,
1649,A420000,K23-045835,2023-08-29,2023-09-12,train,train,
1650,A420006,K23-045836,2023-08-29,2023-09-15,train,train,
1651,A419063,K23-045837,2023-08-29,2023-09-15,train,train,
1652,A420011,K23-045838,2023-08-29,2023-09-29,train,train,
1653,A420012,K23-045839,2023-08-29,2023-09-29,train,train,
1654,A420013,K23-045840,2023-08-29,2023-09-29,train,train,
1655,A420014,K23-045841,2023-08-29,2023-09-29,train,train,
1656,A420015,K23-045842,2023-08-29,2023-09-29,train,train,
1657,A420016,K23-045843,2023-08-29,2023-09-29,train,train,
1658,A420017,K23-045844,2023-08-29,2023-09-29,train,train,
1659,A420018,K23-045845,2023-08-29,2023-09-29,train,train,
1660,A420021,K23-045846,2023-08-29,2023-09-29,train,train,
1661,A420026,K23-045848,2023-08-29,2023-08-29,train,train,
1662,A420028,K23-045849,2023-08-29,2023-09-29,train,excluded,Training animal also appears in validation or test period
1663,A420029,K23-045850,2023-08-29,2023-09-29,train,train,
1664,A420030,K23-045851,2023-08-29,2023-09-29,train,train,
1665,A420031,K23-045852,2023-08-29,2023-09-29,train,train,
1666,A420033,K23-045853,2023-08-29,2023-09-09,train,train,
1667,A420042,K23-045856,2023-08-30,2023-09-30,train,train,
1668,A420046,K23-045858,2023-08-30,2023-09-29,train,train,
1669,A420045,K23-045859,2023-08-30,2023-08-30,train,train,
1670,A420065,K23-045860,2023-08-30,2023-09-09,train,train,
1671,A280828,K23-045861,2023-08-31,2023-09-02,train,train,
1672,A420076,K23-045863,2023-08-31,2023-10-01,train,train,
1673,A418402,K23-045864,2023-08-31,2023-09-02,train,excluded,Training animal also appears in validation or test period
1674,A420078,K23-045865,2023-08-31,2023-10-01,train,train,
1675,A420084,K23-045868,2023-08-31,2023-10-01,train,train,
1676,A420085,K23-045869,2023-08-31,2023-09-01,train,train,
1677,A420091,K23-045881,2023-09-01,2023-09-26,train,train,
1678,A420092,K23-045882,2023-09-01,2023-09-22,train,train,
1679,A420093,K23-045883,2023-09-01,2023-09-21,train,train,
1680,A420095,K23-045884,2023-09-01,2023-10-02,train,train,
1681,A420097,K23-045885,2023-09-01,2023-10-02,train,train,
1682,A420103,K23-045887,2023-09-01,2023-09-29,train,train,
1683,A420104,K23-045888,2023-09-01,2023-09-29,train,train,
1684,A420105,K23-045889,2023-09-01,2023-10-02,train,train,
1685,A420106,K23-045890,2023-09-01,2023-09-29,train,train,
1686,A420108,K23-045891,2023-09-01,2023-10-02,train,train,
1687,A420109,K23-045892,2023-09-01,2023-10-02,train,train,
1688,A420110,K23-045893,2023-09-01,2023-09-29,train,train,
1689,A420107,K23-045894,2023-09-01,2023-10-02,train,train,
1690,A420111,K23-045895,2023-09-01,2023-10-02,train,train,
1691,A420114,K23-045897,2023-09-01,2023-09-02,train,train,
1692,A420236,K23-045968,2023-09-01,2023-09-29,train,train,
1693,A418767,K23-045898,2023-09-02,2023-09-14,train,train,
1694,A420124,K23-045899,2023-09-02,2023-09-13,train,train,
1695,A420126,K23-045900,2023-09-02,2023-09-13,train,train,
1696,A420129,K23-045901,2023-09-02,2023-09-14,train,train,
1697,A420131,K23-045902,2023-09-02,2023-09-14,train,train,
1698,A420132,K23-045903,2023-09-02,2023-09-05,train,train,
1699,A420135,K23-045904,2023-09-02,2023-09-05,train,train,
1700,A420136,K23-045905,2023-09-02,2023-09-02,train,train,
1701,A420137,K23-045906,2023-09-02,2023-09-02,train,train,
1702,A420138,K23-045907,2023-09-02,2023-09-02,train,train,
1703,A420139,K23-045908,2023-09-02,2023-09-17,train,train,
1704,A420140,K23-045909,2023-09-02,2023-09-05,train,train,
1705,A420142,K23-045910,2023-09-02,2023-10-03,train,train,
1706,A420143,K23-045911,2023-09-02,2023-10-03,train,train,
1707,A420144,K23-045912,2023-09-02,2023-10-03,train,train,
1708,A420145,K23-045913,2023-09-02,2023-10-03,train,train,
1709,A420146,K23-045914,2023-09-02,2023-10-03,train,train,
1710,A420147,K23-045915,2023-09-02,2023-10-03,train,train,
1711,A420149,K23-045918,2023-09-03,2023-09-08,train,train,
1712,A408497,K23-045920,2023-09-05,2023-09-13,train,train,
1713,A420154,K23-045921,2023-09-05,2023-09-05,train,train,
1714,A420156,K23-045922,2023-09-05,2023-09-28,train,train,
1715,A420157,K23-045923,2023-09-05,2023-10-06,train,train,
1716,A420158,K23-045924,2023-09-05,2023-10-06,train,train,
1717,A420161,K23-045930,2023-09-05,2023-10-06,train,train,
1718,A420162,K23-045931,2023-09-05,2023-10-06,train,train,
1719,A420163,K23-045932,2023-09-05,2023-10-06,train,train,
1720,A420164,K23-045933,2023-09-05,2023-10-06,train,train,
1721,A420165,K23-045934,2023-09-05,2023-10-06,train,train,
1722,A420168,K23-045936,2023-09-05,2023-09-20,train,train,
1723,A420169,K23-045937,2023-09-05,2023-10-03,train,train,
1724,A420170,K23-045938,2023-09-05,2023-09-26,train,train,
1725,A420171,K23-045939,2023-09-05,2023-10-06,train,train,
1726,A420172,K23-045940,2023-09-05,2023-09-07,train,train,
1727,A420173,K23-045941,2023-09-05,2023-09-07,train,train,
1728,A430263,K23-045942,2023-09-05,2023-10-06,train,train,
1729,A420188,K23-045944,2023-09-05,2023-10-02,train,train,
1730,A420190,K23-045945,2023-09-05,2023-09-11,train,train,
1731,A414491,K23-045956,2023-09-05,2023-09-05,train,train,
1732,A420194,K23-045947,2023-09-06,2023-10-07,train,train,
1733,A420195,K23-045948,2023-09-06,2023-09-07,train,train,
1734,A420196,K23-045949,2023-09-06,2023-09-09,train,train,
1735,A420197,K23-045950,2023-09-06,2023-09-09,train,train,
1736,A420198,K23-045952,2023-09-06,2023-09-06,train,train,
1737,A419331,K23-045957,2023-09-06,2023-09-15,train,train,
1738,A420212,K23-045960,2023-09-06,2023-10-07,train,train,
1739,A420213,K23-045961,2023-09-06,2023-10-07,train,train,
1740,A420221,K23-045965,2023-09-07,2023-09-07,train,train,
1741,A420226,K23-045966,2023-09-07,2023-10-08,train,train,
1742,A411416,K23-045967,2023-09-07,2023-09-12,train,train,
1743,A420237,K23-045970,2023-09-07,2023-09-30,train,train,
1744,A420238,K23-045971,2023-09-07,2023-09-23,train,train,
1745,A420239,K23-045972,2023-09-07,2023-09-09,train,train,
1746,A420244,K23-045973,2023-09-08,2023-10-09,train,train,
1747,A420249,K23-045976,2023-09-08,2023-10-09,train,train,
1748,A420250,K23-045977,2023-09-08,2023-09-08,train,train,
1749,A420251,K23-045978,2023-09-08,2023-09-08,train,train,
1750,A420252,K23-045979,2023-09-08,2023-10-07,train,train,
1751,A420243,K23-045980,2023-09-08,2023-09-19,train,train,
1752,A420242,K23-045981,2023-09-08,2023-09-19,train,train,
1753,A420260,K23-045982,2023-09-08,2023-10-09,train,train,
1754,A420262,K23-045983,2023-09-08,2023-09-08,train,train,
1755,A419129,K23-045984,2023-09-08,2023-09-12,train,train,
1756,A420149,K23-045990,2023-09-08,2023-09-30,train,train,
1757,A420268,K23-045991,2023-09-09,2023-10-05,train,train,
1758,A420269,K23-045992,2023-09-09,2023-10-10,train,train,
1759,A418809,K23-045995,2023-09-09,2023-09-12,train,train,
1760,A420277,K23-045998,2023-09-09,2023-10-06,train,train,
1761,A374976,K23-046003,2023-09-09,2023-09-12,train,train,
1762,A419522,K23-046006,2023-09-09,2023-09-16,train,train,
1763,A420289,K23-046007,2023-09-09,2023-10-10,train,train,
1764,A420297,K23-046010,2023-09-10,2023-10-07,train,train,
1765,A418521,K23-046011,2023-09-10,2023-09-14,train,train,
1766,A315461,K23-046012,2023-09-10,2023-09-15,train,train,
1767,A420298,K23-046013,2023-09-10,2023-09-11,train,train,
1768,A420299,K23-046014,2023-09-10,2023-10-11,train,train,
1769,A420300,K23-046015,2023-09-10,2023-10-11,train,train,
1770,A420301,K23-046016,2023-09-10,2023-10-11,train,train,
1771,A420302,K23-046017,2023-09-10,2023-10-11,train,train,
1772,A420303,K23-046018,2023-09-10,2023-09-14,train,train,
1773,A420310,K23-046019,2023-09-11,2023-10-12,train,train,
1774,A420322,K23-046030,2023-09-11,2023-10-12,train,train,
1775,A420323,K23-046031,2023-09-11,2023-09-11,train,train,
1776,A420326,K23-046033,2023-09-11,2023-09-16,train,train,
1777,A419414,K23-045590,2023-09-12,2023-09-30,train,train,
1778,A420264,K23-045985,2023-09-12,2023-09-30,train,train,
1779,A420265,K23-045986,2023-09-12,2023-10-13,train,train,
1780,A420266,K23-045987,2023-09-12,2023-10-13,train,train,
1781,A420267,K23-045988,2023-09-12,2023-10-13,train,train,
1782,A420332,K23-046038,2023-09-12,2023-10-13,train,train,
1783,A420338,K23-046039,2023-09-12,2023-10-13,train,train,
1784,A420341,K23-046040,2023-09-12,2023-10-13,train,train,
1785,A420342,K23-046041,2023-09-12,2023-10-13,train,train,
1786,A420343,K23-046042,2023-09-12,2023-10-13,train,train,
1787,A420346,K23-046043,2023-09-12,2023-10-13,train,train,
1788,A420348,K23-046044,2023-09-12,2023-10-13,train,train,
1789,A420347,K23-046045,2023-09-12,2023-10-13,train,train,
1790,A420353,K23-046046,2023-09-12,2023-10-13,train,train,
1791,A420246,K23-045975,2023-09-13,2023-09-21,train,train,
1792,A420365,K23-046049,2023-09-13,2023-10-03,train,train,
1793,A420368,K23-046050,2023-09-13,2023-10-14,train,train,
1794,A418990,K23-046051,2023-09-13,2023-09-26,train,train,
1795,A420371,K23-046052,2023-09-13,2023-09-20,train,train,
1796,A420372,K23-046053,2023-09-13,2023-10-14,train,train,
1797,A420375,K23-046055,2023-09-13,2023-10-14,train,train,
1798,A420376,K23-046056,2023-09-13,2023-10-14,train,train,
1799,A420377,K23-046057,2023-09-13,2023-10-14,train,train,
1800,A420378,K23-046058,2023-09-13,2023-10-14,train,train,
1801,A420379,K23-046059,2023-09-13,2023-10-06,train,train,
1802,A420380,K23-046060,2023-09-13,2023-10-14,train,train,
1803,A385090,K23-046061,2023-09-13,2023-09-22,train,train,
1804,A420386,K23-046062,2023-09-13,2023-09-18,train,train,
1805,A420390,K23-046065,2023-09-14,2023-09-14,train,train,
1806,A420391,K23-046066,2023-09-14,2023-09-14,train,train,
1807,A420392,K23-046067,2023-09-14,2023-09-14,train,train,
1808,A420393,K23-046068,2023-09-14,2023-09-14,train,train,
1809,A420394,K23-046069,2023-09-14,2023-09-14,train,train,
1810,A420395,K23-046070,2023-09-14,2023-09-14,train,train,
1811,A420396,K23-046071,2023-09-14,2023-09-14,train,train,
1812,A420397,K23-046072,2023-09-14,2023-09-14,train,train,
1813,A420398,K23-046073,2023-09-14,2023-09-14,train,train,
1814,A420399,K23-046074,2023-09-14,2023-09-14,train,train,
1815,A280385,K23-046080,2023-09-14,2023-09-14,train,train,
1816,A420401,K23-046082,2023-09-14,2023-09-14,train,train,
1817,A418267,K23-046083,2023-09-14,2023-10-15,train,train,
1818,A416020,K23-046084,2023-09-14,2023-10-15,train,train,
1819,A420407,K23-046086,2023-09-14,2023-10-15,train,train,
1820,A420435,K23-046111,2023-09-14,2023-10-15,train,train,
1821,A420436,K23-046112,2023-09-14,2023-10-15,train,train,
1822,A276016,K23-046113,2023-09-14,2023-09-15,train,train,
1823,A420438,K23-046115,2023-09-14,2023-09-15,train,train,
1824,A420439,K23-046116,2023-09-14,2023-10-12,train,train,
1825,A418799,K23-046117,2023-09-14,2023-09-20,train,train,
1826,A420448,K23-046118,2023-09-15,2023-10-16,train,train,
1827,A395220,K23-046119,2023-09-15,2023-10-03,train,train,
1828,A420459,K23-046120,2023-09-15,2023-10-16,train,train,
1829,A418908,K23-046121,2023-09-15,2023-09-19,train,train,
1830,A418909,K23-046122,2023-09-15,2023-09-19,train,train,
1831,A420462,K23-046123,2023-09-16,2023-09-19,train,train,
1832,A420925,K23-046124,2023-09-16,2023-09-19,train,train,
1833,A420467,K23-046125,2023-09-16,2023-10-06,train,train,
1834,A420466,K23-046126,2023-09-16,2023-09-16,train,train,
1835,A420465,K23-046127,2023-09-16,2023-09-16,train,train,
1836,A420468,K23-046128,2023-09-16,2023-10-17,train,train,
1837,A420473,K23-046131,2023-09-16,2023-09-19,train,train,
1838,A420114,K23-046133,2023-09-17,2023-09-20,train,train,
1839,A338131,K23-046134,2023-09-17,2023-09-19,train,train,
1840,A420481,K23-046135,2023-09-18,2023-10-03,train,train,
1841,A408756,K23-046136,2023-09-18,2023-09-19,train,train,
1842,A420482,K23-046137,2023-09-18,2023-09-18,train,train,
1843,A420492,K23-046141,2023-09-19,2023-10-20,train,train,
1844,A420494,K23-046142,2023-09-19,2023-09-23,train,train,
1845,A420510,K23-046150,2023-09-19,2023-10-07,train,train,
1846,A420114,K23-046155,2023-09-20,2023-10-06,train,train,
1847,A420531,K23-046156,2023-09-20,2023-09-20,train,train,
1848,A425560,K23-046157,2023-09-20,2023-09-21,train,train,
1849,A420539,K23-046158,2023-09-20,2023-10-21,train,train,
1850,A420540,K23-046159,2023-09-20,2023-10-13,train,train,
1851,A420541,K23-046160,2023-09-20,2023-10-19,train,train,
1852,A420542,K23-046161,2023-09-20,2023-10-19,train,train,
1853,A420543,K23-046162,2023-09-20,2023-10-21,train,train,
1854,A420544,K23-046163,2023-09-20,2023-10-21,train,train,
1855,A420545,K23-046164,2023-09-20,2023-10-21,train,train,
1856,A420546,K23-046165,2023-09-20,2023-10-21,train,train,
1857,A420547,K23-046166,2023-09-20,2023-10-21,train,train,
1858,A420558,K23-046169,2023-09-21,2023-09-30,train,train,
1859,A420562,K23-046171,2023-09-21,2023-09-21,train,train,
1860,A410734,K23-046173,2023-09-21,2023-10-22,train,train,
1861,A420514,K23-046151,2023-09-22,2023-10-23,train,train,
1862,A420515,K23-046152,2023-09-22,2023-10-23,train,train,
1863,A420516,K23-046153,2023-09-22,2023-10-23,train,train,
1864,A420518,K23-046154,2023-09-22,2023-10-21,train,train,
1865,A420575,K23-046178,2023-09-22,2023-10-23,train,train,
1866,A420576,K23-046179,2023-09-22,2023-10-23,train,train,
1867,A420577,K23-046180,2023-09-22,2023-10-23,train,train,
1868,A420578,K23-046181,2023-09-22,2023-10-23,train,train,
1869,A420579,K23-046182,2023-09-22,2023-10-23,train,train,
1870,A420580,K23-046183,2023-09-22,2023-10-23,train,train,
1871,A420581,K23-046184,2023-09-22,2023-10-23,train,train,
1872,A420582,K23-046185,2023-09-22,2023-10-23,train,train,
1873,A420583,K23-046186,2023-09-22,2023-10-23,train,train,
1874,A420588,K23-046187,2023-09-22,2023-09-26,train,train,
1875,A420612,K23-046189,2023-09-22,2023-10-23,train,train,
1876,A420614,K23-046190,2023-09-23,2023-09-29,train,train,
1877,A420621,K23-046194,2023-09-23,2023-09-23,train,train,
1878,A420624,K23-046195,2023-09-23,2023-09-23,train,train,
1879,A420634,K23-046196,2023-09-23,2023-09-26,train,train,
1880,A420638,K23-046197,2023-09-23,2023-10-24,train,train,
1881,A420656,K23-046206,2023-09-25,2023-10-26,train,train,
1882,A420657,K23-046207,2023-09-25,2023-09-25,train,train,
1883,A420661,K23-046209,2023-09-25,2023-10-26,train,train,
1884,A416793,K23-046210,2023-09-25,2023-09-26,train,train,
1885,A420662,K23-046211,2023-09-25,2023-09-26,train,train,
1886,A420664,K23-046213,2023-09-25,2023-09-26,train,train,
1887,A420665,K23-046214,2023-09-25,2023-09-26,train,train,
1888,A420666,K23-046215,2023-09-25,2023-09-26,train,train,
1889,A420667,K23-046216,2023-09-25,2023-09-26,train,train,
1890,A420668,K23-046217,2023-09-25,2023-09-26,train,train,
1891,A409110,K23-046218,2023-09-25,2023-09-27,train,train,
1892,A420678,K23-046221,2023-09-26,2023-09-26,train,train,
1893,A420681,K23-046222,2023-09-26,2023-10-11,train,train,
1894,A420684,K23-046224,2023-09-26,2023-09-29,train,train,
1895,A420687,K23-046225,2023-09-26,2023-09-27,train,train,
1896,A420688,K23-046226,2023-09-26,2023-09-27,train,train,
1897,A420692,K23-046227,2023-09-26,2023-09-26,train,train,
1898,A420696,K23-046230,2023-09-26,2023-10-27,train,train,
1899,A420702,K23-046231,2023-09-26,2023-10-27,train,train,
1900,A420673,K23-046233,2023-09-26,2023-10-16,train,train,
1901,A420719,K23-046237,2023-09-27,2023-10-21,train,train,
1902,A420721,K23-046239,2023-09-27,2023-10-28,train,train,
1903,A420722,K23-046240,2023-09-27,2023-10-28,train,train,
1904,A420723,K23-046241,2023-09-27,2023-10-28,train,train,
1905,A420724,K23-046242,2023-09-27,2023-10-28,train,train,
1906,A420725,K23-046243,2023-09-27,2023-10-28,train,train,
1907,A420726,K23-046244,2023-09-27,2023-10-28,train,train,
1908,A420727,K23-046245,2023-09-27,2023-10-28,train,train,
1909,A420728,K23-046246,2023-09-27,2023-10-28,train,train,
1910,A420729,K23-046247,2023-09-27,2023-10-28,train,train,
1911,A420734,K23-046248,2023-09-27,2023-09-29,train,train,
1912,A410133,K23-046253,2023-09-28,2023-09-29,train,train,
1913,A420115,K23-046254,2023-09-28,2023-10-04,train,train,
1914,A375683,K23-046256,2023-09-28,2023-10-14,train,train,
1915,A420748,K23-046257,2023-09-28,2023-09-28,train,train,
1916,A420755,K23-046262,2023-09-28,2023-09-28,train,train,
1917,A420757,K23-046263,2023-09-28,2023-10-29,train,train,
1918,A420756,K23-046264,2023-09-28,2023-10-29,train,train,
1919,A407207,K23-046266,2023-09-29,2023-10-03,train,train,
1920,A420760,K23-046268,2023-09-29,2023-09-29,train,train,
1921,A420761,K23-046269,2023-09-29,2023-09-29,train,train,
1922,A420771,K23-046270,2023-09-29,2023-10-30,train,train,
1923,A420773,K23-046271,2023-09-29,2023-09-30,train,train,
1924,A420780,K23-046272,2023-09-29,2023-10-30,train,train,
1925,A420781,K23-046273,2023-09-29,2023-10-30,train,train,
1926,A420799,K23-046275,2023-09-30,2023-09-30,train,train,
1927,A420803,K23-046277,2023-09-30,2023-09-30,train,train,
1928,A420805,K23-046278,2023-09-30,2023-10-19,train,train,
1929,A420808,K23-046279,2023-09-30,2023-10-15,train,train,
1930,A420809,K23-046280,2023-09-30,2023-10-15,train,train,
1931,A420810,K23-046281,2023-09-30,2023-09-30,train,train,
1932,A420811,K23-046282,2023-09-30,2023-10-15,train,train,
1933,A420813,K23-046283,2023-09-30,2023-10-13,train,train,
1934,A420814,K23-046284,2023-09-30,2023-10-13,train,train,
1935,A420815,K23-046285,2023-09-30,2023-10-31,train,train,
1936,A420816,K23-046286,2023-09-30,2023-10-31,train,train,
1937,A420817,K23-046287,2023-09-30,2023-09-30,train,train,
1938,A420818,K23-046288,2023-09-30,2023-09-30,train,train,
1939,A420819,K23-046289,2023-09-30,2023-09-30,train,train,
1940,A420820,K23-046290,2023-09-30,2023-10-13,train,train,
1941,A420821,K23-046291,2023-09-30,2023-10-31,train,train,
1942,A420822,K23-046292,2023-09-30,2023-10-31,train,train,
1943,A420824,K23-046293,2023-09-30,2023-10-11,train,train,
1944,A420838,K23-046294,2023-10-01,2023-10-11,train,train,
1945,A420840,K23-046295,2023-10-02,2023-10-03,train,train,
1946,A420848,K23-046299,2023-10-03,2023-10-05,train,train,
1947,A420859,K23-046307,2023-10-03,2023-11-03,train,train,
1948,A420860,K23-046308,2023-10-03,2023-10-17,train,train,
1949,A420861,K23-046309,2023-10-03,2023-10-03,train,train,
1950,A420864,K23-046310,2023-10-03,2023-10-03,train,train,
1951,A420865,K23-046311,2023-10-03,2023-10-03,train,train,
1952,A420866,K23-046312,2023-10-03,2023-10-03,train,train,
1953,A420867,K23-046313,2023-10-03,2023-10-03,train,train,
1954,A420868,K23-046314,2023-10-03,2023-10-03,train,train,
1955,A420872,K23-046315,2023-10-03,2023-11-03,train,train,
1956,A420873,K23-046316,2023-10-03,2023-10-07,train,train,
1957,A420877,K23-046319,2023-10-03,2023-10-04,train,train,
1958,A420878,K23-046320,2023-10-03,2023-10-04,train,train,
1959,A420879,K23-046321,2023-10-03,2023-10-04,train,train,
1960,A419429,K23-046322,2023-10-03,2023-10-18,train,train,
1961,A420892,K23-046326,2023-10-04,2023-11-04,train,train,
1962,A420895,K23-046332,2023-10-04,2023-11-04,train,train,
1963,A419033,K23-046333,2023-10-04,2023-11-02,train,train,
1964,A420902,K23-046334,2023-10-04,2023-10-24,train,train,
1965,A420905,K23-046335,2023-10-04,2023-11-04,train,train,
1966,A288645,K23-046336,2023-10-04,2023-10-04,train,train,
1967,A420911,K23-046337,2023-10-04,2023-11-04,train,train,
1968,A420925,K23-046341,2023-10-05,2023-10-06,train,train,
1969,A420936,K23-046345,2023-10-05,2023-11-01,train,train,
1970,A420942,K23-046346,2023-10-05,2023-10-05,train,train,
1971,A420943,K23-046347,2023-10-05,2023-11-05,train,train,
1972,A420944,K23-046348,2023-10-05,2023-11-05,train,train,
1973,A420946,K23-046349,2023-10-05,2023-11-05,train,train,
1974,A420947,K23-046350,2023-10-05,2023-11-05,train,train,
1975,A420761,K23-046342,2023-10-06,2023-10-06,train,train,
1976,A420760,K23-046343,2023-10-06,2023-10-06,train,train,
1977,A420958,K23-046352,2023-10-06,2023-10-06,train,train,
1978,A420959,K23-046353,2023-10-06,2023-10-06,train,train,
1979,A420962,K23-046354,2023-10-06,2023-10-06,train,train,
1980,A278689,K23-046357,2023-10-06,2023-10-07,train,train,
1981,A420983,K23-046358,2023-10-06,2023-10-07,train,train,
1982,A420984,K23-046359,2023-10-06,2023-10-07,train,train,
1983,A420985,K23-046360,2023-10-06,2023-10-07,train,train,
1984,A420997,K23-046361,2023-10-07,2023-10-09,train,train,
1985,A409474,K23-046362,2023-10-07,2023-10-07,train,train,
1986,A419845,K23-046365,2023-10-07,2023-10-20,train,train,
1987,A421005,K23-046366,2023-10-07,2023-11-07,train,train,
1988,A421006,K23-046367,2023-10-07,2023-10-07,train,train,
1989,A421018,K23-046369,2023-10-07,2023-10-27,train,train,
1990,A421021,K23-046370,2023-10-07,2023-11-02,train,train,
1991,A385123,K23-046374,2023-10-08,2023-10-11,train,train,
1992,A421029,K23-046375,2023-10-08,2023-10-11,train,train,
1993,A421030,K23-046376,2023-10-08,2023-10-10,train,train,
1994,A421034,K23-046377,2023-10-08,2023-11-07,train,train,
1995,A421033,K23-046378,2023-10-08,2023-11-08,train,train,
1996,A421032,K23-046379,2023-10-08,2023-11-08,train,train,
1997,A421031,K23-046380,2023-10-08,2023-11-08,train,train,
1998,A421035,K23-046381,2023-10-08,2023-10-11,train,train,
1999,A421042,K23-046382,2023-10-09,2023-10-10,train,train,
2000,A421043,K23-046383,2023-10-09,2023-11-09,train,train,
2001,A420503,K23-046146,2023-10-10,2023-11-09,train,train,
2002,A420506,K23-046149,2023-10-10,2023-11-09,train,train,
2003,A410133,K23-046384,2023-10-10,2023-10-11,train,train,
2004,A421046,K23-046386,2023-10-10,2023-10-19,train,train,
2005,A421049,K23-046388,2023-10-10,2023-10-10,train,train,
2006,A421054,K23-046392,2023-10-10,2023-11-10,train,train,
2007,A418990,K23-046393,2023-10-10,2023-10-14,train,train,
2008,A421059,K23-046395,2023-10-10,2023-10-21,train,train,
2009,A421047,K23-046397,2023-10-10,2023-11-10,train,train,
2010,A421061,K23-046398,2023-10-10,2023-10-11,train,train,
2011,A421064,K23-046399,2023-10-10,2023-11-10,train,train,
2012,A421065,K23-046400,2023-10-10,2023-11-10,train,train,
2013,A421071,K23-046402,2023-10-10,2023-10-21,train,train,
2014,A421072,K23-046403,2023-10-10,2023-10-21,train,train,
2015,A421073,K23-046404,2023-10-10,2023-10-21,train,train,
2016,A421074,K23-046405,2023-10-10,2023-10-21,train,train,
2017,A421075,K23-046406,2023-10-10,2023-10-21,train,train,
2018,A421076,K23-046407,2023-10-10,2023-10-10,train,train,
2019,A299415,K23-046408,2023-10-10,2023-10-28,train,excluded,Training animal also appears in validation or test period
2020,A299416,K23-046409,2023-10-10,2023-10-28,train,excluded,Training animal also appears in validation or test period
2021,A421083,K23-046410,2023-10-10,2023-10-26,train,train,
2022,A421084,K23-046411,2023-10-10,2023-11-02,train,train,
2023,A421091,K23-046413,2023-10-11,2023-11-11,train,train,
2024,A418590,K23-046414,2023-10-11,2023-11-11,train,train,
2025,A421104,K23-046420,2023-10-11,2023-10-15,train,train,
2026,A421105,K23-046421,2023-10-11,2023-10-15,train,train,
2027,A421106,K23-046422,2023-10-11,2023-10-15,train,train,
2028,A421107,K23-046423,2023-10-11,2023-10-15,train,train,
2029,A421108,K23-046424,2023-10-11,2023-11-07,train,train,
2030,A421111,K23-046426,2023-10-11,2023-11-02,train,train,
2031,A421112,K23-046427,2023-10-11,2023-10-14,train,train,
2032,A421120,K23-046428,2023-10-11,2023-11-07,train,train,
2033,A421121,K23-046429,2023-10-11,2023-11-11,train,excluded,Training animal also appears in validation or test period
2034,A421123,K23-046430,2023-10-11,2023-11-11,train,train,
2035,A421125,K23-046431,2023-10-11,2023-11-11,train,train,
2036,A421126,K23-046432,2023-10-11,2023-11-11,train,train,
2037,A421128,K23-046433,2023-10-11,2023-11-11,train,train,
2038,A421134,K23-046434,2023-10-12,2023-11-12,train,train,
2039,A421154,K23-046435,2023-10-12,2023-10-14,train,train,
2040,A420716,K23-046436,2023-10-12,2023-10-12,train,train,
2041,A421160,K23-046438,2023-10-12,2023-11-04,train,train,
2042,A421164,K23-046439,2023-10-12,2023-10-12,train,train,
2043,A421162,K23-046440,2023-10-12,2023-10-12,train,train,
2044,A421169,K23-046441,2023-10-12,2023-11-12,train,train,
2045,A421170,K23-046442,2023-10-12,2023-11-12,train,train,
2046,A421171,K23-046443,2023-10-12,2023-11-12,train,train,
2047,A421172,K23-046444,2023-10-12,2023-11-12,train,train,
2048,A421173,K23-046445,2023-10-12,2023-11-12,train,train,
2049,A421176,K23-046446,2023-10-12,2023-11-12,train,train,
2050,A421058,K23-046394,2023-10-13,2023-10-13,train,train,
2051,A405406,K23-046448,2023-10-13,2023-10-24,train,train,
2052,A421193,K23-046449,2023-10-13,2023-11-13,train,train,
2053,A417363,K23-046450,2023-10-13,2023-10-13,train,train,
2054,A421196,K23-046451,2023-10-13,2023-11-13,train,train,
2055,A421207,K23-046454,2023-10-13,2023-10-13,train,train,
2056,A420962,K23-046455,2023-10-13,2023-10-18,train,train,
2057,A420558,K23-046457,2023-10-14,2023-10-28,train,train,
2058,A408957,K23-046458,2023-10-14,2023-10-28,train,train,
2059,A421230,K23-046459,2023-10-14,2023-11-14,train,train,
2060,A360229,K23-046460,2023-10-14,2023-10-27,train,train,
2061,A360215,K23-046461,2023-10-14,2023-10-27,train,train,
2062,A421238,K23-046462,2023-10-14,2023-11-14,train,train,
2063,A421237,K23-046463,2023-10-14,2023-11-11,train,train,
2064,A421236,K23-046465,2023-10-14,2023-11-14,train,train,
2065,A421240,K23-046466,2023-10-14,2023-11-14,train,train,
2066,A421245,K23-046467,2023-10-14,2023-10-25,train,train,
2067,A421255,K23-046468,2023-10-15,2023-11-01,train,train,
2068,A421256,K23-046469,2023-10-15,2023-11-01,train,train,
2069,A421258,K23-046470,2023-10-15,2023-11-15,train,train,
2070,A421259,K23-046471,2023-10-15,2023-11-15,train,train,
2071,A421260,K23-046472,2023-10-15,2023-11-15,train,train,
2072,A421261,K23-046473,2023-10-15,2023-11-15,train,train,
2073,A403043,K23-046474,2023-10-15,2023-10-26,train,train,
2074,A421262,K23-046475,2023-10-15,2023-11-15,train,train,
2075,A421264,K23-046477,2023-10-16,2023-10-17,train,train,
2076,A421267,K23-046479,2023-10-16,2023-11-16,train,train,
2077,A421269,K23-046480,2023-10-16,2023-10-16,train,train,
2078,A421270,K23-046481,2023-10-16,2023-10-16,train,train,
2079,A420687,K23-046484,2023-10-16,2023-10-25,train,train,
2080,A420688,K23-046485,2023-10-16,2023-10-25,train,train,
2081,A420501,K23-046144,2023-10-17,2023-11-17,train,train,
2082,A420502,K23-046145,2023-10-17,2023-11-17,train,train,
2083,A420504,K23-046147,2023-10-17,2023-11-17,train,train,
2084,A420505,K23-046148,2023-10-17,2023-11-17,train,train,
2085,A421280,K23-046488,2023-10-17,2023-10-24,train,train,
2086,A421282,K23-046489,2023-10-17,2023-11-04,train,train,
2087,A421288,K23-046492,2023-10-17,2023-10-27,train,train,
2088,A420147,K23-046493,2023-10-17,2023-11-17,train,train,
2089,A421290,K23-046494,2023-10-17,2023-11-17,train,train,
2090,A421302,K23-046503,2023-10-17,2023-11-17,train,train,
2091,A421306,K23-046505,2023-10-17,2023-11-17,train,train,
2092,A421307,K23-046506,2023-10-17,2023-11-17,train,train,
2093,A421308,K23-046507,2023-10-17,2023-11-17,train,train,
2094,A421309,K23-046508,2023-10-17,2023-11-17,train,train,
2095,A421310,K23-046509,2023-10-17,2023-11-14,train,train,
2096,A421323,K23-046518,2023-10-17,2023-11-11,train,train,
2097,A421316,K23-046511,2023-10-18,2023-11-18,train,train,
2098,A421318,K23-046512,2023-10-18,2023-11-18,train,train,
2099,A421319,K23-046513,2023-10-18,2023-11-18,train,train,
2100,A421320,K23-046514,2023-10-18,2023-11-18,train,train,
2101,A421321,K23-046515,2023-10-18,2023-11-18,train,train,
2102,A421322,K23-046516,2023-10-18,2023-11-18,train,train,
2103,A421332,K23-046519,2023-10-18,2023-11-18,train,train,
2104,A416651,K23-046520,2023-10-18,2023-10-19,train,train,
2105,A421337,K23-046521,2023-10-18,2023-10-18,train,train,
2106,A420031,K23-046524,2023-10-18,2023-10-31,train,train,
2107,A421354,K23-046526,2023-10-18,2023-11-18,train,train,
2108,A416911,K23-046527,2023-10-19,2023-11-19,train,train,
2109,A421374,K23-046528,2023-10-19,2023-11-19,train,train,
2110,A421396,K23-046532,2023-10-20,2023-10-24,train,train,
2111,A421397,K23-046533,2023-10-20,2023-11-04,train,train,
2112,A421398,K23-046534,2023-10-20,2023-10-21,train,train,
2113,A421399,K23-046535,2023-10-20,2023-10-21,train,train,
2114,A421400,K23-046536,2023-10-20,2023-11-20,train,train,
2115,A339165,K23-046538,2023-10-21,2023-11-02,train,train,
2116,A419845,K23-046539,2023-10-21,2023-11-21,train,train,
2117,A421416,K23-046540,2023-10-21,2023-10-24,train,train,
2118,A397482,K23-046541,2023-10-21,2023-10-31,train,train,
2119,A421420,K23-046542,2023-10-21,2023-11-21,train,train,
2120,A421423,K23-046543,2023-10-21,2023-11-14,train,train,
2121,A421424,K23-046544,2023-10-21,2023-11-21,train,train,
2122,A418909,K23-046546,2023-10-22,2023-11-03,train,train,
2123,A418908,K23-046547,2023-10-22,2023-11-03,train,train,
2124,A421433,K23-046548,2023-10-22,2023-11-07,train,train,
2125,A421434,K23-046549,2023-10-22,2023-10-24,train,train,
2126,A421435,K23-046550,2023-10-23,2023-11-23,train,train,
2127,A421437,K23-046551,2023-10-23,2023-11-18,train,train,
2128,A421438,K23-046552,2023-10-23,2023-11-22,train,train,
2129,A421440,K23-046553,2023-10-23,2023-11-22,train,train,
2130,A421441,K23-046554,2023-10-23,2023-11-23,train,train,
2131,A421443,K23-046555,2023-10-23,2023-11-23,train,train,
2132,A421442,K23-046556,2023-10-23,2023-10-24,train,train,
2133,A421444,K23-046557,2023-10-23,2023-11-23,train,train,
2134,A421452,K23-046568,2023-10-24,2023-10-26,train,train,
2135,A421455,K23-046569,2023-10-24,2023-10-24,train,train,
2136,A421465,K23-046572,2023-10-24,2023-10-25,train,train,
2137,A421471,K23-046573,2023-10-24,2023-11-24,train,train,
2138,A421474,K23-046574,2023-10-25,2023-10-26,train,train,
2139,A421475,K23-046575,2023-10-25,2023-11-01,train,train,
2140,A421478,K23-046578,2023-10-25,2023-10-28,train,train,
2141,A421482,K23-046579,2023-10-25,2023-11-25,train,train,
2142,A418990,K23-046580,2023-10-25,2023-10-31,train,train,
2143,A417707,K23-046581,2023-10-26,2023-10-26,train,train,
2144,A421494,K23-046582,2023-10-26,2023-11-22,train,train,
2145,A421495,K23-046583,2023-10-26,2023-11-22,train,train,
2146,A421496,K23-046584,2023-10-26,2023-10-27,train,train,
2147,A421509,K23-046590,2023-10-27,2023-11-27,train,train,
2148,A421510,K23-046591,2023-10-27,2023-11-21,train,train,
2149,A421511,K23-046592,2023-10-27,2023-11-21,train,train,
2150,A421512,K23-046593,2023-10-27,2023-11-27,train,train,
2151,A297145,K23-046594,2023-10-27,2023-10-28,train,train,
2152,A421522,K23-046595,2023-10-27,2023-10-27,train,train,
2153,A356471,K23-046596,2023-10-27,2023-11-07,train,train,
2154,A421532,K23-046598,2023-10-28,2023-11-14,train,train,
2155,A421540,K23-046602,2023-10-28,2023-10-28,train,train,
2156,A421546,K23-046604,2023-10-28,2023-11-28,train,train,
2157,A421547,K23-046605,2023-10-28,2023-11-28,train,train,
2158,A421548,K23-046606,2023-10-28,2023-11-28,train,train,
2159,A421549,K23-046607,2023-10-28,2023-11-28,train,train,
2160,A421561,K23-046609,2023-10-29,2023-11-01,train,train,
2161,A421568,K23-046610,2023-10-30,2023-11-30,train,train,
2162,A421569,K23-046611,2023-10-30,2023-11-22,train,train,
2163,A421570,K23-046612,2023-10-30,2023-11-30,train,train,
2164,A421571,K23-046613,2023-10-30,2023-10-31,train,train,
2165,A421572,K23-046614,2023-10-30,2023-10-31,train,train,
2166,A421573,K23-046615,2023-10-30,2023-10-31,train,train,
2167,A421574,K23-046616,2023-10-30,2023-10-31,train,train,
2168,A421575,K23-046617,2023-10-30,2023-10-31,train,train,
2169,A421576,K23-046618,2023-10-30,2023-10-31,train,train,
2170,A421577,K23-046619,2023-10-30,2023-11-30,train,train,
2171,A421579,K23-046620,2023-10-31,2023-11-11,train,train,
2172,A421589,K23-046625,2023-10-31,2023-12-01,train,train,
2173,A420332,K23-046627,2023-10-31,2023-11-17,train,train,
2174,A373806,K23-046628,2023-10-31,2023-11-01,train,train,
2175,A420226,K23-046636,2023-11-01,2023-12-02,train,train,
2176,A421603,K23-046638,2023-11-01,2023-11-08,train,train,
2177,A421604,K23-046639,2023-11-01,2023-11-01,train,train,
2178,A413407,K23-046642,2023-11-01,2023-11-02,train,train,
2179,A421617,K23-046643,2023-11-01,2023-12-02,train,train,
2180,A421618,K23-046644,2023-11-01,2023-12-02,train,train,
2181,A421622,K23-046645,2023-11-01,2023-12-02,train,train,
2182,A421624,K23-046646,2023-11-01,2023-11-02,train,train,
2183,A417358,K23-046647,2023-11-01,2023-12-02,train,train,
2184,A421628,K23-046648,2023-11-01,2023-12-02,train,train,
2185,A421629,K23-046649,2023-11-01,2023-12-02,train,train,
2186,A421630,K23-046650,2023-11-01,2023-12-02,train,train,
2187,A421631,K23-046651,2023-11-01,2023-12-02,train,train,
2188,A421632,K23-046652,2023-11-01,2023-12-02,train,train,
2189,A421633,K23-046653,2023-11-01,2023-12-02,train,train,
2190,A421648,K23-046655,2023-11-02,2023-12-03,train,train,
2191,A421649,K23-046656,2023-11-02,2023-12-03,train,train,
2192,A421650,K23-046657,2023-11-02,2023-11-28,train,train,
2193,A421651,K23-046658,2023-11-02,2023-11-28,train,train,
2194,A421655,K23-046659,2023-11-02,2023-12-03,train,train,
2195,A421694,K23-046666,2023-11-02,2023-12-03,train,train,
2196,A421680,K23-046665,2023-11-03,2023-11-28,train,train,
2197,A421712,K23-046668,2023-11-03,2023-12-04,train,train,
2198,A408497,K23-046669,2023-11-03,2023-12-04,train,train,
2199,A421725,K23-046670,2023-11-03,2023-12-04,train,train,
2200,A421741,K23-046671,2023-11-04,2023-11-29,train,train,
2201,A420011,K23-046672,2023-11-04,2023-11-14,train,train,
2202,A421772,K23-046675,2023-11-04,2023-11-28,train,train,
2203,A421777,K23-046676,2023-11-04,2023-11-04,train,train,
2204,A421807,K23-046679,2023-11-05,2023-11-17,train,train,
2205,A421808,K23-046680,2023-11-05,2023-11-07,train,train,
2206,A418478,K23-046681,2023-11-05,2023-11-07,train,train,
2207,A421810,K23-046682,2023-11-05,2023-12-06,train,train,
2208,A421818,K23-046689,2023-11-06,2023-12-07,train,train,
2209,A421820,K23-046690,2023-11-06,2023-12-07,train,train,
2210,A421819,K23-046691,2023-11-06,2023-12-07,train,train,
2211,A430983,K23-046692,2023-11-06,2023-11-07,train,train,
2212,A421823,K23-046695,2023-11-06,2023-11-09,train,train,
2213,A421828,K23-046698,2023-11-06,2023-11-26,train,train,
2214,A421829,K23-046699,2023-11-06,2023-11-06,train,train,
2215,A421832,K23-046700,2023-11-07,2023-11-07,train,train,
2216,A421834,K23-046701,2023-11-07,2023-12-08,train,train,
2217,A421839,K23-046703,2023-11-07,2023-11-16,train,train,
2218,A421843,K23-046704,2023-11-07,2023-12-01,train,train,
2219,A421845,K23-046705,2023-11-07,2023-12-01,train,train,
2220,A421851,K23-046706,2023-11-07,2023-11-21,train,train,
2221,A421870,K23-046707,2023-11-07,2023-11-07,train,train,
2222,A421874,K23-046708,2023-11-07,2023-11-22,train,train,
2223,A421876,K23-046709,2023-11-07,2023-11-28,train,train,
2224,A421877,K23-046710,2023-11-07,2023-11-22,train,train,
2225,A421879,K23-046711,2023-11-07,2023-11-08,train,train,
2226,A421882,K23-046713,2023-11-07,2023-11-15,train,train,
2227,A421905,K23-046716,2023-11-08,2023-12-09,train,train,
2228,A421908,K23-046717,2023-11-08,2023-12-07,train,train,
2229,A421925,K23-046718,2023-11-08,2023-11-08,train,train,
2230,A369946,K23-046722,2023-11-08,2023-11-08,train,train,
2231,A421944,K23-046723,2023-11-08,2023-12-09,train,train,
2232,A421951,K23-046724,2023-11-08,2023-11-09,train,train,
2233,A355813,K23-046725,2023-11-08,2023-11-08,train,train,
2234,A421937,K23-047150,2023-11-08,2023-11-08,train,train,
2235,A415352,K23-046757,2023-11-09,2023-11-22,train,train,
2236,A421987,K23-046761,2023-11-09,2023-11-22,train,train,
2237,A421996,K23-046763,2023-11-09,2023-11-11,train,train,
2238,A422004,K23-046764,2023-11-09,2023-12-10,train,train,
2239,A422038,K23-046766,2023-11-11,2023-12-12,train,train,
2240,A422042,K23-046767,2023-11-11,2023-11-14,train,train,
2241,A422048,K23-046768,2023-11-11,2023-11-26,train,train,
2242,A422051,K23-046769,2023-11-11,2023-11-22,train,train,
2243,A422070,K23-046770,2023-11-12,2023-12-13,train,train,
2244,A422078,K23-046775,2023-11-12,2023-11-21,train,excluded,Training animal also appears in validation or test period
2245,A422081,K23-046776,2023-11-13,2023-11-16,train,train,
2246,A422083,K23-046777,2023-11-13,2023-11-13,train,train,
2247,A422086,K23-046778,2023-11-13,2023-11-21,train,train,
2248,A422087,K23-046779,2023-11-13,2023-11-13,train,train,
2249,A422088,K23-046780,2023-11-13,2023-12-09,train,train,
2250,A422089,K23-046781,2023-11-13,2023-12-09,train,train,
2251,A422090,K23-046782,2023-11-13,2023-12-09,train,train,
2252,A422092,K23-046783,2023-11-13,2023-11-14,train,train,
2253,A422093,K23-046784,2023-11-13,2023-12-14,train,train,
2254,A422094,K23-046785,2023-11-13,2023-12-14,train,train,
2255,A422095,K23-046786,2023-11-13,2023-12-14,train,train,
2256,A422096,K23-046787,2023-11-13,2023-12-09,train,train,
2257,A422097,K23-046788,2023-11-13,2023-12-14,train,train,
2258,A422098,K23-046789,2023-11-13,2023-12-14,train,train,
2259,A422099,K23-046790,2023-11-13,2023-12-14,train,train,
2260,A422100,K23-046791,2023-11-13,2023-12-14,train,train,
2261,A422101,K23-046792,2023-11-13,2023-12-14,train,train,
2262,A422102,K23-046793,2023-11-13,2023-12-14,train,train,
2263,A422103,K23-046794,2023-11-13,2023-12-14,train,train,
2264,A422106,K23-046795,2023-11-13,2023-12-14,train,train,
2265,A406511,K23-046796,2023-11-14,2023-11-16,train,train,
2266,A422119,K23-046800,2023-11-14,2023-12-09,train,train,
2267,A422121,K23-046801,2023-11-14,2023-12-15,train,train,
2268,A422125,K23-046802,2023-11-14,2023-12-05,train,train,
2269,A422128,K23-046803,2023-11-14,2023-12-15,train,train,
2270,A422129,K23-046804,2023-11-14,2023-12-15,train,train,
2271,A422130,K23-046805,2023-11-14,2023-12-15,train,train,
2272,A422131,K23-046806,2023-11-14,2023-12-06,train,train,
2273,A421160,K23-046808,2023-11-14,2023-11-18,train,train,
2274,A422143,K23-046809,2023-11-14,2023-12-15,train,train,
2275,A422150,K23-046810,2023-11-15,2023-11-16,train,train,
2276,A422155,K23-046811,2023-11-15,2023-11-15,train,train,
2277,A422163,K23-046812,2023-11-15,2023-12-12,train,train,
2278,A422166,K23-046815,2023-11-15,2023-11-15,train,train,
2279,A422167,K23-046816,2023-11-15,2023-12-01,train,train,
2280,A422169,K23-046817,2023-11-15,2023-11-16,train,train,
2281,A422170,K23-046818,2023-11-15,2023-11-15,train,excluded,Training animal also appears in validation or test period
2282,A417795,K23-046820,2023-11-16,2023-12-17,train,train,
2283,A422186,K23-046821,2023-11-16,2023-12-17,train,train,
2284,A422185,K23-046822,2023-11-16,2023-11-29,train,train,
2285,A422190,K23-046823,2023-11-16,2023-12-17,train,train,
2286,A413248,K23-046824,2023-11-16,2023-11-18,train,train,
2287,A422210,K23-046825,2023-11-16,2023-11-21,train,train,
2288,A337749,K23-046826,2023-11-16,2023-11-17,train,train,
2289,A422236,K23-046827,2023-11-17,2023-11-30,train,train,
2290,A422237,K23-046828,2023-11-17,2023-12-18,train,train,
2291,A422240,K23-046829,2023-11-17,2023-11-18,train,train,
2292,A413706,K23-046830,2023-11-17,2023-11-17,train,train,
2293,A415235,K23-046831,2023-11-17,2023-11-17,train,train,
2294,A422244,K23-046833,2023-11-17,2023-12-18,train,train,
2295,A422245,K23-046834,2023-11-17,2023-11-17,train,train,
2296,A422247,K23-046835,2023-11-17,2023-12-18,train,train,
2297,A422248,K23-046836,2023-11-17,2023-12-18,train,train,
2298,A422249,K23-046837,2023-11-17,2023-12-18,train,train,
2299,A422250,K23-046838,2023-11-17,2023-12-18,train,train,
2300,A422251,K23-046839,2023-11-17,2023-12-18,train,train,
2301,A422252,K23-046840,2023-11-17,2023-12-18,train,train,
2302,A422253,K23-046841,2023-11-17,2023-12-18,train,train,
2303,A422264,K23-046842,2023-11-17,2023-11-18,train,train,
2304,A422273,K23-046844,2023-11-18,2023-12-19,train,train,
2305,A422275,K23-046847,2023-11-18,2023-12-12,train,train,
2307,A421238,K23-046849,2023-11-18,2023-11-21,train,train,
2309,A422281,K23-046850,2023-11-19,2023-11-22,train,train,
2310,A422282,K23-046851,2023-11-19,2023-11-22,train,train,
2311,A422283,K23-046852,2023-11-19,2023-11-22,train,train,
2312,A276480,K23-046853,2023-11-20,2023-11-20,train,train,
2313,A422289,K23-046855,2023-11-21,2023-12-22,train,train,
2314,A422292,K23-046856,2023-11-21,2023-12-22,train,train,
2315,A422293,K23-046857,2023-11-21,2023-12-22,train,train,
2316,A422295,K23-046858,2023-11-21,2023-12-22,train,train,
2317,A422296,K23-046859,2023-11-21,2023-12-22,train,train,
2318,A422294,K23-046860,2023-11-21,2023-12-07,train,train,
2319,A422297,K23-046861,2023-11-21,2023-12-22,train,train,
2320,A422298,K23-046862,2023-11-21,2023-12-22,train,train,
2321,A422299,K23-046863,2023-11-21,2023-12-22,train,train,
2322,A276171,K23-046864,2023-11-21,2023-12-22,train,train,
2323,A314431,K23-046865,2023-11-21,2023-12-22,train,train,
2324,A422300,K23-046866,2023-11-21,2023-12-22,train,train,
2325,A422301,K23-046867,2023-11-21,2023-12-22,train,train,
2326,A422302,K23-046868,2023-11-21,2023-12-22,train,train,
2327,A422303,K23-046869,2023-11-21,2023-12-22,train,train,
2328,A422304,K23-046870,2023-11-21,2023-12-22,train,train,
2329,A422305,K23-046871,2023-11-21,2023-12-22,train,train,
2330,A422306,K23-046872,2023-11-21,2023-12-22,train,train,
2331,A422307,K23-046873,2023-11-21,2023-12-22,train,train,
2332,A422308,K23-046875,2023-11-21,2023-12-22,train,train,
2333,A422309,K23-046876,2023-11-21,2023-12-22,train,train,
2334,A422310,K23-046877,2023-11-21,2023-12-22,train,train,
2335,A422311,K23-046878,2023-11-21,2023-12-22,train,train,
2336,A422312,K23-046879,2023-11-21,2023-12-22,train,train,
2337,A422313,K23-046880,2023-11-21,2023-12-22,train,train,
2338,A422314,K23-046881,2023-11-21,2023-12-22,train,train,
2339,A422318,K23-046882,2023-11-21,2023-12-22,train,train,
2340,A422319,K23-046883,2023-11-21,2023-12-22,train,train,
2341,A421423,K23-046884,2023-11-21,2023-12-09,train,train,
2342,A422320,K23-046885,2023-11-21,2023-12-22,train,train,
2343,A422321,K23-046886,2023-11-21,2023-12-22,train,train,
2344,A422322,K23-046887,2023-11-21,2023-12-22,train,train,
2345,A422323,K23-046888,2023-11-21,2023-12-22,train,train,
2346,A422324,K23-046889,2023-11-21,2023-12-22,train,train,
2347,A422325,K23-046890,2023-11-21,2023-12-22,train,train,
2348,A422326,K23-046891,2023-11-21,2023-12-22,train,train,
2349,A422327,K23-046892,2023-11-21,2023-12-22,train,train,
2350,A422328,K23-046893,2023-11-21,2023-12-22,train,train,
2351,A422375,K23-046896,2023-11-22,2023-11-22,train,train,
2352,A419354,K23-046897,2023-11-25,2023-12-26,train,train,
2353,A422387,K23-046898,2023-11-25,2023-12-26,train,train,
2354,A422393,K23-046900,2023-11-25,2023-12-26,train,train,
2355,A422395,K23-046901,2023-11-25,2023-12-12,train,train,
2356,A422397,K23-046902,2023-11-25,2023-12-09,train,train,
2357,A422400,K23-046904,2023-11-25,2023-12-26,train,train,
2358,A422405,K23-046905,2023-11-25,2023-11-28,train,train,
2359,A422407,K23-046907,2023-11-25,2023-11-28,train,train,
2360,A422408,K23-046908,2023-11-25,2023-12-01,train,train,
2361,A422409,K23-046909,2023-11-26,2023-12-02,train,train,
2362,A422415,K23-046910,2023-11-26,2023-11-27,train,train,
2363,A422418,K23-046912,2023-11-27,2023-12-07,train,train,
2364,A422419,K23-046913,2023-11-27,2023-12-07,train,train,
2365,A422420,K23-046914,2023-11-27,2023-12-09,train,train,
2366,A422421,K23-046915,2023-11-27,2023-12-12,train,train,
2367,A406845,K23-046916,2023-11-28,2023-11-28,train,train,
2368,A422424,K23-046917,2023-11-28,2023-11-28,train,train,
2369,A422427,K23-046918,2023-11-28,2023-12-16,train,train,
2370,A422430,K23-046920,2023-11-28,2023-12-27,train,train,
2371,A422433,K23-046921,2023-11-28,2023-11-28,train,train,
2372,A299378,K23-046922,2023-11-28,2023-11-29,train,train,
2373,A422443,K23-046923,2023-11-28,2023-12-29,train,train,
2374,A422452,K23-046925,2023-11-28,2023-11-30,train,train,
2375,A422453,K23-046926,2023-11-28,2023-12-06,train,train,
2376,A422471,K23-046929,2023-11-29,2023-12-19,train,train,
2377,A422481,K23-046935,2023-11-29,2023-11-30,train,train,
2378,A422494,K23-046937,2023-11-29,2023-12-13,train,train,
2379,A422495,K23-046938,2023-11-29,2023-12-09,train,train,
2380,A422499,K23-046939,2023-11-29,2023-12-01,train,train,
2381,A297455,K23-046940,2023-11-29,2023-12-12,train,train,
2382,A422524,K23-046942,2023-11-30,2023-12-12,train,train,
2383,A422533,K23-046945,2023-11-30,2023-12-26,train,train,
2384,A422534,K23-046946,2023-11-30,2023-12-22,train,train,
2385,A272058,K23-046947,2023-11-30,2023-11-30,train,train,
2386,A422542,K23-046948,2023-11-30,2023-11-30,train,train,
2387,A422481,K23-046949,2023-11-30,2023-12-31,train,train,
2388,A422554,K23-046950,2023-11-30,2023-12-02,train,train,
2389,A422555,K23-046951,2023-11-30,2023-12-01,train,train,
2390,A422578,K23-046954,2023-12-01,2023-12-13,train,train,
2391,A422579,K23-046955,2023-12-01,2023-12-13,train,train,
2392,A422580,K23-046956,2023-12-01,2023-12-13,train,train,
2393,A422581,K23-046957,2023-12-01,2023-12-13,train,train,
2394,A422582,K23-046958,2023-12-01,2023-12-13,train,train,
2395,A422583,K23-046959,2023-12-01,2023-12-13,train,train,
2396,A422584,K23-046960,2023-12-01,2023-12-13,train,train,
2397,A422617,K23-046961,2023-12-01,2023-12-02,train,train,
2398,A422620,K23-046962,2023-12-01,2023-12-02,train,train,
2399,A422621,K23-046963,2023-12-01,2023-12-02,train,train,
2400,A421121,K23-046964,2023-12-02,2023-12-16,train,excluded,Training animal also appears in validation or test period
2401,A422648,K23-046965,2023-12-02,2023-12-09,train,train,
2402,A422650,K23-046966,2023-12-02,2024-01-02,train,train,
2403,A422652,K23-046967,2023-12-02,2023-12-02,train,excluded,Training animal also appears in validation or test period
2404,A422655,K23-046968,2023-12-02,2023-12-02,train,excluded,Training animal also appears in validation or test period
2405,A422658,K23-046969,2023-12-02,2024-01-02,train,train,
2406,A422659,K23-046970,2023-12-02,2024-01-02,train,train,
2407,A422660,K23-046971,2023-12-02,2024-01-02,train,train,
2408,A422661,K23-046972,2023-12-02,2023-12-22,train,train,
2409,A422662,K23-046973,2023-12-02,2024-01-02,train,train,
2410,A422663,K23-046974,2023-12-02,2024-01-02,train,train,
2411,A422690,K23-046977,2023-12-04,2023-12-05,train,train,
2412,A422691,K23-046978,2023-12-04,2023-12-08,train,train,
2413,A422695,K23-046982,2023-12-04,2023-12-04,train,train,
2414,A422697,K23-046984,2023-12-04,2024-01-04,train,train,
2415,A422699,K23-046985,2023-12-04,2023-12-14,train,train,
2416,A422698,K23-046986,2023-12-04,2023-12-14,train,train,
2417,A422700,K23-046987,2023-12-04,2024-01-04,train,train,
2418,A422701,K23-046988,2023-12-04,2023-12-05,train,train,
2419,A422693,K23-047155,2023-12-04,2023-12-09,train,train,
2420,A422740,K23-046992,2023-12-05,2023-12-18,train,train,
2421,A422752,K23-046993,2023-12-05,2024-01-05,train,train,
2422,A422758,K23-046995,2023-12-05,2023-12-21,train,train,
2423,A422760,K23-046999,2023-12-05,2023-12-10,train,train,
2424,A422765,K23-047000,2023-12-05,2023-12-06,train,train,
2425,A422770,K23-047001,2023-12-05,2024-01-05,train,train,
2426,A386554,K23-047002,2023-12-05,2023-12-07,train,train,
2427,A422784,K23-047003,2023-12-05,2024-01-05,train,train,
2428,A422785,K23-047004,2023-12-05,2024-01-05,train,train,
2429,A422787,K23-047005,2023-12-05,2024-01-05,train,train,
2430,A422788,K23-047006,2023-12-05,2024-01-05,train,train,
2431,A422789,K23-047007,2023-12-05,2024-01-05,train,train,
2432,A422790,K23-047008,2023-12-05,2024-01-05,train,train,
2433,A422791,K23-047009,2023-12-05,2024-01-05,train,train,
2434,A423319,K23-047128,2023-12-05,2024-01-05,train,train,
2435,A422792,K23-047010,2023-12-06,2023-12-13,train,train,
2436,A422806,K23-047012,2023-12-06,2024-01-06,train,train,
2437,A422809,K23-047013,2023-12-06,2024-01-06,train,train,
2438,A422819,K23-047014,2023-12-06,2024-01-06,train,train,
2439,A422824,K23-047015,2023-12-06,2024-01-06,train,train,
2440,A422825,K23-047016,2023-12-06,2024-01-06,train,train,
2441,A422826,K23-047017,2023-12-06,2024-01-06,train,train,
2442,A422827,K23-047018,2023-12-06,2024-01-06,train,train,
2443,A422828,K23-047019,2023-12-06,2024-01-06,train,train,
2444,A422829,K23-047020,2023-12-06,2024-01-06,train,train,
2445,A422830,K23-047021,2023-12-06,2024-01-06,train,train,
2446,A422831,K23-047022,2023-12-06,2023-12-27,train,train,
2447,A422838,K23-047024,2023-12-06,2023-12-08,train,train,
2448,A422851,K23-047026,2023-12-07,2023-12-08,train,train,
2449,A422852,K23-047027,2023-12-07,2023-12-08,train,train,
2450,A422317,K23-047029,2023-12-07,2024-01-07,train,train,
2451,A422315,K23-047030,2023-12-07,2024-01-07,train,train,
2452,A422316,K23-047031,2023-12-07,2023-12-08,train,train,
2453,A422865,K23-047032,2023-12-07,2024-01-02,train,train,
2454,A422866,K23-047033,2023-12-07,2024-01-07,train,train,
2455,A422867,K23-047034,2023-12-07,2024-01-07,train,train,
2456,A422868,K23-047035,2023-12-07,2024-01-07,train,train,
2457,A422873,K23-047036,2023-12-07,2024-01-07,train,train,
2458,A422875,K23-047037,2023-12-07,2024-01-07,train,train,
2459,A422880,K23-047038,2023-12-07,2024-01-07,train,train,
2460,A422881,K23-047039,2023-12-07,2024-01-07,train,train,
2461,A422882,K23-047040,2023-12-07,2024-01-07,train,train,
2462,A422883,K23-047041,2023-12-07,2024-01-07,train,train,
2463,A422891,K23-047043,2023-12-08,2024-01-08,train,train,
2464,A422896,K23-047044,2023-12-08,2023-12-08,train,train,
2465,A422904,K23-047045,2023-12-08,2024-01-08,train,train,
2466,A422906,K23-047046,2023-12-08,2023-12-24,train,train,
2467,A422907,K23-047047,2023-12-08,2023-12-08,train,train,
2468,A422919,K23-047048,2023-12-08,2024-01-08,train,train,
2469,A422918,K23-047049,2023-12-08,2024-01-08,train,train,
2470,A422917,K23-047050,2023-12-08,2024-01-08,train,train,
2471,A422916,K23-047051,2023-12-08,2024-01-08,train,train,
2472,A422914,K23-047052,2023-12-08,2024-01-08,train,train,
2473,A422931,K23-047054,2023-12-08,2023-12-09,train,train,
2474,A431344,K23-047055,2023-12-09,2023-12-09,train,excluded,Training animal also appears in validation or test period
2475,A422947,K23-047056,2023-12-09,2024-01-09,train,train,
2476,A422958,K23-047057,2023-12-09,2023-12-12,train,train,
2477,A422959,K23-047058,2023-12-09,2024-01-02,train,train,
2478,A422978,K23-047059,2023-12-09,2023-12-12,train,train,
2479,A422994,K23-047060,2023-12-09,2024-01-03,train,train,
2480,A423000,K23-047061,2023-12-11,2023-12-19,train,train,
2481,A423001,K23-047062,2023-12-11,2023-12-13,train,excluded,Training animal also appears in validation or test period
2482,A423002,K23-047063,2023-12-11,2023-12-28,train,train,
2483,A423003,K23-047064,2023-12-11,2023-12-12,train,train,
2484,A423004,K23-047065,2023-12-11,2023-12-12,train,train,
2485,A423005,K23-047066,2023-12-11,2023-12-12,train,train,
2486,A423006,K23-047067,2023-12-11,2023-12-12,train,train,
2487,A423007,K23-047068,2023-12-11,2023-12-12,train,train,
2488,A423008,K23-047069,2023-12-11,2023-12-12,train,train,
2489,A423009,K23-047070,2023-12-11,2023-12-12,train,train,
2490,A423010,K23-047071,2023-12-11,2023-12-12,train,train,
2491,A423011,K23-047072,2023-12-11,2023-12-12,train,train,
2492,A423012,K23-047073,2023-12-11,2023-12-12,train,train,
2493,A423013,K23-047074,2023-12-11,2023-12-12,train,train,
2494,A423016,K23-047075,2023-12-11,2023-12-12,train,train,
2495,A423017,K23-047076,2023-12-11,2023-12-12,train,train,
2496,A423018,K23-047077,2023-12-11,2023-12-12,train,train,
2497,A423022,K23-047078,2023-12-12,2023-12-12,train,train,
2498,A423033,K23-047083,2023-12-12,2024-01-06,train,train,
2499,A276404,K23-047099,2023-12-12,2023-12-22,train,train,
2500,A423097,K23-047100,2023-12-12,2023-12-16,train,train,
2501,A423098,K23-047101,2023-12-12,2023-12-16,train,train,
2502,A423099,K23-047102,2023-12-12,2023-12-13,train,train,
2503,A423103,K23-047103,2023-12-12,2024-01-06,train,train,
2504,A423104,K23-047104,2023-12-12,2023-12-13,train,train,
2505,A423065,K23-047105,2023-12-12,2023-12-14,train,train,
2506,A423066,K23-047106,2023-12-12,2023-12-14,train,train,
2507,A423109,K23-047107,2023-12-12,2023-12-12,train,train,
2508,A423110,K23-047108,2023-12-12,2024-01-12,train,train,
2509,A423068,K23-047109,2023-12-12,2023-12-14,train,train,
2510,A423069,K23-047110,2023-12-12,2023-12-14,train,train,
2511,A423071,K23-047111,2023-12-12,2023-12-14,train,train,
2512,A423072,K23-047112,2023-12-12,2023-12-14,train,train,
2513,A423074,K23-047113,2023-12-12,2023-12-14,train,train,
2514,A423116,K23-047114,2023-12-12,2023-12-13,train,train,
2515,A423128,K23-047115,2023-12-12,2023-12-20,train,train,
2516,A423132,K23-047116,2023-12-12,2023-12-15,train,train,
2517,A423029,K23-047079,2023-12-13,2024-01-09,train,train,
2518,A423030,K23-047080,2023-12-13,2023-12-24,train,train,
2519,A423032,K23-047082,2023-12-13,2024-01-06,train,train,
2520,A423183,K23-047117,2023-12-13,2024-01-13,train,train,
2521,A422042,K23-047119,2023-12-13,2023-12-14,train,train,
2522,A423266,K23-047121,2023-12-14,2023-12-14,train,train,
2523,A423272,K23-047123,2023-12-14,2023-12-15,train,train,
2524,A423297,K23-047124,2023-12-14,2024-01-14,train,train,
2525,A423298,K23-047125,2023-12-14,2024-01-14,train,train,
2526,A423276,K23-047126,2023-12-14,2023-12-20,train,train,
2527,A423313,K23-047127,2023-12-14,2024-01-14,train,train,
2528,A293972,K23-047129,2023-12-14,2024-01-14,train,train,
2529,A423365,K23-047138,2023-12-15,2023-12-16,train,train,
2530,A423367,K23-047139,2023-12-15,2023-12-16,train,train,
2531,A423376,K23-047140,2023-12-15,2023-12-16,train,train,
2532,A423385,K23-047141,2023-12-15,2024-01-15,train,train,
2533,A423387,K23-047142,2023-12-15,2024-01-15,train,train,
2534,A418799,K23-047143,2023-12-15,2023-12-21,train,train,
2535,A423403,K23-047145,2023-12-16,2023-12-19,train,excluded,Training animal also appears in validation or test period
2536,A423404,K23-047146,2023-12-16,2023-12-16,train,train,
2537,A423420,K23-047147,2023-12-16,2024-01-02,train,train,
2538,A423422,K23-047148,2023-12-16,2023-12-16,train,train,
2539,A423434,K23-047152,2023-12-18,2024-01-18,train,train,
2540,A423435,K23-047153,2023-12-18,2024-01-18,train,train,
2541,A423445,K23-047157,2023-12-19,2023-12-28,train,train,
2542,A423446,K23-047158,2023-12-19,2024-01-19,train,train,
2543,A423447,K23-047159,2023-12-19,2024-01-06,train,train,
2544,A423448,K23-047160,2023-12-19,2024-01-09,train,train,
2545,A423449,K23-047161,2023-12-19,2024-01-06,train,train,
2546,A423451,K23-047162,2023-12-19,2023-12-19,train,train,
2547,A423452,K23-047163,2023-12-19,2023-12-19,train,train,
2548,A423453,K23-047164,2023-12-19,2024-01-19,train,train,
2549,A421655,K23-047165,2023-12-19,2023-12-20,train,train,
2550,A423459,K23-047166,2023-12-19,2023-12-20,train,train,
2551,A422694,K23-047168,2023-12-19,2024-01-16,train,train,
2552,A423444,K23-047156,2023-12-20,2024-01-20,train,train,
2553,A423471,K23-047169,2023-12-20,2023-12-27,train,train,
2554,A423485,K23-047174,2023-12-20,2024-01-12,train,train,
2555,A423484,K23-047175,2023-12-20,2024-01-12,train,train,
2556,A423488,K23-047176,2023-12-20,2023-12-20,train,train,
2557,A423489,K23-047177,2023-12-21,2024-01-21,train,train,
2558,A423491,K23-047179,2023-12-21,2023-12-21,train,train,
2559,A423499,K23-047181,2023-12-21,2024-01-21,train,train,
2560,A423500,K23-047182,2023-12-21,2024-01-21,train,train,
2561,A423507,K23-047183,2023-12-21,2023-12-22,train,train,
2562,A423510,K23-047184,2023-12-22,2024-01-13,train,train,
2563,A423511,K23-047185,2023-12-22,2023-12-22,train,train,
2564,A423513,K23-047186,2023-12-22,2024-01-16,train,train,
2565,A423514,K23-047187,2023-12-22,2024-01-22,train,train,
2566,A423516,K23-047188,2023-12-22,2024-01-22,train,train,
2567,A421655,K23-047189,2023-12-22,2024-01-16,train,train,
2568,A423521,K23-047191,2023-12-22,2024-01-22,train,train,
2569,A423522,K23-047192,2023-12-22,2024-01-06,train,train,
2570,A423523,K23-047193,2023-12-22,2024-01-22,train,train,
2571,A423524,K23-047194,2023-12-22,2024-01-06,train,train,
2572,A423525,K23-047195,2023-12-22,2024-01-22,train,train,
2573,A423526,K23-047196,2023-12-22,2024-01-11,train,train,
2574,A420346,K23-047197,2023-12-22,2024-01-02,train,train,
2575,A423527,K23-047198,2023-12-22,2023-12-26,train,train,
2576,A423536,K23-047201,2023-12-23,2023-12-23,train,train,
2577,A423539,K23-047204,2023-12-23,2024-01-23,train,train,
2578,A418767,K23-047205,2023-12-23,2024-01-02,train,train,
2579,A423544,K23-047207,2023-12-26,2023-12-27,train,train,
2580,A423551,K23-047208,2023-12-26,2024-01-26,train,train,
2581,A423555,K23-047209,2023-12-26,2024-01-26,train,train,
2582,A423557,K23-047210,2023-12-26,2024-01-26,train,train,
2583,A423558,K23-047211,2023-12-26,2023-12-27,train,train,
2584,A360782,K23-047213,2023-12-27,2023-12-29,train,train,
2585,A418292,K23-047214,2023-12-27,2023-12-27,train,train,
2586,A414959,K23-047216,2023-12-28,2023-12-28,train,train,
2587,A423575,K23-047220,2023-12-28,2023-12-28,train,train,
2588,A413875,K23-047221,2023-12-28,2023-12-28,train,train,
2589,A423584,K23-047222,2023-12-29,2024-01-29,train,train,
2590,A423585,K23-047223,2023-12-29,2024-01-03,train,train,
2591,A423586,K23-047225,2023-12-29,2024-01-17,train,train,
2592,A423598,K23-047226,2023-12-30,2023-12-30,train,train,
2593,A423607,K23-047228,2023-12-30,2024-01-30,train,train,
2594,A420580,K23-047229,2023-12-30,2024-01-12,train,train,
2595,A421310,K23-047230,2023-12-30,2024-01-09,train,train,
2596,A423610,K23-047231,2023-12-30,2024-01-04,train,train,
2597,A398062,K23-047232,2023-12-31,2024-01-02,train,train,
2598,A414231,K23-047233,2023-12-31,2024-01-02,train,train,
2599,A423617,K24-047247,2024-01-02,2024-01-02,train,train,
2600,A423620,K24-047249,2024-01-02,2024-01-02,train,train,
2601,A423622,K24-047250,2024-01-02,2024-01-02,train,train,
2602,A423623,K24-047251,2024-01-02,2024-02-02,train,train,
2603,A423625,K24-047252,2024-01-02,2024-02-02,train,train,
2604,A423628,K24-047253,2024-01-02,2024-01-23,train,train,
2605,A423629,K24-047255,2024-01-02,2024-02-02,train,train,
2606,A371275,K24-047256,2024-01-03,2024-01-03,train,train,
2607,A423632,K24-047257,2024-01-03,2024-01-03,train,train,
2608,A423634,K24-047258,2024-01-03,2024-01-03,train,train,
2609,A423636,K24-047259,2024-01-03,2024-02-03,train,train,
2610,A364817,K24-047260,2024-01-03,2024-02-03,train,train,
2611,A418909,K24-047264,2024-01-03,2024-01-13,train,train,
2612,A351383,K24-047271,2024-01-04,2024-01-04,train,train,
2613,A423667,K24-047272,2024-01-04,2024-01-25,train,train,
2614,A423668,K24-047273,2024-01-04,2024-01-25,train,train,
2615,A423669,K24-047274,2024-01-04,2024-02-04,train,train,
2616,A423671,K24-047275,2024-01-04,2024-01-05,train,train,
2617,A360813,K24-047276,2024-01-04,2024-01-10,train,train,
2618,A423673,K24-047277,2024-01-04,2024-01-05,train,train,
2619,A423680,K24-047280,2024-01-05,2024-01-06,train,train,
2620,A423682,K24-047282,2024-01-05,2024-02-05,train,train,
2621,A423681,K24-047283,2024-01-05,2024-02-05,train,train,
2622,A423685,K24-047284,2024-01-05,2024-01-08,train,train,
2623,A423686,K24-047285,2024-01-05,2024-01-29,train,train,
2624,A423687,K24-047286,2024-01-05,2024-01-29,train,train,
2625,A423691,K24-047287,2024-01-05,2024-02-05,train,train,
2626,A423695,K24-047288,2024-01-05,2024-01-23,train,train,
2627,A418478,K24-047289,2024-01-06,2024-01-06,train,train,
2628,A421808,K24-047290,2024-01-06,2024-01-06,train,train,
2629,A423699,K24-047291,2024-01-06,2024-01-09,train,train,
2630,A423702,K24-047292,2024-01-06,2024-01-19,train,train,
2631,A423703,K24-047293,2024-01-06,2024-01-19,train,train,
2632,A423704,K24-047294,2024-01-06,2024-01-19,train,train,
2633,A423708,K24-047295,2024-01-06,2024-01-09,train,train,
2634,A423709,K24-047296,2024-01-06,2024-01-09,train,train,
2635,A423710,K24-047297,2024-01-06,2024-01-09,train,train,
2636,A324184,K24-047298,2024-01-07,2024-01-09,train,train,
2637,A423714,K24-047299,2024-01-08,2024-01-09,train,train,
2638,A423715,K24-047300,2024-01-08,2024-01-10,train,train,
2639,A423716,K24-047301,2024-01-08,2024-02-08,train,train,
2640,A423717,K24-047302,2024-01-08,2024-01-09,train,train,
2641,A423719,K24-047303,2024-01-09,2024-02-04,train,train,
2642,A423720,K24-047304,2024-01-09,2024-02-09,train,train,
2643,A423721,K24-047305,2024-01-09,2024-02-09,train,train,
2644,A423722,K24-047306,2024-01-09,2024-01-09,train,train,
2645,A423033,K24-047307,2024-01-09,2024-01-09,train,train,
2646,A422452,K24-047308,2024-01-09,2024-01-10,train,train,
2647,A423728,K24-047309,2024-01-09,2024-02-09,train,train,
2648,A382673,K24-047311,2024-01-09,2024-01-10,train,train,
2649,A423732,K24-047313,2024-01-10,2024-01-10,train,train,
2650,A405979,K24-047314,2024-01-10,2024-01-12,train,train,
2651,A423736,K24-047321,2024-01-10,2024-01-16,train,train,
2652,A423745,K24-047326,2024-01-10,2024-02-10,train,train,
2653,A423766,K24-047330,2024-01-11,2024-02-01,train,train,
2654,A423767,K24-047331,2024-01-11,2024-01-12,train,train,
2655,A421996,K24-047332,2024-01-11,2024-01-12,train,train,
2656,A360813,K24-047333,2024-01-11,2024-01-13,train,train,
2657,A423771,K24-047334,2024-01-11,2024-01-11,train,train,
2658,A423788,K24-047337,2024-01-12,2024-02-01,train,train,
2659,A423791,K24-047338,2024-01-12,2024-02-12,train,train,
2660,A423792,K24-047339,2024-01-12,2024-02-12,train,train,
2661,A423795,K24-047340,2024-01-12,2024-01-26,train,train,
2662,A415773,K24-047342,2024-01-12,2024-01-23,train,train,
2663,A423798,K24-047343,2024-01-12,2024-01-23,train,train,
2664,A423799,K24-047344,2024-01-12,2024-01-13,train,train,
2665,A423800,K24-047345,2024-01-12,2024-02-12,train,train,
2666,A423801,K24-047346,2024-01-12,2024-02-12,train,train,
2667,A423807,K24-047347,2024-01-12,2024-02-12,train,train,
2668,A423808,K24-047348,2024-01-12,2024-01-27,train,train,
2669,A416471,K24-047349,2024-01-13,2024-01-18,train,train,
2670,A422264,K24-047350,2024-01-13,2024-01-13,train,train,
2671,A423818,K24-047351,2024-01-14,2024-02-14,train,train,
2672,A423819,K24-047352,2024-01-14,2024-02-14,train,train,
2673,A342025,K24-047353,2024-01-14,2024-01-17,train,train,
2674,A423823,K24-047354,2024-01-14,2024-01-17,train,train,
2675,A403817,K24-047355,2024-01-16,2024-02-04,train,train,
2676,A387122,K24-047356,2024-01-16,2024-02-04,train,train,
2677,A423842,K24-047357,2024-01-16,2024-02-03,train,train,
2678,A423845,K24-047358,2024-01-16,2024-02-16,train,train,
2679,A423855,K24-047364,2024-01-16,2024-02-16,train,train,
2680,A423585,K24-047367,2024-01-17,2024-01-17,train,train,
2681,A423877,K24-047369,2024-01-17,2024-02-17,train,train,
2682,A423880,K24-047370,2024-01-17,2024-01-17,train,train,
2683,A423881,K24-047371,2024-01-17,2024-01-18,train,train,
2684,A423885,K24-047372,2024-01-17,2024-02-17,train,train,
2685,A409314,K24-047373,2024-01-18,2024-01-19,train,train,
2686,A420501,K24-047374,2024-01-18,2024-01-20,train,train,
2687,A420505,K24-047375,2024-01-18,2024-01-20,train,train,
2688,A423921,K24-047376,2024-01-18,2024-01-19,train,train,
2689,A423403,K24-047379,2024-01-18,2024-01-18,train,excluded,Training animal also appears in validation or test period
2690,A423937,K24-047380,2024-01-19,2024-02-19,train,train,
2691,A420716,K24-047381,2024-01-19,2024-02-04,train,train,
2692,A423938,K24-047382,2024-01-19,2024-02-19,train,train,
2693,A423939,K24-047383,2024-01-19,2024-02-19,train,train,
2694,A423940,K24-047384,2024-01-19,2024-02-19,train,train,
2695,A423941,K24-047385,2024-01-19,2024-02-19,train,train,
2696,A423942,K24-047386,2024-01-19,2024-02-19,train,train,
2697,A423943,K24-047388,2024-01-19,2024-02-19,train,train,
2698,A423944,K24-047389,2024-01-19,2024-02-19,train,train,
2699,A423945,K24-047390,2024-01-19,2024-02-19,train,train,
2700,A422830,K24-047391,2024-01-19,2024-01-19,train,train,
2701,A423947,K24-047392,2024-01-19,2024-01-23,train,train,
2702,A423952,K24-047396,2024-01-19,2024-01-30,train,train,
2703,A423954,K24-047397,2024-01-20,2024-01-20,train,train,
2704,A423957,K24-047398,2024-01-20,2024-01-20,train,train,
2705,A423960,K24-047399,2024-01-20,2024-02-20,train,train,
2706,A423961,K24-047400,2024-01-20,2024-02-09,train,train,
2707,A423962,K24-047401,2024-01-20,2024-01-20,train,train,
2708,A421310,K24-047402,2024-01-20,2024-02-03,train,train,
2709,A423964,K24-047403,2024-01-20,2024-01-27,train,train,
2710,A267440,K24-047404,2024-01-20,2024-02-01,train,train,
2711,A423965,K24-047405,2024-01-20,2024-02-08,train,train,
2712,A423966,K24-047406,2024-01-20,2024-01-27,train,train,
2713,A423967,K24-047407,2024-01-20,2024-01-24,train,train,
2714,A423968,K24-047408,2024-01-20,2024-02-20,train,train,
2715,A423720,K24-047409,2024-01-20,2024-01-20,train,train,
2716,A423972,K24-047410,2024-01-20,2024-01-23,train,train,
2717,A423974,K24-047411,2024-01-21,2024-02-21,train,train,
2718,A423977,K24-047412,2024-01-21,2024-01-23,train,train,
2719,A420117,K24-047413,2024-01-22,2024-02-04,train,train,
2720,A413248,K24-047414,2024-01-22,2024-01-23,train,train,
2721,A293429,K24-047415,2024-01-22,2024-01-23,train,train,
2722,A423985,K24-047416,2024-01-22,2024-02-22,train,train,
2723,A423984,K24-047417,2024-01-22,2024-02-22,train,train,
2724,A423986,K24-047418,2024-01-22,2024-02-22,train,train,
2725,A423989,K24-047419,2024-01-23,2024-02-06,train,train,
2726,A423990,K24-047420,2024-01-23,2024-01-23,train,train,
2727,A423991,K24-047421,2024-01-23,2024-01-24,train,train,
2728,A423992,K24-047422,2024-01-23,2024-02-23,train,train,
2729,A424008,K24-047427,2024-01-23,2024-02-21,train,train,
2730,A424017,K24-047429,2024-01-24,2024-02-04,train,train,
2731,A424020,K24-047430,2024-01-24,2024-02-04,train,train,
2732,A424023,K24-047431,2024-01-24,2024-02-03,train,train,
2733,A424024,K24-047432,2024-01-24,2024-02-24,train,train,
2734,A424026,K24-047433,2024-01-24,2024-02-24,train,train,
2735,A424031,K24-047434,2024-01-24,2024-01-25,train,train,
2736,A424040,K24-047436,2024-01-25,2024-02-07,train,train,
2737,A424041,K24-047437,2024-01-25,2024-01-25,train,train,
2738,A424042,K24-047438,2024-01-25,2024-02-22,train,train,
2739,A424046,K24-047439,2024-01-25,2024-01-26,train,train,
2740,A424055,K24-047442,2024-01-26,2024-01-26,train,train,
2741,A424057,K24-047443,2024-01-26,2024-02-21,train,train,
2742,A424058,K24-047444,2024-01-26,2024-01-26,train,train,
2743,A424060,K24-047445,2024-01-26,2024-02-04,train,train,
2744,A424064,K24-047446,2024-01-26,2024-02-03,train,excluded,Training animal also appears in validation or test period
2745,A424068,K24-047448,2024-01-26,2024-02-21,train,train,
2746,A424077,K24-047449,2024-01-27,2024-02-22,train,train,
2747,A424087,K24-047452,2024-01-27,2024-01-30,train,train,
2748,A424089,K24-047453,2024-01-27,2024-02-27,train,train,
2749,A424093,K24-047454,2024-01-27,2024-01-27,train,train,
2750,A423585,K24-047455,2024-01-27,2024-02-01,train,train,
2751,A424095,K24-047456,2024-01-27,2024-02-21,train,train,
2752,A424096,K24-047457,2024-01-27,2024-02-22,train,train,
2753,A424102,K24-047458,2024-01-27,2024-02-27,train,excluded,Training animal also appears in validation or test period
2754,A424103,K24-047459,2024-01-27,2024-01-30,train,train,
2755,A424106,K24-047460,2024-01-28,2024-02-28,train,train,
2756,A424107,K24-047461,2024-01-28,2024-02-28,train,train,
2757,A424108,K24-047462,2024-01-28,2024-02-10,train,train,
2758,A424109,K24-047463,2024-01-28,2024-01-30,train,train,
2759,A424110,K24-047464,2024-01-28,2024-02-24,train,train,
2760,A424111,K24-047465,2024-01-28,2024-02-24,train,train,
2761,A424112,K24-047466,2024-01-28,2024-02-24,train,train,
2762,A424115,K24-047467,2024-01-29,2024-01-30,train,train,
2763,A315543,K24-047468,2024-01-29,2024-01-29,train,train,
2764,A424116,K24-047469,2024-01-29,2024-01-30,train,train,
2765,A424117,K24-047470,2024-01-29,2024-02-29,train,train,
2766,A424118,K24-047471,2024-01-29,2024-01-30,train,train,
2767,A424119,K24-047472,2024-01-29,2024-01-30,train,train,
2768,A424129,K24-047474,2024-01-30,2024-01-30,train,train,
2769,A424142,K24-047476,2024-01-30,2024-02-11,train,train,
2770,A424146,K24-047477,2024-01-31,2024-03-02,train,train,
2771,A424148,K24-047478,2024-01-31,2024-02-07,train,train,
2772,A424161,K24-047481,2024-01-31,2024-02-21,train,train,
2773,A424162,K24-047482,2024-01-31,2024-03-02,train,train,
2774,A423991,K24-047484,2024-01-31,2024-02-14,train,train,
2775,A424179,K24-047508,2024-02-01,2024-02-01,train,train,
2776,A424184,K24-047509,2024-02-01,2024-03-03,train,train,
2777,A424185,K24-047510,2024-02-01,2024-03-03,train,train,
2778,A424197,K24-047512,2024-02-02,2024-02-02,train,train,
2779,A312142,K24-047513,2024-02-02,2024-02-02,train,train,
2780,A424210,K24-047514,2024-02-02,2024-02-24,train,train,
2781,A424213,K24-047515,2024-02-02,2024-02-27,train,train,
2782,A288203,K24-047516,2024-02-02,2024-02-02,train,train,
2783,A416269,K24-047517,2024-02-03,2024-02-03,train,train,
2784,A424221,K24-047518,2024-02-03,2024-02-22,train,train,
2785,A424229,K24-047519,2024-02-03,2024-02-24,train,train,
2786,A424234,K24-047520,2024-02-03,2024-03-05,train,train,
2787,A424237,K24-047521,2024-02-03,2024-02-24,train,train,
2788,A424239,K24-047522,2024-02-05,2024-02-07,train,train,
2789,A413520,K24-047523,2024-02-05,2024-02-22,train,train,
2790,A424241,K24-047524,2024-02-05,2024-03-07,train,train,
2791,A424242,K24-047525,2024-02-05,2024-03-07,train,train,
2792,A424244,K24-047526,2024-02-05,2024-02-06,train,train,
2793,A313715,K24-047527,2024-02-05,2024-02-06,train,train,
2794,A424245,K24-047528,2024-02-06,2024-02-06,train,train,
2795,A419429,K24-047531,2024-02-06,2024-02-07,train,train,
2796,A424261,K24-047532,2024-02-06,2024-03-08,train,train,
2797,A424272,K24-047533,2024-02-06,2024-02-11,train,train,
2798,A424273,K24-047534,2024-02-06,2024-02-15,train,train,
2799,A414069,K24-047535,2024-02-06,2024-02-09,train,excluded,Training animal also appears in validation or test period
2800,A424283,K24-047537,2024-02-07,2024-02-07,train,train,
2801,A424284,K24-047538,2024-02-07,2024-03-09,train,train,
2802,A424288,K24-047542,2024-02-07,2024-02-07,train,train,
2803,A424292,K24-047544,2024-02-07,2024-03-09,train,train,
2804,A424293,K24-047545,2024-02-07,2024-03-02,train,train,
2805,A424295,K24-047546,2024-02-07,2024-03-09,train,train,
2806,A424296,K24-047547,2024-02-07,2024-03-05,train,excluded,Training animal also appears in validation or test period
2807,A424298,K24-047548,2024-02-07,2024-03-05,train,train,
2808,A424325,K24-047558,2024-02-08,2024-02-09,train,train,
2809,A424326,K24-047559,2024-02-08,2024-02-09,train,train,
2810,A422143,K24-047560,2024-02-08,2024-03-01,train,train,
2811,A424330,K24-047561,2024-02-08,2024-02-27,train,train,
2812,A424329,K24-047562,2024-02-08,2024-02-27,train,train,
2813,A424345,K24-047563,2024-02-08,2024-03-06,train,train,
2814,A424347,K24-047564,2024-02-08,2024-02-23,train,train,
2815,A424349,K24-047565,2024-02-08,2024-02-24,train,train,
2816,A424362,K24-047566,2024-02-09,2024-02-22,train,train,
2817,A424363,K24-047567,2024-02-09,2024-02-22,train,train,
2818,A424371,K24-047568,2024-02-09,2024-02-22,train,train,
2819,A424373,K24-047571,2024-02-09,2024-02-27,train,train,
2820,A424380,K24-047572,2024-02-09,2024-02-10,train,train,
2821,A424381,K24-047573,2024-02-09,2024-02-22,train,train,
2822,A424387,K24-047575,2024-02-09,2024-02-10,train,train,
2823,A424388,K24-047576,2024-02-09,2024-02-10,train,train,
2824,A424392,K24-047577,2024-02-10,2024-02-10,train,train,
2825,A424401,K24-047578,2024-02-10,2024-02-13,train,train,
2826,A424402,K24-047579,2024-02-10,2024-02-13,train,train,
2827,A424023,K24-047580,2024-02-10,2024-02-20,train,train,
2828,A419429,K24-047581,2024-02-10,2024-02-15,train,train,
2829,A424408,K24-047582,2024-02-10,2024-02-13,train,train,
2830,A424409,K24-047583,2024-02-10,2024-02-13,train,train,
2831,A424410,K24-047584,2024-02-10,2024-02-13,train,train,
2832,A424418,K24-047585,2024-02-10,2024-03-12,train,train,
2833,A424419,K24-047586,2024-02-10,2024-03-12,train,train,
2834,A424431,K24-047590,2024-02-11,2024-03-13,train,train,
2835,A424432,K24-047591,2024-02-11,2024-03-04,train,train,
2836,A424433,K24-047592,2024-02-11,2024-02-16,train,train,
2837,A374864,K24-047594,2024-02-12,2024-02-28,train,train,
2838,A424440,K24-047595,2024-02-13,2024-02-13,train,train,
2839,A424441,K24-047596,2024-02-13,2024-03-15,train,train,
2840,A424442,K24-047597,2024-02-13,2024-03-15,train,train,
2841,A424445,K24-047599,2024-02-13,2024-03-15,train,train,
2842,A424448,K24-047601,2024-02-13,2024-02-13,train,train,
2843,A424467,K24-047604,2024-02-13,2024-02-21,train,train,
2844,A406399,K24-047605,2024-02-13,2024-03-15,train,train,
2845,A424473,K24-047606,2024-02-13,2024-02-24,train,train,
2846,A424474,K24-047607,2024-02-13,2024-03-15,train,train,
2847,A424475,K24-047608,2024-02-13,2024-02-24,train,train,
2848,A424477,K24-047609,2024-02-13,2024-03-15,train,train,
2849,A308329,K24-047610,2024-02-14,2024-03-01,train,train,
2850,A418425,K24-047611,2024-02-14,2024-02-14,train,train,
2851,A424497,K24-047612,2024-02-14,2024-02-14,train,train,
2852,A267440,K24-047613,2024-02-14,2024-02-20,train,train,
2853,A424504,K24-047614,2024-02-14,2024-03-16,train,train,
2854,A424505,K24-047615,2024-02-14,2024-02-29,train,train,
2855,A424506,K24-047616,2024-02-14,2024-02-29,train,train,
2856,A382673,K24-047618,2024-02-14,2024-02-14,train,train,
2857,A396995,K24-047619,2024-02-14,2024-02-14,train,train,
2858,A424540,K24-047623,2024-02-15,2024-03-01,train,train,
2859,A424560,K24-047625,2024-02-16,2024-02-22,train,train,
2860,A424561,K24-047626,2024-02-16,2024-03-08,train,train,
2861,A423516,K24-047627,2024-02-16,2024-02-24,train,train,
2862,A424571,K24-047628,2024-02-16,2024-02-17,train,train,
2863,A424573,K24-047629,2024-02-16,2024-03-01,train,train,
2864,A424577,K24-047630,2024-02-16,2024-03-18,train,train,
2865,A424585,K24-047631,2024-02-16,2024-02-17,train,train,
2866,A424586,K24-047632,2024-02-16,2024-02-23,train,train,
2867,A414179,K24-047633,2024-02-16,2024-02-17,train,train,
2868,A424599,K24-047634,2024-02-17,2024-02-29,train,train,
2869,A424608,K24-047635,2024-02-17,2024-02-28,train,train,
2870,A424614,K24-047636,2024-02-17,2024-02-23,train,train,
2871,A417722,K24-047637,2024-02-18,2024-03-07,train,train,
2872,A424618,K24-047638,2024-02-18,2024-02-20,train,train,
2873,A424619,K24-047639,2024-02-18,2024-03-20,train,train,
2874,A424636,K24-047642,2024-02-20,2024-02-23,train,train,
2875,A424638,K24-047643,2024-02-20,2024-02-27,train,train,
2876,A424639,K24-047644,2024-02-20,2024-03-22,train,train,
2877,A424640,K24-047645,2024-02-20,2024-02-27,train,train,
2878,A424642,K24-047646,2024-02-20,2024-03-22,train,train,
2879,A424652,K24-047648,2024-02-20,2024-03-22,train,train,
2880,A424653,K24-047649,2024-02-20,2024-03-09,train,train,
2881,A424655,K24-047650,2024-02-20,2024-03-22,train,train,
2882,A424656,K24-047651,2024-02-20,2024-03-22,train,train,
2883,A424657,K24-047652,2024-02-20,2024-03-22,train,train,
2884,A424658,K24-047653,2024-02-20,2024-03-22,train,train,
2885,A424660,K24-047654,2024-02-20,2024-02-27,train,train,
2886,A424661,K24-047655,2024-02-20,2024-02-27,train,train,
2887,A424662,K24-047656,2024-02-20,2024-03-22,train,train,
2888,A424663,K24-047657,2024-02-20,2024-03-22,train,train,
2889,A424664,K24-047658,2024-02-20,2024-02-27,train,train,
2890,A424675,K24-047659,2024-02-20,2024-03-02,train,train,
2891,A424678,K24-047660,2024-02-20,2024-02-24,train,train,
2892,A424679,K24-047661,2024-02-20,2024-02-24,train,train,
2893,A424680,K24-047662,2024-02-20,2024-02-24,train,train,
2894,A424681,K24-047663,2024-02-20,2024-02-24,train,train,
2895,A424682,K24-047664,2024-02-20,2024-02-24,train,train,
2896,A424671,K24-047667,2024-02-21,2024-03-23,train,train,
2897,A424696,K24-047668,2024-02-21,2024-03-01,train,train,
2898,A424703,K24-047670,2024-02-21,2024-03-23,train,train,
2899,A424707,K24-047671,2024-02-21,2024-03-23,train,train,
2900,A334649,K24-047672,2024-02-21,2024-02-22,train,train,
2901,A424719,K24-047673,2024-02-21,2024-02-22,train,train,
2902,A424718,K24-047675,2024-02-21,2024-02-22,train,train,
2903,A424716,K24-047676,2024-02-21,2024-03-07,train,train,
2904,A424720,K24-047677,2024-02-21,2024-02-22,train,train,
2905,A424725,K24-047678,2024-02-21,2024-02-24,train,train,
2906,A422947,K24-047680,2024-02-22,2024-03-24,train,train,
2907,A424741,K24-047681,2024-02-22,2024-03-12,train,train,
2908,A424701,K24-047682,2024-02-22,2024-02-28,train,train,
2909,A304915,K24-047683,2024-02-22,2024-02-23,train,train,
2910,A424774,K24-047685,2024-02-23,2024-02-23,train,train,
2911,A424778,K24-047687,2024-02-23,2024-02-24,train,excluded,Training animal also appears in validation or test period
2912,A424779,K24-047688,2024-02-23,2024-02-24,train,train,
2913,A424780,K24-047689,2024-02-23,2024-02-24,train,train,
2914,A424781,K24-047690,2024-02-23,2024-03-25,train,train,
2915,A424782,K24-047691,2024-02-23,2024-03-02,train,train,
2916,A424788,K24-047692,2024-02-23,2024-03-25,train,train,
2917,A423771,K24-047695,2024-02-24,2024-03-26,train,train,
2918,A424809,K24-047696,2024-02-24,2024-03-08,train,train,
2919,A424811,K24-047697,2024-02-24,2024-03-09,train,train,
2920,A401878,K24-047698,2024-02-24,2024-03-01,train,train,
2921,A420132,K24-047700,2024-02-24,2024-02-27,train,train,
2922,A421400,K24-047703,2024-02-26,2024-03-28,train,train,
2923,A424833,K24-047704,2024-02-27,2024-03-07,train,train,
2924,A424838,K24-047705,2024-02-27,2024-02-27,train,train,
2925,A424844,K24-047710,2024-02-27,2024-03-27,train,train,
2926,A424847,K24-047712,2024-02-27,2024-02-27,train,train,
2927,A424852,K24-047713,2024-02-27,2024-03-02,train,train,
2928,A424854,K24-047714,2024-02-27,2024-02-28,train,train,
2929,A424859,K24-047715,2024-02-28,2024-03-26,train,train,
2930,A424118,K24-047717,2024-02-28,2024-02-28,train,train,
2931,A424116,K24-047718,2024-02-28,2024-02-28,train,train,
2932,A424869,K24-047719,2024-02-28,2024-03-09,train,train,
2933,A424871,K24-047720,2024-02-28,2024-03-30,train,train,
2934,A424876,K24-047721,2024-02-28,2024-03-30,train,train,
2935,A424882,K24-047722,2024-02-28,2024-03-01,train,train,
2936,A340811,K24-047723,2024-02-29,2024-03-06,train,train,
2937,A424886,K24-047725,2024-02-29,2024-02-29,train,train,
2938,A424891,K24-047727,2024-02-29,2024-03-30,train,train,
2939,A424892,K24-047728,2024-02-29,2024-02-29,train,train,
2940,A424898,K24-047730,2024-02-29,2024-03-01,train,train,
2941,A424897,K24-047731,2024-02-29,2024-03-01,train,train,
2942,A422252,K24-047732,2024-02-29,2024-03-09,train,train,
2943,A424907,K24-047733,2024-03-01,2024-03-12,train,train,
2944,A424908,K24-047734,2024-03-01,2024-03-23,train,train,
2945,A424910,K24-047735,2024-03-01,2024-03-01,train,train,
2946,A424912,K24-047736,2024-03-01,2024-03-21,train,train,
2947,A424911,K24-047737,2024-03-01,2024-04-01,train,train,
2948,A424913,K24-047738,2024-03-01,2024-03-06,train,train,
2949,A424916,K24-047739,2024-03-01,2024-04-01,train,train,
2950,A424929,K24-047742,2024-03-02,2024-03-05,train,train,
2951,A424966,K24-047743,2024-03-03,2024-03-26,train,train,
2952,A424969,K24-047744,2024-03-04,2024-04-04,train,train,
2953,A424970,K24-047745,2024-03-04,2024-04-04,train,train,
2954,A424971,K24-047746,2024-03-05,2024-03-07,train,train,
2955,A424973,K24-047748,2024-03-05,2024-03-23,train,excluded,Training animal also appears in validation or test period
2956,A424975,K24-047750,2024-03-05,2024-03-08,train,train,
2957,A424981,K24-047753,2024-03-05,2024-03-07,train,train,
2958,A424982,K24-047754,2024-03-05,2024-03-07,train,train,
2959,A424984,K24-047755,2024-03-05,2024-04-04,train,train,
2960,A424985,K24-047756,2024-03-05,2024-03-16,train,train,
2961,A424987,K24-047758,2024-03-06,2024-03-19,train,train,
2962,A423110,K24-047759,2024-03-06,2024-03-29,train,train,
2963,A410679,K24-047760,2024-03-06,2024-03-06,train,train,
2964,A425008,K24-047761,2024-03-06,2024-04-04,train,train,
2965,A425009,K24-047762,2024-03-06,2024-03-19,train,train,
2966,A425017,K24-047763,2024-03-06,2024-03-21,train,train,
2967,A422881,K24-047765,2024-03-07,2024-04-07,train,train,
2968,A425033,K24-047769,2024-03-07,2024-04-04,train,train,
2969,A425049,K24-047775,2024-03-07,2024-03-08,train,excluded,Training animal also appears in validation or test period
2970,A425050,K24-047776,2024-03-07,2024-03-08,train,excluded,Training animal also appears in validation or test period
2971,A425054,K24-047777,2024-03-08,2024-03-09,train,train,
2972,A424975,K24-047779,2024-03-08,2024-03-09,train,train,
2973,A425057,K24-047780,2024-03-08,2024-04-08,train,train,
2974,A425058,K24-047781,2024-03-08,2024-04-08,train,train,
2975,A425059,K24-047782,2024-03-08,2024-04-08,train,train,
2976,A400085,K24-047784,2024-03-08,2024-03-20,train,train,
2977,A310939,K24-047785,2024-03-08,2024-03-20,train,train,
2978,A391997,K24-047787,2024-03-08,2024-03-09,train,train,
2979,A425086,K24-047788,2024-03-09,2024-03-09,train,train,
2980,A425090,K24-047789,2024-03-09,2024-04-04,train,train,
2981,A425097,K24-047790,2024-03-09,2024-03-09,train,train,
2982,A425100,K24-047791,2024-03-09,2024-03-19,train,train,
2983,A425104,K24-047792,2024-03-09,2024-04-09,train,train,
2984,A425105,K24-047793,2024-03-09,2024-03-21,train,train,
2985,A425107,K24-047794,2024-03-09,2024-03-18,train,train,
2986,A425116,K24-047796,2024-03-11,2024-04-08,train,train,
2987,A425120,K24-047798,2024-03-11,2024-03-20,train,train,
2988,A425150,K24-047817,2024-03-11,2024-03-20,train,train,
2989,A425126,K24-047801,2024-03-12,2024-03-12,train,train,
2990,A425193,K24-047802,2024-03-12,2024-03-17,train,train,
2991,A425130,K24-047803,2024-03-12,2024-03-13,train,train,
2992,A425137,K24-047806,2024-03-12,2024-03-14,train,train,
2993,A424981,K24-047814,2024-03-12,2024-03-20,train,train,
2994,A424982,K24-047815,2024-03-12,2024-03-20,train,train,
2995,A425149,K24-047816,2024-03-12,2024-04-12,train,train,
2996,A425151,K24-047818,2024-03-12,2024-04-12,train,train,
2997,A425155,K24-047819,2024-03-12,2024-03-13,train,train,
2998,A425158,K24-047820,2024-03-12,2024-03-28,train,train,
2999,A425172,K24-047821,2024-03-13,2024-04-13,train,train,
3000,A425171,K24-047822,2024-03-13,2024-04-13,train,train,
3001,A424401,K24-047823,2024-03-13,2024-03-13,train,train,
3002,A424402,K24-047824,2024-03-13,2024-03-13,train,train,
3003,A425180,K24-047825,2024-03-13,2024-03-13,train,train,
3004,A425181,K24-047826,2024-03-13,2024-03-13,train,train,
3005,A425182,K24-047827,2024-03-13,2024-03-13,train,train,
3006,A425186,K24-047828,2024-03-13,2024-03-25,train,train,
3007,A425004,K24-047829,2024-03-13,2024-03-19,train,train,
3008,A425003,K24-047830,2024-03-13,2024-03-19,train,train,
3009,A425187,K24-047831,2024-03-13,2024-04-08,train,train,
3010,A425188,K24-047832,2024-03-13,2024-04-13,train,train,
3011,A425192,K24-047835,2024-03-13,2024-04-08,train,train,
3012,A424292,K24-047837,2024-03-13,2024-04-03,train,train,
3013,A425196,K24-047838,2024-03-13,2024-04-13,train,train,
3014,A425199,K24-047839,2024-03-13,2024-04-13,train,train,
3015,A425200,K24-047840,2024-03-13,2024-04-13,train,train,
3016,A425201,K24-047841,2024-03-13,2024-04-13,train,train,
3017,A425202,K24-047842,2024-03-13,2024-04-13,train,train,
3018,A425203,K24-047843,2024-03-13,2024-04-13,train,train,
3019,A425204,K24-047844,2024-03-13,2024-04-13,train,train,
3020,A425205,K24-047845,2024-03-13,2024-04-13,train,train,
3021,A425206,K24-047846,2024-03-13,2024-04-13,train,train,
3022,A414424,K24-047847,2024-03-13,2024-03-14,train,train,
3023,A425207,K24-047848,2024-03-13,2024-04-13,train,train,
3024,A258798,K24-047849,2024-03-13,2024-03-14,train,train,
3025,A408497,K24-047851,2024-03-14,2024-03-27,train,train,
3026,A425054,K24-047855,2024-03-14,2024-03-14,train,train,
3027,A425220,K24-047856,2024-03-14,2024-04-14,train,train,
3028,A425221,K24-047857,2024-03-14,2024-04-14,train,train,
3029,A425223,K24-047859,2024-03-14,2024-04-14,train,train,
3030,A425224,K24-047860,2024-03-14,2024-04-14,train,train,
3031,A425225,K24-047861,2024-03-14,2024-04-14,train,train,
3032,A425226,K24-047862,2024-03-14,2024-04-14,train,train,
3033,A425227,K24-047863,2024-03-14,2024-03-14,train,train,
3034,A425229,K24-047864,2024-03-14,2024-04-14,train,train,
3035,A425238,K24-047867,2024-03-14,2024-03-19,train,train,
3036,A425239,K24-047868,2024-03-14,2024-03-19,train,train,
3037,A425240,K24-047869,2024-03-14,2024-03-19,train,train,
3038,A425241,K24-047870,2024-03-14,2024-03-19,train,train,
3039,A425242,K24-047871,2024-03-14,2024-03-19,train,train,
3040,A425258,K24-047875,2024-03-15,2024-04-15,train,train,
3041,A425259,K24-047876,2024-03-15,2024-04-15,train,train,
3042,A425260,K24-047877,2024-03-15,2024-04-15,train,train,
3043,A425261,K24-047878,2024-03-15,2024-03-19,train,train,
3044,A288934,K24-047882,2024-03-15,2024-03-16,train,train,
3045,A425275,K24-047885,2024-03-16,2024-03-23,train,train,
3046,A425276,K24-047886,2024-03-16,2024-03-23,train,train,
3047,A425277,K24-047887,2024-03-16,2024-03-23,train,train,
3048,A425278,K24-047888,2024-03-16,2024-03-23,train,train,
3049,A425279,K24-047889,2024-03-16,2024-03-23,train,train,
3050,A425280,K24-047890,2024-03-16,2024-03-23,train,train,
3051,A425281,K24-047891,2024-03-16,2024-03-23,train,train,
3052,A425283,K24-047892,2024-03-16,2024-03-24,train,train,
3053,A288307,K24-047893,2024-03-16,2024-03-16,train,train,
3054,A413804,K24-047894,2024-03-16,2024-03-19,train,train,
3055,A230349,K24-047895,2024-03-16,2024-03-18,train,train,
3056,A393740,K24-047897,2024-03-16,2024-03-22,train,train,
3057,A425303,K24-047898,2024-03-16,2024-03-22,train,train,
3058,A425304,K24-047899,2024-03-16,2024-03-22,train,train,
3059,A425305,K24-047900,2024-03-16,2024-03-21,train,train,
3060,A425306,K24-047901,2024-03-17,2024-03-20,train,train,
3061,A425307,K24-047902,2024-03-17,2024-03-20,train,train,
3062,A411203,K24-047903,2024-03-17,2024-04-04,train,train,
3063,A425308,K24-047904,2024-03-17,2024-04-17,train,train,
3064,A363763,K24-047910,2024-03-18,2024-03-27,train,train,
3065,A424718,K24-047911,2024-03-18,2024-03-19,train,train,
3066,A424720,K24-047912,2024-03-18,2024-03-19,train,train,
3067,A424716,K24-047913,2024-03-18,2024-03-19,train,train,
3068,A424719,K24-047914,2024-03-18,2024-03-19,train,train,
3069,A425316,K24-047915,2024-03-18,2024-03-22,train,train,
3070,A425318,K24-047916,2024-03-18,2024-04-18,train,train,
3071,A425319,K24-047917,2024-03-18,2024-04-18,train,train,
3072,A413804,K24-047919,2024-03-19,2024-03-23,train,train,
3073,A425321,K24-047920,2024-03-19,2024-03-19,train,train,
3074,A425325,K24-047922,2024-03-19,2024-03-30,train,train,
3075,A425326,K24-047923,2024-03-19,2024-03-30,train,train,
3076,A425327,K24-047924,2024-03-19,2024-04-19,train,train,
3077,A425328,K24-047925,2024-03-19,2024-04-19,train,train,
3078,A425329,K24-047926,2024-03-19,2024-03-22,train,train,
3079,A425330,K24-047927,2024-03-19,2024-04-04,train,train,
3080,A425337,K24-047934,2024-03-19,2024-04-04,train,train,
3081,A425338,K24-047935,2024-03-19,2024-03-19,train,train,
3082,A425340,K24-047936,2024-03-19,2024-03-19,train,train,
3083,A423128,K24-047937,2024-03-19,2024-03-23,train,train,
3084,A425261,K24-047957,2024-03-19,2024-03-25,train,train,
3085,A425365,K24-047939,2024-03-20,2024-03-23,train,train,
3086,A425369,K24-047940,2024-03-20,2024-04-20,train,train,
3087,A425371,K24-047941,2024-03-20,2024-04-20,train,train,
3088,A410983,K24-047945,2024-03-20,2024-04-16,train,train,
3089,A425401,K24-047946,2024-03-21,2024-04-02,train,train,
3090,A425403,K24-047947,2024-03-21,2024-04-10,train,train,
3091,A419313,K24-047949,2024-03-21,2024-04-21,train,train,
3092,A425407,K24-047950,2024-03-21,2024-04-21,train,train,
3093,A416327,K24-047951,2024-03-21,2024-04-04,train,train,
3094,A425410,K24-047952,2024-03-21,2024-03-29,train,train,
3095,A425413,K24-047954,2024-03-21,2024-04-08,train,train,
3096,A425414,K24-047955,2024-03-21,2024-03-22,train,train,
3097,A422652,K24-047961,2024-03-22,2024-03-26,train,excluded,Training animal also appears in validation or test period
3098,A422655,K24-047962,2024-03-22,2024-03-26,train,excluded,Training animal also appears in validation or test period
3099,A425431,K24-047965,2024-03-22,2024-03-22,train,train,
3100,A425436,K24-047966,2024-03-22,2024-03-22,train,train,
3101,A425440,K24-047968,2024-03-22,2024-03-28,train,train,
3102,A425443,K24-047969,2024-03-22,2024-03-28,train,train,
3103,A425449,K24-047970,2024-03-22,2024-04-22,train,train,
3104,A403737,K24-047972,2024-03-22,2024-03-23,train,train,
3105,A425453,K24-047973,2024-03-22,2024-03-28,train,train,
3106,A425454,K24-047974,2024-03-22,2024-03-28,train,train,
3107,A425455,K24-047975,2024-03-22,2024-03-28,train,train,
3108,A425456,K24-047976,2024-03-22,2024-04-10,train,train,
3109,A425466,K24-047980,2024-03-23,2024-04-18,train,train,
3110,A425467,K24-047981,2024-03-23,2024-04-23,train,train,
3111,A425468,K24-047982,2024-03-23,2024-03-25,train,train,
3112,A345843,K24-047984,2024-03-23,2024-04-23,train,train,
3113,A425471,K24-047985,2024-03-23,2024-04-23,train,train,
3114,A425472,K24-047986,2024-03-23,2024-04-15,train,train,
3115,A389457,K24-047988,2024-03-24,2024-03-26,train,train,
3116,A425475,K24-047989,2024-03-24,2024-04-24,train,train,
3117,A299416,K24-047990,2024-03-24,2024-04-05,train,excluded,Training animal also appears in validation or test period
3118,A299415,K24-047991,2024-03-24,2024-04-05,train,excluded,Training animal also appears in validation or test period
3119,A425476,K24-047992,2024-03-24,2024-04-24,train,train,
3120,A425478,K24-047994,2024-03-24,2024-03-25,train,train,
3121,A425485,K24-047995,2024-03-25,2024-03-30,train,train,
3122,A425487,K24-047996,2024-03-25,2024-03-30,train,train,
3123,A425488,K24-047997,2024-03-25,2024-03-30,train,train,
3124,A425489,K24-047998,2024-03-25,2024-03-30,train,train,
3125,A425490,K24-047999,2024-03-25,2024-03-30,train,train,
3126,A425484,K24-048000,2024-03-25,2024-03-27,train,train,
3127,A425486,K24-048001,2024-03-25,2024-03-27,train,train,
3128,A425494,K24-048003,2024-03-25,2024-03-26,train,train,
3129,A361098,K24-048005,2024-03-25,2024-03-26,train,train,
3130,A425507,K24-048009,2024-03-26,2024-03-26,train,train,
3131,A425508,K24-048010,2024-03-26,2024-04-08,train,train,
3132,A425512,K24-048011,2024-03-26,2024-04-26,train,train,
3133,A418666,K24-048013,2024-03-26,2024-03-27,train,train,
3134,A418665,K24-048014,2024-03-26,2024-03-27,train,train,
3135,A425515,K24-048015,2024-03-27,2024-04-11,train,train,
3136,A419923,K24-048016,2024-03-27,2024-04-06,train,train,
3137,A425529,K24-048017,2024-03-27,2024-04-27,train,train,
3138,A425543,K24-048019,2024-03-28,2024-04-28,train,train,
3139,A425552,K24-048021,2024-03-28,2024-04-19,train,train,
3140,A425553,K24-048022,2024-03-28,2024-04-19,train,train,
3141,A425554,K24-048023,2024-03-28,2024-04-19,train,train,
3142,A425555,K24-048024,2024-03-28,2024-04-19,train,train,
3143,A425556,K24-048025,2024-03-28,2024-04-19,train,train,
3144,A425558,K24-048026,2024-03-28,2024-03-28,train,train,
3145,A425563,K24-048027,2024-03-28,2024-04-28,train,train,
3146,A425566,K24-048029,2024-03-28,2024-04-27,train,train,
3147,A425567,K24-048030,2024-03-28,2024-04-28,train,train,
3148,A425568,K24-048031,2024-03-28,2024-04-28,train,train,
3149,A425443,K24-048073,2024-03-28,2024-04-28,train,train,
3150,A425454,K24-048074,2024-03-28,2024-04-03,train,train,
3151,A425440,K24-048075,2024-03-28,2024-04-28,train,train,
3152,A425455,K24-048076,2024-03-28,2024-04-03,train,train,
3153,A425453,K24-048077,2024-03-28,2024-04-10,train,train,
3154,A425573,K24-048032,2024-03-29,2024-04-17,train,train,
3155,A425586,K24-048036,2024-03-29,2024-04-29,train,train,
3156,A425592,K24-048037,2024-03-29,2024-03-30,train,train,
3157,A425594,K24-048038,2024-03-29,2024-03-30,train,train,
3158,A425596,K24-048039,2024-03-29,2024-03-29,train,train,
3159,A425599,K24-048040,2024-03-30,2024-04-30,train,train,
3160,A336689,K24-048041,2024-03-30,2024-03-30,train,train,
3161,A300415,K24-048042,2024-03-30,2024-04-10,train,train,
3162,A425613,K24-048043,2024-03-30,2024-04-30,train,train,
3163,A290651,K24-048044,2024-03-30,2024-03-30,train,train,
3164,A425619,K24-048045,2024-04-01,2024-04-04,train,train,
3165,A309196,K24-048046,2024-04-01,2024-04-02,train,train,
3166,A378486,K24-048047,2024-04-01,2024-04-02,train,excluded,Training animal also appears in validation or test period
3167,A421112,K24-048051,2024-04-02,2024-04-02,train,train,
3168,A401655,K24-048052,2024-04-02,2024-04-08,train,train,
3169,A425625,K24-048053,2024-04-02,2024-04-02,train,train,
3170,A425626,K24-048058,2024-04-02,2024-04-04,train,train,
3171,A425627,K24-048059,2024-04-02,2024-04-30,train,train,
3172,A425629,K24-048064,2024-04-02,2024-05-03,train,train,
3173,A425630,K24-048065,2024-04-02,2024-05-03,train,train,
3174,A381696,K24-048069,2024-04-03,2024-04-06,train,excluded,Training animal also appears in validation or test period
3175,A401507,K24-048070,2024-04-03,2024-04-06,train,train,
3176,A424852,K24-048072,2024-04-03,2024-04-13,train,train,
3177,A425644,K24-048078,2024-04-03,2024-04-11,train,train,
3178,A425646,K24-048079,2024-04-03,2024-04-26,train,train,
3179,A425647,K24-048080,2024-04-03,2024-04-03,train,train,
3180,A425648,K24-048081,2024-04-03,2024-04-03,train,train,
3181,A425649,K24-048082,2024-04-03,2024-04-03,train,train,
3182,A425650,K24-048083,2024-04-03,2024-04-23,train,train,
3183,A425651,K24-048084,2024-04-03,2024-04-09,train,train,
3184,A425655,K24-048085,2024-04-04,2024-04-05,train,train,
3185,A426907,K24-048088,2024-04-04,2024-04-05,train,train,
3186,A425665,K24-048090,2024-04-04,2024-04-16,train,train,
3187,A425672,K24-048092,2024-04-04,2024-04-19,train,train,
3188,A425673,K24-048094,2024-04-04,2024-04-11,train,train,
3189,A425674,K24-048095,2024-04-05,2024-05-06,train,train,
3190,A425676,K24-048096,2024-04-05,2024-04-24,train,train,
3191,A425677,K24-048097,2024-04-05,2024-04-24,train,train,
3192,A425678,K24-048098,2024-04-05,2024-04-05,train,train,
3193,A425680,K24-048099,2024-04-05,2024-04-06,train,train,
3194,A425682,K24-048100,2024-04-05,2024-05-03,train,train,
3195,A425684,K24-048101,2024-04-05,2024-04-09,train,excluded,Training animal also appears in validation or test period
3196,A425687,K24-048102,2024-04-06,2024-04-12,train,excluded,Training animal also appears in validation or test period
3197,A425688,K24-048103,2024-04-06,2024-04-23,train,train,
3198,A425689,K24-048104,2024-04-06,2024-04-06,train,train,
3199,A425690,K24-048105,2024-04-06,2024-04-06,train,train,
3200,A425692,K24-048106,2024-04-06,2024-04-09,train,train,
3201,A425701,K24-048108,2024-04-06,2024-04-09,train,train,
3202,A418692,K24-048109,2024-04-07,2024-04-10,train,train,
3203,A425705,K24-048110,2024-04-07,2024-05-08,train,train,
3204,A425706,K24-048111,2024-04-07,2024-05-08,train,train,
3205,A425707,K24-048112,2024-04-07,2024-05-08,train,train,
3206,A425713,K24-048113,2024-04-07,2024-04-10,train,train,
3207,A425716,K24-048114,2024-04-08,2024-04-09,train,train,
3208,A425719,K24-048116,2024-04-08,2024-05-07,train,train,
3209,A425720,K24-048117,2024-04-08,2024-05-07,train,train,
3210,A425723,K24-048119,2024-04-08,2024-04-09,train,train,
3211,A425724,K24-048120,2024-04-08,2024-04-13,train,train,
3212,A425725,K24-048121,2024-04-09,2024-04-09,train,excluded,Training animal also appears in validation or test period
3213,A385090,K24-048122,2024-04-09,2024-05-10,train,train,
3214,A425738,K24-048123,2024-04-09,2024-05-10,train,train,
3215,A425739,K24-048124,2024-04-09,2024-05-10,train,train,
3216,A425740,K24-048125,2024-04-09,2024-05-07,train,train,
3217,A425741,K24-048126,2024-04-09,2024-04-19,train,train,
3218,A425742,K24-048127,2024-04-09,2024-05-10,train,train,
3219,A425746,K24-048128,2024-04-09,2024-05-10,train,train,
3220,A425747,K24-048129,2024-04-09,2024-05-10,train,train,
3221,A425748,K24-048130,2024-04-09,2024-05-04,train,train,
3222,A425750,K24-048131,2024-04-09,2024-05-10,train,train,
3223,A277149,K24-048132,2024-04-09,2024-04-12,train,train,
3224,A425755,K24-048133,2024-04-09,2024-04-12,train,train,
3225,A425758,K24-048134,2024-04-10,2024-04-11,train,train,
3226,A425765,K24-048137,2024-04-10,2024-04-13,train,train,
3227,A425767,K24-048138,2024-04-10,2024-05-11,train,train,
3228,A425768,K24-048139,2024-04-10,2024-04-11,train,train,
3229,A425771,K24-048142,2024-04-10,2024-04-11,train,train,
3230,A425773,K24-048143,2024-04-10,2024-04-11,train,train,
3231,A425775,K24-048144,2024-04-10,2024-04-11,train,train,
3232,A425777,K24-048147,2024-04-10,2024-05-09,train,train,
3233,A425774,K24-048148,2024-04-10,2024-05-11,train,train,
3234,A425778,K24-048149,2024-04-10,2024-05-11,train,train,
3235,A425796,K24-048152,2024-04-11,2024-04-11,train,train,
3236,A425797,K24-048153,2024-04-11,2024-04-11,train,train,
3237,A425790,K24-048154,2024-04-11,2024-05-12,train,train,
3238,A425798,K24-048155,2024-04-11,2024-04-16,train,train,
3239,A425090,K24-048156,2024-04-11,2024-05-04,train,train,
3240,A425811,K24-048157,2024-04-12,2024-05-13,train,train,
3241,A425829,K24-048163,2024-04-12,2024-05-13,train,train,
3242,A362676,K24-048166,2024-04-13,2024-04-16,train,train,
3243,A425836,K24-048168,2024-04-13,2024-05-14,train,train,
3244,A425837,K24-048169,2024-04-13,2024-05-14,train,train,
3245,A425838,K24-048170,2024-04-13,2024-04-13,train,train,
3246,A425840,K24-048171,2024-04-13,2024-05-11,train,train,
3247,A425841,K24-048172,2024-04-13,2024-05-10,train,train,
3248,A425842,K24-048173,2024-04-13,2024-05-14,train,train,
3249,A425843,K24-048174,2024-04-13,2024-04-13,train,train,
3250,A410926,K24-048175,2024-04-13,2024-04-23,train,train,
3251,A425846,K24-048176,2024-04-13,2024-05-14,train,train,
3252,A425849,K24-048177,2024-04-13,2024-04-23,train,train,
3253,A425850,K24-048178,2024-04-13,2024-04-15,train,train,
3254,A425856,K24-048179,2024-04-13,2024-04-25,train,train,
3255,A425860,K24-048180,2024-04-13,2024-04-26,train,train,
3256,A425862,K24-048181,2024-04-14,2024-04-15,train,train,
3257,A425865,K24-048184,2024-04-14,2024-04-16,train,train,
3258,A425866,K24-048185,2024-04-15,2024-04-16,train,train,
3259,A425867,K24-048186,2024-04-15,2024-05-13,train,train,
3260,A425868,K24-048187,2024-04-15,2024-04-17,train,train,
3261,A425869,K24-048188,2024-04-15,2024-05-16,train,train,
3262,A425871,K24-048190,2024-04-15,2024-04-24,train,train,
3263,A425879,K24-048191,2024-04-16,2024-04-18,train,train,
3264,A425880,K24-048192,2024-04-16,2024-05-17,train,train,
3265,A425881,K24-048193,2024-04-16,2024-05-17,train,train,
3266,A425882,K24-048194,2024-04-16,2024-05-17,train,train,
3267,A425883,K24-048195,2024-04-16,2024-05-17,train,train,
3268,A425884,K24-048196,2024-04-16,2024-05-17,train,train,
3269,A425885,K24-048197,2024-04-16,2024-05-17,train,train,
3270,A425886,K24-048198,2024-04-16,2024-05-17,train,train,
3271,A425887,K24-048199,2024-04-16,2024-04-16,train,train,
3272,A417643,K24-048200,2024-04-16,2024-04-16,train,train,
3273,A425889,K24-048201,2024-04-16,2024-04-16,train,train,
3274,A425891,K24-048202,2024-04-16,2024-05-08,train,train,
3275,A425892,K24-048203,2024-04-16,2024-05-17,train,train,
3276,A425899,K24-048204,2024-04-16,2024-05-17,train,train,
3277,A425900,K24-048205,2024-04-16,2024-05-17,train,train,
3278,A271127,K24-048206,2024-04-16,2024-04-16,train,train,
3279,A425904,K24-048208,2024-04-17,2024-04-18,train,train,
3280,A425905,K24-048209,2024-04-17,2024-04-18,train,train,
3281,A425906,K24-048210,2024-04-17,2024-04-18,train,train,
3282,A425907,K24-048211,2024-04-17,2024-04-18,train,train,
3283,A425908,K24-048212,2024-04-17,2024-04-18,train,train,
3284,A425909,K24-048213,2024-04-17,2024-04-18,train,train,
3285,A425912,K24-048214,2024-04-17,2024-05-18,train,train,
3286,A425915,K24-048216,2024-04-17,2024-04-25,train,train,
3287,A425917,K24-048217,2024-04-17,2024-04-18,train,train,
3288,A425924,K24-048218,2024-04-17,2024-05-18,train,train,
3289,A425937,K24-048219,2024-04-17,2024-04-18,train,train,
3290,A425939,K24-048220,2024-04-17,2024-05-09,train,train,
3291,A425948,K24-048221,2024-04-17,2024-04-25,train,train,
3292,A425813,K24-048158,2024-04-18,2024-05-19,train,train,
3293,A425814,K24-048159,2024-04-18,2024-05-04,train,train,
3294,A425815,K24-048160,2024-04-18,2024-05-19,train,train,
3295,A425816,K24-048161,2024-04-18,2024-05-04,train,train,
3296,A425949,K24-048222,2024-04-18,2024-04-18,train,train,
3297,A425709,K24-048223,2024-04-18,2024-05-19,train,train,
3298,A422137,K24-048225,2024-04-18,2024-04-19,train,excluded,Training animal also appears in validation or test period
3299,A425954,K24-048227,2024-04-18,2024-04-25,train,train,
3300,A425958,K24-048228,2024-04-18,2024-05-09,train,train,
3301,A425959,K24-048229,2024-04-18,2024-04-29,train,train,
3302,A425909,K24-048230,2024-04-18,2024-04-19,train,train,
3303,A425908,K24-048231,2024-04-18,2024-04-19,train,train,
3304,A425907,K24-048232,2024-04-18,2024-04-19,train,train,
3305,A426161,K24-048326,2024-04-18,2024-05-19,train,train,
3306,A426162,K24-048327,2024-04-18,2024-05-19,train,train,
3307,A426163,K24-048328,2024-04-18,2024-05-19,train,train,
3308,A425964,K24-048233,2024-04-19,2024-05-20,train,train,
3309,A425965,K24-048234,2024-04-19,2024-05-20,train,train,
3310,A425982,K24-048236,2024-04-19,2024-05-20,train,train,
3311,A425986,K24-048239,2024-04-19,2024-04-20,train,train,
3312,A425987,K24-048240,2024-04-19,2024-04-20,train,train,
3313,A425988,K24-048241,2024-04-19,2024-04-20,train,train,
3314,A425989,K24-048242,2024-04-19,2024-04-20,train,train,
3315,A425985,K24-048246,2024-04-19,2024-04-20,train,train,
3316,A425994,K24-048245,2024-04-20,2024-05-21,train,train,
3317,A426004,K24-048248,2024-04-20,2024-04-29,train,train,
3318,A426005,K24-048249,2024-04-20,2024-05-21,train,train,
3319,A426010,K24-048250,2024-04-20,2024-04-20,train,train,
3320,A421925,K24-048251,2024-04-21,2024-05-22,train,train,
3321,A408756,K24-048252,2024-04-21,2024-04-23,train,train,
3322,A426015,K24-048253,2024-04-22,2024-05-10,train,train,
3323,A426018,K24-048254,2024-04-22,2024-04-23,train,train,
3324,A426020,K24-048256,2024-04-22,2024-04-22,train,train,
3325,A426021,K24-048257,2024-04-22,2024-05-08,train,train,
3326,A305539,K24-048258,2024-04-22,2024-04-23,train,train,
3327,A426024,K24-048290,2024-04-22,2024-05-23,train,train,
3328,A426030,K24-048259,2024-04-23,2024-05-03,train,train,
3329,A426031,K24-048260,2024-04-23,2024-05-24,train,train,
3330,A426035,K24-048262,2024-04-23,2024-05-09,train,train,
3331,A426036,K24-048263,2024-04-23,2024-04-24,train,train,
3332,A426037,K24-048264,2024-04-23,2024-05-24,train,train,
3333,A426041,K24-048265,2024-04-23,2024-05-07,train,train,
3334,A426042,K24-048266,2024-04-23,2024-05-21,train,train,
3335,A426052,K24-048268,2024-04-24,2024-04-25,train,train,
3336,A426054,K24-048270,2024-04-24,2024-05-25,train,train,
3337,A426055,K24-048271,2024-04-24,2024-05-25,train,train,
3338,A426057,K24-048273,2024-04-24,2024-04-24,train,train,
3339,A426059,K24-048274,2024-04-24,2024-05-25,train,train,
3340,A426061,K24-048275,2024-04-25,2024-04-25,train,train,
3341,A426062,K24-048277,2024-04-25,2024-04-25,train,excluded,Training animal also appears in validation or test period
3342,A426063,K24-048278,2024-04-25,2024-04-25,train,excluded,Training animal also appears in validation or test period
3343,A426066,K24-048279,2024-04-25,2024-05-06,train,train,
3344,A426067,K24-048280,2024-04-25,2024-04-26,train,train,
3345,A426068,K24-048281,2024-04-25,2024-05-01,train,train,
3346,A426069,K24-048282,2024-04-25,2024-05-01,train,train,
3347,A426070,K24-048283,2024-04-25,2024-05-01,train,train,
3348,A426071,K24-048284,2024-04-25,2024-05-01,train,train,
3349,A426072,K24-048285,2024-04-25,2024-05-01,train,train,
3350,A426073,K24-048286,2024-04-25,2024-05-01,train,train,
3351,A426078,K24-048288,2024-04-25,2024-05-26,train,train,
3352,A426081,K24-048289,2024-04-26,2024-05-27,train,train,
3353,A426113,K24-048293,2024-04-27,2024-05-07,train,train,
3354,A426114,K24-048296,2024-04-27,2024-05-28,train,train,
3355,A426115,K24-048297,2024-04-27,2024-04-27,train,train,
3356,A426116,K24-048298,2024-04-27,2024-05-28,train,train,
3357,A426118,K24-048299,2024-04-27,2024-04-27,train,train,
3358,A426121,K24-048301,2024-04-28,2024-05-05,train,train,
3359,A384043,K24-048303,2024-04-29,2024-04-29,train,train,
3360,A426131,K24-048304,2024-04-29,2024-04-29,train,train,
3361,A426132,K24-048305,2024-04-29,2024-04-30,train,train,
3362,A426133,K24-048306,2024-04-29,2024-04-30,train,train,
3363,A426135,K24-048308,2024-04-29,2024-04-30,train,train,
3364,A426136,K24-048309,2024-04-29,2024-05-30,train,train,
3365,A422502,K24-048310,2024-04-29,2024-04-30,train,train,
3366,A426139,K24-048311,2024-04-30,2024-04-30,train,train,
3367,A390780,K24-048320,2024-04-30,2024-05-31,train,train,
3368,A426154,K24-048321,2024-04-30,2024-05-31,train,train,
3369,A426158,K24-048323,2024-04-30,2024-05-16,train,train,
3370,A426157,K24-048324,2024-04-30,2024-05-16,train,train,
3371,A426165,K24-048330,2024-04-30,2024-05-07,train,excluded,Training animal also appears in validation or test period
3372,A426166,K24-048331,2024-04-30,2024-05-31,train,train,
3373,A426167,K24-048332,2024-04-30,2024-05-31,train,train,
3374,A426170,K24-048333,2024-04-30,2024-05-31,train,train,
3375,A426171,K24-048334,2024-04-30,2024-05-31,train,train,
3376,A426172,K24-048335,2024-04-30,2024-05-31,train,train,
3377,A426173,K24-048336,2024-04-30,2024-05-31,train,train,
3378,A426174,K24-048337,2024-04-30,2024-05-31,train,train,
3379,A394834,K24-048340,2024-04-30,2024-04-30,train,train,
3380,A424119,K24-048341,2024-04-30,2024-05-01,train,train,
3381,A426175,K24-048344,2024-05-01,2024-05-07,train,train,
3382,A416269,K24-048354,2024-05-01,2024-05-02,train,train,
3383,A426190,K24-048356,2024-05-01,2024-05-02,train,train,
3384,A426191,K24-048357,2024-05-01,2024-05-02,train,train,
3385,A426194,K24-048358,2024-05-01,2024-05-03,train,train,
3386,A426193,K24-048359,2024-05-01,2024-06-01,train,train,
3387,A426196,K24-048360,2024-05-01,2024-06-01,train,train,
3388,A426198,K24-048361,2024-05-01,2024-06-01,train,train,
3389,A426199,K24-048362,2024-05-01,2024-06-01,train,train,
3390,A426200,K24-048363,2024-05-01,2024-06-01,train,train,
3391,A425616,K24-048364,2024-05-01,2024-05-07,train,train,
3392,A426209,K24-048367,2024-05-02,2024-06-02,train,train,
3393,A426222,K24-048370,2024-05-03,2024-06-03,train,train,
3394,A426223,K24-048371,2024-05-03,2024-06-03,train,train,
3395,A426224,K24-048372,2024-05-03,2024-05-03,train,train,
3396,A426229,K24-048377,2024-05-04,2024-05-07,train,train,
3397,A426230,K24-048378,2024-05-04,2024-06-01,train,train,
3398,A426231,K24-048379,2024-05-04,2024-05-08,train,train,
3399,A426232,K24-048380,2024-05-04,2024-05-06,train,train,
3400,A426237,K24-048381,2024-05-04,2024-05-31,train,train,
3401,A426236,K24-048382,2024-05-04,2024-05-18,train,train,
3402,A322260,K24-048386,2024-05-06,2024-05-08,train,excluded,Training animal also appears in validation or test period
3403,A426242,K24-048387,2024-05-06,2024-05-17,train,train,
3404,A426244,K24-048389,2024-05-06,2024-05-30,train,train,
3405,A426245,K24-048390,2024-05-06,2024-05-08,train,train,
3406,A426246,K24-048391,2024-05-06,2024-05-08,train,train,
3407,A310075,K24-048392,2024-05-06,2024-05-17,train,train,
3408,A426247,K24-048393,2024-05-07,2024-06-07,train,train,
3409,A425104,K24-048395,2024-05-07,2024-05-23,train,train,
3410,A423715,K24-048396,2024-05-07,2024-05-08,train,train,
3411,A426251,K24-048397,2024-05-07,2024-06-07,train,train,
3412,A417832,K24-048398,2024-05-07,2024-05-21,train,train,
3413,A426252,K24-048399,2024-05-07,2024-05-18,train,train,
3414,A426253,K24-048400,2024-05-07,2024-06-07,train,train,
3415,A426254,K24-048401,2024-05-07,2024-05-10,train,train,
3416,A425566,K24-048403,2024-05-07,2024-05-10,train,train,
3417,A418385,K24-048404,2024-05-07,2024-05-08,train,train,
3418,A426258,K24-048405,2024-05-08,2024-05-08,train,train,
3419,A426259,K24-048406,2024-05-08,2024-05-08,train,train,
3420,A371245,K24-048407,2024-05-08,2024-05-17,train,train,
3421,A426260,K24-048408,2024-05-08,2024-05-17,train,train,
3422,A426261,K24-048409,2024-05-08,2024-05-17,train,train,
3423,A426262,K24-048410,2024-05-08,2024-05-17,train,train,
3424,A426263,K24-048411,2024-05-08,2024-05-17,train,excluded,Training animal also appears in validation or test period
3425,A426264,K24-048412,2024-05-08,2024-05-17,train,train,
3426,A426265,K24-048413,2024-05-08,2024-05-17,train,train,
3427,A412227,K24-048414,2024-05-08,2024-05-17,train,train,
3428,A412228,K24-048415,2024-05-08,2024-05-17,train,train,
3429,A426266,K24-048416,2024-05-08,2024-05-17,train,train,
3430,A426267,K24-048417,2024-05-08,2024-05-17,train,train,
3431,A426268,K24-048418,2024-05-08,2024-05-17,train,train,
3432,A426269,K24-048419,2024-05-08,2024-05-17,train,train,
3433,A426275,K24-048420,2024-05-08,2024-05-08,train,train,
3434,A426276,K24-048421,2024-05-08,2024-05-08,train,train,
3435,A426277,K24-048422,2024-05-08,2024-05-08,train,train,
3436,A426279,K24-048423,2024-05-08,2024-05-08,train,train,
3437,A426021,K24-048424,2024-05-08,2024-05-29,train,train,
3438,A426285,K24-048425,2024-05-08,2024-05-09,train,train,
3439,A426286,K24-048426,2024-05-08,2024-06-08,train,train,
3440,A426287,K24-048427,2024-05-08,2024-05-11,train,train,
3441,A426288,K24-048428,2024-05-08,2024-05-11,train,train,
3442,A426289,K24-048429,2024-05-08,2024-05-11,train,train,
3443,A426290,K24-048430,2024-05-08,2024-05-11,train,train,
3444,A404519,K24-048431,2024-05-09,2024-05-10,train,train,
3445,A426307,K24-048432,2024-05-09,2024-05-10,train,train,
3446,A426310,K24-048433,2024-05-09,2024-05-10,train,train,
3447,A426313,K24-048434,2024-05-09,2024-06-09,train,train,
3448,A421478,K24-048435,2024-05-09,2024-05-11,train,train,
3449,A426316,K24-048436,2024-05-09,2024-06-09,train,train,
3450,A426322,K24-048439,2024-05-10,2024-05-30,train,train,
3451,A426336,K24-048445,2024-05-10,2024-06-07,train,train,
3452,A426338,K24-048446,2024-05-10,2024-05-11,train,train,
3453,A426339,K24-048447,2024-05-10,2024-05-10,train,train,
3454,A425841,K24-048449,2024-05-10,2024-05-14,train,train,
3455,A426346,K24-048451,2024-05-10,2024-05-11,train,train,
3456,A426347,K24-048452,2024-05-10,2024-05-11,train,train,
3457,A426354,K24-048453,2024-05-11,2024-06-11,train,train,
3458,A426355,K24-048454,2024-05-11,2024-05-11,train,train,
3459,A426356,K24-048455,2024-05-11,2024-05-11,train,train,
3460,A426357,K24-048456,2024-05-11,2024-05-14,train,train,
3461,A426358,K24-048457,2024-05-11,2024-05-11,train,train,
3462,A426363,K24-048458,2024-05-11,2024-05-25,train,train,
3463,A423972,K24-048459,2024-05-11,2024-05-14,train,train,
3464,A426365,K24-048460,2024-05-11,2024-05-16,train,train,
3465,A401507,K24-048461,2024-05-11,2024-05-17,train,train,
3466,A426369,K24-048462,2024-05-11,2024-06-11,train,train,
3467,A426370,K24-048463,2024-05-11,2024-06-11,train,train,
3468,A426371,K24-048464,2024-05-11,2024-06-11,train,train,
3469,A426372,K24-048465,2024-05-11,2024-06-11,train,train,
3470,A426373,K24-048466,2024-05-11,2024-06-11,train,train,
3471,A426374,K24-048467,2024-05-11,2024-06-11,train,train,
3472,A305570,K24-048468,2024-05-11,2024-05-14,train,train,
3473,A426379,K24-048469,2024-05-12,2024-05-16,train,excluded,Training animal also appears in validation or test period
3474,A426382,K24-048470,2024-05-13,2024-06-13,train,train,
3475,A426383,K24-048471,2024-05-13,2024-06-13,train,train,
3476,A426385,K24-048472,2024-05-13,2024-06-13,train,train,
3477,A426384,K24-048473,2024-05-13,2024-06-13,train,train,
3478,A426386,K24-048474,2024-05-13,2024-05-30,train,train,
3479,A426289,K24-048476,2024-05-13,2024-05-14,train,train,
3480,A426290,K24-048477,2024-05-13,2024-05-14,train,train,
3481,A426388,K24-048478,2024-05-13,2024-05-24,train,train,
3482,A426390,K24-048480,2024-05-13,2024-05-21,train,train,
3483,A425889,K24-048482,2024-05-14,2024-05-14,train,train,
3484,A426403,K24-048484,2024-05-14,2024-06-11,train,train,
3485,A426404,K24-048485,2024-05-14,2024-06-14,train,train,
3486,A424599,K24-048486,2024-05-14,2024-06-01,train,train,
3487,A426405,K24-048487,2024-05-14,2024-06-14,train,train,
3488,A426406,K24-048488,2024-05-14,2024-06-14,train,train,
3489,A426408,K24-048489,2024-05-14,2024-06-14,train,train,
3490,A426412,K24-048491,2024-05-14,2024-06-14,train,train,
3491,A426415,K24-048492,2024-05-14,2024-05-14,train,train,
3492,A426416,K24-048493,2024-05-14,2024-05-15,train,train,
3493,A426417,K24-048494,2024-05-14,2024-05-16,train,train,
3494,A426179,K24-048347,2024-05-15,2024-06-01,train,train,
3495,A426180,K24-048348,2024-05-15,2024-05-30,train,train,
3496,A426181,K24-048349,2024-05-15,2024-06-01,train,train,
3497,A426182,K24-048350,2024-05-15,2024-05-30,train,train,
3498,A426183,K24-048351,2024-05-15,2024-06-01,train,train,
3499,A426418,K24-048495,2024-05-15,2024-05-21,train,train,
3500,A426420,K24-048496,2024-05-15,2024-05-15,train,train,
3501,A426421,K24-048497,2024-05-15,2024-05-15,train,train,
3502,A426422,K24-048498,2024-05-15,2024-05-15,train,train,
3503,A426423,K24-048499,2024-05-15,2024-05-15,train,train,
3504,A426424,K24-048500,2024-05-15,2024-06-15,train,train,
3505,A426425,K24-048501,2024-05-15,2024-06-15,train,train,
3506,A426426,K24-048502,2024-05-15,2024-06-15,train,train,
3507,A426427,K24-048503,2024-05-15,2024-06-15,train,train,
3508,A426428,K24-048504,2024-05-15,2024-06-15,train,train,
3509,A426429,K24-048505,2024-05-15,2024-06-15,train,train,
3510,A426430,K24-048506,2024-05-15,2024-06-15,train,train,
3511,A426431,K24-048507,2024-05-15,2024-06-15,train,train,
3512,A426432,K24-048508,2024-05-15,2024-06-15,train,train,
3513,A426433,K24-048509,2024-05-15,2024-06-15,train,train,
3514,A426434,K24-048510,2024-05-15,2024-06-15,train,train,
3515,A426435,K24-048511,2024-05-15,2024-05-16,train,train,
3516,A426436,K24-048512,2024-05-15,2024-05-15,train,train,
3517,A426442,K24-048513,2024-05-15,2024-05-15,train,train,
3518,A426443,K24-048514,2024-05-15,2024-05-15,train,train,
3519,A434934,K24-048515,2024-05-15,2024-05-17,train,excluded,Training animal also appears in validation or test period
3520,A426454,K24-048517,2024-05-15,2024-06-15,train,train,
3521,A426455,K24-048518,2024-05-15,2024-06-15,train,train,
3522,A426456,K24-048519,2024-05-15,2024-06-15,train,train,
3523,A340811,K24-048520,2024-05-15,2024-06-15,train,train,
3524,A426462,K24-048522,2024-05-15,2024-06-15,train,train,
3525,A426461,K24-048521,2024-05-16,2024-06-07,train,train,
3526,A426472,K24-048524,2024-05-16,2024-06-16,train,train,
3527,A426471,K24-048525,2024-05-16,2024-06-16,train,train,
3528,A396392,K24-048526,2024-05-16,2024-05-30,train,train,
3529,A426484,K24-048527,2024-05-17,2024-06-07,train,train,
3530,A426063,K24-048529,2024-05-17,2024-05-17,train,excluded,Training animal also appears in validation or test period
3531,A426062,K24-048530,2024-05-17,2024-05-17,train,excluded,Training animal also appears in validation or test period
3532,A426513,K24-048531,2024-05-17,2024-06-17,train,train,
3533,A426514,K24-048532,2024-05-17,2024-06-17,train,train,
3534,A412228,K24-048533,2024-05-17,2024-05-18,train,train,
3535,A401507,K24-048534,2024-05-17,2024-06-07,train,train,
3536,A412227,K24-048535,2024-05-17,2024-05-18,train,train,
3537,A426261,K24-048536,2024-05-17,2024-06-17,train,train,
3538,A426265,K24-048537,2024-05-17,2024-06-17,train,train,
3539,A426268,K24-048538,2024-05-17,2024-05-18,train,train,
3540,A426267,K24-048539,2024-05-17,2024-05-18,train,train,
3541,A426262,K24-048540,2024-05-17,2024-06-17,train,train,
3542,A371245,K24-048541,2024-05-17,2024-06-02,train,train,
3543,A426260,K24-048542,2024-05-17,2024-06-17,train,train,
3544,A426266,K24-048543,2024-05-17,2024-06-17,train,train,
3545,A426264,K24-048544,2024-05-17,2024-06-17,train,train,
3546,A426263,K24-048545,2024-05-17,2024-06-17,train,excluded,Training animal also appears in validation or test period
3547,A426269,K24-048546,2024-05-17,2024-06-17,train,train,
3548,A426515,K24-048547,2024-05-17,2024-06-17,train,train,
3549,A426519,K24-048548,2024-05-18,2024-05-18,train,train,
3550,A362734,K24-048549,2024-05-18,2024-05-18,train,train,
3551,A426524,K24-048550,2024-05-18,2024-06-18,train,train,
3552,A426527,K24-048552,2024-05-18,2024-06-18,train,train,
3553,A426528,K24-048553,2024-05-18,2024-06-18,train,train,
3554,A426537,K24-048555,2024-05-18,2024-05-29,train,train,
3555,A426542,K24-048556,2024-05-18,2024-05-29,train,train,
3556,A426546,K24-048557,2024-05-18,2024-05-29,train,train,
3557,A426551,K24-048558,2024-05-19,2024-05-31,train,train,
3558,A421625,K24-048560,2024-05-20,2024-05-22,train,train,
3559,A426557,K24-048561,2024-05-21,2024-05-21,train,excluded,Training animal also appears in validation or test period
3560,A426558,K24-048562,2024-05-21,2024-05-21,train,train,
3561,A426560,K24-048563,2024-05-21,2024-05-21,train,train,
3562,A426569,K24-048564,2024-05-21,2024-05-22,train,train,
3563,A426579,K24-048565,2024-05-21,2024-05-29,train,train,
3564,A426580,K24-048566,2024-05-21,2024-06-21,train,train,
3565,A426581,K24-048567,2024-05-21,2024-06-02,train,train,
3566,A426582,K24-048568,2024-05-21,2024-06-02,train,train,
3567,A413982,K24-048570,2024-05-21,2024-06-21,train,train,
3568,A426525,K24-048551,2024-05-22,2024-06-22,train,train,
3569,A426593,K24-048571,2024-05-22,2024-06-18,train,train,
3570,A426595,K24-048573,2024-05-22,2024-05-22,train,train,
3571,A426596,K24-048574,2024-05-22,2024-05-23,train,excluded,Training animal also appears in validation or test period
3572,A426597,K24-048575,2024-05-22,2024-05-23,train,train,
3573,A426598,K24-048576,2024-05-22,2024-05-23,train,train,
3574,A426609,K24-048578,2024-05-22,2024-05-30,train,train,
3575,A426613,K24-048579,2024-05-22,2024-06-22,train,train,
3576,A426615,K24-048580,2024-05-22,2024-06-22,train,train,
3577,A426618,K24-048581,2024-05-22,2024-06-22,train,train,
3578,A426619,K24-048582,2024-05-22,2024-06-22,train,train,
3579,A426620,K24-048583,2024-05-22,2024-06-22,train,train,
3580,A426621,K24-048584,2024-05-22,2024-05-22,train,train,
3581,A426623,K24-048585,2024-05-22,2024-05-22,train,train,
3582,A426624,K24-048587,2024-05-22,2024-05-22,train,train,
3583,A426626,K24-048588,2024-05-22,2024-06-22,train,train,
3584,A426628,K24-048589,2024-05-22,2024-06-22,train,train,
3585,A426629,K24-048590,2024-05-22,2024-06-22,train,train,
3586,A426630,K24-048591,2024-05-22,2024-06-22,train,train,
3587,A426632,K24-048592,2024-05-23,2024-05-24,train,train,
3588,A426633,K24-048593,2024-05-23,2024-05-24,train,train,
3589,A426634,K24-048594,2024-05-23,2024-05-24,train,train,
3590,A426636,K24-048595,2024-05-23,2024-05-23,train,train,
3591,A426637,K24-048596,2024-05-23,2024-05-23,train,train,
3592,A426638,K24-048597,2024-05-23,2024-05-23,train,train,
3593,A426639,K24-048598,2024-05-23,2024-05-23,train,train,
3594,A426640,K24-048599,2024-05-23,2024-05-23,train,train,
3595,A426647,K24-048600,2024-05-23,2024-06-23,train,train,
3596,A426648,K24-048601,2024-05-23,2024-06-23,train,train,
3597,A426649,K24-048602,2024-05-23,2024-05-24,train,train,
3598,A426651,K24-048603,2024-05-23,2024-06-23,train,train,
3599,A426652,K24-048604,2024-05-23,2024-06-23,train,train,
3600,A426654,K24-048605,2024-05-23,2024-06-23,train,train,
3601,A426658,K24-048607,2024-05-23,2024-06-04,train,train,
3602,A426661,K24-048608,2024-05-23,2024-06-23,train,train,
3603,A426662,K24-048609,2024-05-23,2024-06-23,train,train,
3604,A426668,K24-048610,2024-05-24,2024-06-11,train,train,
3605,A426674,K24-048611,2024-05-24,2024-06-24,train,train,
3606,A426680,K24-048612,2024-05-24,2024-05-25,train,train,
3607,A426679,K24-048613,2024-05-24,2024-05-24,train,train,
3608,A426686,K24-048614,2024-05-24,2024-05-25,train,train,
3609,A426691,K24-048615,2024-05-24,2024-05-25,train,excluded,Training animal also appears in validation or test period
3610,A426698,K24-048617,2024-05-24,2024-05-25,train,train,
3611,A426699,K24-048618,2024-05-24,2024-06-05,train,train,
3612,A426745,K24-048646,2024-05-24,2024-06-05,train,train,
3613,A421280,K24-048619,2024-05-25,2024-06-25,train,train,
3614,A426701,K24-048620,2024-05-25,2024-06-25,train,train,
3615,A426702,K24-048621,2024-05-25,2024-06-25,train,train,
3616,A426703,K24-048622,2024-05-25,2024-06-25,train,train,
3617,A426704,K24-048623,2024-05-25,2024-06-25,train,train,
3618,A426710,K24-048625,2024-05-25,2024-05-25,train,train,
3619,A426711,K24-048626,2024-05-25,2024-05-25,train,train,
3620,A426713,K24-048627,2024-05-25,2024-05-28,train,train,
3621,A426715,K24-048628,2024-05-27,2024-05-28,train,train,
3622,A426717,K24-048630,2024-05-28,2024-06-28,train,train,
3623,A426718,K24-048631,2024-05-28,2024-06-07,train,train,
3624,A426720,K24-048632,2024-05-28,2024-06-28,train,train,
3625,A426721,K24-048633,2024-05-28,2024-05-28,train,train,
3626,A426722,K24-048634,2024-05-28,2024-06-05,train,train,
3627,A426719,K24-048635,2024-05-28,2024-06-07,train,train,
3628,A426723,K24-048636,2024-05-28,2024-06-07,train,train,
3629,A426724,K24-048637,2024-05-28,2024-06-28,train,train,
3630,A425940,K24-048638,2024-05-28,2024-06-10,train,train,
3631,A426728,K24-048639,2024-05-28,2024-06-28,train,train,
3632,A426729,K24-048640,2024-05-28,2024-06-28,train,train,
3633,A426730,K24-048641,2024-05-28,2024-06-28,train,train,
3634,A426731,K24-048642,2024-05-28,2024-06-28,train,train,
3635,A426734,K24-048644,2024-05-28,2024-05-29,train,train,
3636,A426737,K24-048645,2024-05-28,2024-06-07,train,train,
3637,A426753,K24-048648,2024-05-29,2024-06-03,train,train,
3638,A426754,K24-048649,2024-05-29,2024-06-29,train,train,
3639,A303391,K24-048650,2024-05-29,2024-05-30,train,train,
3640,A426757,K24-048651,2024-05-29,2024-06-29,train,train,
3641,A426759,K24-048652,2024-05-29,2024-06-29,train,train,
3642,A426760,K24-048653,2024-05-29,2024-06-29,train,train,
3643,A426761,K24-048654,2024-05-29,2024-06-29,train,train,
3644,A426762,K24-048655,2024-05-29,2024-06-29,train,train,
3645,A426763,K24-048656,2024-05-29,2024-06-21,train,train,
3646,A426786,K24-048657,2024-05-29,2024-05-29,train,train,
3647,A426787,K24-048658,2024-05-29,2024-05-29,train,train,
3648,A426788,K24-048659,2024-05-29,2024-05-29,train,train,
3649,A426789,K24-048660,2024-05-29,2024-05-29,train,train,
3650,A426790,K24-048661,2024-05-29,2024-05-29,train,train,
3651,A426825,K24-048669,2024-05-30,2024-06-30,train,train,
3652,A426826,K24-048670,2024-05-30,2024-06-30,train,train,
3653,A426827,K24-048671,2024-05-30,2024-06-30,train,train,
3654,A426828,K24-048672,2024-05-30,2024-06-21,train,train,
3655,A426829,K24-048673,2024-05-30,2024-06-11,train,train,
3656,A426837,K24-048674,2024-05-30,2024-06-30,train,train,
3657,A426838,K24-048675,2024-05-30,2024-06-30,train,train,
3658,A425090,K24-048678,2024-05-31,2024-05-31,train,train,
3659,A426854,K24-048680,2024-05-31,2024-05-31,train,train,
3660,A426856,K24-048681,2024-05-31,2024-05-31,train,train,
3661,A426857,K24-048682,2024-05-31,2024-05-31,train,train,
3662,A426858,K24-048683,2024-05-31,2024-05-31,train,train,
3663,A426855,K24-048684,2024-05-31,2024-06-21,train,train,
3664,A426859,K24-048685,2024-05-31,2024-06-11,train,train,
3665,A426860,K24-048686,2024-05-31,2024-06-11,train,train,
3666,A426861,K24-048687,2024-05-31,2024-06-11,train,train,
3667,A397937,K24-048695,2024-06-01,2024-06-04,train,train,
3668,A426864,K24-048696,2024-06-01,2024-06-11,train,train,
3669,A426865,K24-048697,2024-06-01,2024-07-02,train,train,
3670,A426862,K24-048699,2024-06-01,2024-07-02,train,train,
3671,A426867,K24-048700,2024-06-01,2024-07-02,train,train,
3672,A426868,K24-048701,2024-06-01,2024-06-30,train,train,
3673,A426882,K24-048703,2024-06-02,2024-06-04,train,train,
3674,A426884,K24-048704,2024-06-03,2024-07-04,train,train,
3675,A426885,K24-048705,2024-06-03,2024-06-11,train,train,
3676,A426886,K24-048706,2024-06-03,2024-06-14,train,train,
3677,A426887,K24-048707,2024-06-03,2024-07-04,train,train,
3678,A426892,K24-048711,2024-06-03,2024-06-03,train,train,
3679,A426893,K24-048712,2024-06-03,2024-06-05,train,train,
3680,A426894,K24-048713,2024-06-03,2024-06-17,train,train,
3681,A426895,K24-048714,2024-06-04,2024-06-05,train,train,
3682,A426898,K24-048715,2024-06-04,2024-06-18,train,train,
3683,A426900,K24-048716,2024-06-04,2024-06-04,train,train,
3684,A426902,K24-048717,2024-06-04,2024-06-18,train,train,
3685,A426907,K24-048718,2024-06-04,2024-07-05,train,train,
3686,A426715,K24-048721,2024-06-04,2024-07-05,train,train,
3687,A426919,K24-048722,2024-06-04,2024-07-05,train,train,
3688,A426920,K24-048723,2024-06-04,2024-07-05,train,train,
3689,A426921,K24-048724,2024-06-04,2024-07-05,train,train,
3690,A426922,K24-048725,2024-06-04,2024-07-05,train,train,
3691,A426923,K24-048726,2024-06-04,2024-07-05,train,train,
3692,A426924,K24-048727,2024-06-04,2024-07-05,train,train,
3693,A426925,K24-048728,2024-06-04,2024-07-05,train,train,
3694,A426926,K24-048729,2024-06-04,2024-07-05,train,train,
3695,A426927,K24-048730,2024-06-04,2024-07-05,train,train,
3696,A426928,K24-048731,2024-06-04,2024-07-05,train,train,
3697,A423715,K24-048733,2024-06-05,2024-06-11,train,train,
3698,A426937,K24-048734,2024-06-05,2024-06-05,train,excluded,Training animal also appears in validation or test period
3699,A426940,K24-048735,2024-06-05,2024-07-06,train,train,
3700,A426941,K24-048736,2024-06-05,2024-06-18,train,train,
3701,A282798,K24-048737,2024-06-05,2024-06-12,train,train,
3702,A426948,K24-048739,2024-06-05,2024-06-18,train,train,
3703,A426956,K24-048744,2024-06-06,2024-06-06,train,train,
3704,A426970,K24-048754,2024-06-07,2024-06-08,train,train,
3705,A426973,K24-048755,2024-06-07,2024-07-08,train,train,
3706,A426974,K24-048756,2024-06-07,2024-07-08,train,train,
3707,A426980,K24-048757,2024-06-07,2024-06-24,train,train,
3708,A426981,K24-048758,2024-06-07,2024-06-07,train,train,
3709,A426991,K24-048759,2024-06-07,2024-07-08,train,train,
3710,A427001,K24-048760,2024-06-08,2024-07-09,train,train,
3711,A427003,K24-048761,2024-06-08,2024-07-09,train,train,
3712,A427010,K24-048762,2024-06-08,2024-07-09,train,train,
3713,A427043,K24-048763,2024-06-08,2024-06-14,train,train,
3714,A427017,K24-048764,2024-06-08,2024-06-11,train,train,
3715,A427018,K24-048765,2024-06-08,2024-06-20,train,train,
3716,A415965,K24-048766,2024-06-09,2024-06-24,train,train,
3717,A427021,K24-048767,2024-06-10,2024-06-11,train,train,
3718,A427029,K24-048768,2024-06-10,2024-06-11,train,train,
3719,A427028,K24-048769,2024-06-10,2024-06-11,train,train,
3720,A427031,K24-048770,2024-06-10,2024-06-24,train,train,
3721,A427037,K24-048772,2024-06-11,2024-07-12,train,train,
3722,A427038,K24-048773,2024-06-11,2024-07-12,train,train,
3723,A427041,K24-048775,2024-06-11,2024-06-14,train,train,
3724,A427042,K24-048776,2024-06-11,2024-06-14,train,train,
3725,A427047,K24-048781,2024-06-11,2024-06-13,train,train,
3726,A427049,K24-048782,2024-06-11,2024-07-03,train,train,
3727,A427061,K24-048784,2024-06-11,2024-06-11,train,train,
3728,A427063,K24-048785,2024-06-11,2024-06-22,train,train,
3729,A427080,K24-048787,2024-06-11,2024-07-12,train,train,
3730,A427081,K24-048788,2024-06-11,2024-07-12,train,train,
3731,A427082,K24-048789,2024-06-11,2024-07-12,train,train,
3732,A427083,K24-048790,2024-06-11,2024-07-12,train,train,
3733,A427084,K24-048791,2024-06-11,2024-07-12,train,train,
3734,A427086,K24-048793,2024-06-11,2024-06-26,train,train,
3735,A427089,K24-048794,2024-06-12,2024-06-12,train,train,
3736,A427090,K24-048795,2024-06-12,2024-07-13,train,train,
3737,A427145,K24-048825,2024-06-12,2024-07-13,train,train,
3738,A427109,K24-048798,2024-06-13,2024-07-14,train,train,
3739,A427110,K24-048799,2024-06-13,2024-07-14,train,train,
3740,A427111,K24-048800,2024-06-13,2024-07-14,train,train,
3741,A427112,K24-048801,2024-06-13,2024-07-14,train,train,
3742,A427113,K24-048802,2024-06-13,2024-07-14,train,train,
3743,A427114,K24-048803,2024-06-13,2024-06-14,train,train,
3744,A427115,K24-048804,2024-06-13,2024-06-14,train,train,
3745,A427118,K24-048805,2024-06-13,2024-07-14,train,train,
3746,A427121,K24-048806,2024-06-13,2024-07-14,train,train,
3747,A427124,K24-048807,2024-06-13,2024-07-14,train,train,
3748,A427126,K24-048808,2024-06-13,2024-07-14,train,train,
3749,A427125,K24-048809,2024-06-13,2024-07-09,train,train,
3750,A427127,K24-048810,2024-06-13,2024-07-09,train,train,
3751,A427128,K24-048811,2024-06-13,2024-07-14,train,train,
3752,A427144,K24-048824,2024-06-14,2024-06-27,train,train,
3753,A427147,K24-048827,2024-06-14,2024-07-15,train,train,
3754,A427149,K24-048828,2024-06-14,2024-07-11,train,train,
3755,A427158,K24-048829,2024-06-15,2024-06-15,train,train,
3756,A427159,K24-048830,2024-06-15,2024-06-15,train,train,
3757,A427168,K24-048831,2024-06-15,2024-07-16,train,train,
3758,A427179,K24-048834,2024-06-15,2024-06-18,train,train,
3759,A427180,K24-048835,2024-06-15,2024-06-18,train,train,
3760,A427184,K24-048836,2024-06-15,2024-06-16,train,train,
3761,A427185,K24-048837,2024-06-15,2024-06-16,train,train,
3762,A356227,K24-048839,2024-06-16,2024-06-18,train,train,
3763,A427192,K24-048841,2024-06-17,2024-07-18,train,train,
3764,A427193,K24-048842,2024-06-17,2024-07-17,train,train,
3765,A427194,K24-048843,2024-06-17,2024-07-05,train,train,
3766,A427197,K24-048844,2024-06-17,2024-06-18,train,train,
3767,A427200,K24-048845,2024-06-18,2024-06-26,train,train,
3768,A427205,K24-048846,2024-06-18,2024-07-19,train,train,
3769,A427206,K24-048847,2024-06-18,2024-07-14,train,train,
3770,A427208,K24-048849,2024-06-18,2024-06-20,train,train,
3771,A427209,K24-048850,2024-06-18,2024-06-20,train,train,
3772,A425543,K24-048851,2024-06-18,2024-06-22,train,train,
3773,A427211,K24-048852,2024-06-18,2024-06-18,train,train,
3774,A427212,K24-048853,2024-06-18,2024-06-20,train,train,
3775,A432215,K24-048855,2024-06-18,2024-07-19,train,train,
3776,A350838,K24-048857,2024-06-19,2024-07-20,train,train,
3777,A427223,K24-048858,2024-06-19,2024-07-20,train,train,
3778,A427225,K24-048859,2024-06-19,2024-07-20,train,train,
3779,A427226,K24-048860,2024-06-19,2024-07-05,train,train,
3780,A427227,K24-048861,2024-06-19,2024-07-16,train,train,
3781,A427228,K24-048862,2024-06-19,2024-07-18,train,train,
3782,A425566,K24-048864,2024-06-19,2024-07-17,train,train,
3783,A427243,K24-048866,2024-06-19,2024-07-08,train,train,
3784,A427244,K24-048867,2024-06-20,2024-06-20,train,train,
3785,A427245,K24-048868,2024-06-20,2024-06-20,train,train,
3786,A427246,K24-048869,2024-06-20,2024-06-20,train,train,
3787,A427247,K24-048870,2024-06-20,2024-07-21,train,train,
3788,A427249,K24-048871,2024-06-20,2024-06-21,train,train,
3789,A427252,K24-048872,2024-06-20,2024-07-21,train,train,
3790,A427253,K24-048873,2024-06-20,2024-06-20,train,train,
3791,A386063,K24-048874,2024-06-20,2024-06-20,train,train,
3792,A427257,K24-048875,2024-06-20,2024-06-24,train,train,
3793,A427260,K24-048877,2024-06-20,2024-06-21,train,train,
3794,A427261,K24-048878,2024-06-21,2024-06-21,train,train,
3795,A425318,K24-048880,2024-06-21,2024-06-24,train,train,
3796,A427265,K24-048881,2024-06-21,2024-06-21,train,train,
3797,A427268,K24-048882,2024-06-21,2024-07-22,train,train,
3798,A427269,K24-048883,2024-06-21,2024-07-22,train,train,
3799,A427279,K24-048884,2024-06-21,2024-06-25,train,train,
3800,A427249,K24-048885,2024-06-21,2024-07-08,train,train,
3801,A427280,K24-048886,2024-06-21,2024-06-21,train,train,
3802,A427288,K24-048889,2024-06-22,2024-07-09,train,train,
3803,A427289,K24-048890,2024-06-22,2024-06-22,train,train,
3804,A426161,K24-048891,2024-06-22,2024-06-25,train,train,
3805,A427291,K24-048892,2024-06-22,2024-07-23,train,train,
3806,A427292,K24-048893,2024-06-22,2024-07-23,train,train,
3807,A427293,K24-048894,2024-06-22,2024-07-23,train,train,
3808,A423063,K24-048895,2024-06-22,2024-06-22,train,train,
3809,A406509,K24-048896,2024-06-22,2024-06-22,train,train,
3810,A427297,K24-048898,2024-06-22,2024-07-23,train,train,
3811,A427298,K24-048899,2024-06-22,2024-07-23,train,train,
3812,A427299,K24-048900,2024-06-22,2024-07-23,train,train,
3813,A427300,K24-048901,2024-06-22,2024-07-23,train,train,
3814,A427306,K24-048902,2024-06-23,2024-06-23,train,train,
3815,A427307,K24-048903,2024-06-23,2024-06-23,train,train,
3816,A427308,K24-048904,2024-06-23,2024-07-24,train,train,
3817,A427309,K24-048905,2024-06-23,2024-07-24,train,train,
3818,A427310,K24-048906,2024-06-23,2024-07-24,train,train,
3819,A427311,K24-048907,2024-06-23,2024-06-27,train,train,
3820,A427312,K24-048908,2024-06-23,2024-06-24,train,train,
3821,A427317,K24-048911,2024-06-24,2024-07-06,train,train,
3822,A427318,K24-048912,2024-06-24,2024-06-24,train,train,
3823,A338074,K24-048914,2024-06-25,2024-06-25,train,train,
3824,A427337,K24-048916,2024-06-25,2024-07-20,train,train,
3825,A427339,K24-048917,2024-06-25,2024-06-27,train,train,
3826,A427340,K24-048918,2024-06-25,2024-06-25,train,train,
3827,A426383,K24-048919,2024-06-25,2024-07-24,train,train,
3828,A427350,K24-048922,2024-06-26,2024-07-08,train,train,
3829,A427352,K24-048925,2024-06-26,2024-06-26,train,train,
3830,A427356,K24-048926,2024-06-26,2024-07-11,train,train,
3831,A427369,K24-048927,2024-06-26,2024-07-12,train,train,
3832,A423881,K24-048930,2024-06-27,2024-06-28,train,train,
3833,A427386,K24-048932,2024-06-27,2024-07-28,train,train,
3834,A427401,K24-048936,2024-06-27,2024-06-28,train,train,
3835,A427409,K24-048937,2024-06-28,2024-07-20,train,train,
3836,A426861,K24-048941,2024-06-28,2024-07-29,train,train,
3837,A426860,K24-048942,2024-06-28,2024-07-29,train,train,
3838,A426859,K24-048943,2024-06-28,2024-07-29,train,train,
3839,A427418,K24-048944,2024-06-28,2024-07-06,train,train,
3840,A427422,K24-048945,2024-06-28,2024-07-29,train,train,
3841,A396928,K24-048946,2024-06-28,2024-06-28,train,train,
3842,A427426,K24-048947,2024-06-28,2024-07-29,train,train,
3843,A367878,K24-048948,2024-06-28,2024-06-28,train,train,
3844,A367879,K24-048949,2024-06-28,2024-06-28,train,train,
3845,A426509,K24-048951,2024-06-28,2024-07-20,train,train,
3846,A314805,K24-048952,2024-06-28,2024-07-19,train,train,
3847,A427436,K24-048953,2024-06-28,2024-07-05,train,train,
3848,A427437,K24-048954,2024-06-28,2024-07-29,train,train,
3849,A427438,K24-048955,2024-06-28,2024-07-29,train,train,
3850,A427439,K24-048956,2024-06-28,2024-07-29,train,train,
3851,A427440,K24-048957,2024-06-28,2024-07-29,train,train,
3852,A427445,K24-048959,2024-06-28,2024-07-02,train,train,
3853,A427446,K24-048960,2024-06-28,2024-07-29,train,train,
3854,A427451,K24-048961,2024-06-29,2024-07-19,train,train,
3855,A427459,K24-048964,2024-06-29,2024-06-29,train,train,
3856,A427466,K24-048965,2024-06-29,2024-07-30,train,train,
3857,A427470,K24-048966,2024-06-29,2024-07-30,train,train,
3858,A427473,K24-048967,2024-06-29,2024-07-30,train,train,
3859,A427478,K24-048969,2024-06-30,2024-07-02,train,train,
3860,A427443,K24-048970,2024-06-30,2024-07-06,train,train,
3861,A416694,K24-048971,2024-06-30,2024-07-31,train,train,
3862,A427479,K24-048972,2024-06-30,2024-07-31,train,train,
3863,A407092,K24-048974,2024-07-01,2024-07-03,train,train,
3864,A427488,K24-048976,2024-07-02,2024-08-02,train,train,
3865,A427489,K24-048984,2024-07-02,2024-08-02,train,train,
3866,A427490,K24-048985,2024-07-02,2024-07-02,train,train,
3867,A427491,K24-048986,2024-07-02,2024-07-02,train,train,
3868,A427492,K24-048987,2024-07-02,2024-07-02,train,train,
3869,A427493,K24-048988,2024-07-02,2024-07-02,train,train,
3870,A427494,K24-048989,2024-07-02,2024-07-09,train,train,
3871,A427495,K24-048990,2024-07-02,2024-07-27,train,train,
3872,A427497,K24-048991,2024-07-02,2024-07-16,train,train,
3873,A427496,K24-048992,2024-07-02,2024-07-02,train,train,
3874,A427498,K24-048993,2024-07-02,2024-08-02,train,train,
3875,A427500,K24-048995,2024-07-02,2024-08-02,train,train,
3876,A427501,K24-048996,2024-07-02,2024-08-02,train,train,
3877,A427502,K24-048997,2024-07-02,2024-08-02,train,train,
3878,A427503,K24-048998,2024-07-02,2024-08-02,train,train,
3879,A427504,K24-048999,2024-07-02,2024-08-02,train,train,
3880,A427505,K24-049000,2024-07-02,2024-08-02,train,train,
3881,A427485,K24-049001,2024-07-03,2024-07-16,train,train,
3882,A427508,K24-049002,2024-07-03,2024-08-03,train,train,
3883,A427509,K24-049003,2024-07-03,2024-07-30,train,train,
3884,A427510,K24-049004,2024-07-03,2024-07-03,train,train,
3885,A399161,K24-049009,2024-07-04,2024-07-05,train,train,
3886,A427515,K24-049010,2024-07-04,2024-07-05,train,train,
3887,A425050,K24-049012,2024-07-05,2024-07-05,train,excluded,Training animal also appears in validation or test period
3888,A427522,K24-049013,2024-07-05,2024-07-05,train,train,
3889,A427520,K24-049014,2024-07-05,2024-07-05,train,train,
3890,A427527,K24-049018,2024-07-05,2024-07-16,train,train,
3891,A427533,K24-049021,2024-07-05,2024-07-12,train,train,
3892,A427534,K24-049022,2024-07-05,2024-07-12,train,train,
3893,A427535,K24-049023,2024-07-05,2024-07-12,train,train,
3894,A427536,K24-049024,2024-07-05,2024-07-12,train,train,
3895,A427538,K24-049025,2024-07-05,2024-08-05,train,train,
3896,A427539,K24-049026,2024-07-05,2024-07-09,train,train,
3897,A427540,K24-049027,2024-07-05,2024-07-09,train,train,
3898,A427541,K24-049028,2024-07-05,2024-07-09,train,train,
3899,A427542,K24-049029,2024-07-05,2024-07-09,train,train,
3900,A427543,K24-049030,2024-07-05,2024-07-09,train,train,
3901,A427544,K24-049031,2024-07-05,2024-07-09,train,train,
3902,A427545,K24-049032,2024-07-05,2024-07-09,train,train,
3903,A427546,K24-049033,2024-07-05,2024-07-09,train,train,
3904,A427547,K24-049034,2024-07-05,2024-07-09,train,train,
3905,A427548,K24-049035,2024-07-05,2024-07-09,train,train,
3906,A356603,K24-049036,2024-07-06,2024-07-06,train,train,
3907,A351299,K24-049050,2024-07-06,2024-07-13,train,excluded,Training animal also appears in validation or test period
3910,A427574,K24-049053,2024-07-06,2024-08-06,train,train,
3911,A427578,K24-049054,2024-07-06,2024-07-07,train,train,
3912,A427593,K24-049055,2024-07-07,2024-08-07,train,train,
3913,A427594,K24-049056,2024-07-07,2024-08-07,train,train,
3914,A427595,K24-049057,2024-07-07,2024-07-09,train,train,
3915,A427596,K24-049058,2024-07-07,2024-07-23,train,train,
3916,A427597,K24-049059,2024-07-07,2024-07-23,train,train,
3917,A427599,K24-049060,2024-07-07,2024-07-07,train,train,
3918,A427603,K24-049062,2024-07-08,2024-08-08,train,train,
3919,A427609,K24-049063,2024-07-08,2024-08-08,train,train,
3920,A427610,K24-049064,2024-07-08,2024-08-08,train,train,
3921,A427608,K24-049065,2024-07-08,2024-07-12,train,train,
3922,A427611,K24-049066,2024-07-08,2024-08-08,train,train,
3923,A427612,K24-049067,2024-07-08,2024-08-08,train,train,
3924,A427613,K24-049068,2024-07-08,2024-08-08,train,train,
3925,A427614,K24-049069,2024-07-09,2024-07-10,train,train,
3926,A427624,K24-049071,2024-07-09,2024-07-27,train,train,
3927,A427628,K24-049072,2024-07-09,2024-08-06,train,train,
3928,A427630,K24-049074,2024-07-09,2024-07-09,train,train,
3929,A427631,K24-049075,2024-07-09,2024-07-11,train,train,
3930,A427638,K24-049076,2024-07-10,2024-07-11,train,train,
3931,A427639,K24-049077,2024-07-10,2024-07-11,train,excluded,Training animal also appears in validation or test period
3932,A427648,K24-049079,2024-07-10,2024-07-14,train,train,
3933,A427650,K24-049080,2024-07-10,2024-07-14,train,train,
3934,A427655,K24-049082,2024-07-10,2024-07-10,train,train,
3935,A415147,K24-049083,2024-07-10,2024-07-20,train,train,
3936,A427684,K24-049093,2024-07-10,2024-08-06,train,train,
3937,A427670,K24-049085,2024-07-11,2024-07-11,train,train,
3938,A427671,K24-049086,2024-07-11,2024-07-11,train,train,
3939,A427673,K24-049087,2024-07-11,2024-07-23,train,train,
3940,A427674,K24-049088,2024-07-11,2024-07-15,train,train,
3941,A427689,K24-049094,2024-07-11,2024-08-11,train,train,
3942,A427690,K24-049095,2024-07-11,2024-07-20,train,train,
3943,A427691,K24-049096,2024-07-11,2024-07-12,train,train,
3944,A398984,K24-049097,2024-07-12,2024-08-07,train,train,
3945,A417857,K24-049098,2024-07-12,2024-08-07,train,train,
3946,A427704,K24-049099,2024-07-12,2024-07-12,train,train,
3947,A427715,K24-049100,2024-07-12,2024-08-12,train,train,
3948,A427722,K24-049101,2024-07-12,2024-07-24,train,train,
3949,A427723,K24-049102,2024-07-12,2024-07-24,train,train,
3950,A427724,K24-049103,2024-07-12,2024-07-24,train,train,
3951,A427728,K24-049105,2024-07-12,2024-07-12,train,train,
3952,A427732,K24-049106,2024-07-12,2024-08-12,train,train,
3953,A427733,K24-049107,2024-07-12,2024-08-12,train,train,
3954,A427734,K24-049108,2024-07-12,2024-08-12,train,train,
3955,A427742,K24-049113,2024-07-12,2024-07-17,train,train,
3956,A427735,K24-049109,2024-07-13,2024-08-13,train,train,
3957,A427737,K24-049110,2024-07-13,2024-08-13,train,train,
3958,A427738,K24-049111,2024-07-13,2024-08-13,train,train,
3959,A427736,K24-049112,2024-07-13,2024-07-25,train,train,
3960,A427743,K24-049114,2024-07-13,2024-07-16,train,train,
3961,A427750,K24-049116,2024-07-13,2024-07-13,train,train,
3962,A427764,K24-049117,2024-07-13,2024-08-13,train,train,
3963,A427765,K24-049118,2024-07-13,2024-08-13,train,train,
3964,A427766,K24-049119,2024-07-13,2024-08-13,train,train,
3965,A427767,K24-049120,2024-07-13,2024-08-13,train,train,
3966,A427768,K24-049121,2024-07-13,2024-08-13,train,train,
3967,A427769,K24-049122,2024-07-13,2024-08-13,train,train,
3968,A427770,K24-049123,2024-07-13,2024-08-13,train,train,
3969,A427771,K24-049124,2024-07-13,2024-08-13,train,train,
3970,A427772,K24-049125,2024-07-13,2024-08-13,train,train,
3971,A427784,K24-049126,2024-07-15,2024-07-16,train,train,
3972,A427787,K24-049127,2024-07-15,2024-08-15,train,train,
3973,A427788,K24-049128,2024-07-15,2024-08-15,train,train,
3974,A427791,K24-049129,2024-07-16,2024-07-16,train,train,
3975,A423451,K24-049130,2024-07-16,2024-07-16,train,train,
3976,A423452,K24-049131,2024-07-16,2024-07-16,train,train,
3977,A427793,K24-049132,2024-07-16,2024-07-16,train,train,
3978,A427801,K24-049133,2024-07-16,2024-07-18,train,train,
3979,A427804,K24-049134,2024-07-16,2024-08-16,train,train,
3980,A423617,K24-049137,2024-07-16,2024-08-16,train,train,
3981,A427812,K24-049138,2024-07-16,2024-08-16,train,train,
3982,A427813,K24-049139,2024-07-17,2024-07-17,train,train,
3983,A427816,K24-049141,2024-07-17,2024-07-31,train,train,
3984,A374606,K24-049142,2024-07-17,2024-07-26,train,train,
3985,A427818,K24-049143,2024-07-17,2024-08-01,train,train,
3986,A427822,K24-049146,2024-07-17,2024-08-17,train,train,
3987,A427824,K24-049147,2024-07-17,2024-08-17,train,train,
3988,A427831,K24-049149,2024-07-17,2024-07-20,train,train,
3989,A427833,K24-049150,2024-07-17,2024-07-20,train,train,
3990,A428218,K24-049344,2024-07-17,2024-08-17,train,train,
3991,A427837,K24-049151,2024-07-18,2024-07-19,train,train,
3992,A427838,K24-049152,2024-07-18,2024-07-19,train,train,
3993,A427840,K24-049154,2024-07-18,2024-08-18,train,train,
3994,A427841,K24-049155,2024-07-18,2024-08-07,train,train,
3995,A427843,K24-049156,2024-07-18,2024-07-19,train,train,
3996,A427842,K24-049157,2024-07-18,2024-08-18,train,train,
3997,A427849,K24-049159,2024-07-18,2024-07-18,train,train,
3998,A427850,K24-049160,2024-07-18,2024-07-31,train,train,
3999,A427851,K24-049161,2024-07-18,2024-08-18,train,train,
4000,A427853,K24-049162,2024-07-18,2024-08-18,train,train,
4001,A427854,K24-049163,2024-07-18,2024-08-18,train,train,
4002,A427855,K24-049164,2024-07-18,2024-07-18,train,train,
4003,A405826,K24-049165,2024-07-19,2024-07-25,train,train,
4004,A425871,K24-049166,2024-07-19,2024-07-20,train,train,
4005,A427860,K24-049167,2024-07-19,2024-08-19,train,train,
4006,A427863,K24-049168,2024-07-19,2024-07-19,train,train,
4007,A351299,K24-049169,2024-07-19,2024-07-20,train,excluded,Training animal also appears in validation or test period
4008,A427868,K24-049171,2024-07-19,2024-08-19,train,train,
4009,A426827,K24-049172,2024-07-19,2024-07-23,train,train,
4010,A399517,K24-049173,2024-07-20,2024-08-07,train,train,
4011,A427894,K24-049175,2024-07-20,2024-07-31,train,train,
4012,A427900,K24-049176,2024-07-21,2024-08-03,train,train,
4013,A427901,K24-049177,2024-07-21,2024-07-23,train,train,
4014,A427902,K24-049178,2024-07-21,2024-07-23,train,train,
4015,A427903,K24-049179,2024-07-21,2024-07-23,train,train,
4016,A427905,K24-049180,2024-07-21,2024-08-21,train,train,
4017,A427906,K24-049181,2024-07-21,2024-08-21,train,train,
4018,A427908,K24-049182,2024-07-21,2024-07-23,train,train,
4019,A427909,K24-049183,2024-07-21,2024-07-23,train,train,
4020,A427911,K24-049184,2024-07-22,2024-07-24,train,train,
4021,A427914,K24-049185,2024-07-22,2024-08-22,train,train,
4022,A427915,K24-049186,2024-07-22,2024-07-23,train,train,
4023,A427921,K24-049187,2024-07-22,2024-08-12,train,train,
4024,A427922,K24-049188,2024-07-22,2024-08-02,train,train,
4025,A427927,K24-049189,2024-07-22,2024-08-22,train,train,
4026,A427928,K24-049190,2024-07-22,2024-07-23,train,train,
4027,A427929,K24-049191,2024-07-22,2024-07-23,train,train,
4028,A427930,K24-049192,2024-07-22,2024-07-23,train,train,
4029,A427935,K24-049193,2024-07-23,2024-08-06,train,train,
4030,A427936,K24-049194,2024-07-23,2024-08-06,train,train,
4031,A427937,K24-049195,2024-07-23,2024-08-23,train,train,
4032,A427942,K24-049196,2024-07-23,2024-07-23,train,train,
4033,A427947,K24-049198,2024-07-23,2024-08-23,train,train,
4034,A427951,K24-049201,2024-07-23,2024-08-23,train,train,
4035,A303861,K24-049202,2024-07-23,2024-07-23,train,train,
4036,A427956,K24-049203,2024-07-23,2024-08-23,train,train,
4037,A427957,K24-049204,2024-07-23,2024-08-23,train,train,
4038,A427958,K24-049205,2024-07-23,2024-08-23,train,train,
4039,A427959,K24-049206,2024-07-23,2024-08-23,train,train,
4040,A427960,K24-049207,2024-07-23,2024-08-23,train,train,
4041,A357926,K24-049209,2024-07-23,2024-07-23,train,train,
4042,A427972,K24-049210,2024-07-24,2024-08-24,train,train,
4043,A427973,K24-049211,2024-07-24,2024-08-24,train,train,
4044,A427974,K24-049212,2024-07-24,2024-08-24,train,train,
4045,A427975,K24-049213,2024-07-24,2024-08-13,train,train,
4046,A427976,K24-049214,2024-07-24,2024-08-13,train,train,
4047,A427977,K24-049215,2024-07-24,2024-08-13,train,train,
4048,A427978,K24-049216,2024-07-24,2024-08-24,train,train,
4049,A374564,K24-049217,2024-07-24,2024-07-24,train,train,
4050,A427993,K24-049220,2024-07-24,2024-07-24,train,train,
4051,A428000,K24-049221,2024-07-24,2024-08-22,train,train,
4052,A428001,K24-049222,2024-07-24,2024-08-22,train,train,
4053,A428002,K24-049223,2024-07-24,2024-08-24,train,train,
4054,A427485,K24-049224,2024-07-24,2024-07-25,train,train,
4055,A427722,K24-049225,2024-07-24,2024-07-25,train,train,
4056,A427723,K24-049226,2024-07-24,2024-07-25,train,train,
4057,A427724,K24-049227,2024-07-24,2024-07-25,train,train,
4058,A428021,K24-049228,2024-07-24,2024-07-25,train,train,
4059,A428022,K24-049229,2024-07-24,2024-07-25,train,train,
4060,A303430,K24-049230,2024-07-24,2024-08-07,train,train,
4061,A428025,K24-049231,2024-07-25,2024-08-25,train,train,
4062,A334434,K24-049232,2024-07-25,2024-07-25,train,train,
4063,A334435,K24-049233,2024-07-25,2024-07-25,train,train,
4064,A298029,K24-049234,2024-07-25,2024-07-26,train,train,
4065,A426827,K24-049235,2024-07-25,2024-07-30,train,train,
4066,A428036,K24-049237,2024-07-25,2024-07-25,train,train,
4067,A428037,K24-049238,2024-07-25,2024-07-25,train,train,
4068,A428038,K24-049239,2024-07-25,2024-08-25,train,train,
4069,A428040,K24-049240,2024-07-25,2024-08-25,train,train,
4070,A341264,K24-049241,2024-07-25,2024-08-07,train,train,
4071,A375624,K24-049242,2024-07-25,2024-08-07,train,train,
4072,A428041,K24-049243,2024-07-25,2024-08-07,train,train,
4073,A428044,K24-049244,2024-07-26,2024-07-26,train,train,
4074,A428045,K24-049245,2024-07-26,2024-08-26,train,train,
4075,A428051,K24-049246,2024-07-26,2024-08-26,train,train,
4076,A428052,K24-049247,2024-07-26,2024-08-26,train,train,
4077,A428054,K24-049248,2024-07-26,2024-07-26,train,train,
4078,A428055,K24-049249,2024-07-26,2024-08-20,train,excluded,Training animal also appears in validation or test period
4079,A428058,K24-049250,2024-07-26,2024-08-02,train,train,
4080,A427865,K24-049252,2024-07-26,2024-07-27,train,train,
4081,A428063,K24-049254,2024-07-26,2024-07-27,train,train,
4082,A395282,K24-049255,2024-07-27,2024-07-27,train,train,
4083,A428078,K24-049256,2024-07-27,2024-08-27,train,train,
4084,A428079,K24-049257,2024-07-27,2024-08-27,train,train,
4085,A428080,K24-049258,2024-07-27,2024-08-27,train,train,
4086,A428081,K24-049259,2024-07-27,2024-08-27,train,train,
4087,A428082,K24-049260,2024-07-27,2024-08-27,train,train,
4088,A428083,K24-049261,2024-07-27,2024-08-27,train,train,
4089,A428084,K24-049262,2024-07-27,2024-08-27,train,train,
4090,A426608,K24-049263,2024-07-27,2024-08-13,train,train,
4091,A428091,K24-049264,2024-07-28,2024-07-31,train,train,
4092,A428092,K24-049265,2024-07-28,2024-07-30,train,excluded,Training animal also appears in validation or test period
4093,A428093,K24-049266,2024-07-28,2024-07-30,train,train,
4094,A428095,K24-049267,2024-07-29,2024-07-30,train,train,
4095,A428098,K24-049268,2024-07-29,2024-07-30,train,train,
4096,A428101,K24-049270,2024-07-29,2024-07-31,train,train,
4097,A428105,K24-049271,2024-07-30,2024-07-30,train,train,
4098,A428109,K24-049273,2024-07-30,2024-07-30,train,train,
4099,A428111,K24-049274,2024-07-30,2024-08-07,train,train,
4100,A428110,K24-049275,2024-07-30,2024-07-31,train,excluded,Training animal also appears in validation or test period
4101,A428113,K24-049277,2024-07-30,2024-07-30,train,train,
4102,A428114,K24-049278,2024-07-30,2024-08-30,train,train,
4103,A428115,K24-049279,2024-07-30,2024-08-17,train,train,
4104,A428116,K24-049280,2024-07-30,2024-07-31,train,train,
4105,A428117,K24-049281,2024-07-30,2024-07-31,train,train,
4106,A428118,K24-049282,2024-07-30,2024-07-31,train,train,
4107,A428119,K24-049283,2024-07-30,2024-07-31,train,train,
4108,A428122,K24-049284,2024-07-30,2024-08-30,train,train,
4109,A428123,K24-049285,2024-07-30,2024-08-30,train,train,
4110,A428124,K24-049286,2024-07-30,2024-08-30,train,train,
4111,A428125,K24-049287,2024-07-30,2024-08-30,train,train,
4112,A424618,K24-049288,2024-07-31,2024-08-29,train,train,
4113,A428126,K24-049289,2024-07-31,2024-08-29,train,train,
4114,A428132,K24-049292,2024-07-31,2024-08-20,train,train,
4115,A428128,K24-049293,2024-07-31,2024-08-31,train,train,
4116,A428135,K24-049294,2024-07-31,2024-08-31,train,train,
4117,A428139,K24-049295,2024-08-01,2024-08-01,train,train,
4118,A428140,K24-049299,2024-08-01,2024-08-01,train,train,
4119,A428141,K24-049300,2024-08-01,2024-08-22,train,train,
4120,A428142,K24-049301,2024-08-01,2024-08-22,train,train,
4121,A428145,K24-049304,2024-08-01,2024-09-01,train,train,
4122,A428144,K24-049305,2024-08-01,2024-09-01,train,train,
4123,A389062,K24-049306,2024-08-01,2024-08-10,train,train,
4124,A300568,K24-049307,2024-08-01,2024-08-02,train,train,
4125,A427418,K24-049309,2024-08-01,2024-08-07,train,train,
4126,A428166,K24-049317,2024-08-02,2024-09-02,train,train,
4127,A428167,K24-049318,2024-08-03,2024-09-03,train,train,
4128,A428173,K24-049319,2024-08-03,2024-08-22,train,train,
4129,A428177,K24-049320,2024-08-03,2024-08-31,train,train,
4130,A428178,K24-049321,2024-08-03,2024-08-31,train,train,
4131,A428181,K24-049322,2024-08-04,2024-08-07,train,train,
4132,A428182,K24-049323,2024-08-04,2024-08-06,train,train,
4133,A428189,K24-049324,2024-08-05,2024-08-06,train,train,
4134,A428190,K24-049325,2024-08-05,2024-08-06,train,train,
4135,A428191,K24-049326,2024-08-05,2024-08-06,train,train,
4136,A428192,K24-049327,2024-08-05,2024-08-06,train,train,
4137,A428193,K24-049328,2024-08-05,2024-08-06,train,train,
4138,A428194,K24-049329,2024-08-05,2024-08-06,train,train,
4139,A428195,K24-049330,2024-08-05,2024-08-29,train,train,
4140,A392285,K24-049331,2024-08-05,2024-08-06,train,train,
4141,A428198,K24-049332,2024-08-05,2024-08-23,train,train,
4142,A428199,K24-049333,2024-08-05,2024-08-22,train,train,
4143,A411848,K24-049334,2024-08-05,2024-08-10,train,train,
4144,A428200,K24-049335,2024-08-05,2024-08-10,train,train,
4145,A428202,K24-049336,2024-08-06,2024-08-06,train,train,
4146,A428204,K24-049338,2024-08-06,2024-09-05,train,train,
4147,A428208,K24-049339,2024-08-06,2024-08-06,train,train,
4148,A418385,K24-049340,2024-08-06,2024-08-08,train,train,
4149,A428211,K24-049341,2024-08-06,2024-08-06,train,train,
4150,A428213,K24-049342,2024-08-06,2024-08-07,train,train,
4151,A428217,K24-049343,2024-08-06,2024-08-07,train,train,
4152,A428219,K24-049345,2024-08-06,2024-08-10,train,train,
4153,A420687,K24-049346,2024-08-06,2024-08-16,train,train,
4154,A420688,K24-049347,2024-08-06,2024-08-16,train,train,
4155,A428220,K24-049348,2024-08-07,2024-09-03,train,train,
4156,A428221,K24-049349,2024-08-07,2024-09-03,train,train,
4157,A428223,K24-049351,2024-08-07,2024-09-07,train,train,
4158,A428224,K24-049352,2024-08-07,2024-09-07,train,train,
4159,A428225,K24-049353,2024-08-07,2024-08-20,train,train,
4160,A426042,K24-049355,2024-08-07,2024-09-07,train,train,
4161,A423585,K24-049356,2024-08-07,2024-08-07,train,train,
4162,A428240,K24-049361,2024-08-07,2024-08-22,train,train,
4163,A428242,K24-049362,2024-08-07,2024-09-07,train,train,
4164,A428245,K24-049363,2024-08-07,2024-09-07,train,train,
4165,A426165,K24-049365,2024-08-07,2024-08-10,train,excluded,Training animal also appears in validation or test period
4166,A428248,K24-049366,2024-08-08,2024-08-09,train,train,
4167,A428252,K24-049367,2024-08-08,2024-09-08,train,train,
4168,A427907,K24-049368,2024-08-08,2024-09-08,train,train,
4169,A428258,K24-049370,2024-08-08,2024-08-09,train,train,
4170,A428262,K24-049371,2024-08-08,2024-09-08,train,train,
4171,A428263,K24-049372,2024-08-08,2024-09-08,train,train,
4172,A428271,K24-049373,2024-08-08,2024-08-21,train,train,
4173,A428277,K24-049374,2024-08-09,2024-09-09,train,train,
4174,A428278,K24-049375,2024-08-09,2024-09-09,train,train,
4175,A428279,K24-049376,2024-08-09,2024-09-09,train,train,
4176,A428280,K24-049377,2024-08-09,2024-09-09,train,train,
4177,A428281,K24-049378,2024-08-09,2024-09-09,train,train,
4178,A428282,K24-049379,2024-08-09,2024-09-09,train,train,
4179,A428283,K24-049388,2024-08-09,2024-09-09,train,train,
4180,A428294,K24-049389,2024-08-09,2024-08-10,train,train,
4181,A428295,K24-049390,2024-08-09,2024-09-09,train,train,
4182,A428296,K24-049391,2024-08-09,2024-09-09,train,train,
4183,A428305,K24-049397,2024-08-09,2024-09-09,train,train,
4184,A428306,K24-049398,2024-08-09,2024-09-09,train,train,
4185,A428307,K24-049399,2024-08-09,2024-09-09,train,train,
4186,A428308,K24-049400,2024-08-09,2024-09-09,train,train,
4187,A428309,K24-049401,2024-08-09,2024-09-09,train,train,
4188,A428310,K24-049402,2024-08-09,2024-09-09,train,train,
4189,A428311,K24-049403,2024-08-09,2024-09-09,train,train,
4190,A428304,K24-049404,2024-08-09,2024-09-09,train,train,
4191,A428312,K24-049405,2024-08-09,2024-09-09,train,train,
4192,A428315,K24-049407,2024-08-09,2024-09-09,train,train,
4193,A428316,K24-049408,2024-08-09,2024-09-09,train,train,
4194,A428320,K24-049411,2024-08-09,2024-09-09,train,train,
4195,A428321,K24-049412,2024-08-09,2024-09-09,train,train,
4196,A428318,K24-049409,2024-08-10,2024-08-10,train,train,
4197,A428319,K24-049410,2024-08-10,2024-08-23,train,train,
4198,A428324,K24-049413,2024-08-10,2024-08-10,train,train,
4199,A428328,K24-049414,2024-08-10,2024-08-31,train,train,
4200,A428330,K24-049415,2024-08-10,2024-08-27,train,train,
4201,A428333,K24-049416,2024-08-10,2024-09-10,train,train,
4202,A428340,K24-049418,2024-08-10,2024-08-10,train,train,
4203,A428342,K24-049419,2024-08-10,2024-08-10,train,train,
4204,A428343,K24-049420,2024-08-10,2024-08-22,train,train,
4205,A316732,K24-049421,2024-08-11,2024-08-23,train,train,
4206,A428355,K24-049422,2024-08-11,2024-08-14,train,train,
4207,A428139,K24-049423,2024-08-11,2024-08-16,train,train,
4208,A428356,K24-049424,2024-08-11,2024-08-11,train,train,
4209,A428362,K24-049425,2024-08-12,2024-09-12,train,train,
4210,A428368,K24-049426,2024-08-13,2024-08-13,train,train,
4211,A428376,K24-049427,2024-08-13,2024-09-13,train,train,
4212,A413512,K24-049429,2024-08-13,2024-08-13,train,train,
4213,A428388,K24-049430,2024-08-13,2024-08-14,train,train,
4214,A428389,K24-049431,2024-08-13,2024-08-14,train,train,
4215,A428356,K24-049432,2024-08-13,2024-08-28,train,train,
4216,A428390,K24-049433,2024-08-13,2024-08-23,train,excluded,Training animal also appears in validation or test period
4217,A428391,K24-049434,2024-08-13,2024-08-14,train,train,
4218,A428402,K24-049435,2024-08-13,2024-09-13,train,train,
4219,A428408,K24-049437,2024-08-14,2024-08-17,train,train,
4220,A377351,K24-049438,2024-08-14,2024-08-16,train,train,
4221,A428417,K24-049443,2024-08-14,2024-08-22,train,train,
4222,A428418,K24-049444,2024-08-14,2024-09-05,train,train,
4223,A428419,K24-049445,2024-08-14,2024-09-05,train,train,
4224,A428421,K24-049446,2024-08-14,2024-08-28,train,train,
4225,A428424,K24-049447,2024-08-14,2024-08-14,train,train,
4226,A428429,K24-049448,2024-08-14,2024-09-14,train,train,
4227,A428433,K24-049450,2024-08-15,2024-08-20,train,train,
4228,A428434,K24-049451,2024-08-15,2024-09-03,train,train,
4229,A428436,K24-049452,2024-08-15,2024-08-15,train,train,
4230,A428441,K24-049454,2024-08-15,2024-08-30,train,train,
4231,A428442,K24-049455,2024-08-15,2024-08-30,train,train,
4232,A428443,K24-049456,2024-08-15,2024-08-30,train,train,
4233,A428444,K24-049457,2024-08-15,2024-08-30,train,train,
4234,A428445,K24-049458,2024-08-15,2024-08-30,train,train,
4235,A428446,K24-049459,2024-08-15,2024-08-30,train,train,
4236,A428447,K24-049460,2024-08-15,2024-08-30,train,train,
4237,A428449,K24-049461,2024-08-15,2024-08-16,train,train,
4238,A428448,K24-049462,2024-08-15,2024-08-16,train,train,
4239,A428455,K24-049466,2024-08-15,2024-08-17,train,train,
4240,A428456,K24-049467,2024-08-15,2024-08-27,train,train,
4241,A272013,K24-049468,2024-08-15,2024-08-16,train,train,
4242,A428464,K24-049473,2024-08-15,2024-08-16,train,train,
4243,A428465,K24-049474,2024-08-15,2024-08-16,train,train,
4244,A428471,K24-049477,2024-08-16,2024-08-16,train,train,
4245,A428470,K24-049478,2024-08-16,2024-08-16,train,train,
4246,A428476,K24-049479,2024-08-16,2024-09-16,train,train,
4247,A428477,K24-049480,2024-08-16,2024-09-16,train,train,
4248,A426379,K24-049481,2024-08-16,2024-08-20,train,excluded,Training animal also appears in validation or test period
4249,A428480,K24-049482,2024-08-16,2024-08-24,train,train,
4250,A428496,K24-049483,2024-08-16,2024-09-16,train,train,
4251,A428498,K24-049484,2024-08-16,2024-09-16,train,train,
4252,A428500,K24-049485,2024-08-17,2024-08-28,train,train,
4253,A416327,K24-049487,2024-08-17,2024-08-17,train,train,
4254,A425410,K24-049488,2024-08-17,2024-09-17,train,train,
4255,A428503,K24-049489,2024-08-17,2024-08-17,train,train,
4256,A428505,K24-049491,2024-08-17,2024-09-17,train,train,
4257,A428506,K24-049492,2024-08-17,2024-09-17,train,train,
4258,A428509,K24-049493,2024-08-17,2024-08-23,train,train,
4259,A428513,K24-049494,2024-08-18,2024-09-18,train,train,
4260,A428516,K24-049496,2024-08-19,2024-09-06,train,train,
4261,A428518,K24-049497,2024-08-19,2024-08-20,train,train,
4262,A428520,K24-049498,2024-08-19,2024-08-21,train,train,
4263,A428529,K24-049499,2024-08-20,2024-09-20,train,train,
4264,A428540,K24-049504,2024-08-21,2024-09-12,train,train,
4265,A428541,K24-049505,2024-08-21,2024-09-12,train,train,
4266,A428542,K24-049506,2024-08-21,2024-09-05,train,train,
4267,A428543,K24-049507,2024-08-21,2024-09-05,train,train,
4268,A428544,K24-049508,2024-08-21,2024-09-17,train,train,
4269,A428545,K24-049509,2024-08-21,2024-09-17,train,train,
4270,A428546,K24-049510,2024-08-21,2024-09-05,train,train,
4271,A428547,K24-049511,2024-08-21,2024-09-21,train,train,
4272,A428548,K24-049512,2024-08-21,2024-09-12,train,train,
4273,A428549,K24-049513,2024-08-21,2024-09-12,train,train,
4274,A428550,K24-049514,2024-08-21,2024-09-12,train,train,
4275,A428551,K24-049515,2024-08-21,2024-09-12,train,train,
4276,A428560,K24-049516,2024-08-21,2024-08-27,train,train,
4277,A428561,K24-049517,2024-08-21,2024-09-21,train,train,
4278,A428562,K24-049518,2024-08-21,2024-09-21,train,train,
4279,A384497,K24-049519,2024-08-21,2024-08-21,train,train,
4280,A428572,K24-049521,2024-08-22,2024-08-23,train,train,
4281,A428589,K24-049524,2024-08-22,2024-09-09,train,train,
4282,A428594,K24-049525,2024-08-22,2024-09-22,train,train,
4283,A428598,K24-049526,2024-08-23,2024-09-14,train,train,
4284,A419923,K24-049527,2024-08-23,2024-08-29,train,train,
4285,A419924,K24-049528,2024-08-23,2024-09-06,train,train,
4286,A428600,K24-049529,2024-08-23,2024-09-06,train,train,
4287,A428608,K24-049530,2024-08-23,2024-09-23,train,train,
4288,A428609,K24-049531,2024-08-23,2024-08-27,train,train,
4289,A416327,K24-049533,2024-08-23,2024-09-18,train,train,
4290,A428618,K24-049534,2024-08-23,2024-08-24,train,train,
4291,A428619,K24-049535,2024-08-23,2024-09-03,train,train,
4292,A428620,K24-049536,2024-08-23,2024-08-23,train,train,
4293,A426509,K24-049537,2024-08-23,2024-09-10,train,train,
4294,A428624,K24-049538,2024-08-23,2024-09-23,train,train,
4295,A428625,K24-049539,2024-08-23,2024-09-23,train,train,
4296,A428627,K24-049540,2024-08-23,2024-09-10,train,train,
4297,A428628,K24-049541,2024-08-23,2024-09-23,train,train,
4298,A428629,K24-049542,2024-08-23,2024-09-23,train,train,
4299,A428630,K24-049543,2024-08-23,2024-09-23,train,train,
4300,A428634,K24-049544,2024-08-24,2024-08-24,train,train,
4301,A428635,K24-049545,2024-08-24,2024-08-24,train,train,
4302,A428636,K24-049546,2024-08-24,2024-08-27,train,train,
4303,A428645,K24-049548,2024-08-24,2024-09-17,train,train,
4304,A428647,K24-049550,2024-08-24,2024-08-24,train,train,
4305,A428648,K24-049551,2024-08-24,2024-08-27,train,train,
4306,A428649,K24-049552,2024-08-24,2024-08-27,train,train,
4307,A428650,K24-049553,2024-08-24,2024-08-27,train,train,
4308,A428660,K24-049554,2024-08-25,2024-08-27,train,excluded,Training animal also appears in validation or test period
4309,A428661,K24-049555,2024-08-25,2024-08-27,train,train,
4310,A428662,K24-049556,2024-08-25,2024-09-09,train,train,
4311,A423110,K24-049557,2024-08-26,2024-09-26,train,train,
4312,A428668,K24-049560,2024-08-26,2024-09-26,train,train,
4313,A428669,K24-049561,2024-08-26,2024-09-26,train,train,
4314,A426338,K24-049562,2024-08-26,2024-08-27,train,train,
4315,A428670,K24-049563,2024-08-26,2024-09-26,train,train,
4316,A418385,K24-049564,2024-08-27,2024-08-27,train,train,
4317,A428673,K24-049565,2024-08-27,2024-08-27,train,train,
4318,A428674,K24-049566,2024-08-27,2024-08-27,train,excluded,Training animal also appears in validation or test period
4319,A428675,K24-049567,2024-08-27,2024-08-27,train,train,
4320,A428678,K24-049569,2024-08-27,2024-08-27,train,train,
4321,A351479,K24-049571,2024-08-27,2024-08-27,train,train,
4322,A428691,K24-049573,2024-08-28,2024-09-03,train,train,
4323,A428692,K24-049574,2024-08-28,2024-09-03,train,train,
4324,A428693,K24-049575,2024-08-28,2024-09-03,train,train,
4325,A428694,K24-049576,2024-08-28,2024-09-03,train,train,
4326,A428696,K24-049577,2024-08-28,2024-09-03,train,train,
4327,A428697,K24-049578,2024-08-28,2024-09-03,train,train,
4328,A428698,K24-049579,2024-08-28,2024-09-03,train,train,
4329,A428707,K24-049580,2024-08-28,2024-09-28,train,train,
4330,A428710,K24-049581,2024-08-28,2024-09-28,train,train,
4331,A428712,K24-049582,2024-08-28,2024-09-28,train,train,
4332,A428713,K24-049583,2024-08-28,2024-09-28,train,train,
4333,A428714,K24-049584,2024-08-28,2024-09-28,train,train,
4334,A428717,K24-049585,2024-08-29,2024-09-28,train,train,
4335,A428720,K24-049586,2024-08-29,2024-08-29,train,train,
4336,A428723,K24-049587,2024-08-29,2024-09-29,train,train,
4337,A428724,K24-049588,2024-08-29,2024-09-29,train,train,
4338,A428725,K24-049589,2024-08-29,2024-08-31,train,train,
4339,A426316,K24-049590,2024-08-29,2024-09-17,train,train,
4340,A427269,K24-049591,2024-08-29,2024-09-18,train,train,
4341,A428736,K24-049596,2024-08-30,2024-09-30,train,train,
4342,A428737,K24-049597,2024-08-30,2024-09-25,train,train,
4343,A428738,K24-049598,2024-08-30,2024-09-30,train,train,
4344,A428739,K24-049599,2024-08-30,2024-09-25,train,train,
4345,A428744,K24-049600,2024-08-30,2024-09-03,train,train,
4346,A428745,K24-049602,2024-08-30,2024-09-03,train,train,
4347,A428749,K24-049603,2024-08-30,2024-09-12,train,train,
4348,A428756,K24-049604,2024-08-30,2024-08-31,train,train,
4349,A428760,K24-049605,2024-08-31,2024-09-14,train,train,
4350,A428765,K24-049606,2024-08-31,2024-09-24,train,train,
4351,A428766,K24-049607,2024-08-31,2024-10-01,train,train,
4352,A428771,K24-049608,2024-09-01,2024-10-02,train,train,
4353,A428774,K24-049613,2024-09-03,2024-10-04,train,train,
4354,A428777,K24-049615,2024-09-03,2024-10-04,train,train,
4355,A428778,K24-049616,2024-09-03,2024-10-04,train,train,
4356,A428779,K24-049617,2024-09-03,2024-10-04,train,train,
4357,A428780,K24-049619,2024-09-03,2024-10-04,train,train,
4358,A428781,K24-049620,2024-09-03,2024-10-04,train,train,
4359,A428783,K24-049621,2024-09-03,2024-09-23,train,train,
4360,A428791,K24-049624,2024-09-03,2024-09-06,train,train,
4361,A417750,K24-049625,2024-09-04,2024-09-07,train,excluded,Training animal also appears in validation or test period
4362,A428793,K24-049626,2024-09-04,2024-10-05,train,train,
4363,A428794,K24-049627,2024-09-04,2024-10-05,train,train,
4364,A428795,K24-049628,2024-09-04,2024-09-04,train,train,
4365,A423585,K24-049629,2024-09-04,2024-09-04,train,train,
4366,A428798,K24-049630,2024-09-04,2024-09-20,train,train,
4367,A428800,K24-049632,2024-09-04,2024-09-11,train,train,
4368,A428801,K24-049633,2024-09-04,2024-09-11,train,train,
4369,A428803,K24-049635,2024-09-04,2024-09-23,train,train,
4370,A428804,K24-049636,2024-09-04,2024-09-23,train,train,
4371,A428806,K24-049638,2024-09-04,2024-09-30,train,train,
4372,A428807,K24-049639,2024-09-04,2024-09-19,train,train,
4373,A428808,K24-049640,2024-09-04,2024-09-23,train,train,
4374,A428809,K24-049641,2024-09-04,2024-09-30,train,train,
4375,A428814,K24-049642,2024-09-04,2024-10-05,train,train,
4376,A428820,K24-049643,2024-09-04,2024-09-12,train,train,
4377,A428821,K24-049644,2024-09-04,2024-09-12,train,train,
4378,A428825,K24-049645,2024-09-04,2024-09-07,train,train,
4379,A428826,K24-049646,2024-09-04,2024-09-18,train,train,
4380,A265909,K24-049648,2024-09-05,2024-09-06,train,train,
4381,A428785,K24-049649,2024-09-05,2024-10-06,train,train,
4382,A428834,K24-049651,2024-09-05,2024-10-06,train,train,
4383,A428836,K24-049652,2024-09-05,2024-10-06,train,train,
4384,A428842,K24-049657,2024-09-06,2024-09-25,train,train,
4385,A428843,K24-049658,2024-09-06,2024-09-25,train,train,
4386,A428844,K24-049659,2024-09-06,2024-09-25,train,train,
4387,A428845,K24-049660,2024-09-06,2024-09-25,train,train,
4388,A428846,K24-049661,2024-09-06,2024-09-25,train,train,
4389,A428847,K24-049662,2024-09-06,2024-10-04,train,train,
4390,A428848,K24-049663,2024-09-06,2024-10-07,train,train,
4391,A428849,K24-049664,2024-09-06,2024-10-07,train,train,
4392,A416721,K24-049665,2024-09-06,2024-09-24,train,train,
4393,A428863,K24-049674,2024-09-06,2024-09-10,train,train,
4394,A428433,K24-049676,2024-09-06,2024-09-24,train,train,
4395,A428865,K24-049677,2024-09-07,2024-09-27,train,train,
4396,A428866,K24-049678,2024-09-07,2024-09-27,train,train,
4397,A428867,K24-049679,2024-09-07,2024-09-20,train,train,
4398,A428868,K24-049680,2024-09-07,2024-09-28,train,train,
4399,A428869,K24-049681,2024-09-07,2024-09-28,train,train,
4400,A428870,K24-049682,2024-09-07,2024-09-28,train,train,
4401,A428871,K24-049683,2024-09-07,2024-09-26,train,train,
4402,A428872,K24-049684,2024-09-07,2024-09-28,train,train,
4403,A428873,K24-049685,2024-09-07,2024-09-20,train,train,
4404,A415107,K24-049687,2024-09-07,2024-09-07,train,excluded,Training animal also appears in validation or test period
4405,A424384,K24-049688,2024-09-07,2024-09-07,train,excluded,Training animal also appears in validation or test period
4406,A428877,K24-049689,2024-09-07,2024-09-07,train,train,
4407,A428882,K24-049690,2024-09-07,2024-10-07,train,train,
4408,A428883,K24-049691,2024-09-07,2024-10-07,train,train,
4409,A428884,K24-049692,2024-09-07,2024-09-16,train,train,
4410,A428885,K24-049693,2024-09-07,2024-10-07,train,train,
4411,A428886,K24-049694,2024-09-07,2024-10-07,train,train,
4412,A428888,K24-049695,2024-09-07,2024-10-07,train,train,
4413,A428891,K24-049696,2024-09-07,2024-09-14,train,train,
4414,A428892,K24-049697,2024-09-07,2024-10-08,train,train,
4415,A428893,K24-049698,2024-09-07,2024-09-13,train,train,
4416,A428894,K24-049699,2024-09-07,2024-10-08,train,train,
4417,A428897,K24-049700,2024-09-08,2024-10-09,train,train,
4418,A428899,K24-049701,2024-09-08,2024-10-09,train,train,
4419,A428900,K24-049702,2024-09-08,2024-09-10,train,train,
4420,A428901,K24-049703,2024-09-08,2024-10-09,train,train,
4421,A428902,K24-049704,2024-09-08,2024-10-09,train,train,
4422,A428904,K24-049705,2024-09-09,2024-10-10,train,train,
4423,A428907,K24-049708,2024-09-09,2024-09-10,train,train,
4424,A428908,K24-049709,2024-09-09,2024-09-10,train,train,
4425,A401298,K24-049711,2024-09-10,2024-09-11,train,excluded,Training animal also appears in validation or test period
4426,A428913,K24-049712,2024-09-10,2024-09-11,train,train,
4427,A427840,K24-049713,2024-09-10,2024-09-12,train,train,
4428,A428914,K24-049714,2024-09-10,2024-09-24,train,train,
4429,A428915,K24-049715,2024-09-10,2024-10-11,train,train,
4430,A428916,K24-049716,2024-09-10,2024-10-11,train,train,
4431,A428917,K24-049717,2024-09-10,2024-10-11,train,train,
4432,A428918,K24-049718,2024-09-10,2024-10-11,train,train,
4433,A428919,K24-049719,2024-09-10,2024-10-11,train,train,
4434,A428920,K24-049720,2024-09-10,2024-10-02,train,train,
4435,A428921,K24-049721,2024-09-10,2024-10-11,train,train,
4436,A428922,K24-049722,2024-09-10,2024-10-11,train,train,
4437,A428923,K24-049723,2024-09-10,2024-10-11,train,train,
4438,A428924,K24-049724,2024-09-10,2024-10-09,train,train,
4439,A428925,K24-049725,2024-09-10,2024-10-11,train,train,
4440,A428927,K24-049726,2024-09-10,2024-10-11,train,train,
4441,A428928,K24-049727,2024-09-10,2024-10-11,train,train,
4442,A428929,K24-049729,2024-09-10,2024-09-10,train,train,
4443,A428933,K24-049730,2024-09-10,2024-09-10,train,train,
4444,A428934,K24-049731,2024-09-10,2024-09-10,train,train,
4445,A428937,K24-049733,2024-09-11,2024-09-12,train,train,
4446,A428938,K24-049734,2024-09-11,2024-09-12,train,train,
4447,A428942,K24-049735,2024-09-11,2024-10-04,train,train,
4448,A428945,K24-049736,2024-09-11,2024-10-11,train,train,
4449,A428946,K24-049737,2024-09-11,2024-10-12,train,train,
4450,A428947,K24-049738,2024-09-11,2024-10-12,train,train,
4451,A428948,K24-049739,2024-09-11,2024-10-12,train,train,
4452,A428949,K24-049740,2024-09-11,2024-10-12,train,train,
4453,A428950,K24-049741,2024-09-11,2024-10-12,train,train,
4454,A428952,K24-049742,2024-09-11,2024-10-12,train,train,
4455,A428958,K24-049743,2024-09-11,2024-09-21,train,train,
4456,A428959,K24-049744,2024-09-11,2024-09-21,train,train,
4457,A428960,K24-049745,2024-09-12,2024-09-12,train,train,
4458,A428966,K24-049746,2024-09-12,2024-09-13,train,train,
4459,A428968,K24-049747,2024-09-12,2024-10-13,train,train,
4460,A428969,K24-049748,2024-09-12,2024-09-17,train,train,
4461,A428974,K24-049749,2024-09-12,2024-09-13,train,train,
4462,A425319,K24-049750,2024-09-12,2024-10-12,train,train,
4463,A428977,K24-049752,2024-09-12,2024-09-17,train,train,
4464,A428979,K24-049754,2024-09-12,2024-10-13,train,train,
4465,A428980,K24-049755,2024-09-12,2024-10-13,train,train,
4466,A428981,K24-049756,2024-09-12,2024-10-13,train,train,
4467,A428982,K24-049757,2024-09-12,2024-10-13,train,train,
4468,A428999,K24-049758,2024-09-13,2024-09-13,train,train,
4469,A429000,K24-049759,2024-09-13,2024-09-13,train,train,
4470,A429003,K24-049760,2024-09-13,2024-10-14,train,train,
4471,A429006,K24-049761,2024-09-13,2024-09-27,train,train,
4472,A429008,K24-049762,2024-09-13,2024-10-14,train,train,
4473,A429010,K24-049764,2024-09-13,2024-09-17,train,train,
4474,A429013,K24-049765,2024-09-14,2024-10-15,train,train,
4475,A429019,K24-049766,2024-09-14,2024-09-19,train,train,
4476,A429021,K24-049767,2024-09-14,2024-10-15,train,train,
4477,A429022,K24-049768,2024-09-14,2024-10-15,train,train,
4478,A427445,K24-049769,2024-09-14,2024-09-17,train,train,
4479,A429035,K24-049770,2024-09-14,2024-09-17,train,train,
4480,A429037,K24-049771,2024-09-15,2024-10-07,train,train,
4481,A429038,K24-049772,2024-09-15,2024-09-25,train,train,
4482,A429041,K24-049774,2024-09-16,2024-09-17,train,train,
4483,A429042,K24-049775,2024-09-16,2024-09-30,train,train,
4484,A429043,K24-049776,2024-09-16,2024-10-17,train,train,
4485,A429048,K24-049779,2024-09-16,2024-09-17,train,train,
4486,A430322,K24-049780,2024-09-16,2024-09-17,train,train,
4487,A430323,K24-049781,2024-09-16,2024-09-17,train,train,
4488,A429051,K24-049782,2024-09-16,2024-09-24,train,train,
4489,A429054,K24-049783,2024-09-17,2024-10-18,train,train,
4490,A313524,K24-049785,2024-09-17,2024-09-19,train,train,
4493,A429066,K24-049790,2024-09-17,2024-09-17,train,train,
4494,A429068,K24-049793,2024-09-17,2024-09-17,train,train,
4495,A429071,K24-049794,2024-09-17,2024-09-17,train,train,
4496,A429072,K24-049795,2024-09-17,2024-09-17,train,train,
4497,A429063,K24-049796,2024-09-17,2024-09-17,train,train,
4498,A429073,K24-049797,2024-09-17,2024-09-17,train,train,
4499,A428493,K24-049798,2024-09-17,2024-09-17,train,train,
4500,A429074,K24-049799,2024-09-17,2024-10-12,train,train,
4501,A415398,K24-049778,2024-09-18,2024-10-17,train,train,
4502,A429076,K24-049800,2024-09-18,2024-10-19,train,train,
4503,A424401,K24-049801,2024-09-18,2024-09-19,train,train,
4504,A424402,K24-049802,2024-09-18,2024-09-19,train,train,
4505,A429081,K24-049803,2024-09-18,2024-10-19,train,train,
4506,A429090,K24-049805,2024-09-18,2024-10-19,train,train,
4507,A429095,K24-049806,2024-09-19,2024-09-19,train,train,
4508,A429098,K24-049809,2024-09-19,2024-10-03,train,train,
4509,A429099,K24-049810,2024-09-19,2024-10-03,train,train,
4510,A429100,K24-049811,2024-09-19,2024-09-28,train,train,
4511,A429101,K24-049812,2024-09-19,2024-10-03,train,train,
4512,A429102,K24-049813,2024-09-19,2024-09-19,train,train,
4513,A309442,K24-049814,2024-09-19,2024-09-19,train,train,
4514,A401231,K24-049815,2024-09-19,2024-09-19,train,train,
4515,A429111,K24-049817,2024-09-19,2024-10-20,train,train,
4516,A429113,K24-049818,2024-09-19,2024-10-10,train,train,
4517,A429114,K24-049819,2024-09-19,2024-10-20,train,train,
4518,A429115,K24-049820,2024-09-19,2024-10-20,train,train,
4519,A429116,K24-049821,2024-09-19,2024-10-17,train,train,
4520,A357087,K24-049822,2024-09-19,2024-09-24,train,train,
4521,A429122,K24-049823,2024-09-19,2024-10-09,train,train,
4522,A429123,K24-049824,2024-09-19,2024-10-19,train,train,
4523,A429131,K24-049825,2024-09-20,2024-10-21,train,train,
4524,A429139,K24-049826,2024-09-20,2024-09-25,train,train,
4525,A429141,K24-049827,2024-09-20,2024-10-21,train,train,
4526,A429142,K24-049828,2024-09-20,2024-10-21,train,train,
4527,A429143,K24-049829,2024-09-20,2024-10-21,train,train,
4528,A429144,K24-049830,2024-09-20,2024-10-21,train,train,
4529,A429145,K24-049831,2024-09-20,2024-10-21,train,train,
4530,A429147,K24-049832,2024-09-20,2024-10-21,train,train,
4531,A429148,K24-049833,2024-09-20,2024-10-21,train,train,
4532,A429149,K24-049834,2024-09-20,2024-10-21,train,train,
4533,A429150,K24-049835,2024-09-20,2024-10-21,train,train,
4534,A429151,K24-049836,2024-09-20,2024-10-21,train,train,
4535,A429152,K24-049837,2024-09-20,2024-10-21,train,train,
4536,A429156,K24-049838,2024-09-20,2024-10-04,train,train,
4537,A427039,K24-049839,2024-09-20,2024-10-04,train,train,
4538,A427902,K24-049840,2024-09-21,2024-09-21,train,train,
4539,A427903,K24-049841,2024-09-21,2024-09-21,train,train,
4540,A429172,K24-049842,2024-09-21,2024-10-09,train,train,
4541,A429174,K24-049843,2024-09-21,2024-09-24,train,train,
4542,A429175,K24-049844,2024-09-21,2024-09-26,train,train,
4543,A429176,K24-049845,2024-09-21,2024-09-24,train,train,
4544,A429177,K24-049846,2024-09-21,2024-09-21,train,train,
4545,A429180,K24-049847,2024-09-21,2024-10-22,train,train,
4546,A401525,K24-049848,2024-09-21,2024-10-05,train,train,
4547,A429186,K24-049851,2024-09-22,2024-09-24,train,train,
4548,A429187,K24-049852,2024-09-22,2024-10-07,train,train,
4549,A429188,K24-049853,2024-09-22,2024-10-04,train,train,
4550,A429189,K24-049854,2024-09-22,2024-09-26,train,train,
4551,A429190,K24-049855,2024-09-23,2024-10-09,train,train,
4552,A429191,K24-049856,2024-09-23,2024-10-24,train,train,
4553,A429194,K24-049857,2024-09-24,2024-09-24,train,train,
4554,A429195,K24-049858,2024-09-24,2024-09-24,train,train,
4555,A429197,K24-049859,2024-09-24,2024-10-25,train,train,
4556,A429198,K24-049860,2024-09-24,2024-09-24,train,train,
4557,A388589,K24-049862,2024-09-24,2024-09-25,train,train,
4558,A429206,K24-049864,2024-09-24,2024-10-12,train,train,
4559,A429208,K24-049865,2024-09-24,2024-10-25,train,train,
4560,A429217,K24-049866,2024-09-25,2024-10-04,train,train,
4561,A429219,K24-049867,2024-09-25,2024-10-26,train,train,
4562,A429220,K24-049868,2024-09-25,2024-10-26,train,train,
4563,A429221,K24-049869,2024-09-25,2024-10-26,train,train,
4564,A429222,K24-049870,2024-09-25,2024-10-26,train,train,
4565,A429223,K24-049871,2024-09-25,2024-10-26,train,train,
4566,A429224,K24-049872,2024-09-25,2024-10-26,train,train,
4567,A429225,K24-049873,2024-09-25,2024-10-26,train,train,
4568,A429227,K24-049874,2024-09-25,2024-10-26,train,train,
4569,A429228,K24-049875,2024-09-25,2024-10-26,train,train,
4570,A429229,K24-049876,2024-09-25,2024-10-26,train,train,
4571,A429230,K24-049877,2024-09-25,2024-10-04,train,train,
4572,A429231,K24-049878,2024-09-25,2024-10-26,train,train,
4573,A429232,K24-049879,2024-09-25,2024-10-04,train,train,
4574,A429233,K24-049880,2024-09-25,2024-10-04,train,train,
4575,A429236,K24-049881,2024-09-25,2024-10-24,train,train,
4576,A429237,K24-049882,2024-09-25,2024-09-25,train,train,
4577,A429238,K24-049883,2024-09-25,2024-10-26,train,train,
4578,A429239,K24-049884,2024-09-25,2024-10-26,train,train,
4579,A429240,K24-049885,2024-09-25,2024-10-12,train,train,
4580,A429241,K24-049886,2024-09-25,2024-10-12,train,train,
4581,A429242,K24-049887,2024-09-25,2024-10-15,train,train,
4582,A429243,K24-049888,2024-09-25,2024-10-26,train,train,
4583,A429244,K24-049889,2024-09-25,2024-10-26,train,train,
4584,A429245,K24-049890,2024-09-25,2024-10-12,train,train,
4585,A429255,K24-049893,2024-09-26,2024-09-27,train,train,
4586,A429256,K24-049894,2024-09-26,2024-09-27,train,train,
4587,A429257,K24-049895,2024-09-26,2024-09-27,train,train,
4588,A429258,K24-049896,2024-09-26,2024-09-27,train,train,
4589,A429264,K24-049897,2024-09-26,2024-10-27,train,train,
4590,A429263,K24-049898,2024-09-26,2024-10-08,train,train,
4591,A429277,K24-049903,2024-09-26,2024-10-27,train,train,
4592,A429278,K24-049904,2024-09-26,2024-10-27,train,train,
4593,A429279,K24-049905,2024-09-26,2024-10-27,train,train,
4594,A429280,K24-049906,2024-09-26,2024-10-27,train,train,
4595,A429281,K24-049907,2024-09-26,2024-10-27,train,train,
4596,A429282,K24-049908,2024-09-26,2024-10-27,train,train,
4597,A429283,K24-049909,2024-09-26,2024-10-01,train,train,
4598,A429284,K24-049910,2024-09-26,2024-10-01,train,train,
4599,A429286,K24-049911,2024-09-26,2024-10-08,train,train,
4600,A429302,K24-049915,2024-09-27,2024-10-28,train,train,
4601,A429303,K24-049916,2024-09-27,2024-10-27,train,train,
4602,A260515,K24-049919,2024-09-27,2024-09-28,train,train,
4603,A429327,K24-049924,2024-09-28,2024-09-28,train,train,
4604,A429348,K24-049927,2024-09-28,2024-09-28,train,train,
4605,A428624,K24-049928,2024-09-28,2024-10-02,train,train,
4606,A429358,K24-049929,2024-09-29,2024-10-12,train,train,
4607,A429360,K24-049930,2024-09-30,2024-10-04,train,train,
4608,A429361,K24-049931,2024-09-30,2024-10-08,train,train,
4609,A413248,K24-049934,2024-10-01,2024-10-04,train,train,
4610,A429365,K24-049935,2024-10-01,2024-11-01,train,train,
4611,A429366,K24-049936,2024-10-01,2024-11-01,train,train,
4612,A429367,K24-049937,2024-10-01,2024-10-01,train,train,
4613,A429377,K24-049943,2024-10-01,2024-10-02,train,train,
4614,A428145,K24-049944,2024-10-01,2024-10-12,train,train,
4615,A429379,K24-049945,2024-10-01,2024-11-01,train,train,
4616,A429380,K24-049946,2024-10-01,2024-11-01,train,train,
4617,A429381,K24-049947,2024-10-01,2024-10-25,train,train,
4618,A429382,K24-049948,2024-10-01,2024-10-22,train,train,
4619,A429383,K24-049949,2024-10-01,2024-10-17,train,train,
4620,A415107,K24-049950,2024-10-01,2024-10-02,train,excluded,Training animal also appears in validation or test period
4621,A349475,K24-049954,2024-10-02,2024-10-27,train,train,
4622,A429432,K24-049955,2024-10-03,2024-10-18,train,train,
4623,A429433,K24-049956,2024-10-03,2024-10-18,train,train,
4624,A408612,K24-049962,2024-10-03,2024-10-09,train,excluded,Training animal also appears in validation or test period
4625,A429458,K24-049963,2024-10-03,2024-10-03,train,train,
4626,A429461,K24-049964,2024-10-04,2024-10-04,train,train,
4627,A429462,K24-049965,2024-10-04,2024-10-05,train,excluded,Training animal also appears in validation or test period
4628,A429469,K24-049966,2024-10-04,2024-10-16,train,train,
4629,A429472,K24-049967,2024-10-04,2024-10-05,train,train,
4630,A429473,K24-049968,2024-10-04,2024-11-04,train,train,
4631,A429475,K24-049969,2024-10-04,2024-11-04,train,train,
4632,A429476,K24-049970,2024-10-04,2024-11-04,train,train,
4633,A429478,K24-049971,2024-10-04,2024-11-04,train,train,
4634,A429479,K24-049972,2024-10-04,2024-10-04,train,train,
4635,A429500,K24-049975,2024-10-05,2024-11-05,train,train,
4636,A429502,K24-049976,2024-10-05,2024-11-05,train,train,
4637,A429504,K24-049977,2024-10-05,2024-10-05,train,train,
4638,A429506,K24-049978,2024-10-05,2024-11-05,train,train,
4639,A429507,K24-049979,2024-10-05,2024-10-23,train,train,
4640,A429517,K24-049980,2024-10-06,2024-10-16,train,train,
4641,A429518,K24-049981,2024-10-06,2024-11-06,train,train,
4642,A426713,K24-049982,2024-10-06,2024-10-09,train,train,
4643,A429521,K24-049983,2024-10-07,2024-11-07,train,train,
4644,A429523,K24-049984,2024-10-07,2024-11-07,train,train,
4645,A415166,K24-049985,2024-10-07,2024-10-08,train,train,
4646,A429525,K24-049986,2024-10-07,2024-10-08,train,train,
4647,A429526,K24-049987,2024-10-07,2024-10-08,train,train,
4648,A429527,K24-049988,2024-10-07,2024-11-07,train,train,
4649,A429531,K24-049989,2024-10-07,2024-10-08,train,excluded,Training animal also appears in validation or test period
4650,A338074,K24-049990,2024-10-08,2024-10-08,train,train,
4651,A429539,K24-049991,2024-10-08,2024-10-08,train,train,
4652,A429542,K24-049992,2024-10-08,2024-11-08,train,train,
4653,A429543,K24-049993,2024-10-08,2024-11-07,train,train,
4654,A429544,K24-049994,2024-10-08,2024-10-25,train,train,
4655,A429545,K24-049995,2024-10-08,2024-10-17,train,train,
4656,A429548,K24-049996,2024-10-08,2024-11-08,train,train,
4657,A429550,K24-049998,2024-10-08,2024-11-08,train,train,
4658,A429551,K24-049999,2024-10-08,2024-11-08,train,train,
4659,A429554,K24-050000,2024-10-08,2024-10-31,train,train,
4660,A415107,K24-050001,2024-10-09,2024-10-09,train,excluded,Training animal also appears in validation or test period
4661,A424384,K24-050002,2024-10-09,2024-10-09,train,excluded,Training animal also appears in validation or test period
4662,A429561,K24-050004,2024-10-09,2024-10-09,train,train,
4663,A429562,K24-050005,2024-10-09,2024-10-30,train,train,
4664,A429564,K24-050006,2024-10-09,2024-11-09,train,train,
4665,A429565,K24-050007,2024-10-09,2024-11-09,train,train,
4666,A429567,K24-050008,2024-10-09,2024-10-19,train,train,
4667,A429569,K24-050009,2024-10-09,2024-10-18,train,train,
4668,A429597,K24-050026,2024-10-10,2024-11-10,train,train,
4669,A429599,K24-050027,2024-10-10,2024-10-11,train,train,
4670,A330686,K24-050028,2024-10-10,2024-10-30,train,train,
4671,A425706,K24-050030,2024-10-11,2024-10-22,train,train,
4672,A338074,K24-050031,2024-10-11,2024-10-11,train,train,
4673,A429630,K24-050033,2024-10-11,2024-10-12,train,train,
4674,A429631,K24-050034,2024-10-11,2024-10-12,train,train,
4675,A429632,K24-050035,2024-10-11,2024-10-24,train,train,
4676,A429634,K24-050036,2024-10-11,2024-10-12,train,train,
4677,A429633,K24-050037,2024-10-11,2024-11-11,train,train,
4678,A429635,K24-050038,2024-10-12,2024-10-15,train,train,
4679,A429637,K24-050039,2024-10-12,2024-11-12,train,train,
4680,A338074,K24-050040,2024-10-12,2024-10-12,train,train,
4681,A429646,K24-050041,2024-10-12,2024-11-12,train,train,
4682,A429651,K24-050042,2024-10-12,2024-11-12,train,train,
4683,A429652,K24-050043,2024-10-12,2024-11-12,train,train,
4684,A429653,K24-050044,2024-10-12,2024-11-12,train,train,
4685,A429655,K24-050045,2024-10-12,2024-10-12,train,train,
4686,A429656,K24-050046,2024-10-12,2024-10-23,train,train,
4687,A429657,K24-050047,2024-10-12,2024-10-25,train,train,
4688,A429658,K24-050048,2024-10-12,2024-10-15,train,excluded,Training animal also appears in validation or test period
4689,A429664,K24-050049,2024-10-12,2024-10-14,train,train,
4690,A429666,K24-050051,2024-10-14,2024-10-15,train,train,
4691,A429667,K24-050052,2024-10-14,2024-11-14,train,train,
4692,A429670,K24-050053,2024-10-14,2024-11-14,train,train,
4693,A428145,K24-050056,2024-10-15,2024-10-22,train,train,
4694,A429677,K24-050057,2024-10-15,2024-11-15,train,train,
4695,A429678,K24-050058,2024-10-15,2024-11-15,train,train,
4696,A429679,K24-050059,2024-10-15,2024-10-22,train,train,
4697,A429680,K24-050060,2024-10-15,2024-10-29,train,train,
4698,A429681,K24-050061,2024-10-15,2024-11-15,train,train,
4699,A418235,K24-050062,2024-10-15,2024-10-16,train,train,
4700,A429683,K24-050063,2024-10-15,2024-10-15,train,train,
4701,A429685,K24-050064,2024-10-15,2024-11-15,train,train,
4702,A429686,K24-050065,2024-10-15,2024-11-13,train,train,
4703,A429687,K24-050066,2024-10-15,2024-11-12,train,train,
4704,A415649,K24-050067,2024-10-15,2024-10-29,train,train,
4705,A429690,K24-050068,2024-10-15,2024-10-29,train,train,
4706,A427418,K24-050069,2024-10-15,2024-10-16,train,train,
4707,A402932,K24-050070,2024-10-15,2024-10-17,train,train,
4708,A419866,K24-050071,2024-10-15,2024-10-24,train,train,
4709,A429694,K24-050074,2024-10-16,2024-11-16,train,train,
4710,A429697,K24-050075,2024-10-16,2024-11-16,train,train,
4711,A429696,K24-050076,2024-10-16,2024-11-16,train,train,
4712,A429695,K24-050077,2024-10-16,2024-11-16,train,train,
4713,A429698,K24-050078,2024-10-16,2024-10-29,train,train,
4714,A429699,K24-050079,2024-10-16,2024-11-16,train,train,
4715,A429702,K24-050081,2024-10-16,2024-10-27,train,train,
4716,A429705,K24-050082,2024-10-17,2024-11-16,train,train,
4717,A429706,K24-050083,2024-10-17,2024-11-17,train,train,
4718,A429707,K24-050084,2024-10-17,2024-11-17,train,train,
4719,A420185,K24-050085,2024-10-17,2024-10-31,train,train,
4720,A420184,K24-050086,2024-10-17,2024-10-31,train,train,
4721,A429712,K24-050087,2024-10-17,2024-10-17,train,train,
4722,A429715,K24-050089,2024-10-17,2024-11-08,train,train,
4723,A426165,K24-050090,2024-10-17,2024-10-29,train,excluded,Training animal also appears in validation or test period
4724,A429717,K24-050091,2024-10-17,2024-11-17,train,train,
4725,A429718,K24-050092,2024-10-17,2024-11-17,train,train,
4726,A429719,K24-050093,2024-10-17,2024-10-18,train,excluded,Training animal also appears in validation or test period
4727,A427418,K24-050101,2024-10-17,2024-10-29,train,train,
4728,A429730,K24-050102,2024-10-18,2024-11-01,train,train,
4729,A429487,K24-050103,2024-10-18,2024-10-31,train,train,
4730,A429732,K24-050104,2024-10-18,2024-11-18,train,train,
4731,A429733,K24-050105,2024-10-18,2024-10-30,train,train,
4732,A429734,K24-050106,2024-10-18,2024-11-18,train,train,
4733,A429735,K24-050107,2024-10-18,2024-11-03,train,train,
4734,A429736,K24-050108,2024-10-18,2024-11-18,train,train,
4735,A429737,K24-050109,2024-10-18,2024-11-18,train,train,
4736,A429738,K24-050110,2024-10-18,2024-10-22,train,train,
4737,A429740,K24-050111,2024-10-18,2024-10-18,train,train,
4738,A429741,K24-050112,2024-10-19,2024-10-19,train,train,
4739,A429742,K24-050113,2024-10-19,2024-11-06,train,train,
4740,A429743,K24-050114,2024-10-19,2024-11-19,train,train,
4741,A429744,K24-050115,2024-10-19,2024-10-19,train,train,
4742,A429745,K24-050116,2024-10-19,2024-11-01,train,train,
4743,A429748,K24-050117,2024-10-19,2024-10-22,train,train,
4744,A429432,K24-050118,2024-10-19,2024-11-01,train,train,
4745,A429433,K24-050119,2024-10-19,2024-11-01,train,train,
4746,A429754,K24-050121,2024-10-19,2024-10-19,train,train,
4747,A429755,K24-050122,2024-10-19,2024-10-19,train,train,
4748,A429756,K24-050123,2024-10-19,2024-10-22,train,train,
4749,A403893,K24-050124,2024-10-19,2024-10-19,train,train,
4750,A429757,K24-050125,2024-10-19,2024-10-22,train,train,
4751,A430141,K24-050126,2024-10-20,2024-10-20,train,train,
4752,A429763,K24-050127,2024-10-21,2024-11-21,train,train,
4753,A429768,K24-050128,2024-10-21,2024-11-08,train,train,
4754,A411445,K24-050130,2024-10-21,2024-11-06,train,train,
4755,A429773,K24-050131,2024-10-21,2024-11-21,train,train,
4756,A429774,K24-050132,2024-10-21,2024-11-21,train,train,
4757,A429775,K24-050133,2024-10-21,2024-11-21,train,train,
4758,A429784,K24-050135,2024-10-22,2024-10-22,train,train,
4759,A428670,K24-050136,2024-10-22,2024-10-24,train,train,
4760,A429788,K24-050138,2024-10-22,2024-11-22,train,train,
4761,A429789,K24-050139,2024-10-22,2024-11-22,train,train,
4762,A429791,K24-050140,2024-10-22,2024-11-22,train,train,
4763,A429795,K24-050141,2024-10-22,2024-11-22,train,train,
4764,A429796,K24-050142,2024-10-23,2024-11-13,train,train,
4765,A429799,K24-050143,2024-10-23,2024-11-23,train,train,
4766,A316221,K24-050144,2024-10-23,2024-10-31,train,train,
4767,A429800,K24-050145,2024-10-23,2024-10-23,train,train,
4768,A267440,K24-050147,2024-10-23,2024-10-25,train,train,
4769,A429807,K24-050148,2024-10-23,2024-10-24,train,train,
4770,A429808,K24-050149,2024-10-23,2024-10-24,train,train,
4771,A429809,K24-050150,2024-10-24,2024-10-26,train,train,
4772,A429810,K24-050151,2024-10-24,2024-11-07,train,train,
4773,A429811,K24-050152,2024-10-24,2024-11-06,train,train,
4774,A429812,K24-050153,2024-10-24,2024-11-07,train,train,
4775,A429813,K24-050154,2024-10-24,2024-11-07,train,train,
4776,A429814,K24-050155,2024-10-24,2024-10-27,train,train,
4777,A429815,K24-050156,2024-10-24,2024-11-06,train,train,
4778,A429816,K24-050157,2024-10-24,2024-11-07,train,train,
4779,A429817,K24-050158,2024-10-24,2024-11-07,train,train,
4780,A429818,K24-050159,2024-10-24,2024-11-07,train,train,
4781,A429819,K24-050160,2024-10-24,2024-11-07,train,train,
4782,A429823,K24-050162,2024-10-24,2024-11-07,train,train,
4783,A429779,K24-050163,2024-10-24,2024-11-01,train,train,
4784,A429826,K24-050164,2024-10-24,2024-11-24,train,train,
4785,A429827,K24-050165,2024-10-24,2024-11-24,train,train,
4786,A429846,K24-050173,2024-10-24,2024-11-07,train,train,
4787,A429829,K24-050166,2024-10-25,2024-10-25,train,train,
4788,A429834,K24-050168,2024-10-25,2024-11-07,train,train,
4789,A429840,K24-050170,2024-10-25,2024-10-26,train,train,
4790,A429841,K24-050171,2024-10-25,2024-10-26,train,train,
4791,A429844,K24-050172,2024-10-26,2024-10-29,train,train,
4792,A405090,K24-050174,2024-10-26,2024-10-29,train,train,
4793,A429851,K24-050175,2024-10-26,2024-10-29,train,train,
4794,A429856,K24-050176,2024-10-27,2024-11-01,train,train,
4795,A429857,K24-050177,2024-10-27,2024-11-12,train,train,
4796,A429859,K24-050178,2024-10-27,2024-11-01,train,train,
4797,A429860,K24-050179,2024-10-27,2024-11-27,train,train,
4798,A429863,K24-050180,2024-10-29,2024-11-01,train,train,
4799,A429864,K24-050181,2024-10-29,2024-10-29,train,train,
4800,A429866,K24-050182,2024-10-29,2024-11-02,train,train,
4801,A406825,K24-050183,2024-10-29,2024-10-30,train,train,
4802,A429868,K24-050184,2024-10-29,2024-11-07,train,train,
4803,A429869,K24-050185,2024-10-29,2024-11-12,train,train,
4804,A429871,K24-050187,2024-10-29,2024-10-31,train,train,
4805,A429873,K24-050188,2024-10-30,2024-11-30,train,train,
4806,A429874,K24-050189,2024-10-30,2024-11-30,train,train,
4807,A415107,K24-050190,2024-10-30,2024-10-30,train,excluded,Training animal also appears in validation or test period
4808,A429877,K24-050191,2024-10-30,2024-11-01,train,train,
4809,A429879,K24-050192,2024-10-30,2024-11-30,train,train,
4810,A429880,K24-050193,2024-10-30,2024-11-30,train,train,
4811,A429881,K24-050194,2024-10-30,2024-11-30,train,train,
4812,A429882,K24-050195,2024-10-30,2024-11-30,train,train,
4813,A386113,K24-050197,2024-10-30,2024-11-18,train,train,
4814,A410622,K24-050198,2024-10-30,2024-10-30,train,train,
4815,A429896,K24-050199,2024-10-31,2024-11-07,train,train,
4816,A429907,K24-050200,2024-10-31,2024-12-01,train,train,
4817,A429914,K24-050201,2024-10-31,2024-11-06,train,train,
4818,A429916,K24-050204,2024-11-01,2024-11-14,train,train,
4819,A420346,K24-050208,2024-11-01,2024-11-20,train,train,
4820,A429924,K24-050209,2024-11-01,2024-11-12,train,train,
4821,A429925,K24-050210,2024-11-01,2024-11-12,train,train,
4822,A429926,K24-050211,2024-11-01,2024-12-02,train,train,
4823,A429927,K24-050212,2024-11-01,2024-12-02,train,train,
4824,A429928,K24-050213,2024-11-01,2024-12-02,train,train,
4825,A429933,K24-050217,2024-11-01,2024-11-02,train,train,
4826,A429934,K24-050218,2024-11-01,2024-11-13,train,train,
4827,A429936,K24-050219,2024-11-01,2024-12-02,train,train,
4828,A429937,K24-050220,2024-11-01,2024-12-02,train,train,
4829,A429938,K24-050221,2024-11-01,2024-12-02,train,train,
4830,A429939,K24-050222,2024-11-01,2024-12-02,train,train,
4831,A429940,K24-050223,2024-11-01,2024-12-02,train,train,
4832,A429941,K24-050224,2024-11-01,2024-11-21,train,train,
4833,A429942,K24-050225,2024-11-01,2024-11-21,train,train,
4834,A429284,K24-050226,2024-11-02,2024-11-02,train,train,
4835,A429283,K24-050227,2024-11-02,2024-11-02,train,train,
4836,A414381,K24-050228,2024-11-02,2024-11-06,train,train,
4837,A429945,K24-050229,2024-11-02,2024-11-02,train,train,
4838,A429946,K24-050230,2024-11-02,2024-11-02,train,train,
4839,A429953,K24-050231,2024-11-02,2024-11-30,train,train,
4840,A429956,K24-050232,2024-11-02,2024-12-03,train,train,
4841,A429957,K24-050233,2024-11-02,2024-11-02,train,train,
4842,A429958,K24-050234,2024-11-02,2024-11-02,train,train,
4843,A429959,K24-050235,2024-11-02,2024-11-02,train,train,
4844,A419923,K24-050236,2024-11-02,2024-11-05,train,train,
4845,A419924,K24-050237,2024-11-02,2024-11-05,train,train,
4846,A429967,K24-050238,2024-11-03,2024-11-05,train,train,
4847,A429970,K24-050239,2024-11-03,2024-11-03,train,train,
4848,A429283,K24-050241,2024-11-04,2024-11-05,train,train,
4849,A429284,K24-050242,2024-11-04,2024-11-05,train,train,
4850,A429974,K24-050243,2024-11-04,2024-12-05,train,train,
4851,A429975,K24-050244,2024-11-04,2024-12-05,train,train,
4852,A429390,K24-050245,2024-11-04,2024-11-04,train,train,
4853,A411602,K24-050246,2024-11-04,2024-11-05,train,train,
4854,A429977,K24-050247,2024-11-04,2024-11-05,train,train,
4855,A429978,K24-050248,2024-11-05,2024-11-05,train,train,
4856,A429979,K24-050249,2024-11-05,2024-12-06,train,train,
4857,A429980,K24-050250,2024-11-05,2024-12-06,train,train,
4858,A426655,K24-050251,2024-11-05,2024-11-14,train,excluded,Training animal also appears in validation or test period
4859,A426831,K24-050253,2024-11-06,2024-11-12,train,train,
4860,A429988,K24-050254,2024-11-06,2024-11-06,train,train,
4861,A373932,K24-050255,2024-11-06,2024-11-07,train,train,
4862,A429991,K24-050256,2024-11-06,2024-12-07,train,train,
4863,A429989,K24-050257,2024-11-06,2024-11-06,train,train,
4864,A430009,K24-050258,2024-11-06,2024-12-07,train,train,
4865,A384890,K24-050260,2024-11-06,2024-11-07,train,train,
4866,A430011,K24-050261,2024-11-06,2024-11-09,train,train,
4867,A429720,K24-050094,2024-11-07,2024-12-08,train,train,
4868,A429721,K24-050095,2024-11-07,2024-12-08,train,train,
4869,A429722,K24-050096,2024-11-07,2024-12-08,train,train,
4870,A429723,K24-050097,2024-11-07,2024-12-08,train,train,
4871,A429724,K24-050098,2024-11-07,2024-12-08,train,train,
4872,A429725,K24-050099,2024-11-07,2024-12-08,train,train,
4873,A429726,K24-050100,2024-11-07,2024-12-08,train,train,
4874,A430021,K24-050263,2024-11-07,2024-12-08,train,train,
4875,A430060,K24-050295,2024-11-07,2024-11-27,train,excluded,Training animal also appears in validation or test period
4876,A430061,K24-050296,2024-11-07,2024-12-08,train,train,
4877,A430066,K24-050297,2024-11-07,2024-12-08,train,train,
4878,A430074,K24-050298,2024-11-07,2024-11-09,train,train,
4879,A430073,K24-050299,2024-11-07,2024-11-09,train,train,
4880,A430078,K24-050301,2024-11-08,2024-11-08,train,train,
4881,A430082,K24-050304,2024-11-08,2024-11-23,train,train,
4882,A426338,K24-050307,2024-11-09,2024-11-13,train,train,
4883,A430098,K24-050308,2024-11-09,2024-12-10,train,train,
4884,A430102,K24-050309,2024-11-09,2024-11-09,train,train,
4885,A430104,K24-050310,2024-11-09,2024-11-12,train,train,
4886,A430103,K24-050311,2024-11-09,2024-12-10,train,train,
4887,A426246,K24-050312,2024-11-10,2024-11-14,train,train,
4888,A430114,K24-050313,2024-11-10,2024-12-05,train,train,
4889,A430115,K24-050314,2024-11-10,2024-12-04,train,train,
4890,A443233,K24-050316,2024-11-12,2024-11-19,train,excluded,Training animal also appears in validation or test period
4891,A430128,K24-050317,2024-11-12,2024-11-14,train,train,
4892,A430130,K24-050318,2024-11-12,2024-11-12,train,train,
4893,A430132,K24-050320,2024-11-12,2024-12-13,train,train,
4894,A430133,K24-050321,2024-11-12,2024-11-27,train,train,
4895,A430135,K24-050323,2024-11-12,2024-12-13,train,train,
4896,A430138,K24-050324,2024-11-12,2024-12-13,train,train,
4897,A430139,K24-050325,2024-11-12,2024-11-13,train,train,
4898,A424982,K24-050326,2024-11-13,2024-12-06,train,train,
4899,A424981,K24-050327,2024-11-13,2024-12-10,train,train,
4900,A430142,K24-050328,2024-11-13,2024-12-14,train,train,
4901,A430143,K24-050329,2024-11-13,2024-12-14,train,train,
4902,A430150,K24-050331,2024-11-13,2024-11-23,train,train,
4903,A430151,K24-050332,2024-11-13,2024-11-14,train,train,
4904,A430153,K24-050334,2024-11-13,2024-12-12,train,train,
4905,A430157,K24-050336,2024-11-13,2024-11-19,train,train,
4906,A430163,K24-050337,2024-11-14,2024-12-15,train,train,
4907,A430165,K24-050338,2024-11-14,2024-12-10,train,train,
4908,A429877,K24-050339,2024-11-14,2024-11-15,train,train,
4909,A425494,K24-050340,2024-11-15,2024-11-16,train,train,
4910,A423715,K24-050341,2024-11-15,2024-12-11,train,train,
4911,A401746,K24-050342,2024-11-15,2024-11-27,train,train,
4912,A395733,K24-050343,2024-11-15,2024-12-07,train,train,
4913,A427711,K24-050345,2024-11-15,2024-11-15,train,train,
4914,A430180,K24-050346,2024-11-15,2024-12-10,train,train,
4915,A386437,K24-050347,2024-11-15,2024-11-15,train,train,
4916,A430184,K24-050349,2024-11-15,2024-12-16,train,train,
4917,A427418,K24-050350,2024-11-16,2024-11-20,train,train,
4918,A430191,K24-050351,2024-11-16,2024-12-17,train,train,
4919,A430190,K24-050352,2024-11-16,2024-12-17,train,train,
4920,A430192,K24-050353,2024-11-16,2024-12-17,train,train,
4921,A430193,K24-050354,2024-11-16,2024-12-04,train,train,
4922,A430194,K24-050355,2024-11-16,2024-12-11,train,train,
4923,A430199,K24-050357,2024-11-17,2024-11-19,train,train,
4924,A430200,K24-050358,2024-11-17,2024-11-19,train,train,
4925,A430201,K24-050359,2024-11-17,2024-12-18,train,train,
4926,A430211,K24-050366,2024-11-17,2024-11-19,train,train,
4927,A427200,K24-050360,2024-11-18,2024-11-19,train,train,
4928,A430206,K24-050361,2024-11-18,2024-12-13,train,train,
4929,A430207,K24-050362,2024-11-18,2024-12-19,train,train,
4930,A430208,K24-050363,2024-11-18,2024-12-19,train,train,
4931,A430209,K24-050364,2024-11-18,2024-12-19,train,train,
4932,A430210,K24-050365,2024-11-18,2024-12-07,train,train,
4933,A415320,K24-050367,2024-11-19,2024-11-19,train,train,
4934,A430213,K24-050368,2024-11-19,2024-11-19,train,train,
4935,A430214,K24-050369,2024-11-19,2024-11-19,train,train,
4936,A430215,K24-050370,2024-11-19,2024-12-04,train,train,
4937,A430216,K24-050371,2024-11-19,2024-12-20,train,train,
4938,A430217,K24-050372,2024-11-19,2024-12-20,train,train,
4939,A430218,K24-050373,2024-11-19,2024-12-20,train,train,
4940,A430219,K24-050374,2024-11-19,2024-12-07,train,train,
4941,A430227,K24-050380,2024-11-19,2024-12-20,train,train,
4942,A430229,K24-050382,2024-11-19,2024-12-20,train,train,
4943,A430230,K24-050383,2024-11-19,2024-12-20,train,train,
4945,A430231,K24-050385,2024-11-19,2024-12-14,train,train,
4946,A414055,K24-050386,2024-11-19,2024-11-19,train,excluded,Training animal also appears in validation or test period
4947,A430236,K24-050387,2024-11-19,2024-12-03,train,train,
4949,A430238,K24-050388,2024-11-20,2024-11-27,train,train,
4950,A430244,K24-050390,2024-11-20,2024-12-13,train,train,
4951,A430247,K24-050391,2024-11-20,2024-11-20,train,excluded,Training animal also appears in validation or test period
4952,A430248,K24-050392,2024-11-20,2024-12-21,train,train,
4953,A419923,K24-050393,2024-11-21,2024-11-22,train,train,
4954,A419924,K24-050394,2024-11-21,2024-12-04,train,train,
4955,A430253,K24-050396,2024-11-21,2024-12-22,train,train,
4956,A430254,K24-050397,2024-11-21,2024-12-22,train,train,
4957,A430255,K24-050398,2024-11-21,2024-12-22,train,train,
4958,A430256,K24-050399,2024-11-21,2024-12-22,train,train,
4959,A430252,K24-050400,2024-11-21,2024-12-22,train,train,
4960,A430258,K24-050401,2024-11-21,2024-12-06,train,train,
4961,A430265,K24-050405,2024-11-21,2024-11-22,train,train,
4962,A430263,K24-050406,2024-11-21,2024-12-05,train,train,
4963,A430268,K24-050407,2024-11-21,2024-12-22,train,train,
4964,A430269,K24-050408,2024-11-21,2024-12-22,train,train,
4965,A430270,K24-050409,2024-11-21,2024-12-22,train,train,
4966,A430271,K24-050410,2024-11-21,2024-12-22,train,train,
4967,A430272,K24-050411,2024-11-21,2024-12-22,train,train,
4968,A430274,K24-050413,2024-11-22,2024-11-22,train,excluded,Training animal also appears in validation or test period
4969,A430275,K24-050414,2024-11-22,2024-11-22,train,excluded,Training animal also appears in validation or test period
4970,A430284,K24-050420,2024-11-22,2024-12-04,train,train,
4971,A424640,K24-050422,2024-11-23,2024-11-23,train,train,
4972,A430297,K24-050423,2024-11-23,2024-11-30,train,train,
4973,A429570,K24-050424,2024-11-23,2024-11-26,train,train,
4974,A430301,K24-050426,2024-11-23,2024-12-14,train,train,
4975,A430306,K24-050428,2024-11-23,2024-12-08,train,train,
4976,A430307,K24-050429,2024-11-24,2024-11-26,train,train,
4977,A426165,K24-050430,2024-11-24,2024-12-25,train,excluded,Training animal also appears in validation or test period
4978,A430309,K24-050431,2024-11-24,2024-12-25,train,train,
4979,A430311,K24-050432,2024-11-25,2024-12-07,train,train,
4980,A430317,K24-050435,2024-11-25,2024-12-06,train,train,
4981,A430318,K24-050436,2024-11-25,2024-12-26,train,train,
4982,A422127,K24-050437,2024-11-25,2024-11-27,train,train,
4983,A430322,K24-050438,2024-11-26,2024-11-27,train,train,
4984,A430323,K24-050439,2024-11-26,2024-11-27,train,train,
4985,A430325,K24-050441,2024-11-26,2024-11-26,train,train,
4986,A290304,K24-050442,2024-11-26,2024-11-27,train,train,
4987,A430333,K24-050443,2024-11-27,2024-12-28,train,train,
4988,A430335,K24-050444,2024-11-27,2024-12-12,train,train,
4989,A430336,K24-050446,2024-11-27,2024-12-06,train,train,
4990,A430338,K24-050447,2024-11-27,2024-12-14,train,train,
4991,A430340,K24-050448,2024-11-27,2024-12-28,train,train,
4992,A430341,K24-050449,2024-11-27,2024-12-28,train,train,
4993,A430343,K24-050450,2024-11-27,2024-12-15,train,train,
4994,A430345,K24-050451,2024-11-27,2024-12-05,train,train,
4995,A429432,K24-050452,2024-11-27,2024-11-27,train,train,
4996,A429433,K24-050453,2024-11-27,2024-11-27,train,train,
4997,A430354,K24-050456,2024-11-28,2024-11-30,train,train,
4998,A430355,K24-050457,2024-11-28,2024-11-30,train,train,
4999,A426245,K24-050458,2024-11-28,2024-12-03,train,train,
5000,A426246,K24-050459,2024-11-28,2024-12-03,train,train,
5001,A430356,K24-050460,2024-11-28,2024-12-21,train,train,
5002,A430359,K24-050462,2024-11-29,2024-12-05,train,train,
5003,A430360,K24-050463,2024-11-29,2024-12-30,train,train,
5004,A428999,K24-050464,2024-11-29,2024-11-29,train,train,
5005,A430364,K24-050466,2024-11-30,2024-12-07,train,train,
5006,A430365,K24-050467,2024-11-30,2024-12-14,train,train,
5007,A430366,K24-050468,2024-11-30,2024-12-31,train,train,
5008,A430372,K24-050469,2024-11-30,2024-12-11,train,train,
5009,A422851,K24-050470,2024-11-30,2024-11-30,train,train,
5010,A430378,K24-050471,2024-11-30,2024-11-30,train,train,
5011,A305704,K24-050472,2024-11-30,2024-12-03,train,train,
5012,A430382,K24-050473,2024-11-30,2024-12-28,train,train,
5013,A430384,K24-050474,2024-11-30,2024-12-31,train,train,
5014,A430383,K24-050475,2024-11-30,2024-12-31,train,train,
5015,A430385,K24-050476,2024-12-01,2024-12-18,train,train,
5016,A406696,K24-050477,2024-12-01,2024-12-03,train,train,
5017,A408311,K24-050478,2024-12-01,2024-12-03,train,train,
5018,A430389,K24-050479,2024-12-01,2024-12-03,train,train,
5019,A430390,K24-050480,2024-12-01,2024-12-04,train,excluded,Training animal also appears in validation or test period
5020,A430391,K24-050481,2024-12-01,2025-01-01,train,train,
5021,A430393,K24-050482,2024-12-02,2024-12-10,train,train,
5022,A430395,K24-050484,2024-12-02,2024-12-10,train,train,
5023,A430396,K24-050485,2024-12-02,2024-12-04,train,excluded,Training animal also appears in validation or test period
5024,A430397,K24-050486,2024-12-02,2024-12-04,train,excluded,Training animal also appears in validation or test period
5025,A426368,K24-050487,2024-12-02,2024-12-03,train,excluded,Training animal also appears in validation or test period
5026,A430401,K24-050488,2024-12-02,2025-01-02,train,train,
5027,A430402,K24-050489,2024-12-02,2024-12-13,train,train,
5028,A430404,K24-050491,2024-12-02,2024-12-03,train,train,
5029,A430407,K24-050494,2024-12-03,2024-12-03,train,train,
5030,A430408,K24-050496,2024-12-03,2024-12-24,train,train,
5031,A430410,K24-050499,2024-12-03,2024-12-08,train,train,
5032,A430411,K24-050500,2024-12-03,2025-01-03,train,train,
5033,A430413,K24-050501,2024-12-03,2025-01-02,train,train,
5034,A430415,K24-050502,2024-12-04,2024-12-04,train,train,
5035,A430418,K24-050505,2024-12-04,2025-01-04,train,train,
5036,A427614,K24-050506,2024-12-04,2025-01-04,train,train,
5037,A430423,K24-050508,2024-12-04,2024-12-06,train,train,
5038,A430424,K24-050509,2024-12-04,2024-12-07,train,train,
5039,A430427,K24-050512,2024-12-04,2025-01-04,train,train,
5040,A399960,K24-050513,2024-12-04,2025-01-04,train,train,
5041,A430429,K24-050517,2024-12-04,2025-01-04,train,train,
5042,A430430,K24-050518,2024-12-05,2024-12-05,train,train,
5043,A428101,K24-050519,2024-12-05,2024-12-24,train,train,
5044,A430450,K24-050523,2024-12-06,2024-12-17,train,train,
5045,A430453,K24-050524,2024-12-06,2025-01-06,train,train,
5046,A430457,K24-050525,2024-12-07,2024-12-07,train,train,
5047,A430458,K24-050526,2024-12-07,2024-12-24,train,train,
5048,A424619,K24-050527,2024-12-07,2024-12-28,train,train,
5049,A430464,K24-050528,2024-12-07,2024-12-20,train,train,
5050,A430467,K24-050529,2024-12-07,2024-12-10,train,train,
5051,A430469,K24-050530,2024-12-07,2024-12-10,train,train,
5052,A430470,K24-050531,2024-12-07,2024-12-10,train,train,
5053,A430471,K24-050532,2024-12-07,2024-12-10,train,train,
5054,A422617,K24-050533,2024-12-07,2024-12-07,train,train,
5055,A430472,K24-050534,2024-12-08,2024-12-18,train,train,
5056,A430474,K24-050535,2024-12-09,2024-12-10,train,train,
5057,A430476,K24-050537,2024-12-09,2025-01-09,train,train,
5058,A407657,K24-050538,2024-12-09,2025-01-09,train,train,
5059,A430480,K24-050539,2024-12-09,2024-12-09,train,train,
5060,A426263,K24-050541,2024-12-10,2025-01-10,train,excluded,Training animal also appears in validation or test period
5061,A427037,K24-050542,2024-12-10,2024-12-13,train,train,
5062,A430504,K24-050560,2024-12-10,2024-12-11,train,train,
5063,A430505,K24-050561,2024-12-10,2024-12-11,train,train,
5064,A036140,K24-050563,2024-12-10,2024-12-19,train,train,
5065,A430510,K24-050564,2024-12-10,2024-12-10,train,train,
5066,A430512,K24-050565,2024-12-10,2024-12-10,train,train,
5067,A350983,K24-050566,2024-12-11,2024-12-11,train,train,
5068,A400710,K24-050567,2024-12-11,2024-12-12,train,train,
5069,A430531,K24-050569,2024-12-11,2025-01-08,train,train,
5070,A430539,K24-050570,2024-12-11,2025-01-11,train,train,
5071,A430541,K24-050571,2024-12-11,2025-01-11,train,train,
5072,A430542,K24-050572,2024-12-11,2025-01-11,train,train,
5073,A430543,K24-050573,2024-12-11,2025-01-11,train,train,
5074,A424640,K24-050574,2024-12-12,2024-12-12,train,train,
5075,A414069,K24-050575,2024-12-12,2024-12-14,train,excluded,Training animal also appears in validation or test period
5076,A430549,K24-050576,2024-12-12,2024-12-21,train,train,
5077,A430550,K24-050578,2024-12-12,2025-01-12,train,train,
5078,A430553,K24-050579,2024-12-12,2024-12-19,train,train,
5079,A429565,K24-050580,2024-12-12,2025-01-12,train,train,
5080,A430555,K24-050581,2024-12-12,2025-01-12,train,train,
5081,A430563,K24-050582,2024-12-12,2024-12-13,train,excluded,Training animal also appears in validation or test period
5082,A430575,K24-050583,2024-12-13,2025-01-11,train,train,
5083,A430581,K24-050584,2024-12-13,2024-12-24,train,train,
5084,A430355,K24-050585,2024-12-13,2024-12-17,train,train,
5085,A430591,K24-050587,2024-12-14,2025-01-14,train,train,
5086,A430604,K24-050588,2024-12-14,2024-12-24,train,train,
5087,A430610,K24-050589,2024-12-14,2025-01-09,train,train,
5088,A430612,K24-050590,2024-12-14,2025-01-10,train,train,
5089,A430613,K24-050591,2024-12-14,2025-01-10,train,train,
5090,A430615,K24-050592,2024-12-14,2024-12-20,train,excluded,Training animal also appears in validation or test period
5091,A353118,K24-050593,2024-12-14,2024-12-17,train,train,
5092,A430628,K24-050594,2024-12-15,2024-12-17,train,train,
5093,A430629,K24-050595,2024-12-15,2025-01-09,train,train,
5094,A426246,K24-050599,2024-12-16,2025-01-07,train,train,
5095,A426245,K24-050600,2024-12-16,2025-01-07,train,train,
5096,A430635,K24-050601,2024-12-16,2025-01-07,train,train,
5097,A430636,K24-050602,2024-12-16,2024-12-24,train,train,
5098,A361305,K24-050604,2024-12-17,2024-12-18,train,train,
5099,A430644,K24-050605,2024-12-17,2024-12-17,train,train,
5100,A430651,K24-050607,2024-12-17,2024-12-29,train,train,
5101,A430655,K24-050608,2024-12-17,2024-12-24,train,train,
5102,A430657,K24-050609,2024-12-17,2024-12-29,train,train,
5103,A430658,K24-050610,2024-12-18,2025-01-18,train,train,
5104,A416339,K24-050614,2024-12-18,2024-12-18,train,train,
5105,A430662,K24-050615,2024-12-18,2024-12-29,train,train,
5106,A430664,K24-050616,2024-12-18,2024-12-18,train,train,
5107,A430663,K24-050617,2024-12-18,2024-12-19,train,train,
5108,A430666,K24-050619,2024-12-18,2024-12-20,train,train,
5109,A428686,K24-050621,2024-12-18,2024-12-18,train,train,
5110,A430669,K24-050622,2024-12-18,2024-12-29,train,train,
5111,A430672,K24-050624,2024-12-19,2025-01-15,train,train,
5112,A430677,K24-050626,2024-12-19,2025-01-19,train,train,
5113,A430696,K24-050629,2024-12-19,2025-01-19,train,train,
5114,A430695,K24-050630,2024-12-19,2025-01-19,train,train,
5115,A395510,K24-050631,2024-12-19,2024-12-20,train,train,
5116,A430697,K24-050633,2024-12-19,2025-01-07,train,train,
5117,A430698,K24-050634,2024-12-19,2025-01-19,train,train,
5118,A430699,K24-050635,2024-12-19,2024-12-19,train,train,
5119,A430701,K24-050636,2024-12-19,2024-12-24,train,train,
5120,A402086,K24-050638,2024-12-20,2024-12-20,train,train,
5121,A428179,K24-050639,2024-12-20,2025-01-05,train,train,
5122,A430712,K24-050641,2024-12-20,2024-12-20,train,train,
5123,A414179,K24-050642,2024-12-20,2024-12-27,train,train,
5124,A430713,K24-050643,2024-12-20,2024-12-24,train,train,
5125,A430715,K24-050644,2024-12-20,2025-01-04,train,train,
5126,A430720,K24-050646,2024-12-21,2025-01-21,train,train,
5127,A430721,K24-050647,2024-12-21,2025-01-21,train,train,
5128,A430726,K24-050648,2024-12-21,2024-12-26,train,train,
5129,A427743,K24-050649,2024-12-21,2025-01-21,train,train,
5130,A430728,K24-050651,2024-12-21,2024-12-28,train,train,
5131,A430737,K24-050654,2024-12-21,2024-12-27,train,train,
5132,A430751,K24-050655,2024-12-21,2025-01-21,train,train,
5133,A430750,K24-050656,2024-12-21,2025-01-13,train,train,
5134,A430749,K24-050657,2024-12-21,2025-01-13,train,train,
5135,A430748,K24-050658,2024-12-21,2025-01-13,train,train,
5136,A430747,K24-050659,2024-12-21,2025-01-13,train,train,
5137,A430746,K24-050660,2024-12-21,2025-01-13,train,train,
5138,A430745,K24-050661,2024-12-21,2025-01-13,train,train,
5139,A430744,K24-050662,2024-12-21,2025-01-21,train,train,
5140,A430743,K24-050663,2024-12-21,2025-01-21,train,train,
5141,A430742,K24-050664,2024-12-21,2025-01-21,train,train,
5142,A430741,K24-050665,2024-12-21,2025-01-21,train,train,
5143,A430740,K24-050666,2024-12-21,2025-01-21,train,train,
5144,A430739,K24-050667,2024-12-21,2025-01-21,train,train,
5145,A430738,K24-050668,2024-12-21,2025-01-21,train,train,
5146,A430757,K24-050669,2024-12-23,2024-12-24,train,train,
5147,A430763,K24-050671,2024-12-23,2025-01-07,train,train,
5148,A430764,K24-050672,2024-12-23,2025-01-07,train,train,
5149,A430766,K24-050673,2024-12-23,2024-12-24,train,train,
5150,A430765,K24-050674,2024-12-23,2024-12-24,train,train,
5151,A430767,K24-050675,2024-12-23,2025-01-18,train,train,
5152,A430769,K24-050676,2024-12-23,2025-01-23,train,train,
5153,A408772,K24-050678,2024-12-24,2024-12-24,train,train,
5154,A430788,K24-050680,2024-12-25,2025-01-14,train,excluded,Training animal also appears in validation or test period
5155,A430789,K24-050681,2024-12-26,2025-01-26,train,train,
5156,A430790,K24-050682,2024-12-26,2024-12-26,train,train,
5157,A430791,K24-050683,2024-12-26,2024-12-26,train,train,
5158,A430792,K24-050684,2024-12-26,2025-01-26,train,train,
5159,A420225,K24-050685,2024-12-26,2025-01-07,train,train,
5160,A420224,K24-050686,2024-12-26,2025-01-07,train,train,
5161,A430795,K24-050687,2024-12-26,2025-01-23,train,train,
5162,A430794,K24-050688,2024-12-26,2024-12-27,train,train,
5163,A430796,K24-050689,2024-12-26,2025-01-26,train,train,
5164,A430802,K24-050690,2024-12-26,2025-01-26,train,train,
5165,A430804,K24-050691,2024-12-27,2024-12-31,train,train,
5166,A430805,K24-050692,2024-12-27,2024-12-27,train,train,
5167,A413269,K24-050698,2024-12-27,2025-01-18,train,train,
5168,A430817,K24-050700,2024-12-27,2025-01-08,train,train,
5169,A430820,K24-050701,2024-12-27,2025-01-27,train,train,
5170,A430821,K24-050702,2024-12-27,2025-01-27,train,train,
5171,A430822,K24-050703,2024-12-27,2025-01-27,train,train,
5172,A430823,K24-050704,2024-12-27,2025-01-27,train,train,
5173,A430824,K24-050705,2024-12-27,2025-01-27,train,train,
5174,A430818,K24-050706,2024-12-27,2025-01-27,train,train,
5175,A430826,K24-050707,2024-12-27,2025-01-27,train,train,
5176,A430827,K24-050708,2024-12-27,2025-01-27,train,train,
5177,A430828,K24-050709,2024-12-27,2025-01-27,train,train,
5178,A430829,K24-050710,2024-12-27,2025-01-27,train,train,
5179,A430830,K24-050711,2024-12-27,2025-01-27,train,train,
5180,A430831,K24-050712,2024-12-27,2025-01-27,train,train,
5181,A430832,K24-050713,2024-12-27,2025-01-27,train,train,
5182,A430833,K24-050714,2024-12-27,2025-01-27,train,train,
5183,A430834,K24-050715,2024-12-27,2025-01-27,train,train,
5184,A430835,K24-050716,2024-12-27,2025-01-27,train,train,
5185,A430836,K24-050717,2024-12-27,2025-01-27,train,train,
5186,A430838,K24-050718,2024-12-27,2025-01-27,train,train,
5187,A430839,K24-050719,2024-12-27,2025-01-27,train,train,
5188,A430840,K24-050720,2024-12-27,2025-01-27,train,train,
5189,A430841,K24-050721,2024-12-27,2025-01-14,train,train,
5190,A430842,K24-050722,2024-12-27,2025-01-18,train,train,
5191,A430843,K24-050723,2024-12-27,2025-01-18,train,train,
5192,A430844,K24-050724,2024-12-27,2025-01-18,train,train,
5193,A430845,K24-050725,2024-12-27,2025-01-27,train,excluded,Training animal also appears in validation or test period
5194,A430846,K24-050726,2024-12-27,2025-01-27,train,train,
5195,A430847,K24-050727,2024-12-27,2025-01-27,train,train,
5196,A430848,K24-050728,2024-12-27,2025-01-27,train,train,
5197,A430850,K24-050729,2024-12-27,2025-01-27,train,train,
5198,A430851,K24-050730,2024-12-27,2025-01-27,train,train,
5199,A430852,K24-050731,2024-12-27,2025-01-04,train,train,
5200,A430853,K24-050732,2024-12-27,2024-12-28,train,train,
5201,A430857,K24-050734,2024-12-28,2025-01-14,train,train,
5202,A430862,K24-050735,2024-12-28,2025-01-28,train,train,
5203,A430863,K24-050736,2024-12-28,2025-01-28,train,train,
5204,A430615,K24-050737,2024-12-28,2025-01-07,train,excluded,Training animal also appears in validation or test period
5205,A430895,K24-050738,2024-12-28,2025-01-09,train,train,
5206,A430897,K24-050739,2024-12-29,2025-01-29,train,train,
5207,A430898,K24-050740,2024-12-29,2025-01-29,train,train,
5208,A430899,K24-050741,2024-12-29,2025-01-29,train,train,
5209,A430900,K24-050742,2024-12-29,2025-01-03,train,train,
5210,A430903,K24-050743,2024-12-30,2025-01-02,train,train,
5211,A430904,K24-050744,2024-12-30,2025-01-02,train,train,
5212,A429759,K24-050746,2024-12-30,2025-01-11,train,train,
5213,A419972,K24-050747,2024-12-30,2024-12-31,train,excluded,Training animal also appears in validation or test period
5214,A410717,K24-050748,2024-12-30,2025-01-30,train,train,
5215,A430910,K24-050750,2024-12-30,2025-01-30,train,train,
5216,A430911,K24-050751,2024-12-30,2025-01-17,train,excluded,Training animal also appears in validation or test period
5217,A430912,K24-050752,2024-12-30,2025-01-30,train,train,
5218,A430913,K24-050753,2024-12-30,2025-01-30,train,train,
5219,A430914,K24-050754,2024-12-30,2025-01-28,train,train,
5220,A430915,K24-050755,2024-12-30,2025-01-30,train,train,
5221,A430916,K24-050756,2024-12-30,2025-01-30,train,train,
5222,A430917,K24-050757,2024-12-30,2025-01-15,train,train,
5223,A430918,K24-050758,2024-12-30,2025-01-17,train,train,
5224,A430919,K24-050759,2024-12-30,2025-01-30,train,train,
5225,A430920,K24-050760,2024-12-30,2025-01-30,train,train,
5226,A429956,K24-050761,2024-12-31,2025-01-08,train,train,
5227,A430924,K24-050762,2024-12-31,2024-12-31,train,train,
5228,A430930,K24-050765,2024-12-31,2025-01-14,train,train,
5229,A430932,K24-050766,2024-12-31,2025-01-14,train,train,
5230,A430941,K25-050768,2025-01-01,2025-01-02,train,train,
5231,A427158,K25-050769,2025-01-01,2025-01-02,train,train,
5232,A430942,K25-050770,2025-01-01,2025-02-01,train,excluded,Training animal also appears in validation or test period
5233,A430957,K25-050771,2025-01-01,2025-01-08,train,train,
5234,A430944,K25-050772,2025-01-01,2025-01-23,train,train,
5235,A425868,K25-050773,2025-01-02,2025-01-02,train,train,
5236,A430947,K25-050774,2025-01-02,2025-01-28,train,train,
5237,A430948,K25-050775,2025-01-02,2025-01-30,train,train,
5238,A430949,K25-050776,2025-01-02,2025-01-08,train,excluded,Training animal also appears in validation or test period
5239,A430950,K25-050778,2025-01-02,2025-02-02,train,train,
5240,A430951,K25-050779,2025-01-02,2025-01-23,train,train,
5241,A430952,K25-050780,2025-01-02,2025-01-23,train,train,
5242,A430954,K25-050781,2025-01-02,2025-01-23,train,train,
5243,A430955,K25-050782,2025-01-02,2025-01-03,train,train,
5244,A418351,K25-050783,2025-01-02,2025-01-07,train,train,
5245,A424635,K25-050784,2025-01-02,2025-01-07,train,train,
5246,A430959,K25-050786,2025-01-02,2025-01-02,train,train,
5247,A430960,K25-050787,2025-01-02,2025-01-02,train,train,
5248,A292333,K25-050789,2025-01-02,2025-01-02,train,train,
5249,A303391,K25-050791,2025-01-03,2025-01-03,train,train,
5250,A410290,K25-050792,2025-01-03,2025-01-03,train,train,
5251,A430968,K25-050793,2025-01-03,2025-02-03,train,train,
5252,A430061,K25-050794,2025-01-03,2025-01-08,train,train,
5253,A430973,K25-050795,2025-01-03,2025-02-03,train,train,
5254,A430976,K25-050796,2025-01-03,2025-01-12,train,train,
5255,A430979,K25-050797,2025-01-03,2025-02-03,train,train,
5256,A430980,K25-050798,2025-01-03,2025-01-11,train,train,
5257,A430981,K25-050799,2025-01-03,2025-01-11,train,train,
5258,A430989,K25-050800,2025-01-04,2025-01-04,train,train,
5259,A428953,K25-050802,2025-01-04,2025-01-14,train,train,
5260,A431000,K25-050803,2025-01-04,2025-01-23,train,train,
5261,A322278,K25-050807,2025-01-04,2025-01-04,train,train,
5262,A411848,K25-050808,2025-01-04,2025-01-18,train,train,
5263,A431014,K25-050810,2025-01-05,2025-01-07,train,train,
5264,A431015,K25-050811,2025-01-05,2025-02-05,train,train,
5265,A431020,K25-050816,2025-01-05,2025-02-05,train,train,
5266,A431021,K25-050817,2025-01-05,2025-02-05,train,train,
5267,A431023,K25-050818,2025-01-05,2025-02-05,train,train,
5268,A431024,K25-050819,2025-01-05,2025-02-05,train,train,
5269,A431025,K25-050820,2025-01-06,2025-02-06,train,train,
5270,A431026,K25-050821,2025-01-06,2025-02-06,train,train,
5271,A431027,K25-050822,2025-01-06,2025-02-06,train,train,
5272,A431028,K25-050823,2025-01-06,2025-02-06,train,train,
5273,A431029,K25-050824,2025-01-06,2025-01-07,train,train,
5274,A431030,K25-050825,2025-01-06,2025-01-07,train,train,
5275,A427520,K25-050826,2025-01-06,2025-01-30,train,train,
5276,A431032,K25-050827,2025-01-06,2025-02-06,train,train,
5277,A427574,K25-050829,2025-01-07,2025-01-07,train,train,
5278,A431044,K25-050831,2025-01-07,2025-01-07,train,train,
5279,A425003,K25-050832,2025-01-07,2025-01-08,train,train,
5280,A425004,K25-050833,2025-01-07,2025-01-08,train,train,
5281,A431049,K25-050834,2025-01-07,2025-01-08,train,train,
5282,A431052,K25-050835,2025-01-08,2025-02-08,train,train,
5283,A427983,K25-050836,2025-01-08,2025-02-07,train,train,
5284,A426246,K25-050837,2025-01-08,2025-01-22,train,train,
5285,A431060,K25-050838,2025-01-08,2025-01-24,train,train,
5286,A431061,K25-050839,2025-01-08,2025-01-10,train,train,
5287,A429873,K25-050840,2025-01-08,2025-01-10,train,train,
5288,A431070,K25-050845,2025-01-08,2025-01-29,train,train,
5289,A431079,K25-050852,2025-01-08,2025-02-04,train,train,
5290,A431074,K25-050856,2025-01-08,2025-01-23,train,train,
5291,A431086,K25-050859,2025-01-08,2025-01-29,train,train,
5292,A431105,K25-050862,2025-01-08,2025-01-29,train,train,
5293,A358767,K25-050860,2025-01-09,2025-02-03,train,train,
5294,A431099,K25-050861,2025-01-09,2025-01-09,train,train,
5295,A322278,K25-050864,2025-01-09,2025-01-09,train,train,
5296,A431129,K25-050865,2025-01-09,2025-01-13,train,train,
5297,A431130,K25-050866,2025-01-09,2025-01-13,train,train,
5298,A431131,K25-050867,2025-01-09,2025-01-13,train,train,
5299,A431132,K25-050868,2025-01-09,2025-01-13,train,train,
5300,A431139,K25-050869,2025-01-10,2025-02-10,train,train,
5301,A431141,K25-050870,2025-01-10,2025-02-10,train,train,
5302,A417348,K25-050871,2025-01-10,2025-02-04,train,train,
5303,A431155,K25-050872,2025-01-10,2025-01-17,train,train,
5304,A431162,K25-050875,2025-01-10,2025-02-10,train,train,
5305,A431174,K25-050876,2025-01-11,2025-01-15,train,train,
5306,A431177,K25-050877,2025-01-11,2025-01-24,train,train,
5307,A431178,K25-050878,2025-01-11,2025-01-25,train,train,
5308,A431195,K25-050879,2025-01-11,2025-02-01,train,train,
5309,A430247,K25-050880,2025-01-11,2025-01-11,train,excluded,Training animal also appears in validation or test period
5310,A431199,K25-050881,2025-01-11,2025-01-11,train,excluded,Training animal also appears in validation or test period
5311,A431214,K25-050882,2025-01-11,2025-01-16,train,train,
5312,A431216,K25-050883,2025-01-11,2025-01-14,train,train,
5313,A328233,K25-050884,2025-01-11,2025-01-14,train,train,
5314,A336908,K25-050885,2025-01-12,2025-01-18,train,train,
5315,A431218,K25-050886,2025-01-12,2025-01-18,train,train,
5316,A431219,K25-050887,2025-01-12,2025-02-05,train,train,
5317,A431220,K25-050888,2025-01-12,2025-01-28,train,train,
5318,A431221,K25-050889,2025-01-12,2025-02-12,train,train,
5319,A431222,K25-050890,2025-01-12,2025-01-28,train,train,
5320,A431223,K25-050891,2025-01-12,2025-02-12,train,train,
5321,A431224,K25-050892,2025-01-12,2025-01-28,train,train,
5322,A431225,K25-050893,2025-01-12,2025-01-28,train,train,
5323,A431226,K25-050894,2025-01-12,2025-01-28,train,train,
5324,A431227,K25-050895,2025-01-12,2025-02-12,train,train,
5325,A404536,K25-050896,2025-01-12,2025-02-09,train,train,
5326,A307013,K25-050897,2025-01-12,2025-01-14,train,train,
5327,A431229,K25-050898,2025-01-13,2025-02-03,train,train,
5328,A431232,K25-050899,2025-01-13,2025-02-13,train,train,
5329,A431233,K25-050900,2025-01-13,2025-01-27,train,train,
5330,A431234,K25-050901,2025-01-13,2025-02-13,train,train,
5331,A267440,K25-050902,2025-01-13,2025-01-17,train,train,
5332,A431235,K25-050903,2025-01-13,2025-02-13,train,train,
5333,A391858,K25-050904,2025-01-13,2025-01-14,train,train,
5334,A431242,K25-050906,2025-01-13,2025-02-13,train,train,
5335,A431250,K25-050908,2025-01-14,2025-02-04,train,train,
5336,A431260,K25-050909,2025-01-14,2025-01-21,train,train,
5337,A431271,K25-050911,2025-01-14,2025-02-04,train,train,
5338,A431280,K25-050913,2025-01-14,2025-02-01,train,train,
5339,A431281,K25-050914,2025-01-14,2025-01-14,train,train,
5340,A431283,K25-050915,2025-01-14,2025-01-14,train,train,
5341,A426245,K25-050918,2025-01-15,2025-01-22,train,train,
5342,A312896,K25-050919,2025-01-15,2025-01-29,train,train,
5343,A429010,K25-050922,2025-01-15,2025-02-01,train,train,
5344,A431341,K25-050925,2025-01-15,2025-02-09,train,train,
5345,A431342,K25-050926,2025-01-15,2025-01-28,train,train,
5346,A431344,K25-050927,2025-01-15,2025-01-17,train,excluded,Training animal also appears in validation or test period
5347,A428248,K25-050928,2025-01-16,2025-01-23,train,train,
5348,A431360,K25-050929,2025-01-16,2025-02-16,train,train,
5349,A431381,K25-050931,2025-01-16,2025-01-17,train,train,
5350,A431393,K25-050933,2025-01-16,2025-01-17,train,excluded,Training animal also appears in validation or test period
5351,A431399,K25-050935,2025-01-17,2025-02-17,train,train,
5352,A431400,K25-050936,2025-01-17,2025-02-07,train,train,
5353,A431401,K25-050937,2025-01-17,2025-02-01,train,train,
5354,A431402,K25-050938,2025-01-17,2025-02-17,train,train,
5355,A431405,K25-050939,2025-01-17,2025-02-14,train,train,
5356,A431421,K25-050940,2025-01-17,2025-01-17,train,train,
5357,A431423,K25-050941,2025-01-17,2025-02-09,train,train,
5358,A431424,K25-050942,2025-01-17,2025-01-17,train,train,
5359,A431425,K25-050943,2025-01-17,2025-01-17,train,excluded,Training animal also appears in validation or test period
5360,A431437,K25-050944,2025-01-18,2025-02-04,train,train,
5361,A431440,K25-050945,2025-01-18,2025-01-30,train,train,
5362,A431441,K25-050946,2025-01-18,2025-01-18,train,train,
5363,A431442,K25-050947,2025-01-18,2025-01-21,train,train,
5364,A431443,K25-050948,2025-01-18,2025-01-23,train,train,
5365,A431444,K25-050949,2025-01-18,2025-01-23,train,train,
5366,A431445,K25-050950,2025-01-18,2025-02-18,train,train,
5367,A431446,K25-050951,2025-01-18,2025-02-01,train,train,
5368,A431434,K25-050952,2025-01-18,2025-01-18,train,train,
5369,A431448,K25-050953,2025-01-18,2025-01-24,train,train,
5370,A431449,K25-050954,2025-01-18,2025-02-18,train,train,
5371,A431450,K25-050955,2025-01-18,2025-02-01,train,train,
5372,A431451,K25-050956,2025-01-18,2025-02-18,train,train,
5373,A431461,K25-050958,2025-01-19,2025-01-21,train,train,
5374,A431462,K25-050959,2025-01-19,2025-02-01,train,train,
5375,A386573,K25-050960,2025-01-20,2025-01-22,train,train,
5376,A431482,K25-050962,2025-01-21,2025-02-21,train,train,
5377,A431485,K25-050963,2025-01-21,2025-01-23,train,train,
5378,A431486,K25-050964,2025-01-21,2025-02-21,train,train,
5379,A431492,K25-050969,2025-01-21,2025-02-01,train,train,
5380,A431496,K25-050970,2025-01-22,2025-01-23,train,train,
5381,A387392,K25-050972,2025-01-22,2025-01-22,train,excluded,Training animal also appears in validation or test period
5382,A431499,K25-050973,2025-01-22,2025-02-01,train,train,
5383,A377008,K25-050974,2025-01-22,2025-02-01,train,train,
5384,A431502,K25-050975,2025-01-22,2025-01-22,train,train,
5385,A431506,K25-050976,2025-01-22,2025-02-10,train,train,
5386,A431509,K25-050978,2025-01-22,2025-02-11,train,train,
5387,A431510,K25-050979,2025-01-22,2025-02-11,train,train,
5388,A431517,K25-050980,2025-01-23,2025-02-23,train,train,
5389,A428660,K25-050982,2025-01-23,2025-02-04,train,excluded,Training animal also appears in validation or test period
5390,A431523,K25-050983,2025-01-23,2025-02-10,train,train,
5391,A321414,K25-050985,2025-01-24,2025-02-04,train,train,
5392,A431529,K25-050986,2025-01-24,2025-02-15,train,train,
5393,A423110,K25-050987,2025-01-24,2025-01-25,train,train,
5394,A431530,K25-050988,2025-01-24,2025-01-28,train,train,
5395,A431532,K25-050989,2025-01-24,2025-01-25,train,train,
5396,A403235,K25-050990,2025-01-24,2025-01-28,train,excluded,Training animal also appears in validation or test period
5397,A404716,K25-050992,2025-01-24,2025-01-24,train,train,
5398,A431536,K25-050993,2025-01-24,2025-01-24,train,train,
5399,A431538,K25-050995,2025-01-24,2025-01-24,train,train,
5400,A431539,K25-050996,2025-01-24,2025-01-24,train,train,
5401,A431542,K25-050998,2025-01-24,2025-01-25,train,train,
5402,A431543,K25-050999,2025-01-24,2025-01-25,train,train,
5403,A417750,K25-051000,2025-01-25,2025-01-29,train,excluded,Training animal also appears in validation or test period
5404,A431552,K25-051001,2025-01-25,2025-01-30,train,train,
5405,A431559,K25-051002,2025-01-25,2025-01-30,train,train,
5406,A431563,K25-051003,2025-01-25,2025-02-03,train,train,
5407,A431564,K25-051004,2025-01-25,2025-02-25,train,train,
5408,A422137,K25-051005,2025-01-25,2025-01-28,train,excluded,Training animal also appears in validation or test period
5409,A431574,K25-051006,2025-01-25,2025-01-29,train,train,
5410,A431581,K25-051008,2025-01-27,2025-01-27,train,train,
5411,A431582,K25-051009,2025-01-27,2025-01-28,train,train,
5412,A431584,K25-051011,2025-01-27,2025-01-28,train,train,
5413,A429823,K25-051012,2025-01-27,2025-01-28,train,train,
5414,A431586,K25-051013,2025-01-27,2025-01-28,train,train,
5415,A431587,K25-051014,2025-01-27,2025-02-14,train,train,
5416,A431589,K25-051015,2025-01-27,2025-02-27,train,train,
5417,A431590,K25-051016,2025-01-27,2025-02-11,train,train,
5418,A431591,K25-051017,2025-01-27,2025-01-28,train,train,
5419,A431599,K25-051018,2025-01-28,2025-02-07,train,train,
5420,A431601,K25-051020,2025-01-28,2025-02-28,train,train,
5421,A430843,K25-051021,2025-01-28,2025-01-31,train,train,
5422,A431603,K25-051022,2025-01-28,2025-01-28,train,train,
5423,A429186,K25-051024,2025-01-28,2025-01-29,train,train,
5424,A431607,K25-051025,2025-01-28,2025-01-29,train,train,
5425,A411451,K25-051026,2025-01-28,2025-01-29,train,train,
5426,A431606,K25-051027,2025-01-28,2025-02-05,train,train,
5427,A431609,K25-051028,2025-01-28,2025-02-28,train,train,
5428,A431628,K25-051033,2025-01-29,2025-03-01,train,train,
5429,A431630,K25-051034,2025-01-29,2025-03-01,train,train,
5430,A431631,K25-051035,2025-01-29,2025-03-01,train,train,
5431,A431632,K25-051036,2025-01-29,2025-03-01,train,train,
5432,A431634,K25-051037,2025-01-29,2025-02-25,train,train,
5433,A431635,K25-051038,2025-01-29,2025-02-25,train,train,
5434,A423452,K25-051039,2025-01-29,2025-01-29,train,train,
5435,A423451,K25-051040,2025-01-29,2025-01-29,train,train,
5436,A427793,K25-051041,2025-01-29,2025-01-29,train,train,
5437,A431638,K25-051042,2025-01-29,2025-02-25,train,train,
5438,A431645,K25-051043,2025-01-29,2025-02-07,train,train,
5439,A431650,K25-051044,2025-01-29,2025-02-18,train,train,
5440,A431651,K25-051045,2025-01-30,2025-01-30,train,train,
5441,A431658,K25-051046,2025-01-30,2025-03-02,train,train,
5442,A431660,K25-051047,2025-01-30,2025-03-02,train,train,
5443,A353437,K25-051048,2025-01-30,2025-01-30,train,train,
5444,A431685,K25-051050,2025-01-31,2025-02-13,train,train,
5445,A431697,K25-051051,2025-01-31,2025-02-25,train,train,
5446,A431707,K25-051053,2025-01-31,2025-02-14,train,train,
5447,A431153,K25-051055,2025-01-31,2025-02-11,train,train,
5448,A431713,K25-051056,2025-01-31,2025-03-03,train,train,
5449,A411147,K25-051058,2025-02-01,2025-03-04,train,train,
5450,A431736,K25-051059,2025-02-01,2025-02-04,train,train,
5451,A426245,K25-051061,2025-02-02,2025-02-02,train,train,
5452,A426246,K25-051062,2025-02-02,2025-02-02,train,train,
5453,A431761,K25-051063,2025-02-03,2025-02-06,train,train,
5454,A431762,K25-051064,2025-02-03,2025-02-05,train,excluded,Training animal also appears in validation or test period
5455,A431763,K25-051065,2025-02-03,2025-02-03,train,train,
5456,A421400,K25-051066,2025-02-03,2025-02-21,train,train,
5457,A430459,K25-051068,2025-02-04,2025-02-05,train,train,
5458,A431784,K25-051069,2025-02-04,2025-02-11,train,train,
5459,A431787,K25-051071,2025-02-04,2025-02-05,train,train,
5460,A431450,K25-051076,2025-02-05,2025-02-11,train,train,
5461,A431820,K25-051078,2025-02-05,2025-03-08,train,train,
5462,A431825,K25-051081,2025-02-05,2025-03-08,train,train,
5463,A431845,K25-051092,2025-02-06,2025-02-19,train,train,
5464,A431848,K25-051093,2025-02-06,2025-02-19,train,train,
5465,A431847,K25-051094,2025-02-06,2025-03-09,train,train,
5466,A431849,K25-051095,2025-02-06,2025-02-25,train,train,
5467,A431850,K25-051096,2025-02-06,2025-02-25,train,train,
5468,A431862,K25-051097,2025-02-06,2025-03-04,train,train,
5469,A431860,K25-051098,2025-02-06,2025-02-08,train,excluded,Training animal also appears in validation or test period
5470,A431869,K25-051099,2025-02-07,2025-02-07,train,train,
5471,A431873,K25-051100,2025-02-07,2025-02-07,train,excluded,Training animal also appears in validation or test period
5472,A431874,K25-051101,2025-02-07,2025-02-07,train,train,
5473,A431875,K25-051102,2025-02-07,2025-03-10,train,train,
5474,A431876,K25-051103,2025-02-07,2025-03-08,train,train,
5475,A431878,K25-051104,2025-02-07,2025-03-06,train,train,
5476,A431879,K25-051105,2025-02-07,2025-02-07,train,excluded,Training animal also appears in validation or test period
5477,A431881,K25-051106,2025-02-07,2025-02-19,train,train,
5478,A431884,K25-051107,2025-02-07,2025-03-10,train,train,
5479,A431885,K25-051108,2025-02-07,2025-02-15,train,train,
5480,A424401,K25-051109,2025-02-08,2025-02-08,train,train,
5481,A431901,K25-051110,2025-02-08,2025-02-11,train,train,
5482,A431902,K25-051111,2025-02-08,2025-02-11,train,train,
5483,A431903,K25-051112,2025-02-08,2025-02-11,train,train,
5484,A431904,K25-051113,2025-02-08,2025-02-11,train,train,
5485,A431905,K25-051114,2025-02-08,2025-02-11,train,train,
5486,A431906,K25-051115,2025-02-08,2025-02-25,train,train,
5487,A431913,K25-051116,2025-02-08,2025-02-11,train,train,
5488,A431932,K25-051118,2025-02-09,2025-02-11,train,train,
5489,A431933,K25-051119,2025-02-09,2025-02-11,train,train,
5490,A264736,K25-051120,2025-02-09,2025-02-26,train,train,
5491,A431937,K25-051121,2025-02-10,2025-02-11,train,train,
5492,A431940,K25-051122,2025-02-10,2025-02-11,train,train,
5493,A431941,K25-051123,2025-02-10,2025-02-20,train,train,
5494,A431942,K25-051124,2025-02-10,2025-02-11,train,train,
5495,A342981,K25-051125,2025-02-10,2025-02-13,train,train,
5496,A431947,K25-051129,2025-02-11,2025-02-13,train,train,
5497,A422137,K25-051130,2025-02-11,2025-03-14,train,excluded,Training animal also appears in validation or test period
5498,A430274,K25-051131,2025-02-11,2025-02-11,train,excluded,Training animal also appears in validation or test period
5499,A430275,K25-051132,2025-02-11,2025-02-11,train,excluded,Training animal also appears in validation or test period
5500,A431957,K25-051133,2025-02-11,2025-03-14,train,train,
5501,A431425,K25-051134,2025-02-11,2025-02-13,train,excluded,Training animal also appears in validation or test period
5502,A431424,K25-051135,2025-02-11,2025-02-14,train,train,
5503,A431969,K25-051140,2025-02-12,2025-02-26,train,train,
5504,A431968,K25-051141,2025-02-12,2025-02-14,train,excluded,Training animal also appears in validation or test period
5505,A426514,K25-051142,2025-02-12,2025-02-21,train,train,
5506,A431975,K25-051144,2025-02-13,2025-03-16,train,train,
5508,A431979,K25-051147,2025-02-13,2025-03-16,train,train,
5509,A431982,K25-051148,2025-02-13,2025-03-11,train,train,
5510,A431986,K25-051150,2025-02-13,2025-02-19,train,train,
5512,A432003,K25-051151,2025-02-14,2025-03-17,train,train,
5513,A432008,K25-051153,2025-02-14,2025-03-07,train,train,
5514,A432017,K25-051155,2025-02-14,2025-02-25,train,train,
5515,A432019,K25-051156,2025-02-14,2025-02-25,train,train,
5516,A389350,K25-051157,2025-02-14,2025-02-15,train,train,
5517,A389349,K25-051158,2025-02-14,2025-02-15,train,train,
5518,A318517,K25-051159,2025-02-14,2025-02-15,train,train,
5519,A407636,K25-051160,2025-02-14,2025-02-15,train,train,
5521,A432040,K25-051163,2025-02-15,2025-03-04,train,train,
5522,A432041,K25-051164,2025-02-15,2025-03-04,train,train,
5523,A432049,K25-051165,2025-02-15,2025-03-18,train,excluded,Training animal also appears in validation or test period
5524,A429186,K25-051166,2025-02-15,2025-02-15,train,train,
5526,A432054,K25-051168,2025-02-15,2025-02-19,train,excluded,Training animal also appears in validation or test period
5527,A343389,K25-051171,2025-02-16,2025-03-10,train,train,
5528,A432059,K25-051172,2025-02-16,2025-02-21,train,train,
5529,A432061,K25-051173,2025-02-16,2025-03-19,train,train,
5530,A432064,K25-051174,2025-02-17,2025-03-20,train,train,
5531,A432077,K25-051180,2025-02-18,2025-03-05,train,train,
5532,A432080,K25-051181,2025-02-18,2025-02-26,train,train,
5533,A432081,K25-051182,2025-02-18,2025-03-15,train,train,
5534,A432083,K25-051183,2025-02-18,2025-02-20,train,train,
5535,A432085,K25-051184,2025-02-18,2025-03-21,train,train,
5536,A432094,K25-051190,2025-02-18,2025-02-21,train,train,
5537,A432096,K25-051191,2025-02-18,2025-03-13,train,train,
5538,A432097,K25-051192,2025-02-18,2025-03-01,train,train,
5539,A432098,K25-051193,2025-02-18,2025-03-01,train,train,
5540,A432099,K25-051194,2025-02-18,2025-03-06,train,train,
5541,A432100,K25-051195,2025-02-18,2025-03-06,train,train,
5542,A432101,K25-051196,2025-02-18,2025-03-13,train,train,
5543,A432102,K25-051197,2025-02-18,2025-03-06,train,train,
5544,A432103,K25-051198,2025-02-18,2025-03-02,train,train,
5545,A432105,K25-051200,2025-02-18,2025-03-21,train,train,
5546,A432107,K25-051201,2025-02-18,2025-03-21,train,train,
5547,A432118,K25-051203,2025-02-19,2025-02-19,train,train,
5548,A432119,K25-051204,2025-02-19,2025-02-19,train,train,
5549,A267124,K25-051205,2025-02-19,2025-02-20,train,train,
5550,A432128,K25-051208,2025-02-19,2025-02-25,train,train,
5551,A432131,K25-051209,2025-02-19,2025-02-20,train,train,
5552,A432134,K25-051210,2025-02-20,2025-03-06,train,train,
5553,A426354,K25-051212,2025-02-20,2025-03-23,train,train,
5554,A432140,K25-051213,2025-02-20,2025-03-06,train,train,
5555,A432175,K25-051214,2025-02-21,2025-02-22,train,train,
5556,A432179,K25-051215,2025-02-21,2025-03-13,train,train,
5557,A428897,K25-051216,2025-02-21,2025-03-24,train,train,
5558,A432182,K25-051217,2025-02-21,2025-03-08,train,train,
5559,A432183,K25-051218,2025-02-21,2025-03-13,train,train,
5560,A432186,K25-051219,2025-02-21,2025-03-13,train,train,
5561,A432187,K25-051220,2025-02-21,2025-03-13,train,train,
5562,A432190,K25-051221,2025-02-21,2025-03-13,train,train,
5563,A432188,K25-051222,2025-02-21,2025-03-13,train,train,
5564,A432195,K25-051223,2025-02-21,2025-03-13,train,train,
5565,A432205,K25-051224,2025-02-22,2025-02-26,train,train,
5566,A431538,K25-051225,2025-02-22,2025-02-22,train,train,
5567,A432206,K25-051226,2025-02-22,2025-02-22,train,train,
5568,A432210,K25-051228,2025-02-22,2025-03-15,train,train,
5569,A432083,K25-051230,2025-02-22,2025-02-25,train,train,
5570,A429823,K25-051234,2025-02-22,2025-03-05,train,train,
5571,A431586,K25-051235,2025-02-22,2025-03-05,train,train,
5572,A415605,K25-051236,2025-02-22,2025-03-13,train,train,
5573,A432232,K25-051237,2025-02-23,2025-03-26,train,train,
5574,A432233,K25-051238,2025-02-23,2025-03-14,train,train,
5575,A432234,K25-051239,2025-02-23,2025-03-26,train,train,
5576,A432236,K25-051240,2025-02-23,2025-03-05,train,train,
5577,A432240,K25-051241,2025-02-23,2025-02-25,train,train,
5578,A432244,K25-051242,2025-02-24,2025-03-07,train,train,
5579,A432245,K25-051243,2025-02-24,2025-03-07,train,train,
5580,A432119,K25-051244,2025-02-24,2025-02-26,train,train,
5581,A432118,K25-051245,2025-02-24,2025-02-26,train,train,
5582,A432246,K25-051246,2025-02-24,2025-02-27,train,train,
5583,A430139,K25-051247,2025-02-24,2025-03-11,train,train,
5584,A243976,K25-051250,2025-02-25,2025-02-28,train,train,
5585,A432255,K25-051252,2025-02-25,2025-02-27,train,train,
5586,A432256,K25-051253,2025-02-25,2025-03-09,train,train,
5587,A432275,K25-051255,2025-02-26,2025-03-06,train,train,
5588,A432283,K25-051257,2025-02-26,2025-03-13,train,train,
5589,A432284,K25-051258,2025-02-26,2025-03-13,train,train,
5590,A432285,K25-051259,2025-02-26,2025-03-09,train,train,
5591,A431052,K25-051260,2025-02-26,2025-02-27,train,train,
5592,A432303,K25-051261,2025-02-27,2025-03-05,train,train,
5593,A392230,K25-051262,2025-02-27,2025-03-07,train,train,
5594,A429189,K25-051265,2025-02-28,2025-03-14,train,train,
5595,A423451,K25-051266,2025-02-28,2025-02-28,train,train,
5596,A427793,K25-051267,2025-02-28,2025-02-28,train,train,
5597,A423452,K25-051268,2025-02-28,2025-02-28,train,train,
5598,A432335,K25-051269,2025-02-28,2025-03-31,train,train,
5599,A432339,K25-051270,2025-02-28,2025-03-07,train,train,
5600,A432341,K25-051271,2025-02-28,2025-03-04,train,train,
5601,A432342,K25-051272,2025-02-28,2025-02-28,train,excluded,Training animal also appears in validation or test period
5602,A432349,K25-051273,2025-03-01,2025-03-11,train,train,
5603,A432350,K25-051274,2025-03-01,2025-03-11,train,train,
5604,A432352,K25-051276,2025-03-01,2025-03-01,train,train,
5605,A432357,K25-051277,2025-03-01,2025-03-04,train,train,
5606,A432361,K25-051278,2025-03-01,2025-03-12,train,train,
5607,A430897,K25-051279,2025-03-01,2025-04-01,train,train,
5608,A415003,K25-051281,2025-03-01,2025-03-13,train,train,
5609,A413248,K25-051283,2025-03-01,2025-03-06,train,train,
5610,A432399,K25-051286,2025-03-03,2025-03-17,train,train,
5611,A432400,K25-051287,2025-03-03,2025-03-12,train,train,
5612,A432401,K25-051288,2025-03-03,2025-03-19,train,train,
5613,A432402,K25-051289,2025-03-03,2025-04-03,train,train,
5614,A432411,K25-051293,2025-03-04,2025-04-04,train,train,
5615,A432412,K25-051294,2025-03-04,2025-04-04,train,train,
5616,A422452,K25-051295,2025-03-04,2025-03-25,train,train,
5617,A432416,K25-051296,2025-03-04,2025-03-25,train,train,
5618,A432417,K25-051297,2025-03-04,2025-03-19,train,train,
5619,A432418,K25-051298,2025-03-04,2025-03-14,train,train,
5620,A432419,K25-051299,2025-03-04,2025-03-04,train,train,
5621,A432421,K25-051301,2025-03-04,2025-04-04,train,train,
5622,A432436,K25-051304,2025-03-05,2025-03-12,train,train,
5623,A432435,K25-051305,2025-03-05,2025-04-05,train,train,
5624,A432444,K25-051307,2025-03-05,2025-04-05,train,train,
5625,A432447,K25-051309,2025-03-05,2025-03-11,train,train,
5626,A432448,K25-051310,2025-03-05,2025-03-06,train,train,
5627,A432451,K25-051311,2025-03-06,2025-04-06,train,train,
5628,A432455,K25-051312,2025-03-06,2025-03-06,train,train,
5629,A432457,K25-051314,2025-03-06,2025-03-13,train,train,
5630,A419245,K25-051315,2025-03-06,2025-03-15,train,train,
5631,A432473,K25-051316,2025-03-07,2025-03-08,train,train,
5632,A432478,K25-051317,2025-03-07,2025-04-07,train,train,
5633,A432488,K25-051318,2025-03-07,2025-03-07,train,train,
5634,A432491,K25-051319,2025-03-07,2025-03-29,train,train,
5635,A432245,K25-051320,2025-03-07,2025-03-18,train,train,
5636,A432244,K25-051321,2025-03-07,2025-03-18,train,train,
5637,A428660,K25-051322,2025-03-08,2025-03-08,train,excluded,Training animal also appears in validation or test period
5638,A432523,K25-051323,2025-03-08,2025-03-08,train,train,
5639,A432529,K25-051324,2025-03-08,2025-03-15,train,train,
5640,A300671,K25-051325,2025-03-08,2025-03-08,train,train,
5641,A391595,K25-051326,2025-03-08,2025-03-08,train,train,
5642,A384983,K25-051327,2025-03-08,2025-03-11,train,train,
5643,A369972,K25-051328,2025-03-08,2025-03-14,train,train,
5644,A432546,K25-051330,2025-03-09,2025-03-17,train,train,
5645,A432554,K25-051333,2025-03-09,2025-03-12,train,train,
5646,A432555,K25-051334,2025-03-10,2025-04-03,train,train,
5647,A432557,K25-051336,2025-03-10,2025-03-10,train,train,
5648,A432566,K25-051337,2025-03-10,2025-03-19,train,train,
5649,A432569,K25-051338,2025-03-10,2025-03-11,train,train,
5650,A432571,K25-051339,2025-03-11,2025-03-14,train,train,
5651,A432574,K25-051341,2025-03-11,2025-03-18,train,train,
5652,A432576,K25-051343,2025-03-11,2025-03-11,train,train,
5653,A432582,K25-051350,2025-03-11,2025-03-19,train,train,
5654,A432593,K25-051351,2025-03-11,2025-03-12,train,train,
5655,A432601,K25-051353,2025-03-12,2025-03-22,train,train,
5656,A432602,K25-051354,2025-03-12,2025-04-08,train,train,
5657,A432603,K25-051355,2025-03-12,2025-03-13,train,train,
5658,A432611,K25-051356,2025-03-12,2025-03-13,train,train,
5659,A432613,K25-051357,2025-03-12,2025-03-12,train,train,
5660,A432614,K25-051358,2025-03-12,2025-03-13,train,train,
5661,A432626,K25-051359,2025-03-13,2025-03-29,train,train,
5662,A432627,K25-051360,2025-03-13,2025-04-04,train,train,
5663,A432628,K25-051361,2025-03-13,2025-03-28,train,train,
5664,A427703,K25-051363,2025-03-13,2025-03-27,train,train,
5665,A389258,K25-051364,2025-03-13,2025-03-13,train,excluded,Training animal also appears in validation or test period
5666,A432634,K25-051365,2025-03-14,2025-03-25,train,train,
5667,A282798,K25-051367,2025-03-14,2025-03-25,train,train,
5668,A432641,K25-051369,2025-03-14,2025-04-14,train,train,
5669,A432650,K25-051370,2025-03-14,2025-03-14,train,train,
5670,A432659,K25-051372,2025-03-15,2025-03-28,train,train,
5671,A432662,K25-051373,2025-03-15,2025-03-15,train,train,
5672,A432664,K25-051374,2025-03-15,2025-03-27,train,train,
5673,A432665,K25-051375,2025-03-15,2025-03-15,train,train,
5674,A432672,K25-051376,2025-03-15,2025-03-25,train,train,
5675,A432675,K25-051379,2025-03-15,2025-03-25,train,train,
5676,A432676,K25-051380,2025-03-15,2025-03-15,train,train,
5677,A432677,K25-051381,2025-03-15,2025-03-25,train,train,
5678,A432679,K25-051382,2025-03-15,2025-03-18,train,train,
5679,A432694,K25-051384,2025-03-17,2025-03-18,train,train,
5680,A432697,K25-051385,2025-03-17,2025-04-09,train,train,
5681,A432698,K25-051386,2025-03-17,2025-03-28,train,train,
5682,A416292,K25-051387,2025-03-17,2025-03-28,train,train,
5683,A432700,K25-051388,2025-03-17,2025-03-18,train,train,
5684,A432706,K25-051390,2025-03-18,2025-03-18,train,excluded,Training animal also appears in validation or test period
5685,A414069,K25-051391,2025-03-18,2025-03-21,train,excluded,Training animal also appears in validation or test period
5686,A432712,K25-051394,2025-03-19,2025-03-20,train,train,
5687,A427793,K25-051395,2025-03-19,2025-04-05,train,train,
5688,A423452,K25-051396,2025-03-19,2025-04-05,train,train,
5689,A423451,K25-051397,2025-03-19,2025-04-10,train,train,
5690,A432714,K25-051398,2025-03-19,2025-03-25,train,excluded,Training animal also appears in validation or test period
5691,A432715,K25-051399,2025-03-19,2025-03-25,train,excluded,Training animal also appears in validation or test period
5692,A432717,K25-051400,2025-03-19,2025-04-19,train,train,
5693,A432718,K25-051401,2025-03-19,2025-03-19,train,train,
5694,A432719,K25-051402,2025-03-19,2025-03-19,train,train,
5695,A432721,K25-051404,2025-03-19,2025-03-25,train,train,
5696,A432745,K25-051410,2025-03-20,2025-04-20,train,train,
5697,A432744,K25-051411,2025-03-20,2025-04-20,train,train,
5698,A432750,K25-051412,2025-03-20,2025-03-20,train,train,
5699,A432751,K25-051413,2025-03-20,2025-03-20,train,train,
5700,A432756,K25-051414,2025-03-20,2025-03-20,train,train,
5701,A420132,K25-051415,2025-03-20,2025-03-20,train,train,
5702,A428878,K25-051416,2025-03-20,2025-04-03,train,train,
5703,A432763,K25-051417,2025-03-20,2025-03-20,train,train,
5704,A432765,K25-051418,2025-03-20,2025-03-20,train,train,
5705,A432767,K25-051419,2025-03-21,2025-03-29,train,train,
5706,A432770,K25-051420,2025-03-21,2025-04-21,train,train,
5707,A432773,K25-051422,2025-03-21,2025-03-21,train,train,
5708,A432777,K25-051423,2025-03-21,2025-04-03,train,train,
5709,A432778,K25-051424,2025-03-21,2025-03-30,train,train,
5710,A416697,K25-051425,2025-03-21,2025-03-26,train,train,
5711,A432786,K25-051426,2025-03-21,2025-03-21,train,train,
5712,A432791,K25-051428,2025-03-21,2025-03-22,train,excluded,Training animal also appears in validation or test period
5713,A432140,K25-051429,2025-03-22,2025-04-05,train,train,
5714,A432815,K25-051431,2025-03-22,2025-04-03,train,train,
5715,A432819,K25-051432,2025-03-22,2025-03-25,train,train,
5716,A432820,K25-051433,2025-03-22,2025-03-25,train,train,
5717,A415750,K25-051434,2025-03-23,2025-03-25,train,train,
5718,A432821,K25-051435,2025-03-23,2025-04-02,train,train,
5719,A427915,K25-051438,2025-03-24,2025-03-25,train,train,
5720,A432837,K25-051440,2025-03-25,2025-04-03,train,train,
5721,A432839,K25-051441,2025-03-25,2025-03-25,train,train,
5722,A432842,K25-051443,2025-03-25,2025-04-02,train,train,
5723,A432845,K25-051446,2025-03-25,2025-03-25,train,train,
5724,A432846,K25-051447,2025-03-25,2025-03-25,train,train,
5725,A432847,K25-051448,2025-03-26,2025-03-28,train,train,
5726,A432852,K25-051452,2025-03-26,2025-03-27,train,train,
5727,A432853,K25-051453,2025-03-26,2025-04-03,train,train,
5728,A432855,K25-051454,2025-03-26,2025-04-26,train,train,
5729,A432858,K25-051455,2025-03-26,2025-03-26,train,train,
5730,A432861,K25-051456,2025-03-26,2025-04-15,train,train,
5731,A432863,K25-051457,2025-03-26,2025-04-02,train,train,
5732,A432864,K25-051458,2025-03-26,2025-04-05,train,train,
5733,A432865,K25-051459,2025-03-26,2025-04-05,train,train,
5734,A432869,K25-051460,2025-03-27,2025-04-02,train,train,
5735,A432871,K25-051461,2025-03-27,2025-03-30,train,train,
5736,A432872,K25-051462,2025-03-27,2025-03-30,train,train,
5737,A432873,K25-051463,2025-03-27,2025-03-30,train,train,
5738,A426114,K25-051464,2025-03-27,2025-04-05,train,train,
5739,A418666,K25-051465,2025-03-27,2025-03-29,train,train,
5740,A432882,K25-051466,2025-03-27,2025-04-17,train,train,
5741,A432894,K25-051468,2025-03-28,2025-04-20,train,train,
5742,A432895,K25-051469,2025-03-28,2025-04-20,train,train,
5743,A432896,K25-051470,2025-03-28,2025-04-20,train,train,
5744,A279775,K25-051471,2025-03-28,2025-04-04,train,train,
5745,A415605,K25-051472,2025-03-28,2025-04-15,train,train,
5746,A432903,K25-051473,2025-03-28,2025-04-09,train,train,
5747,A432936,K25-051479,2025-03-29,2025-04-29,train,train,
5748,A432940,K25-051480,2025-03-29,2025-04-29,train,train,
5749,A432960,K25-051491,2025-03-29,2025-04-29,train,train,
5750,A432943,K25-051481,2025-03-30,2025-04-30,train,train,
5751,A432952,K25-051483,2025-04-01,2025-04-01,train,train,
5752,A432954,K25-051486,2025-04-01,2025-04-02,train,train,
5753,A432955,K25-051487,2025-04-01,2025-05-02,train,train,
5754,A432956,K25-051488,2025-04-01,2025-04-01,train,excluded,Training animal also appears in validation or test period
5755,A432957,K25-051489,2025-04-01,2025-04-01,train,train,
5756,A432958,K25-051490,2025-04-01,2025-04-30,train,train,
5757,A432961,K25-051492,2025-04-01,2025-04-01,train,train,
5758,A432962,K25-051493,2025-04-01,2025-04-17,train,train,
5759,A432964,K25-051494,2025-04-01,2025-05-02,train,train,
5760,A390438,K25-051495,2025-04-01,2025-04-01,train,train,
5761,A432968,K25-051496,2025-04-01,2025-04-01,train,train,
5762,A432974,K25-051498,2025-04-01,2025-04-16,train,train,
5763,A432976,K25-051500,2025-04-01,2025-04-09,train,train,
5764,A432979,K25-051502,2025-04-02,2025-04-11,train,train,
5765,A432995,K25-051503,2025-04-02,2025-04-22,train,train,
5766,A432997,K25-051505,2025-04-02,2025-04-03,train,train,
5767,A432998,K25-051506,2025-04-02,2025-04-03,train,train,
5768,A432999,K25-051507,2025-04-02,2025-04-03,train,train,
5769,A433000,K25-051508,2025-04-02,2025-04-03,train,train,
5770,A433001,K25-051509,2025-04-02,2025-04-02,train,train,
5771,A433017,K25-051511,2025-04-03,2025-04-04,train,train,
5772,A433033,K25-051512,2025-04-03,2025-04-03,train,train,
5773,A282339,K25-051513,2025-04-03,2025-04-03,train,train,
5774,A433045,K25-051515,2025-04-03,2025-04-23,train,train,
5775,A433049,K25-051516,2025-04-03,2025-04-22,train,train,
5776,A433052,K25-051517,2025-04-03,2025-04-09,train,train,
5777,A433053,K25-051518,2025-04-03,2025-05-01,train,train,
5778,A433058,K25-051519,2025-04-03,2025-05-04,train,train,
5779,A423367,K25-051520,2025-04-04,2025-04-08,train,train,
5780,A423365,K25-051521,2025-04-04,2025-04-08,train,train,
5781,A386614,K25-051522,2025-04-04,2025-04-05,train,train,
5782,A377095,K25-051523,2025-04-05,2025-04-05,train,excluded,Training animal also appears in validation or test period
5783,A430563,K25-051524,2025-04-05,2025-04-08,train,excluded,Training animal also appears in validation or test period
5784,A433089,K25-051525,2025-04-05,2025-04-08,train,excluded,Training animal also appears in validation or test period
5785,A433092,K25-051526,2025-04-05,2025-04-09,train,train,
5786,A433098,K25-051528,2025-04-05,2025-04-06,train,train,
5787,A433101,K25-051529,2025-04-06,2025-04-09,train,train,
5788,A433106,K25-051530,2025-04-07,2025-05-08,train,train,
5789,A433107,K25-051531,2025-04-07,2025-05-08,train,train,
5790,A433108,K25-051532,2025-04-07,2025-05-08,train,train,
5791,A433109,K25-051533,2025-04-07,2025-05-08,train,train,
5792,A433110,K25-051534,2025-04-07,2025-05-08,train,train,
5793,A433111,K25-051535,2025-04-07,2025-04-12,train,train,
5794,A433112,K25-051536,2025-04-07,2025-04-12,train,train,
5795,A433113,K25-051537,2025-04-07,2025-04-08,train,train,
5796,A433114,K25-051538,2025-04-07,2025-04-08,train,train,
5797,A433121,K25-051542,2025-04-07,2025-04-07,train,train,
5798,A433124,K25-051543,2025-04-07,2025-04-09,train,train,
5799,A415352,K25-051545,2025-04-08,2025-04-22,train,train,
5800,A426690,K25-051546,2025-04-08,2025-04-22,train,train,
5801,A423365,K25-051547,2025-04-08,2025-04-15,train,train,
5802,A423367,K25-051548,2025-04-08,2025-04-15,train,train,
5803,A433130,K25-051549,2025-04-08,2025-05-08,train,train,
5804,A433131,K25-051550,2025-04-08,2025-05-03,train,train,
5805,A433133,K25-051551,2025-04-08,2025-04-29,train,train,
5806,A433134,K25-051552,2025-04-08,2025-04-29,train,train,
5807,A433136,K25-051553,2025-04-08,2025-04-25,train,train,
5808,A427574,K25-051554,2025-04-08,2025-05-09,train,train,
5809,A433137,K25-051555,2025-04-08,2025-04-08,train,train,
5810,A433138,K25-051556,2025-04-08,2025-04-08,train,train,
5811,A433142,K25-051558,2025-04-08,2025-04-08,train,train,
5812,A433143,K25-051559,2025-04-08,2025-04-08,train,train,
5813,A433151,K25-051560,2025-04-09,2025-04-09,train,train,
5814,A433153,K25-051561,2025-04-09,2025-04-10,train,train,
5815,A410983,K25-051563,2025-04-09,2025-04-11,train,train,
5816,A409401,K25-051570,2025-04-09,2025-04-11,train,excluded,Training animal also appears in validation or test period
5817,A433162,K25-051564,2025-04-10,2025-05-11,train,train,
5818,A433163,K25-051565,2025-04-10,2025-05-11,train,train,
5819,A433164,K25-051566,2025-04-10,2025-05-11,train,train,
5820,A433165,K25-051567,2025-04-10,2025-04-26,train,train,
5821,A433166,K25-051569,2025-04-10,2025-05-11,train,train,
5822,A433177,K25-051573,2025-04-10,2025-05-02,train,train,
5823,A433178,K25-051574,2025-04-10,2025-05-11,train,train,
5824,A433179,K25-051575,2025-04-10,2025-05-11,train,train,
5825,A433180,K25-051576,2025-04-10,2025-05-01,train,train,
5826,A433181,K25-051577,2025-04-10,2025-05-01,train,train,
5827,A433182,K25-051578,2025-04-10,2025-05-11,train,train,
5828,A433183,K25-051579,2025-04-10,2025-05-10,train,train,
5829,A433185,K25-051580,2025-04-10,2025-04-22,train,train,
5830,A433188,K25-051582,2025-04-11,2025-04-11,train,train,
5831,A433189,K25-051583,2025-04-11,2025-04-11,train,train,
5832,A433193,K25-051584,2025-04-11,2025-05-09,train,train,
5833,A433192,K25-051585,2025-04-11,2025-04-26,train,train,
5834,A433200,K25-051586,2025-04-11,2025-05-12,train,train,
5835,A433201,K25-051587,2025-04-11,2025-05-12,train,train,
5836,A433202,K25-051588,2025-04-11,2025-05-12,train,train,
5837,A433203,K25-051589,2025-04-11,2025-05-12,train,train,
5838,A433204,K25-051590,2025-04-11,2025-05-12,train,train,
5839,A433205,K25-051591,2025-04-11,2025-05-12,train,train,
5840,A433206,K25-051592,2025-04-11,2025-05-12,train,train,
5841,A433207,K25-051593,2025-04-11,2025-05-12,train,train,
5842,A433208,K25-051594,2025-04-11,2025-04-11,train,train,
5843,A433213,K25-051598,2025-04-11,2025-04-11,train,train,
5844,A433223,K25-051599,2025-04-11,2025-04-11,train,train,
5845,A433224,K25-051600,2025-04-11,2025-04-11,train,train,
5846,A433225,K25-051601,2025-04-11,2025-04-11,train,train,
5847,A433227,K25-051602,2025-04-11,2025-04-11,train,train,
5848,A433228,K25-051603,2025-04-11,2025-04-15,train,train,
5849,A411602,K25-051604,2025-04-11,2025-05-12,train,train,
5850,A433233,K25-051605,2025-04-12,2025-04-15,train,train,
5851,A433234,K25-051606,2025-04-12,2025-04-15,train,train,
5852,A433235,K25-051607,2025-04-12,2025-04-15,train,train,
5853,A433236,K25-051608,2025-04-12,2025-04-15,train,train,
5854,A433237,K25-051609,2025-04-12,2025-04-15,train,train,
5855,A433238,K25-051610,2025-04-12,2025-04-25,train,train,
5856,A433239,K25-051611,2025-04-12,2025-05-01,train,train,
5857,A433240,K25-051612,2025-04-12,2025-04-17,train,train,
5858,A433241,K25-051613,2025-04-12,2025-04-17,train,train,
5859,A433242,K25-051614,2025-04-12,2025-05-01,train,train,
5860,A433226,K25-051618,2025-04-12,2025-04-19,train,train,
5861,A433247,K25-051619,2025-04-12,2025-05-01,train,train,
5862,A433248,K25-051620,2025-04-12,2025-05-09,train,train,
5863,A433250,K25-051621,2025-04-12,2025-05-07,train,train,
5864,A433251,K25-051622,2025-04-12,2025-04-29,train,train,
5865,A433252,K25-051623,2025-04-12,2025-04-24,train,train,
5866,A433253,K25-051624,2025-04-12,2025-04-13,train,train,
5867,A433254,K25-051625,2025-04-12,2025-04-19,train,train,
5868,A433262,K25-051631,2025-04-12,2025-04-15,train,train,
5869,A433265,K25-051632,2025-04-13,2025-04-24,train,train,
5870,A433266,K25-051633,2025-04-13,2025-05-14,train,train,
5871,A433267,K25-051634,2025-04-13,2025-04-15,train,train,
5872,A433271,K25-051636,2025-04-13,2025-05-14,train,train,
5873,A433273,K25-051637,2025-04-13,2025-05-01,train,train,
5874,A433275,K25-051639,2025-04-13,2025-05-14,train,train,
5875,A433276,K25-051640,2025-04-13,2025-05-14,train,train,
5876,A433277,K25-051641,2025-04-13,2025-05-14,train,train,
5877,A433278,K25-051642,2025-04-13,2025-05-09,train,train,
5878,A433279,K25-051643,2025-04-13,2025-05-14,train,train,
5879,A433280,K25-051644,2025-04-13,2025-05-14,train,train,
5880,A433281,K25-051645,2025-04-13,2025-05-14,train,train,
5881,A433272,K25-051646,2025-04-13,2025-05-14,train,train,
5882,A433455,K25-051764,2025-04-13,2025-05-14,train,train,
5883,A433284,K25-051648,2025-04-14,2025-05-09,train,train,
5884,A281796,K25-051649,2025-04-14,2025-04-18,train,train,
5885,A433286,K25-051650,2025-04-14,2025-04-26,train,train,
5886,A433287,K25-051651,2025-04-14,2025-04-26,train,train,
5887,A433288,K25-051652,2025-04-14,2025-04-26,train,train,
5888,A433289,K25-051653,2025-04-14,2025-04-26,train,train,
5889,A433290,K25-051654,2025-04-14,2025-04-26,train,train,
5890,A433291,K25-051655,2025-04-14,2025-04-14,train,train,
5891,A433294,K25-051657,2025-04-14,2025-05-15,train,excluded,Training animal also appears in validation or test period
5892,A433219,K25-051659,2025-04-15,2025-05-16,train,train,
5893,A433298,K25-051660,2025-04-15,2025-04-20,train,train,
5894,A433299,K25-051661,2025-04-15,2025-04-20,train,train,
5895,A433300,K25-051662,2025-04-15,2025-04-20,train,train,
5896,A433301,K25-051663,2025-04-15,2025-04-20,train,train,
5897,A433302,K25-051664,2025-04-15,2025-04-20,train,train,
5898,A433303,K25-051665,2025-04-15,2025-04-20,train,train,
5899,A433305,K25-051666,2025-04-15,2025-04-22,train,train,
5900,A433306,K25-051667,2025-04-15,2025-04-20,train,train,
5901,A432061,K25-051670,2025-04-15,2025-05-16,train,train,
5902,A433307,K25-051671,2025-04-15,2025-05-15,train,train,
5903,A422851,K25-051672,2025-04-15,2025-05-07,train,train,
5904,A433323,K25-051673,2025-04-16,2025-04-25,train,train,
5905,A433324,K25-051674,2025-04-16,2025-04-17,train,train,
5906,A433326,K25-051675,2025-04-16,2025-04-26,train,train,
5907,A433308,K25-051676,2025-04-17,2025-05-18,train,train,
5908,A433329,K25-051677,2025-04-17,2025-04-17,train,excluded,Training animal also appears in validation or test period
5909,A433332,K25-051678,2025-04-17,2025-05-18,train,train,
5910,A433333,K25-051679,2025-04-17,2025-05-18,train,train,
5911,A433334,K25-051680,2025-04-17,2025-05-18,train,train,
5912,A433335,K25-051681,2025-04-17,2025-05-18,train,train,
5913,A433352,K25-051684,2025-04-17,2025-04-18,train,train,
5914,A433353,K25-051685,2025-04-17,2025-04-18,train,train,
5915,A433358,K25-051688,2025-04-18,2025-05-05,train,train,
5916,A433359,K25-051689,2025-04-18,2025-05-05,train,train,
5917,A433360,K25-051690,2025-04-18,2025-05-19,train,train,
5918,A433366,K25-051691,2025-04-18,2025-05-10,train,train,
5919,A433367,K25-051692,2025-04-18,2025-05-15,train,train,
5920,A433371,K25-051695,2025-04-18,2025-04-18,train,train,
5921,A433372,K25-051696,2025-04-18,2025-04-18,train,train,
5922,A397481,K25-051697,2025-04-18,2025-04-19,train,train,
5923,A433373,K25-051698,2025-04-18,2025-05-10,train,train,
5924,A433374,K25-051699,2025-04-18,2025-05-08,train,train,
5925,A433375,K25-051700,2025-04-18,2025-04-30,train,train,
5926,A433378,K25-051701,2025-04-18,2025-04-19,train,train,
5927,A433612,K25-051862,2025-04-18,2025-05-19,train,train,
5928,A433613,K25-051863,2025-04-18,2025-05-19,train,train,
5929,A433379,K25-051702,2025-04-19,2025-05-17,train,train,
5930,A433380,K25-051703,2025-04-19,2025-04-22,train,train,
5931,A381839,K25-051704,2025-04-19,2025-04-19,train,train,
5932,A433387,K25-051705,2025-04-19,2025-04-19,train,train,
5933,A433390,K25-051706,2025-04-19,2025-04-26,train,train,
5934,A433391,K25-051707,2025-04-19,2025-04-19,train,train,
5935,A433392,K25-051708,2025-04-19,2025-04-19,train,train,
5936,A432697,K25-051709,2025-04-19,2025-04-22,train,train,
5937,A433393,K25-051710,2025-04-19,2025-04-19,train,train,
5938,A433394,K25-051711,2025-04-19,2025-04-19,train,train,
5939,A433395,K25-051712,2025-04-19,2025-05-01,train,train,
5940,A420369,K25-051713,2025-04-19,2025-04-19,train,train,
5941,A433398,K25-051714,2025-04-19,2025-05-16,train,train,
5942,A433382,K25-051715,2025-04-19,2025-05-20,train,train,
5943,A433381,K25-051716,2025-04-19,2025-05-20,train,train,
5944,A433403,K25-051718,2025-04-19,2025-04-22,train,train,
5945,A433405,K25-051719,2025-04-19,2025-04-22,train,train,
5946,A433406,K25-051720,2025-04-19,2025-04-22,train,train,
5947,A407271,K25-051722,2025-04-20,2025-04-24,train,train,
5948,A427483,K25-051723,2025-04-20,2025-04-22,train,train,
5949,A433412,K25-051724,2025-04-20,2025-05-01,train,train,
5950,A433413,K25-051725,2025-04-20,2025-05-05,train,train,
5951,A433414,K25-051726,2025-04-20,2025-05-12,train,train,
5952,A433415,K25-051727,2025-04-20,2025-05-05,train,train,
5953,A433416,K25-051728,2025-04-20,2025-05-05,train,train,
5954,A433417,K25-051729,2025-04-20,2025-05-05,train,train,
5955,A433418,K25-051730,2025-04-20,2025-05-12,train,train,
5956,A433419,K25-051731,2025-04-20,2025-05-12,train,train,
5957,A433420,K25-051732,2025-04-20,2025-05-05,train,train,
5958,A433421,K25-051733,2025-04-20,2025-05-12,train,train,
5959,A433422,K25-051734,2025-04-20,2025-05-05,train,train,
5960,A433423,K25-051735,2025-04-20,2025-05-05,train,train,
5961,A433424,K25-051736,2025-04-20,2025-05-05,train,train,
5962,A433425,K25-051737,2025-04-20,2025-05-12,train,train,
5963,A433426,K25-051738,2025-04-20,2025-05-12,train,train,
5964,A433427,K25-051739,2025-04-20,2025-05-01,train,train,
5965,A415353,K25-051740,2025-04-20,2025-05-21,train,train,
5966,A433435,K25-051741,2025-04-21,2025-05-12,train,train,
5967,A433433,K25-051742,2025-04-21,2025-05-01,train,train,
5968,A433438,K25-051744,2025-04-21,2025-04-23,train,train,
5969,A433441,K25-051745,2025-04-21,2025-05-14,train,excluded,Training animal also appears in validation or test period
5970,A433442,K25-051746,2025-04-21,2025-05-01,train,train,
5971,A413163,K25-051750,2025-04-22,2025-05-23,train,train,
5972,A433443,K25-051751,2025-04-22,2025-05-12,train,train,
5973,A433445,K25-051753,2025-04-22,2025-05-16,train,train,
5974,A433446,K25-051754,2025-04-22,2025-05-01,train,train,
5975,A433447,K25-051755,2025-04-22,2025-04-27,train,train,
5976,A433448,K25-051756,2025-04-22,2025-05-08,train,train,
5977,A433451,K25-051759,2025-04-22,2025-04-22,train,train,
5978,A433457,K25-051765,2025-04-22,2025-05-23,train,train,
5979,A433465,K25-051770,2025-04-23,2025-05-13,train,train,
5980,A433466,K25-051771,2025-04-23,2025-05-01,train,train,
5981,A346894,K25-051772,2025-04-23,2025-04-24,train,train,
5982,A433927,K25-052048,2025-04-23,2025-05-24,train,train,
5983,A433928,K25-052049,2025-04-23,2025-05-24,train,train,
5984,A433929,K25-052050,2025-04-23,2025-05-24,train,train,
5985,A433468,K25-051773,2025-04-24,2025-04-24,train,train,
5986,A433474,K25-051774,2025-04-24,2025-04-25,train,excluded,Training animal also appears in validation or test period
5987,A424384,K25-051775,2025-04-24,2025-04-25,train,excluded,Training animal also appears in validation or test period
5988,A415107,K25-051776,2025-04-24,2025-04-25,train,excluded,Training animal also appears in validation or test period
5989,A433045,K25-051777,2025-04-24,2025-05-01,train,train,
5990,A433475,K25-051778,2025-04-24,2025-04-25,train,train,
5991,A433480,K25-051780,2025-04-24,2025-04-24,train,train,
5992,A433477,K25-051779,2025-04-25,2025-05-15,train,train,
5993,A433491,K25-051782,2025-04-25,2025-05-15,train,train,
5994,A433492,K25-051783,2025-04-25,2025-04-26,train,train,
5995,A433495,K25-051784,2025-04-25,2025-05-17,train,train,
5996,A433496,K25-051785,2025-04-25,2025-05-26,train,train,
5997,A433497,K25-051786,2025-04-25,2025-05-02,train,train,
5998,A433499,K25-051787,2025-04-25,2025-04-26,train,train,
5999,A433503,K25-051789,2025-04-26,2025-04-26,train,train,
6000,A433502,K25-051790,2025-04-26,2025-05-11,train,train,
6001,A433507,K25-051793,2025-04-26,2025-05-27,train,train,
6002,A433232,K25-051794,2025-04-26,2025-05-27,train,train,
6003,A433231,K25-051795,2025-04-26,2025-05-27,train,train,
6004,A433508,K25-051796,2025-04-26,2025-05-13,train,train,
6005,A433510,K25-051799,2025-04-27,2025-05-13,train,train,
6006,A433089,K25-051800,2025-04-27,2025-04-27,train,excluded,Training animal also appears in validation or test period
6007,A430563,K25-051801,2025-04-27,2025-04-27,train,excluded,Training animal also appears in validation or test period
6008,A433516,K25-051802,2025-04-28,2025-05-16,train,train,
6009,A433518,K25-051804,2025-04-28,2025-05-15,train,train,
6010,A383479,K25-051805,2025-04-28,2025-04-29,train,train,
6011,A413448,K25-051806,2025-04-28,2025-04-30,train,train,
6012,A433526,K25-051808,2025-04-29,2025-04-29,train,train,
6013,A433539,K25-051811,2025-04-29,2025-05-30,train,train,
6014,A433543,K25-051812,2025-04-30,2025-05-31,train,train,
6015,A433544,K25-051813,2025-04-30,2025-05-31,train,train,
6016,A433546,K25-051814,2025-04-30,2025-05-02,train,train,
6017,A433538,K25-051815,2025-04-30,2025-05-09,train,train,
6018,A433547,K25-051816,2025-04-30,2025-04-30,train,train,
6019,A433548,K25-051817,2025-04-30,2025-04-30,train,train,
6020,A433739,K25-051930,2025-04-30,2025-05-20,train,train,
6021,A433557,K25-051821,2025-05-01,2025-05-15,train,train,
6022,A433558,K25-051822,2025-05-01,2025-05-10,train,train,
6023,A433559,K25-051823,2025-05-01,2025-05-10,train,train,
6024,A433564,K25-051824,2025-05-01,2025-05-07,train,train,
6025,A433565,K25-051825,2025-05-01,2025-05-07,train,train,
6026,A433566,K25-051826,2025-05-01,2025-05-07,train,train,
6027,A433571,K25-051827,2025-05-01,2025-05-01,train,train,
6028,A433578,K25-051828,2025-05-01,2025-05-02,train,train,
6029,A433579,K25-051829,2025-05-01,2025-05-02,train,train,
6030,A433580,K25-051830,2025-05-01,2025-05-02,train,train,
6031,A433581,K25-051831,2025-05-01,2025-05-02,train,train,
6032,A422092,K25-051832,2025-05-01,2025-05-02,train,train,
6033,A430658,K25-051833,2025-05-02,2025-06-02,train,train,
6034,A433273,K25-051834,2025-05-02,2025-05-10,train,train,
6035,A433582,K25-051835,2025-05-02,2025-05-02,train,train,
6036,A411719,K25-051836,2025-05-02,2025-05-02,train,excluded,Training animal also appears in validation or test period
6037,A433583,K25-051837,2025-05-02,2025-05-02,train,excluded,Training animal also appears in validation or test period
6038,A433585,K25-051839,2025-05-02,2025-05-13,train,train,
6039,A433586,K25-051840,2025-05-02,2025-06-02,train,train,
6040,A433587,K25-051841,2025-05-02,2025-06-02,train,train,
6041,A433588,K25-051842,2025-05-02,2025-06-02,train,train,
6042,A433589,K25-051843,2025-05-02,2025-06-02,train,train,
6043,A433591,K25-051844,2025-05-02,2025-05-07,train,train,
6044,A433593,K25-051845,2025-05-02,2025-05-20,train,train,
6045,A433594,K25-051846,2025-05-02,2025-05-30,train,train,
6046,A433595,K25-051847,2025-05-02,2025-05-17,train,train,
6047,A433596,K25-051848,2025-05-02,2025-05-20,train,train,
6048,A433597,K25-051849,2025-05-02,2025-06-02,train,train,
6049,A433598,K25-051850,2025-05-02,2025-06-02,train,train,
6050,A433603,K25-051852,2025-05-02,2025-06-02,train,train,
6051,A433604,K25-051853,2025-05-02,2025-05-30,train,train,
6052,A433605,K25-051854,2025-05-02,2025-05-20,train,train,
6053,A433606,K25-051855,2025-05-02,2025-05-21,train,train,
6054,A433607,K25-051856,2025-05-02,2025-05-20,train,train,
6055,A433608,K25-051857,2025-05-02,2025-05-20,train,train,
6056,A433609,K25-051859,2025-05-02,2025-06-02,train,train,
6057,A433610,K25-051860,2025-05-02,2025-06-02,train,train,
6058,A433611,K25-051861,2025-05-02,2025-06-02,train,train,
6059,A433620,K25-051864,2025-05-03,2025-05-15,train,train,
6060,A433621,K25-051865,2025-05-03,2025-05-06,train,train,
6061,A397410,K25-051866,2025-05-03,2025-05-03,train,train,
6062,A395796,K25-051867,2025-05-03,2025-05-03,train,train,
6063,A433542,K25-051868,2025-05-03,2025-05-21,train,train,
6064,A433628,K25-051869,2025-05-03,2025-05-07,train,train,
6065,A433629,K25-051870,2025-05-03,2025-05-07,train,train,
6066,A433630,K25-051871,2025-05-03,2025-05-07,train,train,
6067,A433632,K25-051872,2025-05-03,2025-05-03,train,train,
6068,A433633,K25-051873,2025-05-03,2025-06-03,train,train,
6069,A433634,K25-051874,2025-05-03,2025-06-03,train,train,
6070,A433635,K25-051875,2025-05-03,2025-06-03,train,train,
6071,A433636,K25-051876,2025-05-03,2025-06-03,train,train,
6072,A433637,K25-051877,2025-05-03,2025-05-03,train,train,
6073,A433292,K25-051881,2025-05-04,2025-05-10,train,train,
6074,A433651,K25-051882,2025-05-04,2025-05-08,train,train,
6075,A433652,K25-051883,2025-05-04,2025-05-08,train,train,
6076,A433653,K25-051884,2025-05-04,2025-05-06,train,train,
6077,A433654,K25-051885,2025-05-04,2025-05-06,train,excluded,Training animal also appears in validation or test period
6078,A433655,K25-051886,2025-05-04,2025-05-04,train,train,
6079,A433658,K25-051887,2025-05-05,2025-05-16,train,train,
6080,A433740,K25-051931,2025-05-05,2025-06-05,train,train,
6081,A433665,K25-051888,2025-05-06,2025-05-06,train,train,
6082,A433667,K25-051889,2025-05-06,2025-06-06,train,excluded,Training animal also appears in validation or test period
6083,A433668,K25-051890,2025-05-06,2025-06-06,train,train,
6084,A433669,K25-051891,2025-05-06,2025-06-06,train,train,
6085,A433670,K25-051892,2025-05-06,2025-05-22,train,train,
6086,A433671,K25-051893,2025-05-06,2025-05-22,train,train,
6087,A433681,K25-051900,2025-05-06,2025-06-05,train,train,
6088,A433682,K25-051901,2025-05-06,2025-05-09,train,train,
6089,A433683,K25-051902,2025-05-06,2025-05-09,train,train,
6090,A433689,K25-051903,2025-05-07,2025-05-07,train,train,
6091,A433691,K25-051905,2025-05-07,2025-05-07,train,train,
6092,A433878,K25-051906,2025-05-07,2025-05-16,train,train,
6093,A433879,K25-051907,2025-05-07,2025-05-16,train,train,
6094,A433695,K25-051908,2025-05-07,2025-05-07,train,train,
6095,A433696,K25-051909,2025-05-07,2025-05-07,train,train,
6096,A433697,K25-051910,2025-05-07,2025-05-07,train,train,
6097,A433706,K25-051915,2025-05-08,2025-05-15,train,train,
6098,A433707,K25-051916,2025-05-08,2025-05-10,train,train,
6099,A433708,K25-051917,2025-05-08,2025-05-10,train,train,
6100,A433709,K25-051918,2025-05-08,2025-05-10,train,train,
6101,A433712,K25-051920,2025-05-08,2025-05-08,train,train,
6102,A433721,K25-051922,2025-05-08,2025-05-16,train,train,
6103,A433722,K25-051923,2025-05-08,2025-05-16,train,train,
6104,A433720,K25-051921,2025-05-09,2025-05-09,train,train,
6105,A384771,K25-051924,2025-05-09,2025-05-09,train,train,
6106,A433727,K25-051925,2025-05-09,2025-05-09,train,train,
6107,A433730,K25-051926,2025-05-09,2025-05-10,train,train,
6108,A433732,K25-051927,2025-05-09,2025-05-09,train,train,
6109,A433731,K25-051928,2025-05-09,2025-05-15,train,train,
6110,A433737,K25-051929,2025-05-10,2025-05-10,train,train,
6111,A433743,K25-051933,2025-05-10,2025-05-14,train,train,
6112,A433744,K25-051934,2025-05-10,2025-05-21,train,train,
6113,A433745,K25-051935,2025-05-10,2025-06-10,train,train,
6114,A422092,K25-051936,2025-05-10,2025-06-06,train,train,
6115,A433750,K25-051937,2025-05-10,2025-05-24,train,train,
6116,A433764,K25-051938,2025-05-10,2025-06-10,train,train,
6117,A410827,K25-051939,2025-05-10,2025-06-10,train,train,
6118,A433766,K25-051940,2025-05-10,2025-05-29,train,train,
6119,A391315,K25-051941,2025-05-11,2025-05-11,train,train,
6120,A433767,K25-051942,2025-05-11,2025-05-13,train,train,
6121,A433768,K25-051943,2025-05-11,2025-06-05,train,train,
6122,A433769,K25-051944,2025-05-11,2025-06-05,train,train,
6123,A433770,K25-051945,2025-05-11,2025-06-05,train,train,
6124,A433774,K25-051946,2025-05-11,2025-05-13,train,train,
6125,A433777,K25-051947,2025-05-12,2025-05-16,train,train,
6126,A433779,K25-051949,2025-05-12,2025-05-15,train,excluded,Training animal also appears in validation or test period
6127,A372600,K25-051950,2025-05-12,2025-05-15,train,train,
6128,A433780,K25-051951,2025-05-12,2025-05-13,train,train,
6129,A433781,K25-051952,2025-05-12,2025-05-13,train,train,
6130,A433782,K25-051953,2025-05-12,2025-05-13,train,train,
6131,A433783,K25-051954,2025-05-12,2025-05-13,train,train,
6132,A433784,K25-051955,2025-05-12,2025-05-23,train,train,
6133,A422851,K25-051956,2025-05-12,2025-05-29,train,train,
6134,A433789,K25-051957,2025-05-12,2025-05-13,train,train,
6135,A332137,K25-051959,2025-05-12,2025-05-20,train,train,
6136,A433790,K25-051960,2025-05-13,2025-05-13,train,train,
6137,A433791,K25-051961,2025-05-13,2025-05-14,train,train,
6138,A433502,K25-051962,2025-05-13,2025-05-15,train,train,
6139,A433794,K25-051963,2025-05-13,2025-06-03,train,train,
6140,A433795,K25-051964,2025-05-13,2025-05-29,train,train,
6141,A433250,K25-051965,2025-05-13,2025-06-13,train,train,
6142,A415162,K25-051966,2025-05-13,2025-05-13,train,excluded,Training animal also appears in validation or test period
6143,A433797,K25-051967,2025-05-13,2025-06-13,train,train,
6144,A433798,K25-051968,2025-05-13,2025-06-13,train,train,
6145,A433799,K25-051969,2025-05-13,2025-06-13,train,train,
6146,A433800,K25-051970,2025-05-13,2025-06-13,train,train,
6147,A433801,K25-051971,2025-05-13,2025-06-13,train,train,
6148,A433802,K25-051972,2025-05-13,2025-06-13,train,train,
6149,A433804,K25-051973,2025-05-13,2025-06-13,train,train,
6150,A433806,K25-051974,2025-05-13,2025-06-07,train,train,
6151,A426368,K25-051975,2025-05-14,2025-05-14,train,excluded,Training animal also appears in validation or test period
6152,A433451,K25-051976,2025-05-14,2025-06-12,train,train,
6153,A433810,K25-051977,2025-05-14,2025-06-07,train,train,
6154,A433811,K25-051978,2025-05-14,2025-06-13,train,train,
6155,A433812,K25-051979,2025-05-14,2025-06-14,train,train,
6156,A433813,K25-051980,2025-05-14,2025-06-14,train,train,
6157,A433815,K25-051982,2025-05-14,2025-05-14,train,train,
6158,A433817,K25-051983,2025-05-14,2025-05-15,train,train,
6159,A433818,K25-051984,2025-05-14,2025-06-05,train,train,
6160,A433819,K25-051985,2025-05-14,2025-06-05,train,train,
6161,A433820,K25-051986,2025-05-14,2025-06-05,train,train,
6162,A433821,K25-051987,2025-05-14,2025-06-05,train,train,
6163,A433822,K25-051988,2025-05-14,2025-06-05,train,train,
6164,A433826,K25-051989,2025-05-14,2025-06-14,train,train,
6165,A433827,K25-051990,2025-05-14,2025-05-14,train,train,
6166,A420662,K25-051991,2025-05-15,2025-05-15,train,train,
6167,A416793,K25-051992,2025-05-15,2025-05-15,train,train,
6168,A433841,K25-052006,2025-05-15,2025-05-16,train,train,
6169,A433842,K25-052007,2025-05-15,2025-06-15,train,train,
6170,A356696,K25-052009,2025-05-15,2025-06-10,train,train,
6171,A433846,K25-052010,2025-05-15,2025-05-15,train,train,
6172,A433845,K25-052011,2025-05-15,2025-05-15,train,train,
6173,A433847,K25-052012,2025-05-15,2025-05-16,train,train,
6174,A433848,K25-052013,2025-05-15,2025-06-15,train,train,
6175,A434830,K25-052474,2025-05-15,2025-06-15,train,train,
6176,A434831,K25-052475,2025-05-15,2025-06-15,train,train,
6177,A434833,K25-052476,2025-05-15,2025-06-15,train,train,
6178,A434834,K25-052477,2025-05-15,2025-06-15,train,train,
6179,A434835,K25-052478,2025-05-15,2025-06-15,train,train,
6180,A434837,K25-052479,2025-05-15,2025-06-15,train,train,
6181,A433849,K25-052014,2025-05-16,2025-05-20,train,train,
6182,A433851,K25-052015,2025-05-16,2025-06-16,train,train,
6183,A433852,K25-052016,2025-05-16,2025-06-16,train,train,
6184,A433854,K25-052018,2025-05-16,2025-05-29,train,train,
6185,A433855,K25-052019,2025-05-16,2025-05-29,train,train,
6186,A433871,K25-052020,2025-05-16,2025-05-17,train,train,
6187,A433873,K25-052021,2025-05-16,2025-05-17,train,train,
6188,A433877,K25-052022,2025-05-16,2025-05-17,train,train,
6189,A433880,K25-052025,2025-05-16,2025-05-17,train,train,
6190,A433881,K25-052026,2025-05-16,2025-05-17,train,train,
6191,A433882,K25-052027,2025-05-16,2025-05-17,train,train,
6192,A433886,K25-052029,2025-05-16,2025-06-16,train,train,
6193,A433887,K25-052030,2025-05-16,2025-05-17,train,train,
6194,A433888,K25-052031,2025-05-16,2025-05-17,train,train,
6195,A433889,K25-052032,2025-05-16,2025-05-17,train,train,
6196,A433883,K25-052028,2025-05-17,2025-06-17,train,train,
6197,A428390,K25-052033,2025-05-18,2025-05-27,train,excluded,Training animal also appears in validation or test period
6198,A433902,K25-052034,2025-05-18,2025-05-20,train,train,
6199,A433903,K25-052036,2025-05-18,2025-05-28,train,train,
6200,A433905,K25-052037,2025-05-18,2025-06-12,train,train,
6201,A433910,K25-052038,2025-05-19,2025-06-19,train,train,
6202,A433911,K25-052039,2025-05-19,2025-06-07,train,train,
6203,A433912,K25-052040,2025-05-19,2025-06-19,train,train,
6204,A433913,K25-052041,2025-05-19,2025-06-19,train,train,
6205,A433914,K25-052042,2025-05-19,2025-06-19,train,train,
6206,A433915,K25-052043,2025-05-19,2025-06-19,train,train,
6207,A433916,K25-052044,2025-05-19,2025-05-20,train,train,
6208,A433920,K25-052045,2025-05-20,2025-05-21,train,train,
6209,A433923,K25-052046,2025-05-20,2025-05-20,train,train,
6210,A431325,K25-052051,2025-05-20,2025-05-29,train,train,
6211,A433931,K25-052052,2025-05-20,2025-05-31,train,train,
6212,A433932,K25-052053,2025-05-20,2025-05-31,train,train,
6213,A433933,K25-052054,2025-05-20,2025-05-31,train,train,
6214,A433934,K25-052055,2025-05-20,2025-05-31,train,train,
6215,A433935,K25-052056,2025-05-20,2025-05-31,train,train,
6216,A433936,K25-052057,2025-05-20,2025-05-31,train,train,
6217,A433939,K25-052059,2025-05-21,2025-05-23,train,train,
6218,A433946,K25-052060,2025-05-21,2025-06-21,train,train,
6219,A433947,K25-052061,2025-05-21,2025-06-21,train,train,
6220,A411166,K25-052062,2025-05-21,2025-05-28,train,train,
6221,A433948,K25-052063,2025-05-21,2025-06-14,train,train,
6222,A412121,K25-052064,2025-05-22,2025-05-31,train,train,
6223,A433954,K25-052066,2025-05-22,2025-05-31,train,train,
6224,A379777,K25-052067,2025-05-22,2025-05-24,train,train,
6225,A433967,K25-052068,2025-05-22,2025-05-29,train,train,
6226,A433970,K25-052070,2025-05-22,2025-05-27,train,train,
6227,A433972,K25-052071,2025-05-22,2025-05-22,train,train,
6228,A433977,K25-052072,2025-05-22,2025-06-22,train,train,
6229,A433978,K25-052073,2025-05-22,2025-06-03,train,train,
6230,A433982,K25-052074,2025-05-22,2025-06-17,train,train,
6231,A433983,K25-052075,2025-05-22,2025-05-23,train,train,
6232,A430983,K25-052077,2025-05-23,2025-06-06,train,train,
6233,A433987,K25-052078,2025-05-23,2025-05-25,train,train,
6234,A433989,K25-052079,2025-05-23,2025-06-06,train,train,
6235,A433990,K25-052080,2025-05-23,2025-06-12,train,train,
6236,A433991,K25-052081,2025-05-23,2025-06-23,train,train,
6237,A376390,K25-052082,2025-05-23,2025-05-24,train,train,
6238,A433995,K25-052083,2025-05-23,2025-05-23,train,train,
6239,A434007,K25-052088,2025-05-23,2025-06-23,train,train,
6240,A434010,K25-052089,2025-05-23,2025-06-03,train,excluded,Training animal also appears in validation or test period
6241,A434011,K25-052090,2025-05-23,2025-06-03,train,excluded,Training animal also appears in validation or test period
6242,A434012,K25-052091,2025-05-23,2025-06-03,train,excluded,Training animal also appears in validation or test period
6243,A434013,K25-052092,2025-05-24,2025-05-24,train,train,
6244,A434014,K25-052093,2025-05-24,2025-05-24,train,excluded,Training animal also appears in validation or test period
6245,A434015,K25-052094,2025-05-24,2025-06-24,train,train,
6246,A434016,K25-052095,2025-05-24,2025-06-24,train,train,
6247,A434017,K25-052096,2025-05-24,2025-06-05,train,train,
6248,A434019,K25-052097,2025-05-24,2025-06-24,train,train,
6249,A434020,K25-052100,2025-05-24,2025-06-03,train,train,
6250,A434021,K25-052101,2025-05-24,2025-06-12,train,train,
6251,A434023,K25-052103,2025-05-24,2025-06-04,train,train,
6252,A434029,K25-052104,2025-05-24,2025-05-27,train,train,
6253,A434030,K25-052105,2025-05-24,2025-05-27,train,train,
6254,A434031,K25-052106,2025-05-24,2025-05-27,train,train,
6255,A434032,K25-052107,2025-05-24,2025-05-27,train,train,
6256,A434033,K25-052108,2025-05-24,2025-05-27,train,train,
6257,A434034,K25-052109,2025-05-24,2025-05-27,train,train,
6258,A434035,K25-052110,2025-05-24,2025-05-27,train,train,
6259,A434036,K25-052111,2025-05-24,2025-05-27,train,train,
6260,A411848,K25-052112,2025-05-25,2025-06-25,train,train,
6261,A428200,K25-052113,2025-05-25,2025-06-25,train,train,
6262,A434038,K25-052114,2025-05-25,2025-05-25,train,train,
6263,A434043,K25-052117,2025-05-27,2025-05-27,train,train,
6264,A434044,K25-052118,2025-05-27,2025-06-27,train,train,
6265,A434045,K25-052119,2025-05-27,2025-06-27,train,train,
6266,A434046,K25-052120,2025-05-27,2025-06-27,train,train,
6267,A434047,K25-052121,2025-05-27,2025-06-27,train,train,
6268,A434049,K25-052122,2025-05-27,2025-06-21,train,train,
6269,A434050,K25-052123,2025-05-27,2025-06-25,train,train,
6270,A434051,K25-052124,2025-05-27,2025-06-27,train,train,
6271,A434059,K25-052127,2025-05-28,2025-05-28,train,train,
6272,A434060,K25-052128,2025-05-28,2025-05-28,train,train,
6273,A434061,K25-052129,2025-05-28,2025-05-28,train,train,
6274,A434062,K25-052130,2025-05-28,2025-05-28,train,train,
6275,A434063,K25-052131,2025-05-28,2025-05-28,train,train,
6276,A434064,K25-052132,2025-05-28,2025-05-28,train,train,
6277,A418665,K25-052133,2025-05-28,2025-05-29,train,train,
6278,A434071,K25-052134,2025-05-28,2025-05-28,train,train,
6279,A434072,K25-052136,2025-05-28,2025-05-28,train,train,
6280,A434094,K25-052139,2025-05-29,2025-05-29,train,train,
6281,A434101,K25-052140,2025-05-29,2025-06-29,train,train,
6282,A434123,K25-052142,2025-05-30,2025-06-17,train,train,
6283,A434126,K25-052143,2025-05-30,2025-06-13,train,train,
6284,A434129,K25-052144,2025-05-30,2025-06-30,train,train,
6285,A434132,K25-052145,2025-05-30,2025-05-30,train,train,
6286,A434133,K25-052146,2025-05-30,2025-06-19,train,train,
6287,A434134,K25-052147,2025-05-30,2025-06-21,train,train,
6288,A434135,K25-052148,2025-05-30,2025-05-30,train,train,
6289,A434136,K25-052149,2025-05-30,2025-05-30,train,train,
6290,A434137,K25-052150,2025-05-30,2025-06-12,train,train,
6291,A434138,K25-052151,2025-05-30,2025-06-03,train,train,
6292,A434162,K25-052169,2025-05-30,2025-06-14,train,train,
6293,A434163,K25-052170,2025-05-31,2025-06-15,gap,excluded,31-day gap before validation or testing
6294,A434164,K25-052171,2025-05-31,2025-06-15,gap,excluded,31-day gap before validation or testing
6295,A434168,K25-052172,2025-05-31,2025-07-01,gap,excluded,31-day gap before validation or testing
6296,A434169,K25-052173,2025-05-31,2025-06-19,gap,excluded,31-day gap before validation or testing
6297,A434172,K25-052174,2025-05-31,2025-07-01,gap,excluded,31-day gap before validation or testing
6298,A434174,K25-052176,2025-05-31,2025-06-03,gap,excluded,31-day gap before validation or testing
6299,A380471,K25-052178,2025-05-31,2025-06-03,gap,excluded,31-day gap before validation or testing
6300,A434179,K25-052179,2025-05-31,2025-07-01,gap,excluded,31-day gap before validation or testing
6301,A434180,K25-052180,2025-05-31,2025-07-01,gap,excluded,31-day gap before validation or testing
6302,A434181,K25-052181,2025-05-31,2025-06-10,gap,excluded,31-day gap before validation or testing
6303,A434182,K25-052182,2025-05-31,2025-06-03,gap,excluded,31-day gap before validation or testing
6304,A433294,K25-052183,2025-05-31,2025-06-28,gap,excluded,31-day gap before validation or testing
6305,A434184,K25-052184,2025-05-31,2025-05-31,gap,excluded,31-day gap before validation or testing
6306,A434185,K25-052185,2025-05-31,2025-06-11,gap,excluded,31-day gap before validation or testing
6307,A434186,K25-052186,2025-05-31,2025-06-21,gap,excluded,31-day gap before validation or testing
6308,A434187,K25-052187,2025-05-31,2025-06-19,gap,excluded,31-day gap before validation or testing
6309,A434188,K25-052188,2025-06-01,2025-06-03,gap,excluded,31-day gap before validation or testing
6310,A434189,K25-052189,2025-06-01,2025-06-04,gap,excluded,31-day gap before validation or testing
6311,A434194,K25-052191,2025-06-01,2025-06-03,gap,excluded,31-day gap before validation or testing
6312,A434200,K25-052193,2025-06-02,2025-06-17,gap,excluded,31-day gap before validation or testing
6313,A434201,K25-052194,2025-06-02,2025-06-04,gap,excluded,31-day gap before validation or testing
6314,A434206,K25-052197,2025-06-02,2025-06-03,gap,excluded,31-day gap before validation or testing
6315,A434207,K25-052198,2025-06-02,2025-06-02,gap,excluded,31-day gap before validation or testing
6316,A434210,K25-052200,2025-06-03,2025-06-04,gap,excluded,31-day gap before validation or testing
6317,A433583,K25-052201,2025-06-03,2025-06-03,gap,excluded,31-day gap before validation or testing
6318,A411719,K25-052202,2025-06-03,2025-06-03,gap,excluded,31-day gap before validation or testing
6319,A434212,K25-052203,2025-06-03,2025-06-25,gap,excluded,31-day gap before validation or testing
6320,A434213,K25-052204,2025-06-03,2025-07-01,gap,excluded,31-day gap before validation or testing
6321,A434215,K25-052205,2025-06-03,2025-06-04,gap,excluded,31-day gap before validation or testing
6322,A317460,K25-052206,2025-06-03,2025-06-14,gap,excluded,31-day gap before validation or testing
6323,A434220,K25-052207,2025-06-03,2025-06-03,gap,excluded,31-day gap before validation or testing
6324,A434222,K25-052208,2025-06-04,2025-06-04,gap,excluded,31-day gap before validation or testing
6325,A434223,K25-052209,2025-06-04,2025-06-04,gap,excluded,31-day gap before validation or testing
6326,A434224,K25-052210,2025-06-04,2025-06-04,gap,excluded,31-day gap before validation or testing
6327,A434225,K25-052211,2025-06-04,2025-06-04,gap,excluded,31-day gap before validation or testing
6328,A434226,K25-052212,2025-06-04,2025-06-04,gap,excluded,31-day gap before validation or testing
6329,A434231,K25-052213,2025-06-04,2025-06-04,gap,excluded,31-day gap before validation or testing
6330,A434232,K25-052215,2025-06-04,2025-06-15,gap,excluded,31-day gap before validation or testing
6331,A432402,K25-052218,2025-06-04,2025-07-05,gap,excluded,31-day gap before validation or testing
6332,A434236,K25-052219,2025-06-04,2025-06-20,gap,excluded,31-day gap before validation or testing
6333,A335359,K25-052220,2025-06-04,2025-06-13,gap,excluded,31-day gap before validation or testing
6334,A434241,K25-052221,2025-06-05,2025-06-11,gap,excluded,31-day gap before validation or testing
6335,A434242,K25-052222,2025-06-05,2025-06-05,gap,excluded,31-day gap before validation or testing
6336,A434249,K25-052224,2025-06-05,2025-06-06,gap,excluded,31-day gap before validation or testing
6337,A434250,K25-052225,2025-06-05,2025-06-06,gap,excluded,31-day gap before validation or testing
6338,A434252,K25-052227,2025-06-05,2025-06-14,gap,excluded,31-day gap before validation or testing
6339,A434258,K25-052228,2025-06-05,2025-06-05,gap,excluded,31-day gap before validation or testing
6340,A434259,K25-052229,2025-06-05,2025-06-05,gap,excluded,31-day gap before validation or testing
6341,A397817,K25-052230,2025-06-05,2025-06-25,gap,excluded,31-day gap before validation or testing
6342,A434261,K25-052231,2025-06-05,2025-06-12,gap,excluded,31-day gap before validation or testing
6343,A434271,K25-052236,2025-06-06,2025-07-07,gap,excluded,31-day gap before validation or testing
6344,A434272,K25-052237,2025-06-06,2025-06-06,gap,excluded,31-day gap before validation or testing
6345,A434277,K25-052239,2025-06-06,2025-06-10,gap,excluded,31-day gap before validation or testing
6346,A434278,K25-052240,2025-06-06,2025-06-13,gap,excluded,31-day gap before validation or testing
6347,A434279,K25-052241,2025-06-06,2025-06-13,gap,excluded,31-day gap before validation or testing
6348,A434293,K25-052252,2025-06-07,2025-07-08,gap,excluded,31-day gap before validation or testing
6349,A434307,K25-052253,2025-06-07,2025-06-10,gap,excluded,31-day gap before validation or testing
6350,A434317,K25-052256,2025-06-07,2025-07-08,gap,excluded,31-day gap before validation or testing
6351,A434318,K25-052257,2025-06-07,2025-06-11,gap,excluded,31-day gap before validation or testing
6352,A434319,K25-052258,2025-06-07,2025-06-11,gap,excluded,31-day gap before validation or testing
6353,A434320,K25-052259,2025-06-07,2025-06-11,gap,excluded,31-day gap before validation or testing
6354,A434321,K25-052260,2025-06-07,2025-06-11,gap,excluded,31-day gap before validation or testing
6355,A434322,K25-052261,2025-06-07,2025-06-11,gap,excluded,31-day gap before validation or testing
6356,A434323,K25-052262,2025-06-07,2025-06-11,gap,excluded,31-day gap before validation or testing
6357,A426368,K25-052264,2025-06-08,2025-06-10,gap,excluded,31-day gap before validation or testing
6358,A413248,K25-052265,2025-06-08,2025-07-03,gap,excluded,31-day gap before validation or testing
6359,A434327,K25-052267,2025-06-08,2025-06-10,gap,excluded,31-day gap before validation or testing
6360,A434328,K25-052268,2025-06-08,2025-07-09,gap,excluded,31-day gap before validation or testing
6361,A430766,K25-052269,2025-06-08,2025-06-10,gap,excluded,31-day gap before validation or testing
6362,A434330,K25-052270,2025-06-08,2025-06-14,gap,excluded,31-day gap before validation or testing
6363,A434332,K25-052271,2025-06-08,2025-06-10,gap,excluded,31-day gap before validation or testing
6364,A434338,K25-052276,2025-06-09,2025-06-21,gap,excluded,31-day gap before validation or testing
6365,A434340,K25-052278,2025-06-09,2025-06-15,gap,excluded,31-day gap before validation or testing
6366,A434341,K25-052279,2025-06-09,2025-06-21,gap,excluded,31-day gap before validation or testing
6367,A434342,K25-052280,2025-06-09,2025-06-23,gap,excluded,31-day gap before validation or testing
6368,A431425,K25-052281,2025-06-09,2025-06-17,gap,excluded,31-day gap before validation or testing
6369,A434344,K25-052282,2025-06-09,2025-07-10,gap,excluded,31-day gap before validation or testing
6370,A408755,K25-052283,2025-06-09,2025-06-10,gap,excluded,31-day gap before validation or testing
6371,A289059,K25-052284,2025-06-09,2025-06-14,gap,excluded,31-day gap before validation or testing
6372,A434353,K25-052285,2025-06-10,2025-06-17,gap,excluded,31-day gap before validation or testing
6373,A434352,K25-052286,2025-06-10,2025-06-22,gap,excluded,31-day gap before validation or testing
6374,A434357,K25-052287,2025-06-10,2025-06-20,gap,excluded,31-day gap before validation or testing
6375,A430311,K25-052292,2025-06-10,2025-06-21,gap,excluded,31-day gap before validation or testing
6376,A434363,K25-052293,2025-06-10,2025-06-10,gap,excluded,31-day gap before validation or testing
6377,A434364,K25-052295,2025-06-10,2025-06-22,gap,excluded,31-day gap before validation or testing
6378,A434365,K25-052296,2025-06-10,2025-07-11,gap,excluded,31-day gap before validation or testing
6379,A434366,K25-052297,2025-06-10,2025-06-11,gap,excluded,31-day gap before validation or testing
6380,A434368,K25-052298,2025-06-11,2025-06-12,gap,excluded,31-day gap before validation or testing
6381,A434369,K25-052299,2025-06-11,2025-07-12,gap,excluded,31-day gap before validation or testing
6382,A434370,K25-052300,2025-06-11,2025-07-12,gap,excluded,31-day gap before validation or testing
6383,A434377,K25-052301,2025-06-11,2025-07-12,gap,excluded,31-day gap before validation or testing
6384,A434378,K25-052302,2025-06-11,2025-07-12,gap,excluded,31-day gap before validation or testing
6385,A434379,K25-052303,2025-06-11,2025-07-01,gap,excluded,31-day gap before validation or testing
6386,A434380,K25-052304,2025-06-11,2025-07-12,gap,excluded,31-day gap before validation or testing
6387,A434381,K25-052305,2025-06-11,2025-07-12,gap,excluded,31-day gap before validation or testing
6388,A434384,K25-052306,2025-06-11,2025-06-26,gap,excluded,31-day gap before validation or testing
6389,A434385,K25-052307,2025-06-11,2025-06-28,gap,excluded,31-day gap before validation or testing
6390,A434383,K25-052308,2025-06-11,2025-06-11,gap,excluded,31-day gap before validation or testing
6391,A434392,K25-052310,2025-06-11,2025-06-11,gap,excluded,31-day gap before validation or testing
6392,A434396,K25-052312,2025-06-11,2025-06-12,gap,excluded,31-day gap before validation or testing
6393,A434398,K25-052314,2025-06-11,2025-06-14,gap,excluded,31-day gap before validation or testing
6394,A434399,K25-052315,2025-06-11,2025-06-14,gap,excluded,31-day gap before validation or testing
6395,A434404,K25-052316,2025-06-12,2025-06-25,gap,excluded,31-day gap before validation or testing
6396,A434405,K25-052317,2025-06-12,2025-07-01,gap,excluded,31-day gap before validation or testing
6397,A434406,K25-052318,2025-06-12,2025-07-13,gap,excluded,31-day gap before validation or testing
6398,A434407,K25-052319,2025-06-12,2025-07-13,gap,excluded,31-day gap before validation or testing
6399,A434408,K25-052320,2025-06-12,2025-07-05,gap,excluded,31-day gap before validation or testing
6400,A434409,K25-052321,2025-06-12,2025-07-13,gap,excluded,31-day gap before validation or testing
6401,A434410,K25-052322,2025-06-12,2025-06-26,gap,excluded,31-day gap before validation or testing
6402,A434435,K25-052324,2025-06-13,2025-06-13,gap,excluded,31-day gap before validation or testing
6403,A394437,K25-052325,2025-06-13,2025-06-19,gap,excluded,31-day gap before validation or testing
6404,A434437,K25-052326,2025-06-13,2025-06-27,gap,excluded,31-day gap before validation or testing
6405,A434439,K25-052328,2025-06-13,2025-07-14,gap,excluded,31-day gap before validation or testing
6406,A434440,K25-052329,2025-06-13,2025-07-14,gap,excluded,31-day gap before validation or testing
6407,A434441,K25-052330,2025-06-13,2025-06-13,gap,excluded,31-day gap before validation or testing
6408,A434446,K25-052331,2025-06-13,2025-06-14,gap,excluded,31-day gap before validation or testing
6409,A434448,K25-052332,2025-06-13,2025-07-14,gap,excluded,31-day gap before validation or testing
6410,A434449,K25-052333,2025-06-13,2025-06-13,gap,excluded,31-day gap before validation or testing
6411,A434450,K25-052334,2025-06-13,2025-06-13,gap,excluded,31-day gap before validation or testing
6412,A434467,K25-052336,2025-06-14,2025-06-14,gap,excluded,31-day gap before validation or testing
6413,A434492,K25-052339,2025-06-14,2025-06-14,gap,excluded,31-day gap before validation or testing
6414,A360980,K25-052341,2025-06-15,2025-06-17,gap,excluded,31-day gap before validation or testing
6415,A434499,K25-052342,2025-06-16,2025-06-16,gap,excluded,31-day gap before validation or testing
6416,A434501,K25-052343,2025-06-16,2025-06-20,gap,excluded,31-day gap before validation or testing
6417,A434502,K25-052344,2025-06-16,2025-06-20,gap,excluded,31-day gap before validation or testing
6418,A434504,K25-052346,2025-06-16,2025-07-09,gap,excluded,31-day gap before validation or testing
6419,A434505,K25-052347,2025-06-16,2025-07-17,gap,excluded,31-day gap before validation or testing
6420,A434507,K25-052348,2025-06-16,2025-07-17,gap,excluded,31-day gap before validation or testing
6421,A434508,K25-052349,2025-06-16,2025-07-17,gap,excluded,31-day gap before validation or testing
6422,A434509,K25-052350,2025-06-16,2025-07-17,gap,excluded,31-day gap before validation or testing
6423,A434510,K25-052351,2025-06-16,2025-07-17,gap,excluded,31-day gap before validation or testing
6424,A434511,K25-052352,2025-06-16,2025-07-17,gap,excluded,31-day gap before validation or testing
6425,A434512,K25-052353,2025-06-16,2025-07-17,gap,excluded,31-day gap before validation or testing
6426,A434513,K25-052354,2025-06-16,2025-07-17,gap,excluded,31-day gap before validation or testing
6427,A434514,K25-052355,2025-06-16,2025-07-17,gap,excluded,31-day gap before validation or testing
6428,A434515,K25-052356,2025-06-16,2025-07-17,gap,excluded,31-day gap before validation or testing
6429,A434516,K25-052357,2025-06-16,2025-07-17,gap,excluded,31-day gap before validation or testing
6430,A434519,K25-052358,2025-06-16,2025-07-17,gap,excluded,31-day gap before validation or testing
6431,A434520,K25-052359,2025-06-16,2025-07-17,gap,excluded,31-day gap before validation or testing
6432,A434521,K25-052360,2025-06-16,2025-07-17,gap,excluded,31-day gap before validation or testing
6433,A434532,K25-052361,2025-06-16,2025-06-18,gap,excluded,31-day gap before validation or testing
6434,A434533,K25-052362,2025-06-16,2025-06-17,gap,excluded,31-day gap before validation or testing
6435,A434730,K25-052419,2025-06-16,2025-07-17,gap,excluded,31-day gap before validation or testing
6436,A434731,K25-052420,2025-06-16,2025-07-17,gap,excluded,31-day gap before validation or testing
6437,A434732,K25-052421,2025-06-16,2025-07-17,gap,excluded,31-day gap before validation or testing
6438,A434733,K25-052422,2025-06-16,2025-07-17,gap,excluded,31-day gap before validation or testing
6439,A434734,K25-052423,2025-06-16,2025-07-17,gap,excluded,31-day gap before validation or testing
6440,A434736,K25-052425,2025-06-16,2025-07-17,gap,excluded,31-day gap before validation or testing
6441,A434738,K25-052426,2025-06-16,2025-07-16,gap,excluded,31-day gap before validation or testing
6442,A434193,K25-052762,2025-06-16,2025-07-16,gap,excluded,31-day gap before validation or testing
6443,A434541,K25-052363,2025-06-17,2025-07-08,gap,excluded,31-day gap before validation or testing
6444,A430424,K25-052366,2025-06-17,2025-06-26,gap,excluded,31-day gap before validation or testing
6445,A434553,K25-052367,2025-06-17,2025-06-17,gap,excluded,31-day gap before validation or testing
6446,A434182,K25-052369,2025-06-17,2025-06-18,gap,excluded,31-day gap before validation or testing
6447,A434559,K25-052370,2025-06-17,2025-06-19,gap,excluded,31-day gap before validation or testing
6448,A434560,K25-052371,2025-06-17,2025-07-18,gap,excluded,31-day gap before validation or testing
6449,A434561,K25-052372,2025-06-17,2025-07-18,gap,excluded,31-day gap before validation or testing
6450,A434562,K25-052373,2025-06-17,2025-07-18,gap,excluded,31-day gap before validation or testing
6451,A434563,K25-052374,2025-06-17,2025-07-18,gap,excluded,31-day gap before validation or testing
6452,A434564,K25-052375,2025-06-17,2025-07-18,gap,excluded,31-day gap before validation or testing
6453,A434565,K25-052376,2025-06-17,2025-07-18,gap,excluded,31-day gap before validation or testing
6454,A433277,K25-052377,2025-06-17,2025-06-21,gap,excluded,31-day gap before validation or testing
6455,A434566,K25-052378,2025-06-17,2025-06-17,gap,excluded,31-day gap before validation or testing
6456,A434569,K25-052379,2025-06-17,2025-07-18,gap,excluded,31-day gap before validation or testing
6457,A434572,K25-052380,2025-06-18,2025-06-18,gap,excluded,31-day gap before validation or testing
6458,A434573,K25-052381,2025-06-18,2025-06-18,gap,excluded,31-day gap before validation or testing
6459,A434575,K25-052382,2025-06-18,2025-06-18,gap,excluded,31-day gap before validation or testing
6460,A434576,K25-052383,2025-06-18,2025-06-18,gap,excluded,31-day gap before validation or testing
6461,A434577,K25-052384,2025-06-18,2025-07-08,gap,excluded,31-day gap before validation or testing
6462,A434578,K25-052385,2025-06-18,2025-07-19,gap,excluded,31-day gap before validation or testing
6463,A434596,K25-052386,2025-06-18,2025-07-12,gap,excluded,31-day gap before validation or testing
6464,A434604,K25-052387,2025-06-18,2025-07-19,gap,excluded,31-day gap before validation or testing
6465,A434609,K25-052388,2025-06-18,2025-07-01,gap,excluded,31-day gap before validation or testing
6466,A434610,K25-052389,2025-06-18,2025-07-01,gap,excluded,31-day gap before validation or testing
6467,A434611,K25-052390,2025-06-18,2025-06-28,gap,excluded,31-day gap before validation or testing
6468,A434612,K25-052391,2025-06-18,2025-07-19,gap,excluded,31-day gap before validation or testing
6469,A434613,K25-052392,2025-06-18,2025-07-19,gap,excluded,31-day gap before validation or testing
6470,A434614,K25-052393,2025-06-18,2025-07-19,gap,excluded,31-day gap before validation or testing
6471,A434616,K25-052394,2025-06-18,2025-06-18,gap,excluded,31-day gap before validation or testing
6472,A434624,K25-052395,2025-06-19,2025-06-20,gap,excluded,31-day gap before validation or testing
6473,A434630,K25-052397,2025-06-19,2025-07-20,gap,excluded,31-day gap before validation or testing
6474,A434643,K25-052399,2025-06-19,2025-07-20,gap,excluded,31-day gap before validation or testing
6475,A434644,K25-052400,2025-06-19,2025-06-19,gap,excluded,31-day gap before validation or testing
6476,A434628,K25-052401,2025-06-19,2025-07-03,gap,excluded,31-day gap before validation or testing
6477,A401508,K25-052404,2025-06-20,2025-06-21,gap,excluded,31-day gap before validation or testing
6478,A434684,K25-052405,2025-06-20,2025-06-20,gap,excluded,31-day gap before validation or testing
6479,A434701,K25-052407,2025-06-20,2025-07-12,gap,excluded,31-day gap before validation or testing
6480,A434702,K25-052408,2025-06-20,2025-07-12,gap,excluded,31-day gap before validation or testing
6481,A434710,K25-052410,2025-06-20,2025-06-20,gap,excluded,31-day gap before validation or testing
6482,A434711,K25-052411,2025-06-20,2025-06-20,gap,excluded,31-day gap before validation or testing
6483,A434719,K25-052412,2025-06-20,2025-06-20,gap,excluded,31-day gap before validation or testing
6484,A434721,K25-052413,2025-06-20,2025-06-24,gap,excluded,31-day gap before validation or testing
6485,A434725,K25-052414,2025-06-20,2025-07-02,gap,excluded,31-day gap before validation or testing
6486,A434726,K25-052415,2025-06-21,2025-06-24,gap,excluded,31-day gap before validation or testing
6487,A434727,K25-052416,2025-06-21,2025-06-24,gap,excluded,31-day gap before validation or testing
6488,A434728,K25-052417,2025-06-21,2025-06-24,gap,excluded,31-day gap before validation or testing
6489,A434737,K25-052427,2025-06-21,2025-06-21,gap,excluded,31-day gap before validation or testing
6490,A434739,K25-052428,2025-06-21,2025-06-21,gap,excluded,31-day gap before validation or testing
6491,A434740,K25-052429,2025-06-21,2025-06-21,gap,excluded,31-day gap before validation or testing
6492,A434746,K25-052430,2025-06-21,2025-07-18,gap,excluded,31-day gap before validation or testing
6493,A434747,K25-052431,2025-06-21,2025-06-24,gap,excluded,31-day gap before validation or testing
6494,A434748,K25-052432,2025-06-21,2025-06-21,gap,excluded,31-day gap before validation or testing
6495,A434749,K25-052433,2025-06-21,2025-07-22,gap,excluded,31-day gap before validation or testing
6496,A434750,K25-052434,2025-06-21,2025-07-22,gap,excluded,31-day gap before validation or testing
6497,A434753,K25-052435,2025-06-21,2025-07-22,gap,excluded,31-day gap before validation or testing
6498,A434755,K25-052436,2025-06-21,2025-06-25,gap,excluded,31-day gap before validation or testing
6499,A434756,K25-052437,2025-06-21,2025-06-26,gap,excluded,31-day gap before validation or testing
6500,A434757,K25-052438,2025-06-21,2025-06-25,gap,excluded,31-day gap before validation or testing
6501,A434758,K25-052439,2025-06-21,2025-06-25,gap,excluded,31-day gap before validation or testing
6502,A434759,K25-052440,2025-06-21,2025-07-22,gap,excluded,31-day gap before validation or testing
6503,A434760,K25-052441,2025-06-21,2025-06-28,gap,excluded,31-day gap before validation or testing
6504,A434761,K25-052442,2025-06-21,2025-07-22,gap,excluded,31-day gap before validation or testing
6505,A434763,K25-052443,2025-06-21,2025-06-25,gap,excluded,31-day gap before validation or testing
6506,A434764,K25-052444,2025-06-21,2025-06-25,gap,excluded,31-day gap before validation or testing
6507,A434765,K25-052445,2025-06-21,2025-06-25,gap,excluded,31-day gap before validation or testing
6508,A434768,K25-052448,2025-06-21,2025-07-22,gap,excluded,31-day gap before validation or testing
6509,A434778,K25-052450,2025-06-23,2025-07-07,gap,excluded,31-day gap before validation or testing
6510,A434779,K25-052451,2025-06-23,2025-06-23,gap,excluded,31-day gap before validation or testing
6511,A434780,K25-052452,2025-06-23,2025-07-09,gap,excluded,31-day gap before validation or testing
6512,A434781,K25-052453,2025-06-23,2025-06-23,gap,excluded,31-day gap before validation or testing
6513,A434790,K25-052454,2025-06-24,2025-06-25,gap,excluded,31-day gap before validation or testing
6514,A434792,K25-052455,2025-06-24,2025-07-19,gap,excluded,31-day gap before validation or testing
6515,A434793,K25-052456,2025-06-24,2025-07-25,gap,excluded,31-day gap before validation or testing
6516,A434794,K25-052457,2025-06-24,2025-07-18,gap,excluded,31-day gap before validation or testing
6517,A434795,K25-052458,2025-06-24,2025-06-25,gap,excluded,31-day gap before validation or testing
6518,A434797,K25-052459,2025-06-24,2025-07-09,gap,excluded,31-day gap before validation or testing
6519,A434798,K25-052460,2025-06-24,2025-07-15,gap,excluded,31-day gap before validation or testing
6520,A434799,K25-052461,2025-06-24,2025-07-09,gap,excluded,31-day gap before validation or testing
6521,A434800,K25-052462,2025-06-24,2025-06-24,gap,excluded,31-day gap before validation or testing
6522,A434808,K25-052463,2025-06-24,2025-06-25,gap,excluded,31-day gap before validation or testing
6523,A434809,K25-052464,2025-06-24,2025-07-25,gap,excluded,31-day gap before validation or testing
6524,A434811,K25-052466,2025-06-24,2025-06-25,gap,excluded,31-day gap before validation or testing
6525,A434812,K25-052467,2025-06-24,2025-06-25,gap,excluded,31-day gap before validation or testing
6526,A434813,K25-052468,2025-06-24,2025-06-25,gap,excluded,31-day gap before validation or testing
6527,A434814,K25-052469,2025-06-24,2025-06-25,gap,excluded,31-day gap before validation or testing
6528,A434815,K25-052470,2025-06-24,2025-06-25,gap,excluded,31-day gap before validation or testing
6529,A434816,K25-052471,2025-06-24,2025-06-26,gap,excluded,31-day gap before validation or testing
6530,A434822,K25-052472,2025-06-25,2025-07-22,gap,excluded,31-day gap before validation or testing
6531,A434823,K25-052473,2025-06-25,2025-07-10,gap,excluded,31-day gap before validation or testing
6532,A434838,K25-052480,2025-06-25,2025-07-26,gap,excluded,31-day gap before validation or testing
6533,A434839,K25-052481,2025-06-25,2025-07-26,gap,excluded,31-day gap before validation or testing
6534,A434841,K25-052482,2025-06-25,2025-07-26,gap,excluded,31-day gap before validation or testing
6535,A434842,K25-052483,2025-06-25,2025-07-26,gap,excluded,31-day gap before validation or testing
6536,A434843,K25-052484,2025-06-25,2025-07-26,gap,excluded,31-day gap before validation or testing
6537,A434847,K25-052485,2025-06-25,2025-07-26,gap,excluded,31-day gap before validation or testing
6538,A435648,K25-052863,2025-06-25,2025-07-26,gap,excluded,31-day gap before validation or testing
6539,A435649,K25-052864,2025-06-25,2025-07-26,gap,excluded,31-day gap before validation or testing
6540,A435650,K25-052865,2025-06-25,2025-07-26,gap,excluded,31-day gap before validation or testing
6541,A434851,K25-052489,2025-06-26,2025-06-27,gap,excluded,31-day gap before validation or testing
6542,A434852,K25-052490,2025-06-26,2025-07-27,gap,excluded,31-day gap before validation or testing
6543,A434855,K25-052491,2025-06-26,2025-07-27,gap,excluded,31-day gap before validation or testing
6544,A434856,K25-052492,2025-06-26,2025-07-27,gap,excluded,31-day gap before validation or testing
6545,A429248,K25-052494,2025-06-26,2025-07-05,gap,excluded,31-day gap before validation or testing
6546,A411674,K25-052496,2025-06-27,2025-07-10,gap,excluded,31-day gap before validation or testing
6547,A309228,K25-052497,2025-06-27,2025-07-11,gap,excluded,31-day gap before validation or testing
6548,A434877,K25-052498,2025-06-27,2025-06-27,gap,excluded,31-day gap before validation or testing
6549,A434876,K25-052499,2025-06-27,2025-07-10,gap,excluded,31-day gap before validation or testing
6550,A434881,K25-052501,2025-06-27,2025-07-09,gap,excluded,31-day gap before validation or testing
6551,A434882,K25-052502,2025-06-27,2025-07-28,gap,excluded,31-day gap before validation or testing
6552,A434883,K25-052503,2025-06-27,2025-07-28,gap,excluded,31-day gap before validation or testing
6553,A262741,K25-052504,2025-06-27,2025-07-02,gap,excluded,31-day gap before validation or testing
6554,A411243,K25-052505,2025-06-27,2025-06-27,gap,excluded,31-day gap before validation or testing
6555,A434884,K25-052506,2025-06-27,2025-07-28,gap,excluded,31-day gap before validation or testing
6556,A434885,K25-052507,2025-06-27,2025-07-28,gap,excluded,31-day gap before validation or testing
6557,A434886,K25-052508,2025-06-27,2025-07-28,gap,excluded,31-day gap before validation or testing
6558,A434891,K25-052511,2025-06-27,2025-07-28,gap,excluded,31-day gap before validation or testing
6559,A434892,K25-052512,2025-06-27,2025-07-28,gap,excluded,31-day gap before validation or testing
6560,A434895,K25-052513,2025-06-27,2025-06-28,gap,excluded,31-day gap before validation or testing
6561,A434896,K25-052514,2025-06-28,2025-07-10,gap,excluded,31-day gap before validation or testing
6562,A434897,K25-052515,2025-06-28,2025-07-10,gap,excluded,31-day gap before validation or testing
6563,A434898,K25-052516,2025-06-28,2025-07-17,gap,excluded,31-day gap before validation or testing
6564,A434899,K25-052517,2025-06-28,2025-07-17,gap,excluded,31-day gap before validation or testing
6565,A434900,K25-052518,2025-06-28,2025-07-10,gap,excluded,31-day gap before validation or testing
6566,A434901,K25-052519,2025-06-28,2025-07-26,gap,excluded,31-day gap before validation or testing
6567,A434902,K25-052520,2025-06-28,2025-07-10,gap,excluded,31-day gap before validation or testing
6568,A434903,K25-052521,2025-06-28,2025-07-26,gap,excluded,31-day gap before validation or testing
6569,A434905,K25-052522,2025-06-28,2025-07-22,gap,excluded,31-day gap before validation or testing
6570,A434906,K25-052523,2025-06-28,2025-07-29,gap,excluded,31-day gap before validation or testing
6571,A434908,K25-052526,2025-06-28,2025-07-29,gap,excluded,31-day gap before validation or testing
6572,A434909,K25-052527,2025-06-28,2025-06-28,gap,excluded,31-day gap before validation or testing
6573,A434910,K25-052528,2025-06-28,2025-07-11,gap,excluded,31-day gap before validation or testing
6574,A434911,K25-052529,2025-06-28,2025-07-18,gap,excluded,31-day gap before validation or testing
6575,A434912,K25-052530,2025-06-28,2025-07-29,gap,excluded,31-day gap before validation or testing
6576,A434913,K25-052531,2025-06-28,2025-07-29,gap,excluded,31-day gap before validation or testing
6577,A434914,K25-052532,2025-06-28,2025-07-29,gap,excluded,31-day gap before validation or testing
6578,A434915,K25-052533,2025-06-28,2025-07-29,gap,excluded,31-day gap before validation or testing
6579,A434916,K25-052534,2025-06-28,2025-07-29,gap,excluded,31-day gap before validation or testing
6580,A434917,K25-052535,2025-06-28,2025-07-10,gap,excluded,31-day gap before validation or testing
6581,A434918,K25-052536,2025-06-28,2025-07-24,gap,excluded,31-day gap before validation or testing
6582,A434922,K25-052538,2025-06-28,2025-06-30,gap,excluded,31-day gap before validation or testing
6583,A434923,K25-052539,2025-06-29,2025-07-30,gap,excluded,31-day gap before validation or testing
6584,A434924,K25-052540,2025-06-29,2025-07-17,gap,excluded,31-day gap before validation or testing
6585,A434925,K25-052541,2025-06-29,2025-07-22,gap,excluded,31-day gap before validation or testing
6586,A434926,K25-052542,2025-06-29,2025-07-22,gap,excluded,31-day gap before validation or testing
6587,A434927,K25-052543,2025-06-29,2025-07-09,gap,excluded,31-day gap before validation or testing
6588,A434928,K25-052544,2025-06-29,2025-07-09,gap,excluded,31-day gap before validation or testing
6589,A434929,K25-052545,2025-06-29,2025-07-22,gap,excluded,31-day gap before validation or testing
6590,A434933,K25-052547,2025-06-30,2025-07-02,gap,excluded,31-day gap before validation or testing
6591,A434934,K25-052548,2025-06-30,2025-07-02,gap,excluded,31-day gap before validation or testing
6592,A434935,K25-052549,2025-06-30,2025-07-15,gap,excluded,31-day gap before validation or testing
6593,A312727,K25-052550,2025-06-30,2025-07-01,gap,excluded,31-day gap before validation or testing
6594,A434937,K25-052551,2025-06-30,2025-06-30,gap,excluded,31-day gap before validation or testing
6595,A434940,K25-052552,2025-06-30,2025-06-30,gap,excluded,31-day gap before validation or testing
6596,A434939,K25-052553,2025-06-30,2025-06-30,gap,excluded,31-day gap before validation or testing
6597,A288555,K25-052555,2025-06-30,2025-07-01,gap,excluded,31-day gap before validation or testing
6598,A434945,K25-052556,2025-07-01,2025-07-13,validation,validation,
6599,A434946,K25-052557,2025-07-01,2025-07-01,validation,validation,
6600,A434948,K25-052558,2025-07-01,2025-07-01,validation,validation,
6601,A434953,K25-052561,2025-07-01,2025-07-02,validation,validation,
6602,A419972,K25-052564,2025-07-01,2025-07-02,validation,validation,
6603,A434960,K25-052566,2025-07-01,2025-07-08,validation,validation,
6604,A434968,K25-052569,2025-07-01,2025-07-18,validation,validation,
6605,A375531,K25-052570,2025-07-01,2025-07-01,validation,validation,
6606,A434970,K25-052571,2025-07-01,2025-07-09,validation,validation,
6607,A434972,K25-052572,2025-07-01,2025-07-02,validation,validation,
6608,A434977,K25-052573,2025-07-01,2025-07-25,validation,validation,
6609,A434983,K25-052576,2025-07-02,2025-07-19,validation,validation,
6610,A434990,K25-052579,2025-07-02,2025-07-10,validation,validation,
6611,A434995,K25-052583,2025-07-02,2025-07-09,validation,validation,
6612,A433385,K25-052584,2025-07-02,2025-07-02,validation,validation,
6613,A434996,K25-052585,2025-07-02,2025-07-03,validation,validation,
6614,A435001,K25-052587,2025-07-02,2025-07-08,validation,validation,
6615,A435004,K25-052588,2025-07-02,2025-07-05,validation,validation,
6616,A435008,K25-052590,2025-07-03,2025-08-03,validation,validation,
6617,A434330,K25-052591,2025-07-03,2025-07-17,validation,validation,
6618,A419338,K25-052592,2025-07-03,2025-07-17,validation,validation,
6619,A435011,K25-052593,2025-07-03,2025-07-17,validation,validation,
6620,A434725,K25-052595,2025-07-03,2025-07-31,validation,validation,
6621,A435017,K25-052597,2025-07-03,2025-07-07,validation,validation,
6622,A435018,K25-052598,2025-07-03,2025-08-03,validation,validation,
6623,A435019,K25-052599,2025-07-03,2025-07-05,validation,validation,
6624,A435020,K25-052600,2025-07-03,2025-07-10,validation,validation,
6625,A435021,K25-052601,2025-07-03,2025-07-10,validation,validation,
6626,A435022,K25-052602,2025-07-03,2025-07-10,validation,validation,
6627,A435023,K25-052603,2025-07-03,2025-07-22,validation,validation,
6628,A435024,K25-052604,2025-07-03,2025-07-29,validation,validation,
6629,A330813,K25-052605,2025-07-03,2025-07-28,validation,validation,
6630,A435050,K25-052607,2025-07-03,2025-07-05,validation,validation,
6631,A435052,K25-052608,2025-07-03,2025-07-04,validation,validation,
6632,A435053,K25-052609,2025-07-04,2025-07-27,validation,validation,
6633,A382347,K25-052610,2025-07-05,2025-07-05,validation,validation,
6634,A435060,K25-052611,2025-07-05,2025-07-08,validation,validation,
6635,A435061,K25-052612,2025-07-05,2025-07-09,validation,validation,
6636,A403857,K25-052613,2025-07-05,2025-08-05,validation,validation,
6637,A430911,K25-052615,2025-07-06,2025-07-12,validation,validation,
6638,A435085,K25-052616,2025-07-07,2025-07-31,validation,validation,
6639,A435086,K25-052617,2025-07-07,2025-07-25,validation,validation,
6640,A435087,K25-052618,2025-07-07,2025-07-11,validation,validation,
6641,A435088,K25-052619,2025-07-07,2025-07-10,validation,validation,
6642,A435089,K25-052620,2025-07-07,2025-07-10,validation,validation,
6643,A435090,K25-052621,2025-07-07,2025-07-10,validation,validation,
6644,A435091,K25-052622,2025-07-07,2025-07-10,validation,validation,
6645,A435092,K25-052623,2025-07-07,2025-07-10,validation,validation,
6646,A435094,K25-052624,2025-07-07,2025-07-10,validation,validation,
6647,A435095,K25-052625,2025-07-07,2025-07-10,validation,validation,
6648,A435093,K25-052626,2025-07-07,2025-07-16,validation,validation,
6649,A435096,K25-052627,2025-07-07,2025-07-10,validation,validation,
6650,A435097,K25-052628,2025-07-07,2025-07-08,validation,validation,
6651,A435098,K25-052629,2025-07-07,2025-07-10,validation,validation,
6652,A435099,K25-052630,2025-07-07,2025-07-10,validation,validation,
6653,A435100,K25-052631,2025-07-07,2025-07-18,validation,validation,
6654,A383954,K25-052632,2025-07-07,2025-07-07,validation,validation,
6655,A435102,K25-052633,2025-07-07,2025-07-07,validation,validation,
6656,A435103,K25-052634,2025-07-07,2025-07-08,validation,validation,
6657,A435104,K25-052635,2025-07-07,2025-07-08,validation,validation,
6658,A435107,K25-052638,2025-07-08,2025-07-14,validation,validation,
6659,A435110,K25-052641,2025-07-08,2025-08-08,validation,validation,
6660,A435116,K25-052642,2025-07-08,2025-08-06,validation,validation,
6661,A435120,K25-052644,2025-07-08,2025-07-22,validation,validation,
6662,A435121,K25-052645,2025-07-08,2025-07-18,validation,validation,
6663,A435124,K25-052647,2025-07-09,2025-07-09,validation,validation,
6664,A435125,K25-052648,2025-07-09,2025-07-09,validation,validation,
6665,A435164,K25-052683,2025-07-09,2025-07-22,validation,validation,
6666,A413120,K25-052684,2025-07-09,2025-07-09,validation,validation,
6667,A434773,K25-052685,2025-07-09,2025-07-15,validation,validation,
6668,A435174,K25-052686,2025-07-09,2025-07-24,validation,validation,
6669,A435180,K25-052690,2025-07-09,2025-07-10,validation,validation,
6670,A434014,K25-052687,2025-07-10,2025-07-10,validation,validation,
6671,A434125,K25-052688,2025-07-10,2025-07-10,validation,validation,
6672,A434124,K25-052689,2025-07-10,2025-07-10,validation,validation,
6673,A435192,K25-052691,2025-07-10,2025-07-10,validation,validation,
6674,A434780,K25-052692,2025-07-10,2025-08-10,validation,validation,
6675,A435205,K25-052694,2025-07-10,2025-07-12,validation,validation,
6676,A435208,K25-052695,2025-07-11,2025-08-05,validation,validation,
6677,A435227,K25-052701,2025-07-11,2025-08-11,validation,validation,
6678,A435228,K25-052702,2025-07-11,2025-07-25,validation,validation,
6679,A435229,K25-052703,2025-07-11,2025-08-11,validation,validation,
6680,A435230,K25-052704,2025-07-11,2025-08-11,validation,validation,
6681,A435231,K25-052705,2025-07-11,2025-08-11,validation,validation,
6682,A435234,K25-052707,2025-07-11,2025-07-25,validation,validation,
6683,A435235,K25-052708,2025-07-11,2025-07-25,validation,validation,
6684,A435247,K25-052709,2025-07-11,2025-08-03,validation,validation,
6685,A435250,K25-052710,2025-07-12,2025-07-22,validation,validation,
6686,A435252,K25-052711,2025-07-12,2025-08-12,validation,validation,
6687,A435254,K25-052712,2025-07-12,2025-07-12,validation,validation,
6688,A435255,K25-052713,2025-07-12,2025-07-12,validation,validation,
6689,A435256,K25-052714,2025-07-12,2025-07-12,validation,validation,
6690,A435257,K25-052715,2025-07-12,2025-07-12,validation,validation,
6691,A435258,K25-052716,2025-07-12,2025-07-12,validation,validation,
6692,A435259,K25-052717,2025-07-12,2025-07-12,validation,validation,
6693,A435260,K25-052718,2025-07-12,2025-07-12,validation,validation,
6694,A435262,K25-052719,2025-07-12,2025-07-12,validation,validation,
6695,A435263,K25-052720,2025-07-12,2025-07-12,validation,validation,
6696,A435264,K25-052721,2025-07-12,2025-07-12,validation,validation,
6697,A435265,K25-052722,2025-07-12,2025-07-12,validation,validation,
6698,A435266,K25-052723,2025-07-12,2025-07-12,validation,validation,
6699,A435267,K25-052724,2025-07-12,2025-07-12,validation,validation,
6700,A435268,K25-052725,2025-07-12,2025-07-25,validation,validation,
6701,A435270,K25-052726,2025-07-12,2025-07-18,validation,validation,
6702,A435271,K25-052727,2025-07-12,2025-08-12,validation,excluded,Validation animal also appears in test period
6703,A435275,K25-052728,2025-07-12,2025-07-12,validation,validation,
6704,A435274,K25-052729,2025-07-12,2025-07-22,validation,validation,
6705,A431393,K25-052730,2025-07-12,2025-07-13,validation,validation,
6706,A435299,K25-052731,2025-07-13,2025-07-24,validation,validation,
6707,A435300,K25-052732,2025-07-13,2025-07-14,validation,validation,
6708,A435301,K25-052733,2025-07-13,2025-07-18,validation,validation,
6709,A435302,K25-052734,2025-07-13,2025-07-18,validation,validation,
6710,A435303,K25-052735,2025-07-13,2025-07-18,validation,validation,
6711,A435315,K25-052744,2025-07-13,2025-07-19,validation,validation,
6712,A435316,K25-052745,2025-07-13,2025-07-19,validation,validation,
6713,A435318,K25-052747,2025-07-13,2025-07-19,validation,validation,
6714,A435319,K25-052749,2025-07-13,2025-07-15,validation,validation,
6715,A435321,K25-052750,2025-07-13,2025-07-16,validation,validation,
6716,A435322,K25-052751,2025-07-13,2025-07-16,validation,validation,
6717,A435324,K25-052752,2025-07-13,2025-07-19,validation,validation,
6718,A435325,K25-052753,2025-07-13,2025-07-19,validation,validation,
6719,A435326,K25-052754,2025-07-13,2025-07-16,validation,validation,
6720,A435530,K25-052822,2025-07-13,2025-07-22,validation,validation,
6721,A435304,K25-052736,2025-07-14,2025-07-14,validation,validation,
6722,A427639,K25-052737,2025-07-14,2025-07-14,validation,validation,
6723,A398414,K25-052739,2025-07-14,2025-08-07,validation,validation,
6724,A435309,K25-052740,2025-07-14,2025-07-24,validation,validation,
6725,A415098,K25-052741,2025-07-14,2025-07-17,validation,validation,
6726,A308736,K25-052742,2025-07-14,2025-07-15,validation,validation,
6727,A423654,K25-052706,2025-07-15,2025-08-15,validation,validation,
6728,A435312,K25-052743,2025-07-15,2025-08-15,validation,validation,
6729,A435327,K25-052756,2025-07-15,2025-08-09,validation,validation,
6730,A435330,K25-052758,2025-07-15,2025-07-16,validation,validation,
6731,A435334,K25-052760,2025-07-15,2025-07-16,validation,validation,
6732,A435348,K25-052765,2025-07-16,2025-07-17,validation,validation,
6733,A435362,K25-052767,2025-07-16,2025-08-16,validation,validation,
6734,A412773,K25-052768,2025-07-17,2025-07-22,validation,validation,
6735,A435383,K25-052769,2025-07-17,2025-07-25,validation,validation,
6736,A435385,K25-052770,2025-07-17,2025-08-07,validation,validation,
6737,A435391,K25-052771,2025-07-17,2025-07-17,validation,validation,
6738,A435399,K25-052778,2025-07-17,2025-08-05,validation,validation,
6739,A435400,K25-052779,2025-07-17,2025-08-05,validation,validation,
6740,A435401,K25-052780,2025-07-17,2025-07-19,validation,validation,
6741,A435402,K25-052781,2025-07-17,2025-07-19,validation,validation,
6742,A435403,K25-052782,2025-07-17,2025-07-19,validation,validation,
6743,A435404,K25-052783,2025-07-17,2025-08-05,validation,validation,
6744,A435405,K25-052784,2025-07-17,2025-07-19,validation,validation,
6745,A435406,K25-052785,2025-07-17,2025-08-05,validation,validation,
6746,A435407,K25-052786,2025-07-17,2025-07-19,validation,validation,
6747,A435393,K25-052772,2025-07-18,2025-07-30,validation,validation,
6748,A435394,K25-052773,2025-07-18,2025-08-18,validation,validation,
6749,A435395,K25-052774,2025-07-18,2025-07-22,validation,validation,
6750,A435396,K25-052775,2025-07-18,2025-07-22,validation,validation,
6751,A435397,K25-052776,2025-07-18,2025-07-30,validation,validation,
6752,A435398,K25-052777,2025-07-18,2025-07-31,validation,validation,
6753,A435412,K25-052788,2025-07-18,2025-07-30,validation,validation,
6754,A435413,K25-052789,2025-07-18,2025-07-30,validation,validation,
6755,A435414,K25-052790,2025-07-18,2025-07-18,validation,validation,
6756,A435416,K25-052791,2025-07-18,2025-07-20,validation,validation,
6757,A435417,K25-052792,2025-07-18,2025-08-07,validation,validation,
6758,A435418,K25-052793,2025-07-18,2025-07-21,validation,validation,
6759,A435423,K25-052794,2025-07-18,2025-08-18,validation,excluded,Validation animal also appears in test period
6760,A434934,K25-052795,2025-07-18,2025-07-25,validation,validation,
6761,A435463,K25-052797,2025-07-19,2025-07-19,validation,validation,
6762,A435466,K25-052798,2025-07-19,2025-08-19,validation,validation,
6763,A435468,K25-052799,2025-07-19,2025-08-18,validation,validation,
6764,A435472,K25-052801,2025-07-19,2025-08-09,validation,validation,
6765,A435474,K25-052802,2025-07-19,2025-07-26,validation,validation,
6766,A435483,K25-052804,2025-07-19,2025-08-11,validation,validation,
6767,A435504,K25-052806,2025-07-19,2025-08-03,validation,validation,
6768,A435508,K25-052807,2025-07-20,2025-08-20,validation,validation,
6769,A435509,K25-052808,2025-07-20,2025-07-27,validation,validation,
6770,A435515,K25-052813,2025-07-21,2025-08-07,validation,validation,
6771,A435516,K25-052814,2025-07-21,2025-07-21,validation,validation,
6772,A435517,K25-052815,2025-07-21,2025-07-21,validation,validation,
6773,A435501,K25-052816,2025-07-21,2025-07-27,validation,validation,
6774,A435521,K25-052817,2025-07-21,2025-07-23,validation,validation,
6775,A435523,K25-052818,2025-07-21,2025-08-19,validation,validation,
6776,A435524,K25-052819,2025-07-21,2025-07-23,validation,validation,
6777,A262741,K25-052821,2025-07-21,2025-07-22,validation,validation,
6778,A435651,K25-052866,2025-07-21,2025-08-21,validation,validation,
6779,A435652,K25-052867,2025-07-21,2025-08-21,validation,validation,
6780,A435653,K25-052868,2025-07-21,2025-08-21,validation,validation,
6781,A435654,K25-052869,2025-07-21,2025-08-21,validation,validation,
6782,A435655,K25-052870,2025-07-21,2025-08-21,validation,validation,
6783,A435656,K25-052871,2025-07-21,2025-08-21,validation,validation,
6784,A435657,K25-052872,2025-07-21,2025-08-21,validation,validation,
6785,A435658,K25-052873,2025-07-21,2025-08-21,validation,validation,
6786,A435659,K25-052874,2025-07-21,2025-08-21,validation,validation,
6787,A435660,K25-052875,2025-07-21,2025-08-21,validation,validation,
6788,A435538,K25-052824,2025-07-22,2025-08-22,validation,validation,
6789,A435539,K25-052825,2025-07-22,2025-08-22,validation,validation,
6790,A435540,K25-052826,2025-07-22,2025-08-09,validation,validation,
6791,A435348,K25-052827,2025-07-22,2025-08-07,validation,validation,
6792,A400032,K25-052828,2025-07-22,2025-08-01,validation,validation,
6793,A435541,K25-052829,2025-07-23,2025-07-23,validation,validation,
6794,A435546,K25-052831,2025-07-23,2025-08-23,validation,validation,
6795,A435547,K25-052832,2025-07-23,2025-08-02,validation,validation,
6796,A435560,K25-052835,2025-07-23,2025-07-24,validation,validation,
6797,A430942,K25-052836,2025-07-23,2025-08-19,validation,validation,
6798,A435573,K25-052837,2025-07-24,2025-07-29,validation,validation,
6799,A435576,K25-052838,2025-07-24,2025-08-01,validation,validation,
6800,A435581,K25-052841,2025-07-24,2025-08-24,validation,validation,
6801,A435589,K25-052843,2025-07-24,2025-08-24,validation,validation,
6802,A435595,K25-052846,2025-07-25,2025-07-29,validation,validation,
6803,A435592,K25-052847,2025-07-25,2025-08-25,validation,validation,
6804,A435593,K25-052848,2025-07-25,2025-08-08,validation,validation,
6805,A435600,K25-052849,2025-07-25,2025-08-25,validation,validation,
6806,A435599,K25-052850,2025-07-25,2025-08-25,validation,validation,
6807,A435605,K25-052852,2025-07-25,2025-07-26,validation,validation,
6808,A435606,K25-052853,2025-07-25,2025-08-05,validation,validation,
6809,A435625,K25-052855,2025-07-26,2025-07-29,validation,validation,
6810,A435627,K25-052856,2025-07-26,2025-07-29,validation,validation,
6811,A311426,K25-052857,2025-07-26,2025-07-29,validation,validation,
6812,A435628,K25-052858,2025-07-26,2025-08-26,validation,validation,
6813,A435631,K25-052859,2025-07-26,2025-08-13,validation,validation,
6814,A435632,K25-052860,2025-07-26,2025-08-01,validation,validation,
6815,A435635,K25-052861,2025-07-26,2025-08-26,validation,validation,
6816,A435644,K25-052862,2025-07-26,2025-08-01,validation,validation,
6817,A435665,K25-052878,2025-07-27,2025-08-27,validation,validation,
6818,A430247,K25-052879,2025-07-28,2025-08-09,validation,validation,
6819,A431199,K25-052880,2025-07-28,2025-08-28,validation,validation,
6820,A435672,K25-052881,2025-07-28,2025-08-08,validation,validation,
6821,A435674,K25-052882,2025-07-28,2025-08-09,validation,validation,
6822,A435677,K25-052884,2025-07-29,2025-07-30,validation,validation,
6823,A435685,K25-052887,2025-07-29,2025-07-29,validation,validation,
6824,A350233,K25-052888,2025-07-29,2025-07-29,validation,validation,
6825,A435691,K25-052890,2025-07-29,2025-08-29,validation,validation,
6826,A435692,K25-052891,2025-07-29,2025-08-29,validation,validation,
6827,A435693,K25-052892,2025-07-29,2025-08-29,validation,validation,
6828,A435694,K25-052893,2025-07-29,2025-08-29,validation,validation,
6829,A435695,K25-052894,2025-07-29,2025-08-29,validation,validation,
6830,A435696,K25-052895,2025-07-29,2025-08-29,validation,validation,
6831,A435697,K25-052896,2025-07-29,2025-08-08,validation,validation,
6832,A435700,K25-052899,2025-07-29,2025-08-05,validation,validation,
6833,A409980,K25-052897,2025-07-30,2025-07-31,validation,validation,
6834,A435702,K25-052901,2025-07-30,2025-08-01,validation,validation,
6835,A435704,K25-052902,2025-07-30,2025-07-30,validation,validation,
6836,A435706,K25-052903,2025-07-30,2025-08-01,validation,validation,
6837,A435705,K25-052904,2025-07-30,2025-07-30,validation,validation,
6838,A435707,K25-052905,2025-07-30,2025-08-12,validation,validation,
6839,A435708,K25-052906,2025-07-30,2025-08-30,validation,validation,
6840,A435716,K25-052907,2025-07-30,2025-08-14,validation,validation,
6841,A435718,K25-052908,2025-07-31,2025-08-08,validation,validation,
6842,A435725,K25-052909,2025-07-31,2025-08-31,validation,validation,
6843,A435726,K25-052910,2025-07-31,2025-08-31,validation,validation,
6844,A435727,K25-052911,2025-07-31,2025-07-31,validation,validation,
6845,A435731,K25-052912,2025-07-31,2025-08-08,validation,validation,
6846,A435732,K25-052913,2025-08-01,2025-08-01,validation,validation,
6847,A435735,K25-052915,2025-08-01,2025-09-01,validation,validation,
6848,A435737,K25-052917,2025-08-01,2025-08-01,validation,validation,
6849,A435738,K25-052918,2025-08-01,2025-08-01,validation,validation,
6850,A435742,K25-052921,2025-08-01,2025-08-08,validation,validation,
6851,A435747,K25-052925,2025-08-01,2025-08-05,validation,validation,
6852,A435746,K25-052924,2025-08-02,2025-08-02,validation,validation,
6853,A435749,K25-052926,2025-08-02,2025-08-02,validation,validation,
6854,A379680,K25-052927,2025-08-02,2025-08-02,validation,validation,
6855,A300455,K25-052928,2025-08-02,2025-08-27,validation,validation,
6856,A435762,K25-052930,2025-08-03,2025-08-05,validation,validation,
6857,A425725,K25-052931,2025-08-03,2025-09-02,validation,validation,
6858,A435764,K25-052932,2025-08-03,2025-08-26,validation,validation,
6859,A435766,K25-052934,2025-08-03,2025-08-11,validation,validation,
6860,A430788,K25-052935,2025-08-03,2025-08-07,validation,validation,
6861,A324076,K25-052936,2025-08-03,2025-08-07,validation,validation,
6862,A413557,K25-052937,2025-08-03,2025-08-07,validation,validation,
6863,A435781,K25-052938,2025-08-03,2025-08-11,validation,validation,
6864,A435791,K25-052939,2025-08-04,2025-08-05,validation,validation,
6865,A435792,K25-052940,2025-08-04,2025-09-04,validation,validation,
6866,A435796,K25-052941,2025-08-04,2025-08-05,validation,validation,
6867,A435797,K25-052942,2025-08-04,2025-08-13,validation,validation,
6868,A435798,K25-052943,2025-08-04,2025-08-13,validation,validation,
6869,A435799,K25-052944,2025-08-04,2025-08-27,validation,validation,
6870,A435807,K25-052951,2025-08-04,2025-08-21,validation,validation,
6871,A435809,K25-052952,2025-08-04,2025-08-16,validation,validation,
6872,A435816,K25-052959,2025-08-05,2025-08-05,validation,validation,
6873,A435817,K25-052960,2025-08-05,2025-08-05,validation,validation,
6874,A433294,K25-052961,2025-08-05,2025-09-05,validation,validation,
6875,A424778,K25-052965,2025-08-05,2025-08-05,validation,validation,
6876,A435824,K25-052966,2025-08-05,2025-08-23,validation,validation,
6877,A435827,K25-052967,2025-08-05,2025-08-07,validation,validation,
6878,A435831,K25-052968,2025-08-05,2025-08-07,validation,validation,
6879,A435833,K25-052970,2025-08-05,2025-08-06,validation,validation,
6880,A434239,K25-052971,2025-08-06,2025-08-21,validation,validation,
6881,A433760,K25-052972,2025-08-06,2025-09-06,validation,validation,
6882,A435850,K25-052973,2025-08-06,2025-08-27,validation,validation,
6883,A435852,K25-052974,2025-08-06,2025-08-27,validation,validation,
6884,A435853,K25-052975,2025-08-06,2025-08-27,validation,validation,
6885,A435854,K25-052976,2025-08-06,2025-08-27,validation,validation,
6886,A435856,K25-052977,2025-08-06,2025-09-06,validation,validation,
6887,A435857,K25-052978,2025-08-06,2025-08-06,validation,validation,
6888,A425405,K25-052979,2025-08-06,2025-08-16,validation,validation,
6889,A435861,K25-052980,2025-08-07,2025-08-27,validation,validation,
6890,A435869,K25-052982,2025-08-07,2025-09-07,validation,validation,
6891,A435870,K25-052983,2025-08-07,2025-09-07,validation,validation,
6892,A346216,K25-052984,2025-08-07,2025-08-08,validation,validation,
6893,A435877,K25-052985,2025-08-07,2025-08-21,validation,validation,
6894,A435878,K25-052986,2025-08-07,2025-08-21,validation,validation,
6895,A435879,K25-052988,2025-08-07,2025-08-14,validation,validation,
6896,A435883,K25-052990,2025-08-08,2025-08-08,validation,validation,
6897,A435887,K25-052991,2025-08-08,2025-08-18,validation,validation,
6898,A435889,K25-052992,2025-08-08,2025-08-18,validation,validation,
6899,A435890,K25-052993,2025-08-08,2025-08-18,validation,validation,
6900,A435891,K25-052994,2025-08-08,2025-08-15,validation,validation,
6901,A435892,K25-052995,2025-08-08,2025-08-20,validation,validation,
6902,A435893,K25-052996,2025-08-08,2025-08-15,validation,validation,
6903,A435894,K25-052997,2025-08-08,2025-08-15,validation,validation,
6904,A435896,K25-052998,2025-08-08,2025-09-06,validation,validation,
6905,A435897,K25-052999,2025-08-08,2025-09-04,validation,validation,
6906,A435898,K25-053000,2025-08-08,2025-09-08,validation,validation,
6907,A435899,K25-053001,2025-08-08,2025-09-06,validation,validation,
6908,A435901,K25-053002,2025-08-08,2025-08-20,validation,validation,
6909,A435903,K25-053003,2025-08-08,2025-08-29,validation,validation,
6910,A427708,K25-053004,2025-08-08,2025-08-09,validation,validation,
6911,A435905,K25-053005,2025-08-09,2025-09-09,validation,validation,
6912,A435906,K25-053006,2025-08-09,2025-09-09,validation,validation,
6913,A435907,K25-053007,2025-08-09,2025-09-09,validation,validation,
6914,A435910,K25-053008,2025-08-09,2025-08-09,validation,validation,
6915,A435923,K25-053019,2025-08-09,2025-08-09,validation,validation,
6916,A435926,K25-053020,2025-08-09,2025-08-20,validation,validation,
6917,A435941,K25-053032,2025-08-09,2025-08-21,validation,validation,
6918,A435943,K25-053033,2025-08-09,2025-08-21,validation,validation,
6919,A435944,K25-053034,2025-08-09,2025-08-21,validation,validation,
6920,A435945,K25-053035,2025-08-09,2025-08-21,validation,validation,
6921,A367544,K25-053037,2025-08-09,2025-08-12,validation,validation,
6922,A435950,K25-053038,2025-08-09,2025-08-26,validation,validation,
6923,A334618,K25-053039,2025-08-09,2025-08-14,validation,validation,
6924,A435952,K25-053040,2025-08-09,2025-09-09,validation,validation,
6925,A361714,K25-053042,2025-08-09,2025-08-09,validation,validation,
6926,A435954,K25-053043,2025-08-09,2025-08-14,validation,validation,
6927,A435962,K25-053044,2025-08-09,2025-08-12,validation,validation,
6928,A435963,K25-053045,2025-08-09,2025-08-12,validation,validation,
6929,A435964,K25-053047,2025-08-09,2025-09-09,validation,validation,
6930,A435292,K25-053049,2025-08-10,2025-08-21,validation,validation,
6931,A435968,K25-053050,2025-08-10,2025-08-14,validation,validation,
6932,A435972,K25-053051,2025-08-10,2025-08-10,validation,validation,
6933,A435976,K25-053053,2025-08-11,2025-09-11,validation,validation,
6934,A435978,K25-053054,2025-08-11,2025-09-04,validation,validation,
6935,A435979,K25-053055,2025-08-11,2025-09-11,validation,validation,
6936,A435982,K25-053057,2025-08-12,2025-08-22,validation,validation,
6937,A435983,K25-053058,2025-08-12,2025-08-19,validation,validation,
6938,A435984,K25-053059,2025-08-12,2025-08-19,validation,validation,
6939,A435987,K25-053062,2025-08-12,2025-09-12,validation,validation,
6940,A435988,K25-053063,2025-08-12,2025-08-21,validation,validation,
6941,A436008,K25-053065,2025-08-12,2025-08-30,validation,validation,
6942,A424226,K25-053066,2025-08-12,2025-08-14,validation,validation,
6943,A434699,K25-053067,2025-08-13,2025-08-21,validation,validation,
6944,A434698,K25-053068,2025-08-13,2025-08-21,validation,validation,
6945,A378486,K25-053069,2025-08-13,2025-08-14,validation,validation,
6946,A436015,K25-053071,2025-08-13,2025-08-26,validation,validation,
6947,A433667,K25-053072,2025-08-13,2025-08-21,validation,validation,
6948,A436016,K25-053073,2025-08-13,2025-08-28,validation,validation,
6949,A436019,K25-053074,2025-08-13,2025-09-09,validation,validation,
6950,A436025,K25-053075,2025-08-13,2025-08-14,validation,validation,
6951,A436038,K25-053076,2025-08-13,2025-08-14,validation,excluded,Validation animal also appears in test period
6952,A436040,K25-053078,2025-08-13,2025-08-30,validation,validation,
6953,A436041,K25-053079,2025-08-13,2025-08-30,validation,validation,
6954,A436042,K25-053080,2025-08-14,2025-08-14,validation,validation,
6955,A436051,K25-053081,2025-08-14,2025-09-09,validation,validation,
6956,A436060,K25-053083,2025-08-14,2025-09-13,validation,validation,
6957,A426165,K25-053084,2025-08-14,2025-09-14,validation,validation,
6958,A436061,K25-053085,2025-08-14,2025-08-15,validation,validation,
6959,A435563,K25-053087,2025-08-14,2025-08-28,validation,validation,
6960,A436085,K25-053088,2025-08-14,2025-08-14,validation,validation,
6961,A421121,K25-053089,2025-08-14,2025-08-17,validation,validation,
6962,A436088,K25-053093,2025-08-14,2025-08-21,validation,validation,
6963,A378486,K25-053090,2025-08-15,2025-08-15,validation,validation,
6964,A436087,K25-053091,2025-08-15,2025-08-22,validation,validation,
6965,A436059,K25-053092,2025-08-15,2025-08-22,validation,validation,
6966,A436089,K25-053094,2025-08-15,2025-09-15,validation,validation,
6967,A436090,K25-053095,2025-08-15,2025-09-15,validation,validation,
6968,A436091,K25-053096,2025-08-15,2025-09-15,validation,validation,
6969,A436092,K25-053097,2025-08-15,2025-09-15,validation,validation,
6970,A436093,K25-053098,2025-08-15,2025-09-15,validation,validation,
6971,A436100,K25-053102,2025-08-15,2025-08-15,validation,excluded,Validation animal also appears in test period
6972,A436101,K25-053103,2025-08-15,2025-09-06,validation,validation,
6973,A436104,K25-053104,2025-08-15,2025-09-15,validation,validation,
6974,A409401,K25-053105,2025-08-15,2025-08-22,validation,validation,
6975,A432622,K25-053106,2025-08-16,2025-08-28,validation,validation,
6976,A436115,K25-053107,2025-08-16,2025-08-20,validation,validation,
6977,A436116,K25-053108,2025-08-16,2025-08-16,validation,validation,
6978,A436123,K25-053109,2025-08-16,2025-08-17,validation,validation,
6979,A436148,K25-053120,2025-08-16,2025-08-30,validation,validation,
6980,A436149,K25-053121,2025-08-16,2025-08-30,validation,validation,
6981,A436124,K25-053110,2025-08-17,2025-09-17,validation,validation,
6982,A428996,K25-053111,2025-08-18,2025-08-19,validation,validation,
6983,A436136,K25-053112,2025-08-18,2025-08-20,validation,validation,
6984,A436137,K25-053113,2025-08-18,2025-08-18,validation,validation,
6985,A436138,K25-053114,2025-08-18,2025-08-26,validation,validation,
6986,A436128,K25-053115,2025-08-18,2025-09-18,validation,validation,
6987,A436144,K25-053118,2025-08-18,2025-08-20,validation,validation,
6988,A436145,K25-053119,2025-08-18,2025-08-23,validation,validation,
6989,A436150,K25-053122,2025-08-19,2025-08-19,validation,validation,
6990,A436153,K25-053124,2025-08-19,2025-08-20,validation,validation,
6991,A436154,K25-053126,2025-08-19,2025-08-26,validation,validation,
6992,A436155,K25-053127,2025-08-19,2025-09-19,validation,validation,
6993,A436157,K25-053128,2025-08-19,2025-08-20,validation,validation,
6994,A436158,K25-053129,2025-08-19,2025-08-20,validation,validation,
6995,A436159,K25-053130,2025-08-19,2025-09-11,validation,validation,
6996,A436160,K25-053131,2025-08-19,2025-09-04,validation,validation,
6997,A436161,K25-053132,2025-08-19,2025-09-04,validation,validation,
6998,A434012,K25-053134,2025-08-19,2025-09-19,validation,validation,
6999,A434011,K25-053135,2025-08-19,2025-09-19,validation,validation,
7000,A434010,K25-053136,2025-08-19,2025-09-19,validation,validation,
7001,A436097,K25-053100,2025-08-20,2025-09-20,validation,validation,
7002,A436098,K25-053101,2025-08-20,2025-09-20,validation,validation,
7003,A436181,K25-053137,2025-08-20,2025-08-30,validation,validation,
7004,A328168,K25-053139,2025-08-20,2025-08-20,validation,validation,
7005,A436184,K25-053140,2025-08-20,2025-08-21,validation,validation,
7006,A436187,K25-053141,2025-08-20,2025-09-13,validation,validation,
7007,A436191,K25-053142,2025-08-20,2025-09-06,validation,validation,
7008,A436198,K25-053146,2025-08-20,2025-08-30,validation,validation,
7009,A436202,K25-053147,2025-08-20,2025-09-20,validation,validation,
7010,A436201,K25-053148,2025-08-20,2025-09-20,validation,validation,
7011,A436209,K25-053150,2025-08-21,2025-08-26,validation,validation,
7012,A436227,K25-053152,2025-08-21,2025-09-03,validation,excluded,Validation animal also appears in test period
7013,A436233,K25-053153,2025-08-21,2025-08-21,validation,validation,
7014,A436232,K25-053154,2025-08-21,2025-09-20,validation,validation,
7015,A436234,K25-053155,2025-08-21,2025-09-21,validation,validation,
7016,A436235,K25-053156,2025-08-21,2025-09-21,validation,validation,
7017,A436236,K25-053157,2025-08-21,2025-09-21,validation,validation,
7018,A436237,K25-053158,2025-08-21,2025-09-21,validation,validation,
7019,A436238,K25-053159,2025-08-21,2025-09-21,validation,validation,
7020,A436239,K25-053160,2025-08-21,2025-09-21,validation,validation,
7021,A436240,K25-053161,2025-08-21,2025-09-21,validation,validation,
7022,A436241,K25-053162,2025-08-21,2025-09-21,validation,validation,
7023,A324394,K25-053163,2025-08-21,2025-08-21,validation,validation,
7024,A436245,K25-053164,2025-08-21,2025-08-21,validation,validation,
7025,A436246,K25-053165,2025-08-21,2025-08-21,validation,validation,
7026,A436247,K25-053166,2025-08-21,2025-08-21,validation,validation,
7027,A429462,K25-053167,2025-08-22,2025-08-23,validation,validation,
7028,A429719,K25-053168,2025-08-22,2025-09-09,validation,validation,
7029,A436146,K25-053169,2025-08-22,2025-09-09,validation,validation,
7030,A436254,K25-053170,2025-08-22,2025-09-13,validation,validation,
7031,A436255,K25-053171,2025-08-22,2025-08-26,validation,validation,
7032,A436257,K25-053172,2025-08-22,2025-08-22,validation,validation,
7033,A415272,K25-053174,2025-08-22,2025-08-23,validation,validation,
7034,A436258,K25-053175,2025-08-22,2025-08-26,validation,validation,
7035,A284046,K25-053178,2025-08-22,2025-08-23,validation,validation,
7036,A436264,K25-053179,2025-08-22,2025-09-22,validation,validation,
7037,A436267,K25-053182,2025-08-22,2025-08-23,validation,validation,
7038,A436276,K25-053183,2025-08-23,2025-09-23,validation,validation,
7039,A426368,K25-053184,2025-08-23,2025-08-26,validation,excluded,Validation animal also appears in test period
7040,A436278,K25-053185,2025-08-23,2025-08-23,validation,validation,
7041,A436279,K25-053186,2025-08-23,2025-08-23,validation,validation,
7042,A436281,K25-053188,2025-08-23,2025-08-26,validation,validation,
7043,A436284,K25-053189,2025-08-23,2025-08-23,validation,validation,
7044,A431873,K25-053190,2025-08-23,2025-09-11,validation,validation,
7045,A428390,K25-053191,2025-08-24,2025-09-11,validation,validation,
7046,A436289,K25-053193,2025-08-24,2025-08-27,validation,validation,
7047,A436301,K25-053194,2025-08-25,2025-08-27,validation,validation,
7048,A436303,K25-053195,2025-08-25,2025-08-26,validation,validation,
7049,A435816,K25-053196,2025-08-25,2025-08-26,validation,validation,
7050,A436305,K25-053198,2025-08-25,2025-09-25,validation,validation,
7051,A436317,K25-053201,2025-08-26,2025-09-24,validation,validation,
7052,A436322,K25-053202,2025-08-26,2025-09-16,validation,validation,
7053,A436328,K25-053205,2025-08-26,2025-09-03,validation,validation,
7054,A436329,K25-053206,2025-08-26,2025-09-13,validation,validation,
7055,A424102,K25-053125,2025-08-27,2025-09-12,validation,validation,
7056,A416438,K25-053145,2025-08-27,2025-09-12,validation,validation,
7057,A436333,K25-053207,2025-08-27,2025-09-09,validation,validation,
7058,A436335,K25-053210,2025-08-27,2025-09-04,validation,validation,
7059,A426596,K25-053211,2025-08-27,2025-08-27,validation,validation,
7060,A434218,K25-053212,2025-08-27,2025-08-28,validation,validation,
7061,A434219,K25-053213,2025-08-27,2025-08-28,validation,validation,
7062,A436337,K25-053214,2025-08-27,2025-09-27,validation,validation,
7063,A436338,K25-053215,2025-08-27,2025-08-27,validation,validation,
7064,A436339,K25-053216,2025-08-27,2025-09-23,validation,validation,
7065,A426062,K25-053217,2025-08-27,2025-08-27,validation,validation,
7066,A426063,K25-053218,2025-08-27,2025-08-27,validation,validation,
7067,A436342,K25-053220,2025-08-27,2025-09-27,validation,validation,
7068,A436343,K25-053221,2025-08-27,2025-09-27,validation,validation,
7069,A436344,K25-053222,2025-08-27,2025-09-27,validation,validation,
7070,A430911,K25-053151,2025-08-28,2025-09-28,validation,validation,
7071,A436365,K25-053227,2025-08-28,2025-08-29,validation,validation,
7072,A426557,K25-053229,2025-08-29,2025-09-02,validation,excluded,Validation animal also appears in test period
7073,A436374,K25-053230,2025-08-29,2025-08-30,validation,validation,
7074,A436375,K25-053231,2025-08-29,2025-08-29,validation,validation,
7075,A436386,K25-053235,2025-08-29,2025-09-22,validation,validation,
7076,A436017,K25-053237,2025-08-29,2025-09-19,validation,validation,
7077,A436403,K25-053239,2025-08-29,2025-09-29,validation,validation,
7078,A436405,K25-053240,2025-08-29,2025-09-29,validation,validation,
7079,A436412,K25-053243,2025-08-29,2025-09-18,validation,validation,
7080,A436420,K25-053244,2025-08-30,2025-09-27,validation,validation,
7081,A428660,K25-053246,2025-08-30,2025-09-04,validation,validation,
7082,A436430,K25-053250,2025-08-30,2025-09-30,validation,validation,
7083,A436433,K25-053251,2025-08-30,2025-08-30,validation,validation,
7084,A409300,K25-053252,2025-08-30,2025-09-16,validation,validation,
7085,A432342,K25-053253,2025-08-30,2025-08-30,validation,validation,
7086,A432944,K25-053254,2025-08-30,2025-08-30,validation,validation,
7087,A436438,K25-053255,2025-08-31,2025-09-06,validation,validation,
7088,A436439,K25-053256,2025-08-31,2025-09-06,validation,validation,
7089,A436440,K25-053257,2025-08-31,2025-09-06,validation,validation,
7090,A436441,K25-053258,2025-08-31,2025-10-01,validation,validation,
7091,A436442,K25-053259,2025-08-31,2025-09-02,validation,validation,
7092,A338569,K25-053260,2025-08-31,2025-08-31,validation,validation,
7093,A436443,K25-053261,2025-08-31,2025-08-31,validation,validation,
7094,A436456,K25-053262,2025-09-01,2025-09-12,validation,validation,
7095,A436458,K25-053263,2025-09-02,2025-09-30,validation,validation,
7096,A436459,K25-053264,2025-09-02,2025-09-02,validation,validation,
7097,A435359,K25-053265,2025-09-02,2025-10-03,validation,validation,
7098,A435358,K25-053266,2025-09-02,2025-10-03,validation,validation,
7099,A436461,K25-053267,2025-09-02,2025-09-22,validation,validation,
7100,A436462,K25-053268,2025-09-02,2025-09-20,validation,validation,
7101,A436463,K25-053269,2025-09-02,2025-10-03,validation,validation,
7102,A436464,K25-053270,2025-09-02,2025-09-30,validation,validation,
7103,A436465,K25-053271,2025-09-02,2025-09-03,validation,validation,
7104,A436467,K25-053272,2025-09-02,2025-09-27,validation,validation,
7105,A436468,K25-053273,2025-09-02,2025-09-30,validation,validation,
7106,A436469,K25-053274,2025-09-02,2025-09-25,validation,validation,
7107,A413696,K25-053275,2025-09-02,2025-09-02,validation,validation,
7108,A436471,K25-053276,2025-09-02,2025-10-03,validation,validation,
7109,A436473,K25-053277,2025-09-02,2025-09-02,validation,validation,
7110,A436472,K25-053278,2025-09-02,2025-09-02,validation,validation,
7111,A436477,K25-053280,2025-09-02,2025-09-10,validation,validation,
7112,A436479,K25-053282,2025-09-02,2025-09-09,validation,validation,
7113,A436480,K25-053283,2025-09-02,2025-09-09,validation,validation,
7114,A436481,K25-053284,2025-09-02,2025-09-09,validation,validation,
7115,A436482,K25-053285,2025-09-02,2025-09-09,validation,validation,
7116,A436483,K25-053286,2025-09-02,2025-10-03,validation,validation,
7117,A436484,K25-053287,2025-09-02,2025-10-03,validation,validation,
7118,A436486,K25-053289,2025-09-03,2025-09-24,validation,validation,
7119,A436488,K25-053290,2025-09-03,2025-09-03,validation,validation,
7120,A436490,K25-053292,2025-09-03,2025-09-18,validation,validation,
7121,A436491,K25-053293,2025-09-03,2025-09-26,validation,validation,
7122,A436496,K25-053298,2025-09-03,2025-10-04,validation,validation,
7123,A436497,K25-053299,2025-09-03,2025-10-04,validation,validation,
7124,A433583,K25-053224,2025-09-04,2025-10-05,validation,validation,
7125,A411719,K25-053225,2025-09-04,2025-09-18,validation,validation,
7126,A436526,K25-053300,2025-09-04,2025-09-04,validation,validation,
7127,A436540,K25-053303,2025-09-04,2025-10-05,validation,validation,
7128,A436541,K25-053304,2025-09-04,2025-09-26,validation,validation,
7129,A436542,K25-053306,2025-09-04,2025-09-24,validation,validation,
7130,A436543,K25-053307,2025-09-04,2025-10-05,validation,validation,
7131,A436544,K25-053308,2025-09-04,2025-09-27,validation,validation,
7132,A436545,K25-053309,2025-09-04,2025-10-05,validation,validation,
7133,A436546,K25-053310,2025-09-04,2025-09-11,validation,validation,
7134,A436552,K25-053311,2025-09-04,2025-09-24,validation,validation,
7135,A436571,K25-053317,2025-09-04,2025-09-18,validation,validation,
7136,A424296,K25-053312,2025-09-05,2025-09-05,validation,validation,
7137,A436560,K25-053313,2025-09-05,2025-09-05,validation,validation,
7138,A436567,K25-053314,2025-09-05,2025-09-20,validation,validation,
7139,A436568,K25-053315,2025-09-05,2025-10-06,validation,validation,
7140,A436573,K25-053318,2025-09-05,2025-09-06,validation,validation,
7141,A334852,K25-053319,2025-09-05,2025-09-22,validation,validation,
7142,A436575,K25-053320,2025-09-05,2025-10-01,validation,validation,
7143,A436577,K25-053321,2025-09-05,2025-09-05,validation,validation,
7144,A436582,K25-053323,2025-09-05,2025-09-18,validation,validation,
7145,A436583,K25-053324,2025-09-05,2025-09-18,validation,validation,
7146,A436584,K25-053325,2025-09-05,2025-09-18,validation,validation,
7147,A436585,K25-053326,2025-09-05,2025-09-18,validation,validation,
7148,A436586,K25-053327,2025-09-05,2025-09-18,validation,validation,
7149,A436588,K25-053328,2025-09-05,2025-10-06,validation,validation,
7150,A436590,K25-053329,2025-09-05,2025-10-06,validation,validation,
7151,A436592,K25-053331,2025-09-06,2025-09-06,validation,validation,
7152,A435589,K25-053332,2025-09-06,2025-10-07,validation,validation,
7153,A436593,K25-053333,2025-09-06,2025-09-27,validation,validation,
7154,A436596,K25-053335,2025-09-06,2025-09-06,validation,validation,
7155,A436597,K25-053336,2025-09-06,2025-10-07,validation,validation,
7156,A436607,K25-053337,2025-09-06,2025-09-08,validation,validation,
7157,A436613,K25-053338,2025-09-07,2025-09-09,validation,validation,
7158,A436612,K25-053339,2025-09-07,2025-09-09,validation,validation,
7159,A431562,K25-053340,2025-09-07,2025-09-07,validation,validation,
7160,A436617,K25-053341,2025-09-07,2025-09-10,validation,validation,
7161,A432409,K25-053343,2025-09-08,2025-09-11,validation,validation,
7162,A276836,K25-053344,2025-09-08,2025-09-09,validation,validation,
7163,A436629,K25-053345,2025-09-09,2025-09-16,validation,validation,
7164,A436630,K25-053346,2025-09-09,2025-09-10,validation,validation,
7165,A436638,K25-053351,2025-09-09,2025-09-09,validation,validation,
7166,A435600,K25-053353,2025-09-09,2025-09-30,validation,validation,
7167,A436644,K25-053356,2025-09-09,2025-09-09,validation,validation,
7168,A436645,K25-053357,2025-09-09,2025-09-09,validation,validation,
7169,A436649,K25-053359,2025-09-10,2025-09-20,validation,validation,
7170,A436675,K25-053381,2025-09-10,2025-09-22,validation,validation,
7171,A436679,K25-053383,2025-09-10,2025-09-12,validation,validation,
7172,A436352,K25-053384,2025-09-10,2025-09-18,validation,validation,
7173,A436683,K25-053385,2025-09-10,2025-09-22,validation,validation,
7174,A436684,K25-053386,2025-09-10,2025-09-12,validation,validation,
7175,A436685,K25-053387,2025-09-10,2025-10-11,validation,validation,
7176,A436692,K25-053388,2025-09-10,2025-09-13,validation,excluded,Validation animal also appears in test period
7177,A434584,K25-053389,2025-09-10,2025-09-13,validation,excluded,Validation animal also appears in test period
7178,A436700,K25-053390,2025-09-10,2025-09-13,validation,validation,
7179,A436701,K25-053391,2025-09-10,2025-09-11,validation,validation,
7180,A436702,K25-053392,2025-09-10,2025-09-10,validation,validation,
7181,A436703,K25-053393,2025-09-10,2025-09-10,validation,validation,
7182,A436704,K25-053394,2025-09-10,2025-09-10,validation,validation,
7183,A436705,K25-053395,2025-09-11,2025-09-11,validation,validation,
7184,A436716,K25-053396,2025-09-11,2025-09-30,validation,excluded,Validation animal also appears in test period
7185,A436717,K25-053397,2025-09-11,2025-10-12,validation,validation,
7186,A436718,K25-053398,2025-09-11,2025-10-02,validation,validation,
7187,A436719,K25-053399,2025-09-11,2025-10-09,validation,validation,
7188,A436720,K25-053400,2025-09-11,2025-09-26,validation,validation,
7189,A436722,K25-053402,2025-09-11,2025-09-17,validation,validation,
7190,A436723,K25-053403,2025-09-11,2025-10-12,validation,validation,
7191,A436724,K25-053404,2025-09-11,2025-10-09,validation,validation,
7192,A436725,K25-053405,2025-09-11,2025-10-12,validation,validation,
7193,A436728,K25-053406,2025-09-12,2025-09-13,validation,validation,
7194,A434018,K25-053407,2025-09-12,2025-10-13,validation,validation,
7195,A436729,K25-053408,2025-09-12,2025-10-13,validation,validation,
7196,A436735,K25-053409,2025-09-12,2025-09-12,validation,validation,
7197,A029425,K25-053410,2025-09-12,2025-09-25,validation,validation,
7198,A430563,K25-053411,2025-09-12,2025-10-09,validation,validation,
7199,A433089,K25-053412,2025-09-12,2025-10-02,validation,validation,
7200,A436738,K25-053413,2025-09-12,2025-09-27,validation,validation,
7201,A436739,K25-053414,2025-09-12,2025-09-12,validation,validation,
7202,A436741,K25-053415,2025-09-12,2025-09-27,validation,validation,
7203,A436743,K25-053416,2025-09-12,2025-09-18,validation,validation,
7204,A436744,K25-053417,2025-09-12,2025-09-18,validation,validation,
7205,A436745,K25-053418,2025-09-12,2025-09-14,validation,validation,
7206,A436752,K25-053420,2025-09-13,2025-10-14,validation,validation,
7208,A436767,K25-053425,2025-09-14,2025-09-16,validation,validation,
7209,A419561,K25-053426,2025-09-15,2025-09-25,validation,validation,
7210,A436768,K25-053427,2025-09-15,2025-09-15,validation,validation,
7211,A436770,K25-053429,2025-09-15,2025-10-02,validation,validation,
7212,A436771,K25-053430,2025-09-15,2025-09-16,validation,validation,
7213,A436772,K25-053431,2025-09-15,2025-10-02,validation,validation,
7214,A436776,K25-053435,2025-09-15,2025-09-15,validation,validation,
7215,A436777,K25-053436,2025-09-15,2025-10-01,validation,validation,
7216,A436779,K25-053437,2025-09-15,2025-09-29,validation,validation,
7217,A436785,K25-053440,2025-09-15,2025-10-16,validation,validation,
7218,A436781,K25-053438,2025-09-16,2025-10-17,validation,validation,
7219,A436786,K25-053441,2025-09-16,2025-10-17,validation,validation,
7220,A436793,K25-053443,2025-09-16,2025-09-17,validation,validation,
7221,A436797,K25-053445,2025-09-16,2025-10-15,validation,validation,
7222,A436798,K25-053446,2025-09-16,2025-09-16,validation,validation,
7223,A436799,K25-053447,2025-09-16,2025-09-17,validation,validation,
7224,A436846,K25-053450,2025-09-17,2025-09-17,validation,validation,
7225,A435731,K25-053451,2025-09-17,2025-09-30,validation,validation,
7226,A403235,K25-053453,2025-09-17,2025-09-20,validation,validation,
7227,A436890,K25-053454,2025-09-18,2025-09-18,validation,validation,
7228,A436875,K25-053455,2025-09-18,2025-10-19,validation,validation,
7229,A436876,K25-053456,2025-09-18,2025-10-19,validation,validation,
7230,A436877,K25-053457,2025-09-18,2025-10-19,validation,validation,
7231,A436878,K25-053458,2025-09-18,2025-10-08,validation,validation,
7232,A436879,K25-053459,2025-09-18,2025-10-19,validation,validation,
7233,A436880,K25-053460,2025-09-18,2025-10-19,validation,validation,
7234,A436881,K25-053461,2025-09-18,2025-10-19,validation,validation,
7235,A436882,K25-053462,2025-09-18,2025-10-19,validation,validation,
7236,A436883,K25-053463,2025-09-18,2025-10-19,validation,validation,
7237,A436884,K25-053464,2025-09-18,2025-10-19,validation,validation,
7238,A436885,K25-053465,2025-09-18,2025-10-19,validation,validation,
7239,A436886,K25-053466,2025-09-18,2025-10-19,validation,validation,
7240,A436887,K25-053467,2025-09-18,2025-10-19,validation,validation,
7241,A436910,K25-053471,2025-09-18,2025-09-18,validation,validation,
7242,A436927,K25-053473,2025-09-18,2025-10-03,validation,validation,
7243,A436928,K25-053474,2025-09-19,2025-10-20,validation,validation,
7244,A436934,K25-053476,2025-09-19,2025-09-19,validation,validation,
7245,A436933,K25-053477,2025-09-19,2025-09-19,validation,excluded,Validation animal also appears in test period
7246,A436938,K25-053479,2025-09-19,2025-09-19,validation,validation,
7247,A436949,K25-053481,2025-09-19,2025-10-04,validation,validation,
7248,A436952,K25-053482,2025-09-19,2025-10-02,validation,validation,
7249,A436964,K25-053483,2025-09-20,2025-10-21,validation,validation,
7250,A371608,K25-053485,2025-09-20,2025-09-23,validation,validation,
7251,A436987,K25-053486,2025-09-20,2025-10-21,validation,validation,
7252,A436989,K25-053487,2025-09-21,2025-09-30,validation,validation,
7253,A389319,K25-053488,2025-09-21,2025-09-24,validation,validation,
7254,A436993,K25-053490,2025-09-21,2025-09-25,validation,validation,
7255,A436994,K25-053491,2025-09-21,2025-09-22,validation,validation,
7256,A436995,K25-053492,2025-09-21,2025-09-25,validation,validation,
7257,A436996,K25-053493,2025-09-21,2025-10-06,validation,validation,
7258,A437005,K25-053495,2025-09-22,2025-10-03,validation,validation,
7259,A437006,K25-053496,2025-09-22,2025-09-23,validation,validation,
7260,A437007,K25-053497,2025-09-22,2025-09-23,validation,validation,
7261,A437011,K25-053498,2025-09-22,2025-09-27,validation,validation,
7262,A437015,K25-053500,2025-09-22,2025-09-22,validation,validation,
7263,A431909,K25-053502,2025-09-22,2025-09-26,validation,validation,
7264,A437018,K25-053503,2025-09-22,2025-09-26,validation,validation,
7265,A437023,K25-053504,2025-09-23,2025-09-24,validation,validation,
7266,A437024,K25-053505,2025-09-23,2025-10-21,validation,validation,
7267,A437025,K25-053506,2025-09-23,2025-09-24,validation,validation,
7268,A437028,K25-053508,2025-09-23,2025-09-25,validation,validation,
7269,A436295,K25-053509,2025-09-23,2025-10-07,validation,validation,
7270,A415162,K25-053510,2025-09-23,2025-09-23,validation,validation,
7271,A437029,K25-053511,2025-09-23,2025-10-02,validation,validation,
7272,A437030,K25-053512,2025-09-23,2025-10-02,validation,validation,
7273,A437031,K25-053513,2025-09-23,2025-10-02,validation,validation,
7274,A437032,K25-053514,2025-09-23,2025-10-02,validation,validation,
7275,A437033,K25-053515,2025-09-23,2025-09-24,validation,excluded,Validation animal also appears in test period
7276,A437037,K25-053517,2025-09-23,2025-10-18,validation,validation,
7277,A437038,K25-053518,2025-09-23,2025-10-04,validation,validation,
7278,A437046,K25-053520,2025-09-23,2025-10-24,validation,validation,
7279,A437049,K25-053521,2025-09-24,2025-10-04,validation,validation,
7280,A437050,K25-053522,2025-09-24,2025-10-02,validation,validation,
7281,A437051,K25-053523,2025-09-24,2025-09-25,validation,validation,
7282,A437052,K25-053524,2025-09-24,2025-09-25,validation,validation,
7283,A437053,K25-053525,2025-09-24,2025-10-11,validation,validation,
7284,A437054,K25-053526,2025-09-24,2025-10-03,validation,validation,
7285,A437055,K25-053527,2025-09-24,2025-10-22,validation,validation,
7286,A437056,K25-053529,2025-09-24,2025-10-25,validation,validation,
7287,A437059,K25-053531,2025-09-24,2025-10-18,validation,validation,
7288,A437060,K25-053532,2025-09-24,2025-10-23,validation,validation,
7289,A437048,K25-053533,2025-09-24,2025-10-07,validation,validation,
7290,A437064,K25-053534,2025-09-24,2025-09-25,validation,validation,
7291,A437067,K25-053535,2025-09-24,2025-10-25,validation,validation,
7292,A437070,K25-053538,2025-09-24,2025-09-25,validation,validation,
7293,A437071,K25-053539,2025-09-24,2025-09-25,validation,validation,
7294,A437072,K25-053540,2025-09-24,2025-09-25,validation,validation,
7295,A428996,K25-053537,2025-09-25,2025-09-25,validation,validation,
7296,A437076,K25-053541,2025-09-25,2025-09-26,validation,validation,
7297,A437081,K25-053542,2025-09-25,2025-10-08,validation,excluded,Validation animal also appears in test period
7298,A437094,K25-053543,2025-09-26,2025-09-27,validation,validation,
7299,A437096,K25-053544,2025-09-26,2025-10-02,validation,validation,
7300,A401298,K25-053545,2025-09-26,2025-09-27,validation,validation,
7301,A437108,K25-053546,2025-09-26,2025-10-18,validation,validation,
7302,A430845,K25-053547,2025-09-26,2025-09-26,validation,validation,
7303,A437116,K25-053548,2025-09-26,2025-09-30,validation,validation,
7304,A437125,K25-053549,2025-09-27,2025-09-27,validation,validation,
7305,A437147,K25-053552,2025-09-27,2025-10-28,validation,validation,
7306,A437148,K25-053553,2025-09-27,2025-10-28,validation,validation,
7307,A437157,K25-053554,2025-09-27,2025-09-30,validation,validation,
7308,A437158,K25-053555,2025-09-27,2025-10-28,validation,validation,
7309,A437160,K25-053556,2025-09-27,2025-09-30,validation,validation,
7310,A437164,K25-053557,2025-09-28,2025-10-16,validation,validation,
7311,A437165,K25-053558,2025-09-28,2025-10-29,validation,validation,
7312,A437170,K25-053559,2025-09-28,2025-09-29,validation,validation,
7313,A311274,K25-053560,2025-09-29,2025-10-02,validation,validation,
7314,A315426,K25-053561,2025-09-29,2025-09-30,validation,validation,
7315,A437174,K25-053562,2025-09-29,2025-10-22,validation,validation,
7316,A393876,K25-053563,2025-09-29,2025-09-30,validation,validation,
7317,A437179,K25-053565,2025-09-29,2025-10-15,validation,validation,
7318,A437180,K25-053566,2025-09-29,2025-10-28,validation,validation,
7319,A437181,K25-053567,2025-09-29,2025-10-10,validation,validation,
7320,A437182,K25-053568,2025-09-29,2025-10-28,validation,validation,
7321,A437183,K25-053569,2025-09-29,2025-10-28,validation,validation,
7322,A422137,K25-053571,2025-09-30,2025-10-31,validation,validation,
7323,A437187,K25-053572,2025-09-30,2025-10-21,validation,validation,
7324,A437195,K25-053576,2025-09-30,2025-10-31,validation,validation,
7325,A437197,K25-053577,2025-09-30,2025-10-14,validation,validation,
7326,A437198,K25-053578,2025-09-30,2025-10-28,validation,validation,
7327,A437201,K25-053580,2025-09-30,2025-10-31,validation,validation,
7328,A437202,K25-053581,2025-09-30,2025-10-08,validation,validation,
7329,A437205,K25-053582,2025-09-30,2025-09-30,validation,validation,
7330,A437204,K25-053583,2025-09-30,2025-09-30,validation,validation,
7331,A433498,K25-053584,2025-09-30,2025-10-25,validation,validation,
7332,A301193,K25-053585,2025-09-30,2025-10-14,validation,validation,
7333,A283120,K25-053586,2025-09-30,2025-10-14,validation,validation,
7334,A283121,K25-053587,2025-09-30,2025-10-14,validation,validation,
7335,A435335,K25-053588,2025-10-01,2025-10-08,validation,validation,
7336,A437209,K25-053589,2025-10-01,2025-10-04,validation,validation,
7337,A437229,K25-053597,2025-10-02,2025-10-02,validation,validation,
7338,A437230,K25-053598,2025-10-02,2025-10-02,validation,validation,
7339,A437231,K25-053599,2025-10-02,2025-10-25,validation,validation,
7340,A437232,K25-053600,2025-10-02,2025-10-23,validation,validation,
7341,A437233,K25-053601,2025-10-02,2025-10-25,validation,validation,
7342,A437234,K25-053602,2025-10-02,2025-10-22,validation,validation,
7343,A437235,K25-053603,2025-10-02,2025-11-02,validation,validation,
7344,A437236,K25-053604,2025-10-02,2025-10-22,validation,validation,
7345,A413627,K25-053607,2025-10-02,2025-11-02,validation,validation,
7346,A437157,K25-053609,2025-10-02,2025-10-16,validation,validation,
7347,A437244,K25-053610,2025-10-02,2025-10-03,validation,validation,
7348,A373113,K25-053611,2025-10-02,2025-10-03,validation,validation,
7349,A437249,K25-053612,2025-10-02,2025-11-02,validation,validation,
7350,A437251,K25-053613,2025-10-03,2025-10-04,validation,validation,
7351,A437252,K25-053614,2025-10-03,2025-10-03,validation,validation,
7352,A375201,K25-053615,2025-10-03,2025-10-19,validation,validation,
7353,A375202,K25-053616,2025-10-03,2025-10-19,validation,validation,
7354,A375200,K25-053617,2025-10-03,2025-10-14,validation,validation,
7355,A437253,K25-053618,2025-10-03,2025-10-14,validation,validation,
7356,A418402,K25-053619,2025-10-03,2025-11-03,validation,validation,
7357,A437258,K25-053620,2025-10-03,2025-10-04,validation,excluded,Validation animal also appears in test period
7358,A437259,K25-053621,2025-10-03,2025-10-04,validation,validation,
7359,A437260,K25-053622,2025-10-03,2025-10-04,validation,validation,
7360,A437261,K25-053623,2025-10-03,2025-10-09,validation,validation,
7361,A437262,K25-053624,2025-10-03,2025-10-03,validation,validation,
7362,A437266,K25-053625,2025-10-03,2025-10-28,validation,validation,
7363,A436736,K25-053626,2025-10-03,2025-11-03,validation,validation,
7364,A431879,K25-053627,2025-10-03,2025-11-03,validation,validation,
7365,A436737,K25-053628,2025-10-03,2025-10-16,validation,validation,
7366,A437269,K25-053629,2025-10-03,2025-11-03,validation,validation,
7367,A436184,K25-053630,2025-10-03,2025-10-04,validation,validation,
7368,A437277,K25-053635,2025-10-04,2025-10-08,validation,validation,
7369,A437287,K25-053637,2025-10-04,2025-10-16,validation,validation,
7370,A437288,K25-053638,2025-10-04,2025-10-30,validation,validation,
7371,A437296,K25-053646,2025-10-04,2025-11-04,validation,validation,
7372,A437302,K25-053648,2025-10-04,2025-10-09,validation,excluded,Validation animal also appears in test period
7373,A258770,K25-053649,2025-10-05,2025-10-07,validation,validation,
7374,A430274,K25-053650,2025-10-05,2025-10-10,validation,validation,
7375,A430275,K25-053651,2025-10-05,2025-10-10,validation,validation,
7376,A322260,K25-053652,2025-10-05,2025-10-18,validation,validation,
7377,A437323,K25-053653,2025-10-05,2025-10-09,validation,validation,
7378,A437324,K25-053654,2025-10-05,2025-10-23,validation,validation,
7379,A437325,K25-053655,2025-10-05,2025-10-07,validation,validation,
7380,A437326,K25-053656,2025-10-05,2025-10-16,validation,validation,
7381,A437327,K25-053657,2025-10-05,2025-10-16,validation,validation,
7382,A432224,K25-053658,2025-10-06,2025-10-09,validation,validation,
7383,A432281,K25-053659,2025-10-06,2025-10-09,validation,validation,
7384,A353293,K25-053660,2025-10-07,2025-10-30,validation,validation,
7385,A437344,K25-053661,2025-10-07,2025-10-07,validation,validation,
7386,A437345,K25-053662,2025-10-07,2025-10-07,validation,validation,
7387,A312077,K25-053663,2025-10-07,2025-10-18,validation,validation,
7388,A437347,K25-053664,2025-10-07,2025-10-30,validation,validation,
7389,A437348,K25-053665,2025-10-07,2025-10-07,validation,validation,
7390,A437349,K25-053666,2025-10-07,2025-10-09,validation,validation,
7391,A437350,K25-053668,2025-10-07,2025-10-07,validation,validation,
7392,A437353,K25-053669,2025-10-07,2025-11-07,validation,validation,
7393,A437354,K25-053671,2025-10-07,2025-10-23,validation,validation,
7394,A436483,K25-053672,2025-10-07,2025-10-25,validation,validation,
7395,A437360,K25-053673,2025-10-07,2025-10-25,validation,validation,
7396,A437364,K25-053675,2025-10-08,2025-10-30,validation,validation,
7397,A437375,K25-053678,2025-10-08,2025-10-25,validation,validation,
7398,A437376,K25-053679,2025-10-08,2025-10-25,validation,validation,
7399,A437377,K25-053680,2025-10-08,2025-10-30,validation,validation,
7400,A437378,K25-053681,2025-10-08,2025-10-21,validation,validation,
7401,A437361,K25-053682,2025-10-08,2025-10-17,validation,validation,
7402,A415710,K25-053683,2025-10-08,2025-10-08,validation,validation,
7403,A437383,K25-053684,2025-10-08,2025-10-29,validation,validation,
7404,A437394,K25-053685,2025-10-09,2025-11-07,validation,validation,
7405,A437395,K25-053686,2025-10-09,2025-11-09,validation,validation,
7406,A437397,K25-053687,2025-10-09,2025-10-10,validation,excluded,Validation animal also appears in test period
7407,A437402,K25-053688,2025-10-09,2025-10-09,validation,validation,
7408,A437447,K25-053716,2025-10-10,2025-10-12,validation,validation,
7409,A437453,K25-053718,2025-10-10,2025-11-10,validation,validation,
7410,A437454,K25-053719,2025-10-10,2025-11-10,validation,validation,
7411,A437455,K25-053720,2025-10-10,2025-11-10,validation,validation,
7412,A437456,K25-053721,2025-10-10,2025-10-28,validation,validation,
7413,A437460,K25-053722,2025-10-10,2025-10-25,validation,validation,
7414,A437461,K25-053723,2025-10-10,2025-10-25,validation,validation,
7415,A437466,K25-053724,2025-10-10,2025-10-28,validation,validation,
7416,A437467,K25-053725,2025-10-11,2025-10-15,validation,validation,
7417,A437362,K25-053726,2025-10-11,2025-11-11,validation,validation,
7418,A437470,K25-053727,2025-10-11,2025-11-11,validation,validation,
7419,A437471,K25-053728,2025-10-11,2025-11-11,validation,validation,
7420,A389283,K25-053729,2025-10-11,2025-11-11,validation,validation,
7421,A437474,K25-053730,2025-10-11,2025-10-22,validation,validation,
7422,A437481,K25-053733,2025-10-11,2025-10-14,validation,validation,
7423,A437492,K25-053735,2025-10-11,2025-11-08,validation,validation,
7424,A437493,K25-053736,2025-10-11,2025-11-11,validation,validation,
7425,A437494,K25-053737,2025-10-11,2025-11-08,validation,validation,
7426,A437495,K25-053738,2025-10-11,2025-11-11,validation,validation,
7427,A437496,K25-053739,2025-10-11,2025-11-11,validation,validation,
7428,A437497,K25-053740,2025-10-11,2025-11-11,validation,validation,
7429,A437498,K25-053741,2025-10-11,2025-11-11,validation,validation,
7430,A437499,K25-053742,2025-10-11,2025-11-11,validation,validation,
7431,A437500,K25-053743,2025-10-11,2025-11-07,validation,validation,
7432,A437519,K25-053760,2025-10-11,2025-10-23,validation,validation,
7433,A437501,K25-053744,2025-10-12,2025-11-01,validation,validation,
7434,A437502,K25-053745,2025-10-12,2025-11-12,validation,validation,
7435,A437503,K25-053746,2025-10-12,2025-10-25,validation,validation,
7436,A437504,K25-053747,2025-10-12,2025-11-12,validation,validation,
7437,A437505,K25-053748,2025-10-12,2025-11-12,validation,validation,
7438,A437506,K25-053749,2025-10-12,2025-10-28,validation,validation,
7439,A437513,K25-053755,2025-10-12,2025-11-12,validation,validation,
7440,A434584,K25-053756,2025-10-12,2025-11-12,validation,excluded,Validation animal also appears in test period
7441,A436692,K25-053757,2025-10-12,2025-11-12,validation,excluded,Validation animal also appears in test period
7442,A437517,K25-053758,2025-10-12,2025-11-12,validation,validation,
7443,A437518,K25-053759,2025-10-12,2025-11-12,validation,validation,
7444,A437520,K25-053761,2025-10-12,2025-11-12,validation,validation,
7445,A437521,K25-053762,2025-10-12,2025-11-12,validation,validation,
7446,A437522,K25-053763,2025-10-12,2025-11-12,validation,validation,
7447,A437523,K25-053764,2025-10-12,2025-11-12,validation,validation,
7448,A437525,K25-053765,2025-10-13,2025-10-15,validation,validation,
7449,A437526,K25-053766,2025-10-13,2025-10-15,validation,validation,
7450,A390938,K25-053768,2025-10-13,2025-10-14,validation,validation,
7451,A437528,K25-053769,2025-10-13,2025-11-13,validation,validation,
7452,A437529,K25-053770,2025-10-13,2025-10-30,validation,validation,
7453,A437530,K25-053771,2025-10-13,2025-11-13,validation,validation,
7454,A437531,K25-053772,2025-10-13,2025-11-13,validation,validation,
7455,A437532,K25-053773,2025-10-13,2025-11-13,validation,validation,
7456,A437533,K25-053774,2025-10-13,2025-10-30,validation,validation,
7457,A437549,K25-053780,2025-10-14,2025-10-15,validation,validation,
7458,A437550,K25-053781,2025-10-14,2025-10-15,validation,validation,
7459,A437564,K25-053783,2025-10-14,2025-10-15,validation,validation,
7460,A437566,K25-053785,2025-10-14,2025-10-15,validation,validation,
7461,A437567,K25-053786,2025-10-14,2025-10-16,validation,validation,
7462,A437568,K25-053787,2025-10-14,2025-10-16,validation,validation,
7463,A437569,K25-053788,2025-10-14,2025-10-16,validation,validation,
7464,A437570,K25-053789,2025-10-14,2025-10-16,validation,validation,
7465,A437565,K25-053784,2025-10-15,2025-11-04,validation,validation,
7466,A437571,K25-053790,2025-10-15,2025-10-15,validation,validation,
7467,A410110,K25-053791,2025-10-15,2025-10-24,validation,validation,
7468,A437576,K25-053793,2025-10-15,2025-11-14,validation,validation,
7469,A321379,K25-053794,2025-10-15,2025-10-15,validation,validation,
7470,A420457,K25-053795,2025-10-15,2025-10-16,validation,validation,
7471,A437581,K25-053796,2025-10-15,2025-11-13,validation,validation,
7472,A437583,K25-053798,2025-10-15,2025-10-24,validation,validation,
7473,A437584,K25-053799,2025-10-15,2025-11-04,validation,validation,
7474,A437585,K25-053800,2025-10-15,2025-10-18,validation,validation,
7475,A437593,K25-053803,2025-10-15,2025-11-12,validation,validation,
7476,A437594,K25-053804,2025-10-15,2025-10-16,validation,validation,
7477,A437591,K25-053801,2025-10-16,2025-10-17,validation,validation,
7478,A437592,K25-053802,2025-10-16,2025-11-16,validation,validation,
7479,A437595,K25-053805,2025-10-16,2025-11-12,validation,validation,
7480,A437157,K25-053807,2025-10-16,2025-10-22,validation,validation,
7481,A381696,K25-053809,2025-10-17,2025-10-23,validation,validation,
7482,A437630,K25-053810,2025-10-17,2025-10-28,validation,validation,
7483,A437632,K25-053811,2025-10-17,2025-11-17,validation,validation,
7484,A437633,K25-053812,2025-10-17,2025-10-17,validation,validation,
7485,A346213,K25-053813,2025-10-17,2025-11-17,validation,validation,
7486,A436432,K25-053814,2025-10-17,2025-11-17,validation,validation,
7487,A301695,K25-053815,2025-10-17,2025-10-17,validation,validation,
7488,A437638,K25-053816,2025-10-17,2025-10-18,validation,validation,
7489,A437640,K25-053818,2025-10-17,2025-11-05,validation,validation,
7490,A437642,K25-053819,2025-10-17,2025-10-28,validation,validation,
7491,A437653,K25-053820,2025-10-17,2025-10-29,validation,validation,
7492,A437655,K25-053821,2025-10-18,2025-10-20,validation,validation,
7493,A437656,K25-053822,2025-10-18,2025-11-18,validation,validation,
7494,A437657,K25-053823,2025-10-18,2025-11-18,validation,validation,
7495,A437658,K25-053824,2025-10-18,2025-11-18,validation,validation,
7496,A437659,K25-053825,2025-10-18,2025-11-18,validation,validation,
7497,A437660,K25-053826,2025-10-18,2025-11-18,validation,validation,
7498,A437661,K25-053827,2025-10-18,2025-11-18,validation,validation,
7499,A437662,K25-053828,2025-10-18,2025-10-18,validation,validation,
7500,A430397,K25-053829,2025-10-18,2025-10-18,validation,validation,
7501,A430396,K25-053830,2025-10-18,2025-10-18,validation,validation,
7502,A437669,K25-053831,2025-10-18,2025-10-18,validation,validation,
7503,A437680,K25-053832,2025-10-18,2025-11-11,validation,validation,
7504,A437683,K25-053833,2025-10-18,2025-10-24,validation,validation,
7505,A437684,K25-053834,2025-10-18,2025-11-15,validation,validation,
7506,A437685,K25-053835,2025-10-18,2025-10-21,validation,excluded,Validation animal also appears in test period
7507,A437687,K25-053836,2025-10-18,2025-11-18,validation,validation,
7508,A437688,K25-053837,2025-10-18,2025-11-18,validation,excluded,Validation animal also appears in test period
7509,A437689,K25-053838,2025-10-18,2025-11-18,validation,validation,
7510,A430390,K25-053839,2025-10-19,2025-10-25,validation,validation,
7511,A437696,K25-053842,2025-10-19,2025-10-21,validation,validation,
7512,A437697,K25-053843,2025-10-19,2025-10-23,validation,excluded,Validation animal also appears in test period
7513,A437277,K25-053846,2025-10-19,2025-11-19,validation,validation,
7514,A437704,K25-053847,2025-10-20,2025-11-20,validation,validation,
7515,A437708,K25-053848,2025-10-20,2025-10-21,validation,validation,
7516,A437709,K25-053849,2025-10-20,2025-10-21,validation,validation,
7517,A437711,K25-053850,2025-10-20,2025-10-30,validation,validation,
7518,A437712,K25-053851,2025-10-20,2025-10-30,validation,validation,
7519,A437713,K25-053852,2025-10-20,2025-10-30,validation,validation,
7520,A437724,K25-053853,2025-10-20,2025-11-20,validation,validation,
7521,A437726,K25-053854,2025-10-21,2025-10-21,validation,validation,
7522,A437733,K25-053857,2025-10-21,2025-10-21,validation,validation,
7523,A437735,K25-053858,2025-10-21,2025-10-21,validation,validation,
7524,A437741,K25-053862,2025-10-22,2025-11-04,validation,excluded,Validation animal also appears in test period
7525,A315488,K25-053864,2025-10-22,2025-10-23,validation,validation,
7526,A437745,K25-053865,2025-10-22,2025-11-22,validation,validation,
7527,A437747,K25-053866,2025-10-22,2025-10-24,validation,validation,
7528,A437760,K25-053868,2025-10-23,2025-11-23,validation,validation,
7529,A437765,K25-053871,2025-10-23,2025-11-15,validation,validation,
7530,A437766,K25-053872,2025-10-23,2025-10-24,validation,validation,
7531,A430949,K25-053873,2025-10-24,2025-10-24,validation,excluded,Validation animal also appears in test period
7532,A437769,K25-053874,2025-10-24,2025-11-03,validation,validation,
7533,A437772,K25-053876,2025-10-24,2025-10-25,validation,validation,
7534,A437773,K25-053877,2025-10-24,2025-10-25,validation,validation,
7535,A395196,K25-053878,2025-10-24,2025-10-25,validation,validation,
7536,A395197,K25-053879,2025-10-24,2025-10-25,validation,validation,
7537,A437786,K25-053880,2025-10-24,2025-11-12,validation,validation,
7538,A437787,K25-053881,2025-10-25,2025-11-25,validation,validation,
7539,A437790,K25-053883,2025-10-25,2025-11-25,validation,validation,
7540,A437748,K25-053884,2025-10-25,2025-10-28,validation,validation,
7541,A437803,K25-053886,2025-10-25,2025-11-04,validation,validation,
7542,A437806,K25-053889,2025-10-26,2025-11-26,validation,validation,
7543,A437807,K25-053890,2025-10-26,2025-11-18,validation,validation,
7544,A437808,K25-053891,2025-10-26,2025-11-26,validation,validation,
7545,A437809,K25-053892,2025-10-26,2025-10-29,validation,validation,
7546,A437810,K25-053893,2025-10-26,2025-10-30,validation,validation,
7547,A437830,K25-053903,2025-10-26,2025-11-12,validation,validation,
7548,A437814,K25-053896,2025-10-27,2025-10-29,validation,validation,
7550,A437816,K25-053898,2025-10-27,2025-10-31,validation,validation,
7552,A437820,K25-053899,2025-10-28,2025-11-25,validation,validation,
7553,A437824,K25-053900,2025-10-28,2025-11-14,validation,validation,
7554,A437825,K25-053901,2025-10-28,2025-10-29,validation,validation,
7555,A437826,K25-053902,2025-10-28,2025-11-10,validation,validation,
7556,A437832,K25-053905,2025-10-28,2025-10-28,validation,validation,
7557,A437834,K25-053906,2025-10-28,2025-11-13,validation,validation,
7558,A260466,K25-053907,2025-10-28,2025-11-10,validation,validation,
7559,A437836,K25-053908,2025-10-29,2025-10-29,validation,validation,
7560,A437840,K25-053909,2025-10-29,2025-11-10,validation,validation,
7561,A394890,K25-053910,2025-10-29,2025-10-31,validation,validation,
7562,A377437,K25-053913,2025-10-29,2025-10-30,validation,validation,
7563,A296902,K25-053914,2025-10-29,2025-10-30,validation,validation,
7564,A437856,K25-053915,2025-10-29,2025-10-29,validation,excluded,Validation animal also appears in test period
7565,A437855,K25-053916,2025-10-29,2025-10-29,validation,excluded,Validation animal also appears in test period
7566,A437864,K25-053918,2025-10-30,2025-10-30,validation,validation,
7567,A437865,K25-053919,2025-10-30,2025-10-30,validation,validation,
7568,A437866,K25-053920,2025-10-30,2025-10-30,validation,validation,
7569,A437870,K25-053921,2025-10-30,2025-11-30,validation,validation,
7570,A437872,K25-053923,2025-10-30,2025-11-30,validation,validation,
7571,A437873,K25-053924,2025-10-30,2025-11-06,validation,validation,
7572,A437874,K25-053925,2025-10-30,2025-11-25,validation,validation,
7573,A437885,K25-053930,2025-10-30,2025-11-26,validation,validation,
7574,A430845,K25-053931,2025-10-31,2025-11-05,validation,validation,
7575,A437891,K25-053932,2025-10-31,2025-12-01,validation,validation,
7576,A414273,K25-053933,2025-10-31,2025-12-01,validation,validation,
7577,A437902,K25-053935,2025-10-31,2025-12-01,validation,validation,
7578,A437903,K25-053936,2025-10-31,2025-12-01,validation,validation,
7579,A437906,K25-053937,2025-10-31,2025-12-01,validation,validation,
7580,A437747,K25-053938,2025-10-31,2025-11-07,validation,validation,
7581,A437917,K25-053940,2025-11-01,2025-11-13,validation,validation,
7582,A437921,K25-053941,2025-11-01,2025-11-01,validation,excluded,Validation animal also appears in test period
7583,A437922,K25-053942,2025-11-01,2025-11-01,validation,excluded,Validation animal also appears in test period
7584,A437924,K25-053943,2025-11-01,2025-11-18,validation,validation,
7585,A437925,K25-053944,2025-11-01,2025-12-02,validation,validation,
7586,A429903,K25-053946,2025-11-01,2025-11-01,validation,validation,
7587,A437928,K25-053947,2025-11-01,2025-11-13,validation,validation,
7588,A437929,K25-053948,2025-11-01,2025-11-01,validation,validation,
7589,A376909,K25-053949,2025-11-01,2025-11-01,validation,validation,
7590,A437972,K25-053972,2025-11-01,2025-11-02,validation,validation,
7591,A437937,K25-053950,2025-11-02,2025-12-02,validation,validation,
7592,A437938,K25-053951,2025-11-02,2025-12-02,validation,validation,
7593,A437976,K25-053977,2025-11-02,2025-11-19,validation,validation,
7594,A437943,K25-053952,2025-11-03,2025-12-04,validation,validation,
7595,A437946,K25-053953,2025-11-03,2025-11-13,validation,validation,
7596,A437947,K25-053954,2025-11-03,2025-11-13,validation,validation,
7597,A437948,K25-053955,2025-11-03,2025-11-13,validation,validation,
7598,A437949,K25-053956,2025-11-03,2025-11-13,validation,validation,
7599,A437950,K25-053957,2025-11-03,2025-11-13,validation,validation,
7600,A437951,K25-053958,2025-11-03,2025-11-13,validation,validation,
7601,A437952,K25-053959,2025-11-03,2025-11-13,validation,validation,
7602,A437953,K25-053960,2025-11-03,2025-11-13,validation,validation,
7603,A437955,K25-053961,2025-11-03,2025-11-21,validation,validation,
7604,A437954,K25-053962,2025-11-03,2025-11-21,validation,validation,
7605,A437956,K25-053963,2025-11-03,2025-11-13,validation,validation,
7606,A437957,K25-053964,2025-11-03,2025-12-02,validation,validation,
7607,A437958,K25-053965,2025-11-03,2025-11-11,validation,validation,
7608,A422170,K25-053966,2025-11-03,2025-11-04,validation,validation,
7609,A437959,K25-053967,2025-11-03,2025-11-04,validation,validation,
7610,A437968,K25-053968,2025-11-03,2025-11-14,validation,validation,
7611,A437969,K25-053969,2025-11-04,2025-11-13,validation,validation,
7612,A326177,K25-053974,2025-11-04,2025-11-12,validation,validation,
7613,A437974,K25-053975,2025-11-04,2025-12-05,validation,validation,
7614,A437975,K25-053976,2025-11-04,2025-11-05,validation,excluded,Validation animal also appears in test period
7615,A437979,K25-053978,2025-11-04,2025-11-21,validation,validation,
7616,A437980,K25-053979,2025-11-04,2025-11-05,validation,validation,
7617,A348605,K25-053980,2025-11-04,2025-11-05,validation,validation,
7618,A411394,K25-053981,2025-11-04,2025-11-05,validation,validation,
7619,A437988,K25-053982,2025-11-04,2025-11-26,validation,validation,
7620,A437989,K25-053983,2025-11-04,2025-12-05,validation,validation,
7621,A437993,K25-053985,2025-11-05,2025-11-13,validation,validation,
7622,A437697,K25-053986,2025-11-05,2025-12-06,validation,excluded,Validation animal also appears in test period
7623,A437994,K25-053987,2025-11-05,2025-11-05,validation,validation,
7624,A437998,K25-053989,2025-11-05,2025-11-22,validation,validation,
7625,A438000,K25-053990,2025-11-05,2025-11-05,validation,validation,
7626,A438002,K25-053991,2025-11-05,2025-12-02,validation,validation,
7627,A438006,K25-053992,2025-11-06,2025-11-26,validation,validation,
7628,A438011,K25-053993,2025-11-06,2025-12-02,validation,validation,
7629,A438050,K25-054028,2025-11-06,2025-12-07,validation,validation,
7630,A438052,K25-054029,2025-11-06,2025-11-06,validation,validation,
7631,A437831,K25-054030,2025-11-07,2025-11-07,validation,validation,
7632,A438067,K25-054032,2025-11-07,2025-12-08,validation,validation,
7633,A438080,K25-054033,2025-11-07,2025-11-22,validation,validation,
7634,A438079,K25-054034,2025-11-07,2025-11-17,validation,validation,
7635,A438078,K25-054035,2025-11-07,2025-11-26,validation,validation,
7636,A438077,K25-054036,2025-11-07,2025-11-26,validation,validation,
7637,A438076,K25-054037,2025-11-07,2025-11-26,validation,validation,
7638,A438075,K25-054038,2025-11-07,2025-11-26,validation,validation,
7639,A438074,K25-054039,2025-11-07,2025-11-26,validation,validation,
7640,A438082,K25-054040,2025-11-07,2025-11-26,validation,validation,
7641,A438083,K25-054041,2025-11-07,2025-11-08,validation,validation,
7642,A438085,K25-054042,2025-11-08,2025-11-12,validation,excluded,Validation animal also appears in test period
7643,A420028,K25-054043,2025-11-08,2025-11-08,validation,validation,
7644,A402302,K25-054044,2025-11-08,2025-11-08,validation,validation,
7645,A438086,K25-054046,2025-11-08,2025-11-21,validation,validation,
7646,A438104,K25-054050,2025-11-08,2025-11-12,validation,validation,
7647,A438109,K25-054051,2025-11-09,2025-11-19,validation,validation,
7648,A438111,K25-054053,2025-11-09,2025-11-09,validation,validation,
7649,A317824,K25-054054,2025-11-10,2025-11-14,validation,excluded,Validation animal also appears in test period
7650,A438116,K25-054055,2025-11-10,2025-11-12,validation,validation,
7651,A438117,K25-054056,2025-11-10,2025-12-02,validation,validation,
7652,A438118,K25-054057,2025-11-10,2025-12-11,validation,excluded,Validation animal also appears in test period
7653,A438119,K25-054058,2025-11-10,2025-12-11,validation,validation,
7654,A438120,K25-054059,2025-11-10,2025-12-06,validation,validation,
7655,A438121,K25-054060,2025-11-10,2025-11-20,validation,excluded,Validation animal also appears in test period
7656,A435030,K25-054061,2025-11-11,2025-11-12,validation,validation,
7657,A337909,K25-054065,2025-11-12,2025-11-12,validation,validation,
7658,A438128,K25-054066,2025-11-12,2025-12-12,validation,excluded,Validation animal also appears in test period
7659,A437377,K25-054067,2025-11-12,2025-11-15,validation,validation,
7660,A373518,K25-054068,2025-11-12,2025-11-12,validation,validation,
7661,A438130,K25-054069,2025-11-12,2025-11-12,validation,validation,
7662,A438132,K25-054071,2025-11-12,2025-12-05,validation,validation,
7663,A437709,K25-054072,2025-11-13,2025-12-06,validation,validation,
7664,A437708,K25-054073,2025-11-13,2025-11-29,validation,validation,
7665,A438134,K25-054074,2025-11-13,2025-11-21,validation,validation,
7666,A438135,K25-054075,2025-11-13,2025-12-03,validation,validation,
7667,A438136,K25-054076,2025-11-13,2025-12-04,validation,validation,
7668,A438137,K25-054077,2025-11-13,2025-12-06,validation,validation,
7669,A438138,K25-054078,2025-11-13,2025-11-13,validation,validation,
7670,A438141,K25-054079,2025-11-13,2025-11-14,validation,validation,
7671,A435883,K25-054080,2025-11-13,2025-11-13,validation,validation,
7672,A438148,K25-054081,2025-11-13,2025-11-13,validation,validation,
7673,A438156,K25-054082,2025-11-13,2025-11-20,validation,validation,
7674,A426557,K25-054083,2025-11-13,2025-11-18,validation,excluded,Validation animal also appears in test period
7675,A438164,K25-054084,2025-11-14,2025-11-24,validation,validation,
7676,A438167,K25-054086,2025-11-14,2025-11-25,validation,validation,
7677,A426379,K25-054087,2025-11-14,2025-12-04,validation,validation,
7678,A438173,K25-054088,2025-11-14,2025-12-15,validation,validation,
7679,A438179,K25-054089,2025-11-14,2025-12-15,validation,validation,
7680,A417900,K25-054090,2025-11-14,2025-11-25,validation,validation,
7681,A438186,K25-054091,2025-11-14,2025-12-15,validation,validation,
7682,A438187,K25-054092,2025-11-14,2025-12-15,validation,validation,
7683,A399251,K25-054093,2025-11-14,2025-11-25,validation,validation,
7684,A438189,K25-054094,2025-11-14,2025-11-15,validation,validation,
7685,A438190,K25-054095,2025-11-15,2025-11-15,validation,validation,
7686,A438202,K25-054097,2025-11-15,2025-12-16,validation,validation,
7687,A438207,K25-054098,2025-11-15,2025-12-16,validation,validation,
7688,A438213,K25-054100,2025-11-15,2025-11-19,validation,validation,
7689,A378360,K25-054101,2025-11-16,2025-11-18,validation,excluded,Validation animal also appears in test period
7690,A438216,K25-054102,2025-11-16,2025-11-16,validation,validation,
7691,A438222,K25-054104,2025-11-17,2025-11-18,validation,validation,
7692,A438223,K25-054106,2025-11-17,2025-11-18,validation,validation,
7693,A438224,K25-054107,2025-11-17,2025-11-18,validation,excluded,Validation animal also appears in test period
7694,A438229,K25-054108,2025-11-17,2025-12-11,validation,validation,
7695,A438230,K25-054109,2025-11-18,2025-11-20,validation,validation,
7696,A434747,K25-054111,2025-11-18,2025-11-25,validation,validation,
7697,A420028,K25-054112,2025-11-18,2025-11-19,validation,validation,
7698,A438235,K25-054113,2025-11-18,2025-12-03,validation,validation,
7699,A438236,K25-054114,2025-11-18,2025-12-02,validation,validation,
7700,A438237,K25-054115,2025-11-18,2025-11-25,validation,validation,
7701,A438238,K25-054116,2025-11-18,2025-11-21,validation,validation,
7702,A438239,K25-054117,2025-11-18,2025-12-09,validation,validation,
7703,A438240,K25-054118,2025-11-18,2025-12-09,validation,validation,
7704,A438257,K25-054130,2025-11-18,2025-11-19,validation,validation,
7705,A417750,K25-054131,2025-11-19,2025-12-05,validation,validation,
7706,A438266,K25-054132,2025-11-19,2025-12-09,validation,validation,
7707,A433779,K25-054133,2025-11-20,2025-11-26,validation,validation,
7708,A428159,K25-054136,2025-11-20,2025-11-22,validation,validation,
7709,A367544,K25-054137,2025-11-20,2025-11-26,validation,validation,
7710,A438275,K25-054138,2025-11-20,2025-11-29,validation,validation,
7711,A438276,K25-054139,2025-11-20,2025-12-04,validation,validation,
7712,A438278,K25-054140,2025-11-20,2025-11-21,validation,validation,
7713,A420028,K25-054141,2025-11-20,2025-11-20,validation,validation,
7714,A438283,K25-054142,2025-11-20,2025-11-29,validation,validation,
7716,A438330,K25-054165,2025-11-20,2025-11-26,validation,validation,
7717,A438100,K25-054047,2025-11-21,2025-12-22,validation,validation,
7718,A438101,K25-054048,2025-11-21,2025-12-22,validation,validation,
7719,A438102,K25-054049,2025-11-21,2025-12-22,validation,validation,
7720,A438299,K25-054145,2025-11-21,2025-12-06,validation,validation,
7721,A438298,K25-054146,2025-11-21,2025-12-22,validation,validation,
7722,A438300,K25-054147,2025-11-21,2025-12-06,validation,validation,
7723,A438293,K25-054148,2025-11-21,2025-12-22,validation,validation,
7724,A438294,K25-054149,2025-11-21,2025-12-09,validation,validation,
7725,A438295,K25-054150,2025-11-21,2025-12-12,validation,validation,
7726,A438296,K25-054151,2025-11-21,2025-12-11,validation,validation,
7727,A438297,K25-054152,2025-11-21,2025-12-22,validation,validation,
7728,A438313,K25-054153,2025-11-21,2025-11-21,validation,validation,
7729,A438314,K25-054154,2025-11-21,2025-12-22,validation,validation,
7730,A401860,K25-054155,2025-11-21,2025-12-15,validation,validation,
7731,A438317,K25-054156,2025-11-21,2025-11-22,validation,validation,
7732,A438321,K25-054157,2025-11-21,2025-12-04,validation,validation,
7733,A423001,K25-054158,2025-11-21,2025-11-21,validation,validation,
7734,A408612,K25-054160,2025-11-21,2025-11-25,validation,excluded,Validation animal also appears in test period
7735,A438325,K25-054161,2025-11-21,2025-11-29,validation,validation,
7736,A438327,K25-054162,2025-11-21,2025-11-21,validation,validation,
7737,A438332,K25-054166,2025-11-22,2025-12-03,validation,validation,
7738,A438333,K25-054167,2025-11-22,2025-12-23,validation,validation,
7739,A438336,K25-054168,2025-11-22,2025-12-04,validation,validation,
7740,A438344,K25-054170,2025-11-22,2025-11-29,validation,validation,
7741,A438346,K25-054171,2025-11-22,2025-11-25,validation,validation,
7742,A438351,K25-054172,2025-11-22,2025-11-25,validation,validation,
7743,A438354,K25-054173,2025-11-22,2025-12-04,validation,validation,
7744,A438357,K25-054175,2025-11-22,2025-11-22,validation,validation,
7745,A438359,K25-054176,2025-11-22,2025-11-22,validation,validation,
7746,A438360,K25-054177,2025-11-22,2025-11-22,validation,validation,
7747,A438361,K25-054178,2025-11-22,2025-11-22,validation,validation,
7748,A438362,K25-054179,2025-11-22,2025-11-22,validation,validation,
7749,A438363,K25-054180,2025-11-22,2025-11-25,validation,validation,
7750,A438350,K25-054181,2025-11-22,2025-11-25,validation,validation,
7751,A438367,K25-054182,2025-11-22,2025-11-25,validation,validation,
7752,A438368,K25-054183,2025-11-23,2025-11-25,validation,validation,
7753,A438374,K25-054184,2025-11-23,2025-12-02,validation,validation,
7754,A438375,K25-054185,2025-11-24,2025-11-25,validation,validation,
7755,A438376,K25-054186,2025-11-24,2025-11-25,validation,validation,
7756,A438377,K25-054187,2025-11-24,2025-12-25,validation,validation,
7757,A438378,K25-054188,2025-11-24,2025-12-12,validation,validation,
7758,A430397,K25-054189,2025-11-24,2025-11-25,validation,validation,
7759,A438379,K25-054190,2025-11-24,2025-12-18,validation,validation,
7760,A438380,K25-054191,2025-11-24,2025-12-25,validation,validation,
7761,A438396,K25-054202,2025-11-24,2025-11-26,validation,validation,
7762,A438397,K25-054203,2025-11-24,2025-11-26,validation,validation,
7763,A438398,K25-054204,2025-11-24,2025-11-26,validation,validation,
7764,A438399,K25-054205,2025-11-24,2025-11-26,validation,validation,
7765,A438400,K25-054206,2025-11-24,2025-11-26,validation,validation,
7766,A438404,K25-054210,2025-11-24,2025-12-02,validation,validation,
7767,A415162,K25-054193,2025-11-25,2025-11-25,validation,validation,
7768,A438387,K25-054194,2025-11-25,2025-11-25,validation,validation,
7769,A438388,K25-054195,2025-11-25,2025-11-25,validation,validation,
7770,A438389,K25-054196,2025-11-25,2025-11-25,validation,validation,
7771,A438390,K25-054197,2025-11-25,2025-11-25,validation,validation,
7772,A438391,K25-054198,2025-11-25,2025-11-25,validation,validation,
7773,A438392,K25-054199,2025-11-25,2025-12-26,validation,validation,
7774,A438394,K25-054200,2025-11-25,2025-11-26,validation,validation,
7775,A437874,K25-054207,2025-11-26,2025-11-26,validation,validation,
7776,A438401,K25-054208,2025-11-26,2025-12-09,validation,validation,
7777,A438402,K25-054209,2025-11-26,2025-11-29,validation,validation,
7778,A438405,K25-054211,2025-11-26,2025-12-27,validation,validation,
7779,A438406,K25-054212,2025-11-26,2025-12-16,validation,validation,
7780,A438413,K25-054214,2025-11-26,2025-12-13,validation,validation,
7781,A438415,K25-054215,2025-11-26,2025-11-29,validation,validation,
7782,A438423,K25-054222,2025-11-26,2025-11-29,validation,validation,
7783,A438424,K25-054223,2025-11-26,2025-11-29,validation,validation,
7784,A438425,K25-054224,2025-11-26,2025-11-29,validation,validation,
7785,A438426,K25-054225,2025-11-26,2025-11-29,validation,validation,
7786,A438427,K25-054226,2025-11-26,2025-11-29,validation,validation,
7787,A438428,K25-054227,2025-11-26,2025-11-29,validation,validation,
7788,A438429,K25-054228,2025-11-26,2025-11-29,validation,validation,
7789,A438430,K25-054229,2025-11-26,2025-11-29,validation,validation,
7790,A438432,K25-054231,2025-11-26,2025-11-29,validation,validation,
7791,A438418,K25-054216,2025-11-28,2025-12-29,validation,validation,
7792,A438419,K25-054217,2025-11-28,2025-11-29,validation,validation,
7793,A438420,K25-054218,2025-11-28,2025-12-02,validation,validation,
7794,A438436,K25-054235,2025-11-28,2025-12-02,validation,validation,
7795,A431968,K25-054219,2025-11-29,2025-12-17,validation,validation,
7796,A438421,K25-054220,2025-11-29,2025-12-30,validation,validation,
7797,A438346,K25-054221,2025-11-29,2025-11-29,validation,validation,
7798,A438431,K25-054230,2025-11-29,2025-12-30,validation,validation,
7799,A438433,K25-054232,2025-11-29,2025-11-29,validation,validation,
7800,A438434,K25-054233,2025-11-29,2025-12-18,validation,validation,
7801,A438435,K25-054234,2025-11-29,2025-11-29,validation,validation,
7802,A428996,K25-054236,2025-11-30,2025-12-02,validation,validation,
7803,A438454,K25-054237,2025-12-01,2025-12-02,gap,excluded,31-day gap before validation or testing
7804,A438457,K25-054238,2025-12-01,2026-01-01,gap,excluded,31-day gap before validation or testing
7805,A438458,K25-054239,2025-12-01,2025-12-20,gap,excluded,31-day gap before validation or testing
7806,A438459,K25-054240,2025-12-01,2025-12-29,gap,excluded,31-day gap before validation or testing
7807,A395847,K25-054241,2025-12-02,2025-12-02,gap,excluded,31-day gap before validation or testing
7808,A438463,K25-054242,2025-12-02,2025-12-18,gap,excluded,31-day gap before validation or testing
7809,A438467,K25-054243,2025-12-02,2025-12-02,gap,excluded,31-day gap before validation or testing
7810,A438464,K25-054244,2025-12-02,2025-12-17,gap,excluded,31-day gap before validation or testing
7811,A438468,K25-054245,2025-12-02,2026-01-02,gap,excluded,31-day gap before validation or testing
7812,A438435,K25-054246,2025-12-02,2025-12-02,gap,excluded,31-day gap before validation or testing
7813,A438469,K25-054249,2025-12-02,2026-01-02,gap,excluded,31-day gap before validation or testing
7814,A438472,K25-054250,2025-12-02,2025-12-09,gap,excluded,31-day gap before validation or testing
7815,A395196,K25-054251,2025-12-02,2025-12-02,gap,excluded,31-day gap before validation or testing
7816,A395197,K25-054252,2025-12-02,2025-12-02,gap,excluded,31-day gap before validation or testing
7817,A373451,K25-054253,2025-12-02,2025-12-02,gap,excluded,31-day gap before validation or testing
7818,A438482,K25-054255,2025-12-02,2025-12-18,gap,excluded,31-day gap before validation or testing
7819,A438484,K25-054257,2025-12-02,2025-12-11,gap,excluded,31-day gap before validation or testing
7820,A438490,K25-054263,2025-12-02,2025-12-03,gap,excluded,31-day gap before validation or testing
7821,A438489,K25-054264,2025-12-02,2025-12-03,gap,excluded,31-day gap before validation or testing
7822,A438487,K25-054260,2025-12-03,2025-12-03,gap,excluded,31-day gap before validation or testing
7823,A438488,K25-054261,2025-12-03,2025-12-18,gap,excluded,31-day gap before validation or testing
7824,A438491,K25-054262,2025-12-03,2026-01-03,gap,excluded,31-day gap before validation or testing
7825,A438495,K25-054265,2025-12-03,2025-12-18,gap,excluded,31-day gap before validation or testing
7826,A434952,K25-054266,2025-12-03,2025-12-04,gap,excluded,31-day gap before validation or testing
7827,A430060,K25-054267,2025-12-03,2025-12-04,gap,excluded,31-day gap before validation or testing
7828,A438496,K25-054268,2025-12-03,2025-12-24,gap,excluded,31-day gap before validation or testing
7829,A438505,K25-054270,2025-12-04,2025-12-10,gap,excluded,31-day gap before validation or testing
7830,A387403,K25-054271,2025-12-04,2025-12-04,gap,excluded,31-day gap before validation or testing
7831,A438506,K25-054272,2025-12-04,2025-12-04,gap,excluded,31-day gap before validation or testing
7832,A438332,K25-054273,2025-12-04,2025-12-31,gap,excluded,31-day gap before validation or testing
7833,A438508,K25-054275,2025-12-04,2025-12-05,gap,excluded,31-day gap before validation or testing
7834,A438509,K25-054276,2025-12-04,2025-12-05,gap,excluded,31-day gap before validation or testing
7835,A438510,K25-054277,2025-12-04,2025-12-11,gap,excluded,31-day gap before validation or testing
7836,A438511,K25-054278,2025-12-04,2025-12-11,gap,excluded,31-day gap before validation or testing
7837,A438512,K25-054279,2025-12-04,2026-01-04,gap,excluded,31-day gap before validation or testing
7838,A438513,K25-054280,2025-12-04,2026-01-04,gap,excluded,31-day gap before validation or testing
7839,A438514,K25-054281,2025-12-04,2026-01-02,gap,excluded,31-day gap before validation or testing
7840,A438515,K25-054282,2025-12-04,2025-12-18,gap,excluded,31-day gap before validation or testing
7841,A438532,K25-054285,2025-12-05,2026-01-05,gap,excluded,31-day gap before validation or testing
7842,A438546,K25-054296,2025-12-05,2025-12-17,gap,excluded,31-day gap before validation or testing
7843,A438552,K25-054302,2025-12-05,2025-12-17,gap,excluded,31-day gap before validation or testing
7844,A395197,K25-054304,2025-12-05,2025-12-06,gap,excluded,31-day gap before validation or testing
7845,A395196,K25-054305,2025-12-05,2025-12-06,gap,excluded,31-day gap before validation or testing
7846,A438190,K25-054306,2025-12-06,2026-01-06,gap,excluded,31-day gap before validation or testing
7847,A438562,K25-054307,2025-12-06,2026-01-06,gap,excluded,31-day gap before validation or testing
7848,A438565,K25-054308,2025-12-06,2025-12-18,gap,excluded,31-day gap before validation or testing
7849,A438566,K25-054309,2025-12-06,2025-12-11,gap,excluded,31-day gap before validation or testing
7850,A438569,K25-054312,2025-12-06,2025-12-29,gap,excluded,31-day gap before validation or testing
7851,A437592,K25-054318,2025-12-06,2025-12-24,gap,excluded,31-day gap before validation or testing
7852,A438587,K25-054320,2025-12-06,2025-12-11,gap,excluded,31-day gap before validation or testing
7853,A438592,K25-054321,2025-12-06,2025-12-09,gap,excluded,31-day gap before validation or testing
7854,A438593,K25-054322,2025-12-07,2026-01-07,gap,excluded,31-day gap before validation or testing
7855,A438600,K25-054326,2025-12-08,2025-12-13,gap,excluded,31-day gap before validation or testing
7856,A436440,K25-054327,2025-12-08,2025-12-20,gap,excluded,31-day gap before validation or testing
7857,A436438,K25-054328,2025-12-08,2025-12-20,gap,excluded,31-day gap before validation or testing
7858,A438603,K25-054329,2025-12-08,2025-12-15,gap,excluded,31-day gap before validation or testing
7859,A438614,K25-054340,2025-12-08,2025-12-09,gap,excluded,31-day gap before validation or testing
7860,A438606,K25-054330,2025-12-09,2025-12-19,gap,excluded,31-day gap before validation or testing
7861,A412003,K25-054331,2025-12-09,2025-12-12,gap,excluded,31-day gap before validation or testing
7862,A438607,K25-054332,2025-12-09,2025-12-09,gap,excluded,31-day gap before validation or testing
7863,A438609,K25-054334,2025-12-09,2025-12-16,gap,excluded,31-day gap before validation or testing
7864,A436729,K25-054336,2025-12-09,2025-12-20,gap,excluded,31-day gap before validation or testing
7865,A426263,K25-054337,2025-12-09,2026-01-08,gap,excluded,31-day gap before validation or testing
7866,A438613,K25-054338,2025-12-09,2025-12-10,gap,excluded,31-day gap before validation or testing
7867,A424385,K25-054339,2025-12-10,2025-12-10,gap,excluded,31-day gap before validation or testing
7868,A438615,K25-054341,2025-12-10,2025-12-10,gap,excluded,31-day gap before validation or testing
7869,A438616,K25-054342,2025-12-10,2025-12-10,gap,excluded,31-day gap before validation or testing
7870,A438624,K25-054344,2025-12-10,2025-12-11,gap,excluded,31-day gap before validation or testing
7871,A438625,K25-054346,2025-12-10,2025-12-10,gap,excluded,31-day gap before validation or testing
7872,A393876,K25-054347,2025-12-10,2025-12-16,gap,excluded,31-day gap before validation or testing
7873,A438308,K25-054348,2025-12-10,2026-01-02,gap,excluded,31-day gap before validation or testing
7874,A438631,K25-054349,2025-12-10,2025-12-31,gap,excluded,31-day gap before validation or testing
7875,A438632,K25-054350,2025-12-11,2025-12-26,gap,excluded,31-day gap before validation or testing
7876,A438633,K25-054351,2025-12-11,2025-12-20,gap,excluded,31-day gap before validation or testing
7877,A433474,K25-054354,2025-12-11,2025-12-12,gap,excluded,31-day gap before validation or testing
7878,A438640,K25-054355,2025-12-11,2025-12-24,gap,excluded,31-day gap before validation or testing
7879,A430845,K25-054358,2025-12-11,2025-12-23,gap,excluded,31-day gap before validation or testing
7880,A438650,K25-054360,2025-12-11,2025-12-12,gap,excluded,31-day gap before validation or testing
7881,A433089,K25-054362,2025-12-12,2025-12-18,gap,excluded,31-day gap before validation or testing
7882,A429635,K25-054363,2025-12-12,2025-12-12,gap,excluded,31-day gap before validation or testing
7883,A438662,K25-054364,2025-12-12,2026-01-12,gap,excluded,31-day gap before validation or testing
7884,A438663,K25-054365,2025-12-12,2026-01-12,gap,excluded,31-day gap before validation or testing
7885,A425519,K25-054366,2025-12-13,2025-12-13,gap,excluded,31-day gap before validation or testing
7886,A438668,K25-054367,2025-12-13,2025-12-16,gap,excluded,31-day gap before validation or testing
7887,A438683,K25-054368,2025-12-13,2025-12-18,gap,excluded,31-day gap before validation or testing
7888,A438688,K25-054369,2025-12-13,2026-01-09,gap,excluded,31-day gap before validation or testing
7889,A438689,K25-054370,2025-12-13,2026-01-13,gap,excluded,31-day gap before validation or testing
7890,A438690,K25-054371,2025-12-13,2026-01-13,gap,excluded,31-day gap before validation or testing
7891,A438691,K25-054372,2025-12-13,2025-12-15,gap,excluded,31-day gap before validation or testing
7892,A438692,K25-054373,2025-12-13,2025-12-16,gap,excluded,31-day gap before validation or testing
7893,A438697,K25-054375,2025-12-14,2025-12-16,gap,excluded,31-day gap before validation or testing
7894,A438698,K25-054376,2025-12-14,2025-12-24,gap,excluded,31-day gap before validation or testing
7895,A325792,K25-054377,2025-12-14,2025-12-14,gap,excluded,31-day gap before validation or testing
7896,A438703,K25-054380,2025-12-15,2026-01-15,gap,excluded,31-day gap before validation or testing
7897,A438704,K25-054381,2025-12-15,2025-12-24,gap,excluded,31-day gap before validation or testing
7898,A438705,K25-054382,2025-12-15,2026-01-15,gap,excluded,31-day gap before validation or testing
7899,A297747,K25-054383,2025-12-15,2025-12-17,gap,excluded,31-day gap before validation or testing
7900,A424064,K25-054386,2025-12-16,2025-12-18,gap,excluded,31-day gap before validation or testing
7901,A434018,K25-054387,2025-12-16,2026-01-16,gap,excluded,31-day gap before validation or testing
7902,A438718,K25-054388,2025-12-16,2026-01-16,gap,excluded,31-day gap before validation or testing
7903,A438719,K25-054389,2025-12-16,2025-12-26,gap,excluded,31-day gap before validation or testing
7904,A438722,K25-054390,2025-12-17,2025-12-20,gap,excluded,31-day gap before validation or testing
7905,A438723,K25-054391,2025-12-17,2026-01-03,gap,excluded,31-day gap before validation or testing
7906,A297747,K25-054392,2025-12-17,2025-12-24,gap,excluded,31-day gap before validation or testing
7907,A438728,K25-054393,2025-12-17,2025-12-20,gap,excluded,31-day gap before validation or testing
7908,A437891,K25-054394,2025-12-17,2026-01-17,gap,excluded,31-day gap before validation or testing
7909,A438735,K25-054395,2025-12-17,2025-12-17,gap,excluded,31-day gap before validation or testing
7910,A438736,K25-054396,2025-12-17,2025-12-18,gap,excluded,31-day gap before validation or testing
7911,A438742,K25-054398,2025-12-17,2026-01-17,gap,excluded,31-day gap before validation or testing
7912,A438341,K25-054399,2025-12-18,2026-01-18,gap,excluded,31-day gap before validation or testing
7913,A438342,K25-054400,2025-12-18,2026-01-02,gap,excluded,31-day gap before validation or testing
7914,A438744,K25-054401,2025-12-18,2026-01-18,gap,excluded,31-day gap before validation or testing
7915,A438746,K25-054402,2025-12-18,2026-01-18,gap,excluded,31-day gap before validation or testing
7916,A438751,K25-054404,2025-12-18,2026-01-06,gap,excluded,31-day gap before validation or testing
7917,A438752,K25-054405,2025-12-18,2026-01-14,gap,excluded,31-day gap before validation or testing
7918,A438753,K25-054406,2025-12-18,2025-12-29,gap,excluded,31-day gap before validation or testing
7919,A438754,K25-054407,2025-12-18,2025-12-19,gap,excluded,31-day gap before validation or testing
7920,A437023,K25-054412,2025-12-19,2026-01-06,gap,excluded,31-day gap before validation or testing
7921,A438792,K25-054413,2025-12-19,2025-12-19,gap,excluded,31-day gap before validation or testing
7922,A438791,K25-054414,2025-12-19,2025-12-19,gap,excluded,31-day gap before validation or testing
7923,A438790,K25-054415,2025-12-19,2025-12-19,gap,excluded,31-day gap before validation or testing
7924,A438789,K25-054416,2025-12-19,2025-12-19,gap,excluded,31-day gap before validation or testing
7925,A438788,K25-054417,2025-12-19,2026-01-19,gap,excluded,31-day gap before validation or testing
7926,A438787,K25-054418,2025-12-19,2026-01-19,gap,excluded,31-day gap before validation or testing
7927,A438786,K25-054419,2025-12-19,2026-01-19,gap,excluded,31-day gap before validation or testing
7928,A438785,K25-054420,2025-12-19,2026-01-19,gap,excluded,31-day gap before validation or testing
7929,A438796,K25-054421,2025-12-19,2025-12-30,gap,excluded,31-day gap before validation or testing
7930,A438494,K25-054423,2025-12-19,2026-01-08,gap,excluded,31-day gap before validation or testing
7931,A438492,K25-054424,2025-12-19,2026-01-10,gap,excluded,31-day gap before validation or testing
7932,A438815,K25-054425,2025-12-19,2026-01-14,gap,excluded,31-day gap before validation or testing
7933,A438814,K25-054426,2025-12-19,2025-12-31,gap,excluded,31-day gap before validation or testing
7934,A431099,K25-054428,2025-12-20,2026-01-20,gap,excluded,31-day gap before validation or testing
7935,A438832,K25-054429,2025-12-20,2026-01-07,gap,excluded,31-day gap before validation or testing
7936,A438833,K25-054430,2025-12-20,2026-01-08,gap,excluded,31-day gap before validation or testing
7937,A438835,K25-054431,2025-12-20,2026-01-06,gap,excluded,31-day gap before validation or testing
7938,A403046,K25-054432,2025-12-20,2025-12-20,gap,excluded,31-day gap before validation or testing
7939,A438849,K25-054433,2025-12-20,2025-12-20,gap,excluded,31-day gap before validation or testing
7940,A438850,K25-054434,2025-12-21,2025-12-23,gap,excluded,31-day gap before validation or testing
7941,A386573,K25-054435,2025-12-21,2025-12-26,gap,excluded,31-day gap before validation or testing
7942,A420132,K25-054436,2025-12-22,2025-12-22,gap,excluded,31-day gap before validation or testing
7943,A423585,K25-054437,2025-12-22,2025-12-23,gap,excluded,31-day gap before validation or testing
7944,A438853,K25-054438,2025-12-22,2025-12-23,gap,excluded,31-day gap before validation or testing
7945,A438854,K25-054439,2025-12-22,2025-12-22,gap,excluded,31-day gap before validation or testing
7946,A438855,K25-054440,2025-12-22,2025-12-26,gap,excluded,31-day gap before validation or testing
7947,A438856,K25-054441,2025-12-22,2026-01-09,gap,excluded,31-day gap before validation or testing
7948,A438865,K25-054443,2025-12-23,2025-12-23,gap,excluded,31-day gap before validation or testing
7949,A438866,K25-054444,2025-12-23,2025-12-23,gap,excluded,31-day gap before validation or testing
7950,A438867,K25-054445,2025-12-23,2025-12-23,gap,excluded,31-day gap before validation or testing
7951,A438868,K25-054446,2025-12-23,2025-12-24,gap,excluded,31-day gap before validation or testing
7952,A438869,K25-054447,2025-12-23,2025-12-23,gap,excluded,31-day gap before validation or testing
7953,A438870,K25-054448,2025-12-23,2026-01-23,gap,excluded,31-day gap before validation or testing
7954,A438871,K25-054449,2025-12-23,2025-12-23,gap,excluded,31-day gap before validation or testing
7955,A438872,K25-054450,2025-12-23,2025-12-24,gap,excluded,31-day gap before validation or testing
7956,A438873,K25-054451,2025-12-23,2025-12-23,gap,excluded,31-day gap before validation or testing
7958,A438875,K25-054453,2025-12-23,2025-12-31,gap,excluded,31-day gap before validation or testing
7959,A438876,K25-054454,2025-12-23,2025-12-23,gap,excluded,31-day gap before validation or testing
7960,A438878,K25-054455,2025-12-23,2025-12-23,gap,excluded,31-day gap before validation or testing
7961,A438880,K25-054456,2025-12-23,2025-12-23,gap,excluded,31-day gap before validation or testing
7962,A438884,K25-054457,2025-12-23,2025-12-30,gap,excluded,31-day gap before validation or testing
7963,A438885,K25-054458,2025-12-23,2026-01-07,gap,excluded,31-day gap before validation or testing
7964,A428897,K25-054459,2025-12-23,2026-01-23,gap,excluded,31-day gap before validation or testing
7965,A438886,K25-054460,2025-12-23,2026-01-07,gap,excluded,31-day gap before validation or testing
7967,A373730,K25-054462,2025-12-24,2025-12-24,gap,excluded,31-day gap before validation or testing
7968,A438900,K25-054463,2025-12-24,2025-12-24,gap,excluded,31-day gap before validation or testing
7969,A428996,K25-054465,2025-12-25,2025-12-26,gap,excluded,31-day gap before validation or testing
7970,A438913,K25-054466,2025-12-26,2026-01-08,gap,excluded,31-day gap before validation or testing
7971,A438914,K25-054467,2025-12-26,2026-01-26,gap,excluded,31-day gap before validation or testing
7972,A438915,K25-054468,2025-12-26,2026-01-26,gap,excluded,31-day gap before validation or testing
7973,A438916,K25-054469,2025-12-26,2026-01-22,gap,excluded,31-day gap before validation or testing
7974,A438917,K25-054470,2025-12-26,2025-12-26,gap,excluded,31-day gap before validation or testing
7975,A438918,K25-054471,2025-12-26,2026-01-17,gap,excluded,31-day gap before validation or testing
7976,A438921,K25-054473,2025-12-26,2025-12-28,gap,excluded,31-day gap before validation or testing
7977,A437086,K25-054475,2025-12-26,2025-12-26,gap,excluded,31-day gap before validation or testing
7978,A389139,K25-054476,2025-12-26,2025-12-26,gap,excluded,31-day gap before validation or testing
7979,A438928,K25-054477,2025-12-26,2025-12-26,gap,excluded,31-day gap before validation or testing
7980,A307882,K25-054478,2025-12-26,2025-12-26,gap,excluded,31-day gap before validation or testing
7981,A438930,K25-054481,2025-12-26,2026-01-26,gap,excluded,31-day gap before validation or testing
7982,A438932,K25-054483,2025-12-27,2026-01-27,gap,excluded,31-day gap before validation or testing
7983,A438945,K25-054484,2025-12-27,2026-01-08,gap,excluded,31-day gap before validation or testing
7984,A438944,K25-054485,2025-12-27,2026-01-08,gap,excluded,31-day gap before validation or testing
7985,A438961,K25-054486,2025-12-27,2026-01-27,gap,excluded,31-day gap before validation or testing
7986,A438962,K25-054487,2025-12-27,2025-12-27,gap,excluded,31-day gap before validation or testing
7987,A438973,K25-054488,2025-12-27,2026-01-20,gap,excluded,31-day gap before validation or testing
7988,A438977,K25-054491,2025-12-28,2026-01-28,gap,excluded,31-day gap before validation or testing
7989,A438978,K25-054492,2025-12-28,2025-12-31,gap,excluded,31-day gap before validation or testing
7990,A438984,K25-054493,2025-12-29,2025-12-30,gap,excluded,31-day gap before validation or testing
7991,A438985,K25-054494,2025-12-29,2025-12-30,gap,excluded,31-day gap before validation or testing
7992,A438986,K25-054495,2025-12-29,2026-01-11,gap,excluded,31-day gap before validation or testing
7993,A438988,K25-054496,2025-12-29,2026-01-29,gap,excluded,31-day gap before validation or testing
7994,A438989,K25-054497,2025-12-29,2026-01-20,gap,excluded,31-day gap before validation or testing
7995,A439006,K25-054501,2025-12-29,2026-01-29,gap,excluded,31-day gap before validation or testing
7996,A344248,K25-054500,2025-12-30,2025-12-30,gap,excluded,31-day gap before validation or testing
7997,A439011,K25-054503,2025-12-30,2026-01-05,gap,excluded,31-day gap before validation or testing
7998,A439014,K25-054505,2025-12-30,2026-01-30,gap,excluded,31-day gap before validation or testing
7999,A439016,K25-054506,2025-12-30,2026-01-30,gap,excluded,31-day gap before validation or testing
8000,A439017,K25-054507,2025-12-30,2026-01-21,gap,excluded,31-day gap before validation or testing
8001,A439013,K25-054508,2025-12-30,2026-01-30,gap,excluded,31-day gap before validation or testing
8002,A439020,K25-054509,2025-12-31,2026-01-23,gap,excluded,31-day gap before validation or testing
8003,A439021,K25-054510,2025-12-31,2026-01-31,gap,excluded,31-day gap before validation or testing
8004,A439022,K25-054511,2025-12-31,2026-01-31,gap,excluded,31-day gap before validation or testing
8005,A439023,K25-054512,2025-12-31,2026-01-31,gap,excluded,31-day gap before validation or testing
8006,A439024,K25-054513,2025-12-31,2026-01-29,gap,excluded,31-day gap before validation or testing
8007,A439025,K25-054514,2025-12-31,2026-01-31,gap,excluded,31-day gap before validation or testing
8008,A439026,K25-054515,2025-12-31,2026-01-31,gap,excluded,31-day gap before validation or testing
8009,A439036,K25-054517,2025-12-31,2026-01-06,gap,excluded,31-day gap before validation or testing
8010,A439035,K25-054518,2025-12-31,2026-01-31,gap,excluded,31-day gap before validation or testing
8011,A439038,K25-054519,2025-12-31,2026-01-06,gap,excluded,31-day gap before validation or testing
8012,A439039,K25-054520,2025-12-31,2026-01-06,gap,excluded,31-day gap before validation or testing
8013,A392479,K25-054522,2025-12-31,2026-01-06,gap,excluded,31-day gap before validation or testing
8014,A392480,K25-054523,2025-12-31,2026-01-06,gap,excluded,31-day gap before validation or testing
8015,A434112,K25-054525,2025-12-31,2025-12-31,gap,excluded,31-day gap before validation or testing
8016,A439045,K25-054526,2025-12-31,2026-01-14,gap,excluded,31-day gap before validation or testing
8017,A439047,K25-054527,2025-12-31,2026-01-29,gap,excluded,31-day gap before validation or testing
8018,A439046,K25-054528,2025-12-31,2026-01-02,gap,excluded,31-day gap before validation or testing
8019,A378360,K26-054529,2026-01-01,2026-01-02,test,test,
8020,A439048,K26-054530,2026-01-01,2026-01-06,test,test,
8021,A439049,K26-054531,2026-01-01,2026-01-02,test,test,
8022,A366720,K26-054533,2026-01-02,2026-01-02,test,test,
8023,A430949,K26-054534,2026-01-02,2026-01-03,test,test,
8024,A439056,K26-054535,2026-01-02,2026-02-02,test,test,
8025,A439055,K26-054536,2026-01-02,2026-01-31,test,test,
8026,A439057,K26-054537,2026-01-02,2026-02-02,test,test,
8027,A439058,K26-054538,2026-01-02,2026-02-02,test,test,
8028,A439059,K26-054539,2026-01-02,2026-01-03,test,test,
8029,A439060,K26-054540,2026-01-02,2026-01-20,test,test,
8030,A439061,K26-054541,2026-01-02,2026-01-03,test,test,
8031,A439062,K26-054542,2026-01-02,2026-01-03,test,test,
8032,A439063,K26-054543,2026-01-02,2026-02-02,test,test,
8033,A439064,K26-054544,2026-01-02,2026-02-02,test,test,
8034,A439065,K26-054545,2026-01-03,2026-02-03,test,test,
8035,A439075,K26-054547,2026-01-03,2026-01-03,test,test,
8036,A439076,K26-054548,2026-01-03,2026-01-03,test,test,
8037,A439077,K26-054549,2026-01-03,2026-01-06,test,test,
8038,A439078,K26-054550,2026-01-03,2026-01-06,test,test,
8039,A439073,K26-054551,2026-01-03,2026-01-09,test,test,
8040,A432054,K26-054553,2026-01-04,2026-01-06,test,test,
8041,A439082,K26-054554,2026-01-04,2026-01-08,test,test,
8042,A439083,K26-054555,2026-01-04,2026-01-06,test,test,
8043,A439084,K26-054556,2026-01-04,2026-01-06,test,test,
8044,A439085,K26-054557,2026-01-04,2026-01-06,test,test,
8045,A439086,K26-054558,2026-01-04,2026-01-06,test,test,
8046,A439087,K26-054559,2026-01-04,2026-01-06,test,test,
8047,A439088,K26-054560,2026-01-04,2026-01-06,test,test,
8048,A439089,K26-054561,2026-01-04,2026-02-04,test,test,
8049,A439090,K26-054562,2026-01-04,2026-01-07,test,test,
8050,A439091,K26-054563,2026-01-04,2026-01-22,test,test,
8051,A439092,K26-054564,2026-01-04,2026-01-06,test,test,
8052,A439093,K26-054565,2026-01-04,2026-01-06,test,test,
8053,A439094,K26-054566,2026-01-04,2026-01-06,test,test,
8054,A439095,K26-054567,2026-01-04,2026-01-06,test,test,
8055,A439098,K26-054570,2026-01-05,2026-01-15,test,test,
8056,A439099,K26-054571,2026-01-05,2026-01-15,test,test,
8057,A439100,K26-054572,2026-01-05,2026-01-15,test,test,
8058,A439101,K26-054573,2026-01-05,2026-01-10,test,test,
8059,A439102,K26-054574,2026-01-05,2026-01-15,test,test,
8060,A439105,K26-054575,2026-01-05,2026-01-24,test,test,
8061,A439106,K26-054576,2026-01-05,2026-01-15,test,test,
8062,A431425,K26-054577,2026-01-06,2026-01-07,test,test,
8063,A438308,K26-054578,2026-01-06,2026-01-24,test,test,
8064,A392480,K26-054579,2026-01-06,2026-02-06,test,test,
8065,A392479,K26-054580,2026-01-06,2026-02-06,test,test,
8066,A439109,K26-054581,2026-01-06,2026-02-06,test,test,
8067,A432706,K26-054582,2026-01-06,2026-01-06,test,test,
8068,A370064,K26-054583,2026-01-06,2026-01-07,test,test,
8069,A439114,K26-054585,2026-01-06,2026-02-06,test,test,
8070,A439115,K26-054586,2026-01-06,2026-02-06,test,test,
8071,A439117,K26-054587,2026-01-06,2026-01-06,test,test,
8072,A439118,K26-054588,2026-01-06,2026-02-05,test,test,
8073,A439119,K26-054589,2026-01-06,2026-01-28,test,test,
8074,A439120,K26-054590,2026-01-06,2026-01-22,test,test,
8075,A439121,K26-054591,2026-01-06,2026-01-22,test,test,
8076,A439122,K26-054592,2026-01-06,2026-01-22,test,test,
8077,A439127,K26-054593,2026-01-06,2026-01-07,test,test,
8078,A439126,K26-054594,2026-01-06,2026-01-07,test,test,
8079,A439033,K25-054516,2026-01-07,2026-01-31,test,test,
8080,A439131,K26-054599,2026-01-07,2026-01-07,test,test,
8081,A432912,K26-054603,2026-01-07,2026-01-13,test,test,
8082,A436370,K26-054604,2026-01-07,2026-01-12,test,test,
8083,A439137,K26-054605,2026-01-07,2026-01-22,test,test,
8084,A439138,K26-054606,2026-01-07,2026-02-07,test,test,
8085,A439139,K26-054607,2026-01-07,2026-01-22,test,test,
8086,A439143,K26-054608,2026-01-08,2026-01-15,test,test,
8087,A439150,K26-054611,2026-01-08,2026-01-10,test,test,
8088,A439152,K26-054612,2026-01-08,2026-01-10,test,test,
8089,A439155,K26-054613,2026-01-08,2026-02-08,test,test,
8090,A439156,K26-054614,2026-01-08,2026-01-22,test,test,
8091,A439157,K26-054615,2026-01-08,2026-01-20,test,test,
8092,A439158,K26-054616,2026-01-08,2026-01-20,test,test,
8093,A439165,K26-054620,2026-01-08,2026-02-08,test,test,
8094,A439167,K26-054621,2026-01-08,2026-02-08,test,test,
8095,A426808,K26-054624,2026-01-08,2026-01-09,test,test,
8096,A439174,K26-054625,2026-01-09,2026-01-09,test,test,
8097,A439175,K26-054626,2026-01-09,2026-01-13,test,test,
8098,A437697,K26-054627,2026-01-09,2026-01-20,test,test,
8099,A439181,K26-054631,2026-01-09,2026-01-09,test,test,
8100,A439182,K26-054632,2026-01-09,2026-01-09,test,test,
8101,A438121,K26-054633,2026-01-10,2026-01-22,test,test,
8102,A439190,K26-054634,2026-01-10,2026-01-10,test,test,
8103,A439192,K26-054635,2026-01-10,2026-01-22,test,test,
8104,A439193,K26-054636,2026-01-10,2026-01-20,test,test,
8105,A426263,K26-054637,2026-01-10,2026-01-20,test,test,
8106,A439197,K26-054638,2026-01-10,2026-01-20,test,test,
8107,A439203,K26-054640,2026-01-10,2026-02-04,test,test,
8108,A439204,K26-054641,2026-01-11,2026-01-28,test,test,
8109,A439205,K26-054642,2026-01-11,2026-01-17,test,test,
8110,A439208,K26-054645,2026-01-11,2026-01-13,test,test,
8111,A439214,K26-054646,2026-01-12,2026-02-12,test,test,
8112,A439218,K26-054647,2026-01-12,2026-02-12,test,test,
8113,A439219,K26-054648,2026-01-12,2026-02-12,test,test,
8114,A439223,K26-054649,2026-01-12,2026-01-13,test,test,
8115,A439222,K26-054650,2026-01-12,2026-01-13,test,test,
8116,A423403,K26-054651,2026-01-13,2026-01-13,test,test,
8117,A439224,K26-054652,2026-01-13,2026-01-15,test,test,
8118,A439242,K26-054664,2026-01-13,2026-01-15,test,test,
8119,A439243,K26-054665,2026-01-13,2026-01-24,test,test,
8120,A422655,K26-054666,2026-01-13,2026-01-15,test,test,
8121,A422652,K26-054667,2026-01-13,2026-01-15,test,test,
8122,A439248,K26-054668,2026-01-13,2026-01-14,test,test,
8123,A438128,K26-054669,2026-01-13,2026-01-20,test,test,
8124,A439249,K26-054670,2026-01-13,2026-01-15,test,test,
8125,A439251,K26-054671,2026-01-13,2026-01-15,test,test,
8126,A439259,K26-054673,2026-01-14,2026-01-24,test,test,
8127,A439260,K26-054674,2026-01-14,2026-01-14,test,test,
8128,A439277,K26-054677,2026-01-14,2026-02-14,test,test,
8129,A439278,K26-054678,2026-01-14,2026-02-14,test,test,
8130,A439279,K26-054679,2026-01-14,2026-02-14,test,test,
8131,A439280,K26-054680,2026-01-14,2026-02-14,test,test,
8132,A439281,K26-054681,2026-01-14,2026-02-14,test,test,
8133,A439019,K26-054684,2026-01-15,2026-02-03,test,test,
8134,A439296,K26-054685,2026-01-15,2026-02-15,test,test,
8135,A370070,K26-054686,2026-01-15,2026-01-15,test,test,
8136,A439297,K26-054687,2026-01-15,2026-01-16,test,test,
8137,A437081,K26-054688,2026-01-15,2026-02-15,test,test,
8138,A425050,K26-054689,2026-01-15,2026-01-16,test,test,
8139,A425049,K26-054690,2026-01-15,2026-01-16,test,test,
8140,A439315,K26-054691,2026-01-16,2026-01-16,test,test,
8141,A439316,K26-054692,2026-01-16,2026-01-16,test,test,
8142,A439317,K26-054693,2026-01-16,2026-01-16,test,test,
8143,A439318,K26-054694,2026-01-16,2026-01-16,test,test,
8144,A439320,K26-054695,2026-01-16,2026-02-16,test,test,
8145,A405743,K26-054696,2026-01-16,2026-01-16,test,test,
8146,A303149,K26-054697,2026-01-16,2026-02-04,test,test,
8147,A342263,K26-054698,2026-01-16,2026-02-04,test,test,
8148,A433654,K26-054699,2026-01-16,2026-02-05,test,test,
8149,A439323,K26-054700,2026-01-16,2026-02-16,test,test,
8150,A439328,K26-054702,2026-01-17,2026-01-17,test,test,
8151,A439331,K26-054705,2026-01-17,2026-02-17,test,test,
8152,A439344,K26-054708,2026-01-18,2026-01-31,test,test,
8155,A375180,K26-054711,2026-01-19,2026-01-19,test,test,
8156,A344405,K26-054712,2026-01-19,2026-01-19,test,test,
8157,A431762,K26-054713,2026-01-19,2026-01-21,test,test,
8158,A439350,K26-054714,2026-01-19,2026-02-04,test,test,
8159,A318371,K26-054715,2026-01-20,2026-01-24,test,test,
8160,A439353,K26-054716,2026-01-20,2026-02-06,test,test,
8161,A439354,K26-054717,2026-01-20,2026-02-06,test,test,
8162,A439305,K26-054719,2026-01-20,2026-02-06,test,test,
8163,A439359,K26-054721,2026-01-20,2026-02-04,test,test,
8164,A439371,K26-054725,2026-01-20,2026-01-27,test,test,
8165,A439375,K26-054726,2026-01-20,2026-02-05,test,test,
8166,A439376,K26-054727,2026-01-20,2026-02-05,test,test,
8167,A439377,K26-054728,2026-01-20,2026-02-05,test,test,
8168,A439378,K26-054729,2026-01-20,2026-02-05,test,test,
8169,A439379,K26-054730,2026-01-20,2026-02-05,test,test,
8170,A439380,K26-054731,2026-01-20,2026-02-05,test,test,
8171,A439381,K26-054732,2026-01-20,2026-02-05,test,test,
8172,A439382,K26-054733,2026-01-20,2026-02-05,test,test,
8173,A439383,K26-054734,2026-01-20,2026-02-05,test,test,
8174,A439385,K26-054735,2026-01-21,2026-02-04,test,test,
8175,A438625,K26-054738,2026-01-21,2026-02-11,test,test,
8176,A439399,K26-054739,2026-01-21,2026-02-06,test,test,
8177,A435423,K26-054741,2026-01-21,2026-02-13,test,test,
8178,A351299,K26-054742,2026-01-21,2026-01-24,test,test,
8179,A439413,K26-054745,2026-01-22,2026-02-22,test,test,
8180,A439414,K26-054746,2026-01-22,2026-02-22,test,test,
8181,A439419,K26-054747,2026-01-22,2026-01-22,test,test,
8182,A439420,K26-054748,2026-01-22,2026-01-22,test,test,
8183,A439421,K26-054749,2026-01-22,2026-01-22,test,test,
8184,A439496,K26-054787,2026-01-22,2026-02-22,test,test,
8185,A439494,K26-054788,2026-01-22,2026-02-22,test,test,
8186,A439495,K26-054789,2026-01-22,2026-02-22,test,test,
8187,A439493,K26-054790,2026-01-22,2026-02-22,test,test,
8188,A439451,K26-054752,2026-01-23,2026-02-07,test,test,
8189,A414187,K26-054753,2026-01-23,2026-02-10,test,test,
8190,A439458,K26-054754,2026-01-24,2026-02-24,test,test,
8191,A439469,K26-054755,2026-01-24,2026-01-24,test,test,
8192,A439477,K26-054756,2026-01-24,2026-02-18,test,test,
8193,A439478,K26-054757,2026-01-24,2026-02-17,test,test,
8194,A439476,K26-054758,2026-01-24,2026-02-24,test,test,
8195,A439479,K26-054759,2026-01-24,2026-02-24,test,test,
8196,A439480,K26-054760,2026-01-24,2026-02-17,test,test,
8197,A426937,K26-054761,2026-01-24,2026-02-04,test,test,
8198,A358160,K26-054762,2026-01-24,2026-01-27,test,test,
8199,A439483,K26-054763,2026-01-24,2026-01-27,test,test,
8200,A439484,K26-054764,2026-01-24,2026-02-24,test,test,
8201,A439487,K26-054765,2026-01-25,2026-01-27,test,test,
8202,A439492,K26-054766,2026-01-25,2026-01-29,test,test,
8203,A439499,K26-054767,2026-01-26,2026-02-10,test,test,
8204,A439498,K26-054768,2026-01-26,2026-01-28,test,test,
8205,A439500,K26-054769,2026-01-26,2026-01-27,test,test,
8206,A439503,K26-054770,2026-01-26,2026-02-26,test,test,
8207,A439505,K26-054771,2026-01-26,2026-01-28,test,test,
8208,A431344,K26-054773,2026-01-26,2026-01-28,test,test,
8209,A439510,K26-054774,2026-01-27,2026-02-14,test,test,
8210,A321453,K26-054775,2026-01-27,2026-02-05,test,test,
8211,A439513,K26-054776,2026-01-27,2026-02-05,test,test,
8212,A439514,K26-054777,2026-01-27,2026-02-27,test,test,
8213,A321454,K26-054778,2026-01-27,2026-02-05,test,test,
8214,A439372,K26-054780,2026-01-27,2026-02-06,test,test,
8215,A439524,K26-054781,2026-01-27,2026-02-14,test,test,
8216,A439526,K26-054782,2026-01-27,2026-02-05,test,test,
8217,A439527,K26-054783,2026-01-27,2026-02-02,test,test,
8218,A439533,K26-054794,2026-01-28,2026-01-30,test,test,
8219,A439535,K26-054795,2026-01-28,2026-02-28,test,test,
8220,A415920,K26-054796,2026-01-28,2026-02-20,test,test,
8221,A424064,K26-054797,2026-01-28,2026-02-28,test,test,
8222,A439541,K26-054798,2026-01-28,2026-02-06,test,test,
8223,A439542,K26-054799,2026-01-28,2026-02-28,test,test,
8224,A249631,K26-054800,2026-01-28,2026-01-31,test,test,
8225,A439547,K26-054801,2026-01-29,2026-01-29,test,test,
8226,A439555,K26-054804,2026-01-29,2026-03-01,test,test,
8227,A439556,K26-054805,2026-01-29,2026-02-13,test,test,
8228,A299416,K26-054806,2026-01-29,2026-02-04,test,test,
8229,A299415,K26-054807,2026-01-29,2026-02-04,test,test,
8230,A322216,K26-054809,2026-01-29,2026-01-30,test,test,
8231,A439562,K26-054810,2026-01-29,2026-01-29,test,test,
8232,A439567,K26-054811,2026-01-29,2026-01-30,test,test,
8233,A439568,K26-054812,2026-01-29,2026-01-30,test,test,
8234,A439569,K26-054813,2026-01-30,2026-01-30,test,test,
8235,A439570,K26-054814,2026-01-30,2026-01-30,test,test,
8236,A439573,K26-054816,2026-01-30,2026-02-21,test,test,
8237,A410735,K26-054817,2026-01-30,2026-03-02,test,test,
8238,A437741,K26-054818,2026-01-30,2026-02-11,test,test,
8239,A439580,K26-054819,2026-01-30,2026-02-11,test,test,
8240,A439582,K26-054820,2026-01-30,2026-01-30,test,test,
8241,A438705,K26-054822,2026-01-31,2026-02-03,test,test,
8242,A439592,K26-054823,2026-01-31,2026-01-31,test,test,
8243,A439594,K26-054824,2026-01-31,2026-01-31,test,test,
8244,A439593,K26-054825,2026-01-31,2026-01-31,test,test,
8245,A439596,K26-054827,2026-01-31,2026-02-04,test,test,
8246,A439597,K26-054828,2026-01-31,2026-03-03,test,test,
8247,A439344,K26-054829,2026-01-31,2026-02-13,test,test,
8248,A426808,K26-054830,2026-01-31,2026-02-03,test,test,
8249,A439601,K26-054831,2026-01-31,2026-03-03,test,test,
8250,A439602,K26-054832,2026-01-31,2026-03-03,test,test,
8251,A439603,K26-054833,2026-01-31,2026-03-03,test,test,
8252,A439420,K26-054834,2026-01-31,2026-02-03,test,test,
8253,A439609,K26-054835,2026-01-31,2026-03-03,test,test,
8254,A439608,K26-054836,2026-01-31,2026-03-03,test,test,
8255,A439607,K26-054837,2026-01-31,2026-03-03,test,test,
8256,A439606,K26-054838,2026-01-31,2026-03-03,test,test,
8257,A439605,K26-054839,2026-01-31,2026-03-03,test,test,
8258,A439615,K26-054840,2026-02-02,2026-03-05,test,test,
8259,A439630,K26-054843,2026-02-03,2026-02-03,test,test,
8260,A439631,K26-054844,2026-02-03,2026-02-28,test,test,
8261,A439632,K26-054845,2026-02-03,2026-03-06,test,test,
8262,A439663,K26-054854,2026-02-04,2026-03-04,test,test,
8263,A439665,K26-054855,2026-02-04,2026-03-07,test,test,
8264,A439666,K26-054856,2026-02-04,2026-03-07,test,test,
8265,A364588,K26-054857,2026-02-04,2026-02-05,test,test,
8266,A439667,K26-054858,2026-02-04,2026-03-06,test,test,
8267,A439668,K26-054859,2026-02-04,2026-03-03,test,test,
8268,A258698,K26-054860,2026-02-04,2026-03-01,test,test,
8269,A439671,K26-054861,2026-02-04,2026-02-11,test,test,
8270,A439681,K26-054862,2026-02-05,2026-03-08,test,test,
8271,A439683,K26-054866,2026-02-05,2026-03-08,test,test,
8272,A439685,K26-054868,2026-02-05,2026-02-05,test,test,
8273,A439692,K26-054875,2026-02-05,2026-02-05,test,test,
8274,A439693,K26-054876,2026-02-05,2026-02-06,test,test,
8275,A439695,K26-054878,2026-02-05,2026-03-08,test,test,
8276,A439703,K26-054879,2026-02-05,2026-02-06,test,test,
8277,A439706,K26-054880,2026-02-06,2026-02-07,test,test,
8278,A439707,K26-054881,2026-02-06,2026-02-07,test,test,
8279,A439709,K26-054882,2026-02-06,2026-03-09,test,test,
8280,A439714,K26-054885,2026-02-06,2026-02-07,test,test,
8281,A439715,K26-054886,2026-02-06,2026-02-07,test,test,
8282,A436933,K26-054887,2026-02-06,2026-02-17,test,test,
8283,A439726,K26-054888,2026-02-06,2026-02-11,test,test,
8284,A439727,K26-054889,2026-02-06,2026-02-11,test,test,
8285,A439736,K26-054894,2026-02-07,2026-03-10,test,test,
8286,A439739,K26-054895,2026-02-07,2026-02-24,test,test,
8287,A439755,K26-054914,2026-02-07,2026-02-09,test,test,
8288,A439754,K26-054898,2026-02-08,2026-02-10,test,test,
8289,A439758,K26-054900,2026-02-09,2026-02-09,test,test,
8290,A439759,K26-054901,2026-02-09,2026-02-21,test,test,
8291,A414055,K26-054902,2026-02-09,2026-02-10,test,test,
8292,A439760,K26-054903,2026-02-09,2026-02-10,test,test,
8293,A439761,K26-054904,2026-02-09,2026-02-20,test,test,
8294,A439807,K26-054929,2026-02-09,2026-03-09,test,test,
8295,A439763,K26-054906,2026-02-10,2026-03-09,test,test,
8296,A439769,K26-054908,2026-02-10,2026-02-11,test,test,
8297,A298640,K26-054909,2026-02-10,2026-02-11,test,test,
8298,A439771,K26-054910,2026-02-10,2026-02-20,test,test,
8299,A383975,K26-054911,2026-02-11,2026-02-18,test,test,
8300,A387061,K26-054912,2026-02-11,2026-02-18,test,test,
8301,A383974,K26-054913,2026-02-11,2026-02-18,test,test,
8302,A439772,K26-054915,2026-02-11,2026-02-24,test,test,
8303,A439773,K26-054916,2026-02-11,2026-02-23,test,test,
8304,A439775,K26-054917,2026-02-11,2026-03-14,test,test,
8305,A439776,K26-054918,2026-02-11,2026-03-14,test,test,
8306,A439777,K26-054919,2026-02-11,2026-02-18,test,test,
8307,A439778,K26-054920,2026-02-11,2026-02-18,test,test,
8308,A439780,K26-054921,2026-02-12,2026-02-14,test,test,
8309,A439781,K26-054922,2026-02-12,2026-03-14,test,test,
8310,A439782,K26-054923,2026-02-12,2026-03-11,test,test,
8311,A439784,K26-054925,2026-02-12,2026-02-14,test,test,
8312,A439785,K26-054926,2026-02-13,2026-02-13,test,test,
8313,A340211,K26-054927,2026-02-13,2026-03-06,test,test,
8314,A439799,K26-054928,2026-02-13,2026-02-19,test,test,
8315,A437688,K26-054931,2026-02-14,2026-02-24,test,test,
8316,A439826,K26-054933,2026-02-14,2026-02-24,test,test,
8317,A439830,K26-054934,2026-02-14,2026-03-13,test,test,
8318,A439835,K26-054937,2026-02-14,2026-03-12,test,test,
8319,A438961,K26-054938,2026-02-14,2026-03-17,test,test,
8320,A439845,K26-054939,2026-02-14,2026-02-24,test,test,
8321,A439846,K26-054940,2026-02-15,2026-03-12,test,test,
8322,A439847,K26-054941,2026-02-15,2026-02-27,test,test,
8323,A439849,K26-054943,2026-02-15,2026-03-18,test,test,
8324,A359025,K26-054944,2026-02-17,2026-02-17,test,test,
8325,A439857,K26-054945,2026-02-17,2026-03-20,test,test,
8326,A439866,K26-054947,2026-02-17,2026-03-20,test,test,
8327,A439802,K26-054948,2026-02-17,2026-03-04,test,test,
8328,A439870,K26-054949,2026-02-17,2026-03-20,test,test,
8329,A408721,K26-054950,2026-02-17,2026-02-18,test,test,
8330,A439873,K26-054952,2026-02-17,2026-03-20,test,test,
8331,A437302,K26-054953,2026-02-17,2026-03-20,test,test,
8332,A439879,K26-054955,2026-02-18,2026-02-18,test,test,
8333,A439880,K26-054956,2026-02-18,2026-02-20,test,test,
8334,A433329,K26-054957,2026-02-18,2026-02-18,test,test,
8335,A439881,K26-054958,2026-02-18,2026-02-18,test,test,
8336,A439883,K26-054959,2026-02-18,2026-03-16,test,test,
8337,A433441,K26-054960,2026-02-18,2026-03-21,test,test,
8338,A439919,K26-054968,2026-02-18,2026-03-12,test,test,
8339,A439886,K26-054961,2026-02-19,2026-02-20,test,test,
8340,A439899,K26-054963,2026-02-19,2026-03-22,test,test,
8341,A439902,K26-054965,2026-02-19,2026-03-22,test,test,
8342,A439922,K26-054967,2026-02-20,2026-02-25,test,test,
8343,A299416,K26-054969,2026-02-20,2026-03-16,test,test,
8344,A299415,K26-054970,2026-02-20,2026-03-16,test,test,
8345,A439924,K26-054971,2026-02-20,2026-02-21,test,test,
8346,A439927,K26-054972,2026-02-20,2026-03-21,test,test,
8347,A437258,K26-054973,2026-02-20,2026-02-21,test,test,
8348,A364805,K26-054974,2026-02-21,2026-02-21,test,test,
8349,A439973,K26-054976,2026-02-21,2026-03-13,test,test,
8350,A439986,K26-054977,2026-02-21,2026-03-24,test,test,
8351,A439994,K26-054978,2026-02-22,2026-02-25,test,test,
8352,A439999,K26-054979,2026-02-22,2026-02-22,test,test,
8353,A333543,K26-054980,2026-02-22,2026-02-24,test,test,
8354,A439499,K26-054981,2026-02-23,2026-02-24,test,test,
8355,A283811,K26-054984,2026-02-23,2026-03-07,test,test,
8356,A284010,K26-054986,2026-02-23,2026-02-25,test,test,
8357,A430060,K26-054988,2026-02-23,2026-02-24,test,test,
8358,A434952,K26-054989,2026-02-23,2026-02-24,test,test,
8359,A438623,K26-054990,2026-02-23,2026-03-26,test,test,
8360,A440011,K26-054991,2026-02-23,2026-02-24,test,test,
8361,A440015,K26-054992,2026-02-24,2026-03-12,test,test,
8362,A440017,K26-054995,2026-02-24,2026-02-24,test,test,
8363,A357536,K26-054997,2026-02-24,2026-02-25,test,test,
8364,A440030,K26-054999,2026-02-25,2026-02-27,test,test,
8365,A440027,K26-055000,2026-02-25,2026-02-27,test,test,
8366,A440031,K26-055001,2026-02-25,2026-03-28,test,test,
8367,A440038,K26-055002,2026-02-25,2026-03-28,test,test,
8368,A440046,K26-055003,2026-02-25,2026-03-19,test,test,
8369,A440047,K26-055004,2026-02-25,2026-03-25,test,test,
8370,A440055,K26-055006,2026-02-26,2026-03-07,test,test,
8371,A440060,K26-055008,2026-02-26,2026-02-26,test,test,
8372,A440064,K26-055010,2026-02-26,2026-03-03,test,test,
8373,A440067,K26-055011,2026-02-26,2026-03-11,test,test,
8374,A440068,K26-055012,2026-02-26,2026-03-18,test,test,
8375,A440069,K26-055013,2026-02-26,2026-03-12,test,test,
8376,A440070,K26-055014,2026-02-26,2026-03-19,test,test,
8377,A440071,K26-055015,2026-02-26,2026-03-21,test,test,
8378,A440072,K26-055016,2026-02-26,2026-02-28,test,test,
8379,A440073,K26-055017,2026-02-26,2026-02-28,test,test,
8380,A440074,K26-055018,2026-02-26,2026-03-03,test,test,
8381,A440082,K26-055020,2026-02-27,2026-03-09,test,test,
8382,A439484,K26-055021,2026-02-27,2026-02-28,test,test,
8383,A440085,K26-055022,2026-02-27,2026-03-26,test,test,
8384,A440109,K26-055025,2026-02-27,2026-03-06,test,test,
8385,A440118,K26-055026,2026-02-27,2026-03-18,test,test,
8386,A440124,K26-055027,2026-02-27,2026-03-03,test,test,
8387,A440123,K26-055028,2026-02-27,2026-03-03,test,test,
8388,A440126,K26-055029,2026-02-28,2026-03-31,test,test,
8389,A440131,K26-055030,2026-02-28,2026-03-03,test,test,
8390,A440132,K26-055031,2026-02-28,2026-02-28,test,test,
8391,A440133,K26-055032,2026-02-28,2026-02-28,test,test,
8392,A440134,K26-055033,2026-02-28,2026-03-31,test,test,
8393,A440136,K26-055034,2026-02-28,2026-03-17,test,test,
8394,A440139,K26-055036,2026-02-28,2026-03-16,test,test,
8395,A440140,K26-055037,2026-02-28,2026-03-31,test,test,
8396,A440142,K26-055038,2026-02-28,2026-03-21,test,test,
8397,A440143,K26-055039,2026-02-28,2026-03-27,test,test,
8398,A440144,K26-055040,2026-02-28,2026-03-31,test,test,
8399,A440146,K26-055041,2026-02-28,2026-03-04,test,test,
8400,A440147,K26-055042,2026-03-01,2026-03-08,test,test,
8401,A440154,K26-055046,2026-03-02,2026-03-09,test,test,
8402,A440155,K26-055047,2026-03-02,2026-03-26,test,test,
8403,A440157,K26-055048,2026-03-02,2026-03-03,test,test,
8404,A440158,K26-055049,2026-03-02,2026-03-05,test,test,
8405,A440159,K26-055050,2026-03-02,2026-03-05,test,test,
8406,A440166,K26-055051,2026-03-03,2026-03-15,test,test,
8407,A440175,K26-055052,2026-03-03,2026-04-03,test,test,
8408,A440177,K26-055053,2026-03-03,2026-04-03,test,test,
8409,A438166,K26-055054,2026-03-03,2026-03-18,test,test,
8410,A440180,K26-055055,2026-03-03,2026-03-24,test,test,
8411,A432788,K26-055056,2026-03-03,2026-03-04,test,test,
8412,A440183,K26-055057,2026-03-03,2026-04-03,test,test,
8413,A440200,K26-055061,2026-03-04,2026-04-04,test,test,
8414,A440204,K26-055062,2026-03-04,2026-03-04,test,test,
8415,A440193,K26-055063,2026-03-04,2026-03-04,test,test,
8416,A440205,K26-055064,2026-03-04,2026-03-04,test,test,
8417,A440208,K26-055065,2026-03-04,2026-03-05,test,test,
8418,A416063,K26-055068,2026-03-04,2026-03-24,test,test,
8419,A440214,K26-055069,2026-03-05,2026-04-05,test,test,
8420,A440229,K26-055074,2026-03-05,2026-03-05,test,test,
8421,A437562,K26-055075,2026-03-05,2026-03-12,test,test,
8422,A440230,K26-055077,2026-03-05,2026-03-05,test,test,
8423,A434584,K26-055078,2026-03-05,2026-04-01,test,test,
8424,A436692,K26-055079,2026-03-05,2026-04-01,test,test,
8425,A440235,K26-055080,2026-03-05,2026-03-24,test,test,
8426,A440238,K26-055082,2026-03-05,2026-03-07,test,test,
8427,A440239,K26-055083,2026-03-05,2026-03-12,test,test,
8428,A424064,K26-055084,2026-03-05,2026-03-11,test,test,
8429,A440247,K26-055085,2026-03-05,2026-04-05,test,test,
8430,A440272,K26-055099,2026-03-06,2026-03-10,test,test,
8431,A440273,K26-055100,2026-03-06,2026-03-10,test,test,
8432,A440284,K26-055102,2026-03-06,2026-03-12,test,test,
8433,A440285,K26-055103,2026-03-06,2026-03-06,test,test,
8434,A440292,K26-055105,2026-03-06,2026-03-07,test,test,
8435,A440308,K26-055107,2026-03-06,2026-03-28,test,test,
8436,A413919,K26-055108,2026-03-06,2026-03-21,test,test,
8437,A440319,K26-055109,2026-03-07,2026-03-07,test,test,
8438,A415107,K26-055110,2026-03-07,2026-03-10,test,test,
8439,A424384,K26-055111,2026-03-07,2026-03-10,test,test,
8440,A440338,K26-055115,2026-03-07,2026-04-07,test,test,
8441,A440339,K26-055116,2026-03-07,2026-03-12,test,test,
8442,A440340,K26-055117,2026-03-07,2026-03-14,test,test,
8443,A440341,K26-055118,2026-03-07,2026-03-14,test,test,
8444,A440342,K26-055119,2026-03-07,2026-03-26,test,test,
8445,A440343,K26-055120,2026-03-07,2026-03-14,test,test,
8446,A440333,K26-055121,2026-03-07,2026-03-21,test,test,
8447,A440334,K26-055122,2026-03-07,2026-03-24,test,test,
8448,A440336,K26-055123,2026-03-07,2026-04-07,test,test,
8449,A440337,K26-055124,2026-03-07,2026-04-07,test,test,
8450,A440350,K26-055125,2026-03-07,2026-03-10,test,test,
8451,A440358,K26-055126,2026-03-08,2026-03-10,test,test,
8452,A439692,K26-055127,2026-03-08,2026-03-10,test,test,
8453,A437741,K26-055128,2026-03-08,2026-03-23,test,test,
8454,A440364,K26-055129,2026-03-09,2026-03-14,test,test,
8455,A410929,K26-055132,2026-03-09,2026-03-10,test,test,
8456,A440368,K26-055134,2026-03-09,2026-04-09,test,test,
8457,A440367,K26-055135,2026-03-09,2026-04-09,test,test,
8458,A440369,K26-055136,2026-03-09,2026-04-09,test,test,
8459,A428110,K26-055137,2026-03-09,2026-04-09,test,test,
8460,A440371,K26-055138,2026-03-09,2026-03-10,test,test,
8461,A440372,K26-055139,2026-03-09,2026-03-10,test,test,
8462,A428674,K26-055141,2026-03-09,2026-03-09,test,test,
8463,A440391,K26-055159,2026-03-09,2026-03-26,test,test,
8464,A440392,K26-055160,2026-03-09,2026-04-09,test,test,
8465,A428055,K26-055142,2026-03-10,2026-03-12,test,test,
8466,A437336,K26-055143,2026-03-10,2026-03-25,test,test,
8467,A440377,K26-055144,2026-03-10,2026-04-07,test,test,
8468,A440378,K26-055145,2026-03-10,2026-04-10,test,test,
8469,A440379,K26-055146,2026-03-10,2026-04-08,test,test,
8470,A440380,K26-055147,2026-03-10,2026-03-10,test,test,
8471,A440381,K26-055148,2026-03-10,2026-03-10,test,test,
8472,A440382,K26-055149,2026-03-10,2026-03-10,test,test,
8473,A440383,K26-055150,2026-03-10,2026-03-10,test,test,
8474,A439279,K26-055152,2026-03-10,2026-03-14,test,test,
8475,A440385,K26-055153,2026-03-10,2026-03-10,test,test,
8476,A440387,K26-055154,2026-03-10,2026-04-10,test,test,
8477,A440388,K26-055156,2026-03-10,2026-03-10,test,test,
8478,A440390,K26-055158,2026-03-10,2026-04-06,test,test,
8479,A440394,K26-055161,2026-03-10,2026-03-11,test,test,
8480,A438788,K26-055162,2026-03-10,2026-03-20,test,test,
8481,A440395,K26-055163,2026-03-10,2026-03-13,test,test,
8482,A440396,K26-055164,2026-03-10,2026-04-04,test,test,
8483,A440413,K26-055167,2026-03-11,2026-03-12,test,test,
8484,A440415,K26-055168,2026-03-12,2026-03-25,test,test,
8485,A401562,K26-055169,2026-03-12,2026-03-12,test,test,
8486,A440433,K26-055172,2026-03-12,2026-03-13,test,test,
8487,A440434,K26-055173,2026-03-12,2026-03-12,test,test,
8488,A440435,K26-055174,2026-03-12,2026-03-12,test,test,
8489,A440436,K26-055175,2026-03-12,2026-03-12,test,test,
8490,A440437,K26-055176,2026-03-12,2026-03-12,test,test,
8491,A440438,K26-055177,2026-03-12,2026-03-12,test,test,
8492,A440439,K26-055178,2026-03-12,2026-03-12,test,test,
8493,A440443,K26-055179,2026-03-13,2026-03-13,test,test,
8494,A440474,K26-055181,2026-03-13,2026-03-24,test,test,
8495,A440490,K26-055184,2026-03-13,2026-03-26,test,test,
8496,A440513,K26-055185,2026-03-14,2026-04-02,test,test,
8497,A440516,K26-055186,2026-03-14,2026-03-14,test,test,
8498,A440517,K26-055187,2026-03-14,2026-03-20,test,test,
8499,A440518,K26-055188,2026-03-14,2026-04-04,test,test,
8500,A440519,K26-055189,2026-03-14,2026-03-29,test,test,
8501,A440520,K26-055190,2026-03-14,2026-03-17,test,test,
8502,A440521,K26-055191,2026-03-14,2026-03-26,test,test,
8503,A440533,K26-055192,2026-03-15,2026-03-18,test,test,
8504,A440537,K26-055194,2026-03-16,2026-03-23,test,test,
8505,A440543,K26-055199,2026-03-16,2026-03-26,test,test,
8506,A422078,K26-055200,2026-03-16,2026-03-17,test,test,
8507,A440544,K26-055201,2026-03-16,2026-03-17,test,test,
8508,A438326,K26-055202,2026-03-16,2026-03-26,test,test,
8509,A440548,K26-055203,2026-03-17,2026-04-04,test,test,
8510,A440554,K26-055204,2026-03-17,2026-03-17,test,test,
8511,A440559,K26-055205,2026-03-17,2026-03-27,test,test,
8512,A440560,K26-055206,2026-03-17,2026-03-27,test,test,
8513,A434212,K26-055209,2026-03-18,2026-04-08,test,test,
8514,A440585,K26-055210,2026-03-18,2026-03-26,test,test,
8515,A440586,K26-055211,2026-03-18,2026-03-26,test,test,
8516,A440607,K26-055215,2026-03-19,2026-03-26,test,test,
8517,A437685,K26-055216,2026-03-19,2026-04-03,test,test,
8518,A440608,K26-055217,2026-03-19,2026-04-03,test,test,
8519,A426691,K26-055219,2026-03-19,2026-04-11,test,test,
8520,A440625,K26-055220,2026-03-19,2026-04-14,test,test,
8521,A440627,K26-055222,2026-03-19,2026-04-01,test,test,
8522,A440642,K26-055225,2026-03-19,2026-03-20,test,test,
8523,A440059,K26-055230,2026-03-20,2026-03-21,test,test,
8524,A428055,K26-055231,2026-03-20,2026-04-02,test,test,
8525,A440684,K26-055232,2026-03-20,2026-03-26,test,test,
8526,A440692,K26-055233,2026-03-21,2026-03-24,test,test,
8527,A440693,K26-055234,2026-03-21,2026-03-24,test,test,
8528,A440697,K26-055235,2026-03-21,2026-03-21,test,test,
8529,A440707,K26-055237,2026-03-21,2026-03-21,test,test,
8530,A440720,K26-055238,2026-03-23,2026-03-23,test,test,
8531,A440726,K26-055239,2026-03-23,2026-03-31,test,test,
8532,A440727,K26-055240,2026-03-23,2026-04-23,test,test,
8533,A440728,K26-055241,2026-03-23,2026-03-25,test,test,
8534,A440729,K26-055242,2026-03-23,2026-03-24,test,test,
8535,A440237,K26-055081,2026-03-24,2026-03-26,test,test,
8536,A439776,K26-055243,2026-03-24,2026-03-27,test,test,
8537,A428092,K26-055244,2026-03-24,2026-03-24,test,test,
8538,A440737,K26-055245,2026-03-24,2026-03-26,test,test,
8539,A440742,K26-055247,2026-03-24,2026-04-22,test,test,
8540,A440743,K26-055248,2026-03-24,2026-03-24,test,test,
8541,A440744,K26-055249,2026-03-24,2026-03-24,test,test,
8542,A440745,K26-055250,2026-03-24,2026-03-24,test,test,
8543,A440746,K26-055251,2026-03-24,2026-03-24,test,test,
8544,A440747,K26-055252,2026-03-24,2026-03-24,test,test,
8545,A440753,K26-055253,2026-03-24,2026-04-24,test,test,
8546,A440757,K26-055255,2026-03-25,2026-03-25,test,test,
8547,A440760,K26-055256,2026-03-25,2026-04-03,test,test,
8548,A440782,K26-055258,2026-03-26,2026-04-08,test,test,
8549,A440786,K26-055259,2026-03-26,2026-04-07,test,test,
8550,A440787,K26-055260,2026-03-26,2026-03-26,test,test,
8551,A440790,K26-055261,2026-03-26,2026-04-09,test,test,
8552,A440796,K26-055264,2026-03-26,2026-04-26,test,test,
8553,A440801,K26-055266,2026-03-27,2026-03-27,test,test,
8554,A440803,K26-055268,2026-03-27,2026-03-27,test,test,
8555,A440807,K26-055270,2026-03-27,2026-04-27,test,test,
8556,A440808,K26-055271,2026-03-27,2026-04-27,test,test,
8557,A426655,K26-055272,2026-03-27,2026-04-24,test,test,
8558,A429094,K26-055273,2026-03-27,2026-04-21,test,test,
8559,A416204,K26-055274,2026-03-27,2026-04-08,test,test,
8560,A440861,K26-055275,2026-03-28,2026-04-02,test,test,
8561,A440866,K26-055276,2026-03-28,2026-03-28,test,test,
8562,A437081,K26-055277,2026-03-28,2026-03-28,test,test,
8563,A440886,K26-055280,2026-03-28,2026-03-28,test,test,
8564,A440900,K26-055281,2026-03-28,2026-04-28,test,test,
8565,A440901,K26-055282,2026-03-29,2026-03-29,test,test,
8566,A440908,K26-055284,2026-03-30,2026-04-09,test,test,
8567,A366720,K26-055285,2026-03-30,2026-04-04,test,test,
8568,A440910,K26-055286,2026-03-30,2026-04-03,test,test,
8569,A440877,K26-055287,2026-03-30,2026-04-09,test,test,
8570,A440913,K26-055288,2026-03-30,2026-04-01,test,test,
8571,A440914,K26-055289,2026-03-30,2026-04-01,test,test,
8572,A440915,K26-055290,2026-03-31,2026-04-16,test,test,
8573,A438118,K26-055291,2026-04-01,2026-04-25,test,test,
8574,A440917,K26-055292,2026-04-01,2026-04-14,test,test,
8575,A440918,K26-055293,2026-04-01,2026-04-18,test,test,
8576,A440919,K26-055294,2026-04-01,2026-04-22,test,test,
8577,A440921,K26-055295,2026-04-01,2026-05-02,test,test,
8578,A389258,K26-055296,2026-04-01,2026-04-01,test,test,
8579,A440925,K26-055300,2026-04-01,2026-04-09,test,test,
8580,A440929,K26-055302,2026-04-01,2026-04-25,test,test,
8581,A440931,K26-055303,2026-04-01,2026-04-02,test,test,
8582,A440932,K26-055304,2026-04-02,2026-04-09,test,test,
8583,A440933,K26-055305,2026-04-02,2026-04-28,test,test,
8584,A440944,K26-055307,2026-04-02,2026-04-13,test,test,
8585,A440946,K26-055308,2026-04-02,2026-04-09,test,test,
8586,A440947,K26-055309,2026-04-02,2026-04-09,test,test,
8587,A440949,K26-055310,2026-04-02,2026-04-04,test,test,
8588,A440955,K26-055312,2026-04-02,2026-04-09,test,test,
8589,A440956,K26-055313,2026-04-02,2026-04-14,test,test,
8590,A440958,K26-055314,2026-04-02,2026-04-10,test,test,
8591,A440959,K26-055315,2026-04-02,2026-04-10,test,test,
8592,A440960,K26-055316,2026-04-02,2026-04-09,test,test,
8593,A440961,K26-055317,2026-04-02,2026-04-03,test,test,
8594,A440962,K26-055318,2026-04-02,2026-04-21,test,test,
8595,A409593,K26-055319,2026-04-02,2026-04-03,test,test,
8596,A440964,K26-055320,2026-04-02,2026-04-03,test,test,
8597,A439776,K26-055322,2026-04-03,2026-04-06,test,test,
8598,A440969,K26-055323,2026-04-03,2026-04-16,test,test,
8599,A440972,K26-055324,2026-04-03,2026-04-04,test,test,
8600,A434589,K26-055325,2026-04-03,2026-04-03,test,test,
8601,A440975,K26-055326,2026-04-03,2026-04-04,test,test,
8602,A440976,K26-055327,2026-04-03,2026-04-18,test,test,
8603,A438199,K26-055328,2026-04-03,2026-04-07,test,test,
8604,A424666,K26-055329,2026-04-03,2026-04-04,test,test,
8605,A346377,K26-055330,2026-04-03,2026-04-07,test,test,
8606,A441021,K26-055333,2026-04-04,2026-04-04,test,test,
8607,A441026,K26-055334,2026-04-04,2026-04-10,test,test,
8608,A441028,K26-055335,2026-04-04,2026-04-04,test,test,
8609,A421861,K26-055336,2026-04-04,2026-04-07,test,test,
8610,A438224,K26-055340,2026-04-06,2026-04-07,test,test,
8611,A441044,K26-055341,2026-04-06,2026-04-18,test,test,
8612,A415738,K26-055342,2026-04-06,2026-04-07,test,test,
8613,A415107,K26-055343,2026-04-06,2026-04-09,test,test,
8614,A441051,K26-055344,2026-04-06,2026-04-28,test,test,
8615,A441049,K26-055345,2026-04-06,2026-04-25,test,test,
8616,A441050,K26-055346,2026-04-06,2026-04-23,test,test,
8617,A424973,K26-055347,2026-04-06,2026-04-08,test,test,
8618,A441052,K26-055348,2026-04-06,2026-04-23,test,test,
8619,A441053,K26-055349,2026-04-06,2026-05-05,test,test,
8620,A441056,K26-055350,2026-04-07,2026-04-07,test,test,
8621,A441058,K26-055351,2026-04-07,2026-04-17,test,test,
8622,A425025,K26-055352,2026-04-07,2026-04-07,test,test,
8623,A441060,K26-055354,2026-04-07,2026-04-09,test,test,
8624,A350292,K26-055355,2026-04-07,2026-04-07,test,test,
8625,A441066,K26-055357,2026-04-08,2026-04-08,test,test,
8626,A441068,K26-055359,2026-04-08,2026-04-20,test,test,
8627,A441071,K26-055360,2026-04-08,2026-04-24,test,test,
8628,A441072,K26-055361,2026-04-08,2026-04-18,test,test,
8629,A441079,K26-055362,2026-04-08,2026-04-09,test,test,
8630,A441081,K26-055363,2026-04-08,2026-04-09,test,test,
8631,A441082,K26-055364,2026-04-08,2026-05-09,test,test,
8632,A441083,K26-055365,2026-04-08,2026-04-17,test,test,
8633,A441085,K26-055366,2026-04-08,2026-04-23,test,test,
8634,A426368,K26-055372,2026-04-09,2026-04-10,test,test,
8635,A441092,K26-055373,2026-04-09,2026-04-20,test,test,
8636,A441093,K26-055374,2026-04-09,2026-04-22,test,test,
8637,A441094,K26-055375,2026-04-09,2026-04-22,test,test,
8638,A441095,K26-055376,2026-04-09,2026-04-20,test,test,
8639,A441096,K26-055377,2026-04-09,2026-04-11,test,test,
8640,A441097,K26-055378,2026-04-09,2026-04-11,test,test,
8641,A436945,K26-055379,2026-04-09,2026-05-09,test,test,
8642,A441102,K26-055382,2026-04-09,2026-04-22,test,test,
8643,A441104,K26-055383,2026-04-09,2026-05-10,test,test,
8644,A441105,K26-055384,2026-04-09,2026-05-09,test,test,
8645,A426557,K26-055386,2026-04-09,2026-04-24,test,test,
8646,A441108,K26-055387,2026-04-09,2026-04-21,test,test,
8647,A441110,K26-055388,2026-04-09,2026-04-10,test,test,
8648,A441111,K26-055389,2026-04-09,2026-04-14,test,test,
8649,A412565,K26-055390,2026-04-09,2026-04-17,test,test,
8650,A441114,K26-055392,2026-04-09,2026-05-10,test,test,
8651,A441115,K26-055393,2026-04-09,2026-05-06,test,test,
8652,A441120,K26-055394,2026-04-09,2026-04-10,test,test,
8653,A359416,K26-055395,2026-04-10,2026-04-14,test,test,
8654,A441127,K26-055396,2026-04-10,2026-04-10,test,test,
8655,A441129,K26-055397,2026-04-10,2026-04-14,test,test,
8656,A441135,K26-055400,2026-04-10,2026-04-23,test,test,
8657,A441136,K26-055401,2026-04-10,2026-04-22,test,test,
8658,A439345,K26-055402,2026-04-10,2026-04-24,test,test,
8659,A413554,K26-055403,2026-04-10,2026-04-10,test,test,
8660,A441137,K26-055405,2026-04-10,2026-04-10,test,test,
8661,A441142,K26-055406,2026-04-11,2026-04-14,test,test,
8662,A441143,K26-055407,2026-04-11,2026-04-14,test,test,
8663,A441144,K26-055408,2026-04-11,2026-04-14,test,test,
8664,A441145,K26-055409,2026-04-11,2026-04-14,test,test,
8665,A441146,K26-055410,2026-04-11,2026-04-14,test,test,
8666,A441147,K26-055411,2026-04-11,2026-04-14,test,test,
8667,A441148,K26-055412,2026-04-11,2026-04-14,test,test,
8668,A441149,K26-055413,2026-04-11,2026-04-14,test,test,
8669,A441150,K26-055414,2026-04-11,2026-04-14,test,test,
8670,A441151,K26-055415,2026-04-11,2026-04-14,test,test,
8671,A441153,K26-055417,2026-04-11,2026-05-12,test,test,
8672,A441154,K26-055418,2026-04-11,2026-05-12,test,test,
8673,A441155,K26-055419,2026-04-11,2026-05-12,test,test,
8674,A441156,K26-055420,2026-04-11,2026-05-12,test,test,
8675,A441170,K26-055422,2026-04-11,2026-04-14,test,test,
8676,A441172,K26-055423,2026-04-12,2026-04-16,test,test,
8677,A441173,K26-055424,2026-04-12,2026-04-20,test,test,
8678,A441174,K26-055425,2026-04-12,2026-04-24,test,test,
8679,A415738,K26-055426,2026-04-12,2026-04-15,test,test,
8680,A441176,K26-055428,2026-04-12,2026-04-18,test,test,
8681,A441140,K26-055429,2026-04-12,2026-05-11,test,test,
8682,A441178,K26-055430,2026-04-13,2026-05-13,test,test,
8683,A441180,K26-055431,2026-04-13,2026-04-14,test,test,
8684,A441181,K26-055432,2026-04-13,2026-04-20,test,test,
8685,A441182,K26-055433,2026-04-13,2026-04-18,test,test,
8686,A441184,K26-055434,2026-04-13,2026-04-13,test,test,
8687,A441185,K26-055435,2026-04-13,2026-05-04,test,test,
8688,A441191,K26-055438,2026-04-14,2026-04-14,test,test,
8689,A387392,K26-055439,2026-04-14,2026-04-16,test,test,
8690,A441207,K26-055441,2026-04-15,2026-05-15,test,test,
8691,A441211,K26-055442,2026-04-15,2026-04-24,test,test,
8692,A441214,K26-055444,2026-04-15,2026-04-15,test,test,
8693,A441217,K26-055445,2026-04-15,2026-04-28,test,test,
8694,A437855,K26-055446,2026-04-15,2026-04-16,test,test,
8695,A437856,K26-055447,2026-04-15,2026-04-16,test,test,
8696,A441229,K26-055448,2026-04-16,2026-04-18,test,test,
8697,A441021,K26-055449,2026-04-16,2026-04-18,test,test,
8698,A441232,K26-055450,2026-04-16,2026-05-02,test,test,
8699,A441235,K26-055452,2026-04-16,2026-04-16,test,test,
8700,A432714,K26-055453,2026-04-16,2026-04-18,test,test,
8701,A432715,K26-055454,2026-04-16,2026-04-18,test,test,
8702,A441237,K26-055455,2026-04-16,2026-04-16,test,test,
8703,A441238,K26-055456,2026-04-16,2026-04-25,test,test,
8704,A441239,K26-055457,2026-04-16,2026-04-25,test,test,
8705,A441240,K26-055458,2026-04-16,2026-04-25,test,test,
8706,A441242,K26-055459,2026-04-16,2026-04-25,test,test,
8707,A440653,K26-055461,2026-04-16,2026-05-17,test,test,
8708,A308406,K26-055462,2026-04-16,2026-04-17,test,test,
8709,A441244,K26-055463,2026-04-16,2026-04-18,test,test,
8710,A441247,K26-055465,2026-04-16,2026-05-13,test,test,
8711,A441223,K26-055466,2026-04-16,2026-04-22,test,test,
8712,A441224,K26-055467,2026-04-16,2026-04-22,test,test,
8713,A441262,K26-055471,2026-04-17,2026-05-05,test,test,
8714,A441263,K26-055472,2026-04-17,2026-04-18,test,test,
8715,A441271,K26-055474,2026-04-18,2026-04-21,test,test,
8716,A441275,K26-055475,2026-04-18,2026-05-01,test,test,
8717,A441289,K26-055477,2026-04-18,2026-05-19,test,test,
8718,A441291,K26-055479,2026-04-18,2026-05-19,test,test,
8719,A441329,K26-055503,2026-04-18,2026-04-22,test,test,
8720,A441331,K26-055504,2026-04-18,2026-04-22,test,test,
8721,A441332,K26-055505,2026-04-18,2026-04-22,test,test,
8722,A441298,K26-055482,2026-04-19,2026-05-15,test,test,
8723,A440161,K26-055483,2026-04-19,2026-05-20,test,test,
8724,A441299,K26-055484,2026-04-19,2026-05-07,test,test,
8725,A441300,K26-055485,2026-04-19,2026-04-30,test,test,
8726,A441301,K26-055486,2026-04-19,2026-04-21,test,test,
8727,A441302,K26-055487,2026-04-19,2026-04-22,test,test,
8728,A437081,K26-055498,2026-04-20,2026-04-22,test,test,
8729,A441017,K26-055499,2026-04-21,2026-05-14,test,test,
8730,A441229,K26-055502,2026-04-21,2026-05-22,test,test,
8731,A441330,K26-055506,2026-04-21,2026-04-22,test,test,
8732,A441125,K26-055512,2026-04-22,2026-04-23,test,test,
8733,A441189,K26-055513,2026-04-22,2026-05-21,test,test,
8734,A441097,K26-055514,2026-04-22,2026-04-28,test,test,
8735,A441096,K26-055515,2026-04-22,2026-04-28,test,test,
8736,A441354,K26-055517,2026-04-23,2026-05-01,test,test,
8737,A441355,K26-055518,2026-04-23,2026-05-19,test,test,
8738,A441356,K26-055519,2026-04-23,2026-04-23,test,test,
8739,A441357,K26-055520,2026-04-23,2026-04-23,test,test,
8740,A441358,K26-055521,2026-04-23,2026-04-23,test,test,
8741,A441359,K26-055522,2026-04-23,2026-04-23,test,test,
8742,A441360,K26-055523,2026-04-23,2026-04-23,test,test,
8743,A441365,K26-055526,2026-04-23,2026-05-06,test,test,
8744,A441366,K26-055527,2026-04-23,2026-05-09,test,test,
8745,A441367,K26-055528,2026-04-23,2026-05-24,test,test,
8746,A441368,K26-055529,2026-04-23,2026-05-07,test,test,
8747,A424384,K26-055530,2026-04-23,2026-04-23,test,test,
8748,A415107,K26-055531,2026-04-23,2026-04-23,test,test,
8749,A441369,K26-055532,2026-04-23,2026-05-24,test,test,
8750,A441373,K26-055533,2026-04-23,2026-04-23,test,test,
8751,A441374,K26-055535,2026-04-23,2026-05-13,test,test,
8752,A441375,K26-055536,2026-04-23,2026-05-24,test,test,
8753,A441378,K26-055537,2026-04-24,2026-05-07,test,test,
8754,A441383,K26-055539,2026-04-24,2026-05-05,test,test,
8755,A440949,K26-055540,2026-04-24,2026-04-29,test,test,
8756,A441389,K26-055544,2026-04-24,2026-04-24,test,test,
8757,A441390,K26-055545,2026-04-24,2026-04-24,test,test,
8758,A439899,K26-055547,2026-04-24,2026-04-28,test,test,
8759,A441394,K26-055548,2026-04-24,2026-05-25,test,test,
8760,A441174,K26-055549,2026-04-24,2026-04-28,test,test,
8761,A441399,K26-055550,2026-04-25,2026-04-25,test,test,
8762,A440517,K26-055552,2026-04-25,2026-04-25,test,test,
8763,A441406,K26-055554,2026-04-25,2026-05-08,test,test,
8764,A340586,K26-055555,2026-04-25,2026-04-25,test,test,
8765,A441411,K26-055556,2026-04-25,2026-04-25,test,test,
8766,A441413,K26-055557,2026-04-25,2026-05-06,test,test,
8767,A307363,K26-055558,2026-04-25,2026-05-05,test,test,
8768,A441424,K26-055559,2026-04-26,2026-05-02,test,test,
8769,A441425,K26-055560,2026-04-26,2026-05-02,test,test,
8770,A441434,K26-055567,2026-04-26,2026-04-28,test,test,
8771,A441436,K26-055568,2026-04-26,2026-04-28,test,test,
8772,A441428,K26-055562,2026-04-27,2026-04-27,test,test,
8773,A441429,K26-055563,2026-04-27,2026-05-04,test,test,
8774,A441432,K26-055565,2026-04-27,2026-04-28,test,test,
8775,A441433,K26-055566,2026-04-27,2026-04-28,test,test,
8776,A441435,K26-055569,2026-04-28,2026-05-07,test,test,
8777,A441437,K26-055570,2026-04-28,2026-05-22,test,test,
8778,A441438,K26-055571,2026-04-28,2026-05-08,test,test,
8779,A439227,K26-055572,2026-04-28,2026-05-13,test,test,
8780,A441443,K26-055574,2026-04-28,2026-05-09,test,test,
8781,A441444,K26-055575,2026-04-28,2026-04-28,test,test,
8782,A441447,K26-055578,2026-04-28,2026-05-26,test,test,
8783,A441456,K26-055581,2026-04-29,2026-04-29,test,test,
8784,A441460,K26-055582,2026-04-29,2026-05-08,test,test,
8785,A441192,K26-055585,2026-04-29,2026-05-12,test,test,
8786,A441480,K26-055588,2026-04-30,2026-05-11,test,test,
8787,A441482,K26-055589,2026-04-30,2026-05-11,test,test,
8788,A441151,K26-055590,2026-04-30,2026-05-19,test,test,
8789,A441142,K26-055591,2026-04-30,2026-05-19,test,test,
8790,A441143,K26-055592,2026-04-30,2026-05-19,test,test,
8791,A441144,K26-055593,2026-04-30,2026-05-19,test,test,
8792,A441145,K26-055594,2026-04-30,2026-05-12,test,test,
8793,A441146,K26-055595,2026-04-30,2026-05-12,test,test,
8794,A441147,K26-055596,2026-04-30,2026-05-12,test,test,
8795,A441148,K26-055597,2026-04-30,2026-05-12,test,test,
8796,A441149,K26-055598,2026-04-30,2026-05-19,test,test,
8797,A441150,K26-055599,2026-04-30,2026-05-19,test,test,
8798,A441485,K26-055601,2026-04-30,2026-05-15,test,test,
8799,A437975,K26-055609,2026-04-30,2026-05-01,test,test,
8800,A437921,K26-055612,2026-04-30,2026-05-31,test,test,
8801,A437922,K26-055613,2026-04-30,2026-05-11,test,test,
8802,A441497,K26-055616,2026-05-01,2026-06-01,test,test,
8803,A441504,K26-055618,2026-05-01,2026-05-07,test,test,
8804,A441507,K26-055619,2026-05-01,2026-05-09,test,test,
8805,A441508,K26-055620,2026-05-01,2026-05-06,test,test,
8806,A441509,K26-055621,2026-05-01,2026-05-06,test,test,
8807,A441205,K26-055622,2026-05-01,2026-05-13,test,test,
8808,A441277,K26-055625,2026-05-02,2026-05-18,test,test,
8809,A441278,K26-055626,2026-05-02,2026-05-18,test,test,
8810,A437796,K26-055627,2026-05-02,2026-05-08,test,test,
8811,A441279,K26-055628,2026-05-02,2026-05-08,test,test,
8812,A441548,K26-055629,2026-05-02,2026-05-02,test,test,
8813,A441558,K26-055632,2026-05-04,2026-06-02,test,test,
8814,A441560,K26-055633,2026-05-04,2026-05-05,test,test,
8815,A441577,K26-055648,2026-05-04,2026-05-05,test,test,
8816,A441583,K26-055651,2026-05-05,2026-05-05,test,test,
8817,A441544,K26-055652,2026-05-05,2026-06-05,test,test,
8818,A441543,K26-055653,2026-05-05,2026-06-05,test,test,
8819,A441586,K26-055654,2026-05-05,2026-06-05,test,test,
8820,A441588,K26-055655,2026-05-05,2026-06-05,test,test,
8821,A441589,K26-055656,2026-05-05,2026-06-05,test,test,
8822,A441595,K26-055659,2026-05-05,2026-05-14,test,test,
8823,A441599,K26-055660,2026-05-05,2026-05-13,test,test,
8824,A441600,K26-055661,2026-05-05,2026-05-21,test,test,
8825,A441601,K26-055662,2026-05-05,2026-05-21,test,test,
8826,A441602,K26-055663,2026-05-05,2026-05-13,test,test,
8827,A414069,K26-055664,2026-05-05,2026-05-12,test,test,
8828,A441605,K26-055665,2026-05-05,2026-05-20,test,test,
8829,A441606,K26-055666,2026-05-06,2026-05-26,test,test,
8830,A441607,K26-055667,2026-05-06,2026-05-26,test,test,
8831,A377095,K26-055668,2026-05-06,2026-05-07,test,test,
8832,A441608,K26-055671,2026-05-06,2026-06-06,test,test,
8833,A436263,K26-055672,2026-05-06,2026-06-06,test,test,
8834,A436262,K26-055674,2026-05-06,2026-05-16,test,test,
8835,A441610,K26-055676,2026-05-06,2026-05-26,test,test,
8836,A441613,K26-055677,2026-05-06,2026-06-06,test,test,
8837,A441614,K26-055678,2026-05-06,2026-05-07,test,test,
8838,A441615,K26-055679,2026-05-06,2026-05-07,test,test,
8839,A441623,K26-055681,2026-05-07,2026-05-07,test,test,
8840,A441634,K26-055693,2026-05-07,2026-05-09,test,test,
8841,A441635,K26-055694,2026-05-07,2026-05-09,test,test,
8842,A441650,K26-055695,2026-05-07,2026-05-07,test,test,
8843,A441652,K26-055697,2026-05-07,2026-05-21,test,test,
8844,A441653,K26-055698,2026-05-07,2026-05-12,test,test,
8845,A441660,K26-055699,2026-05-08,2026-05-08,test,test,
8846,A338672,K26-055701,2026-05-08,2026-05-08,test,test,
8847,A441664,K26-055703,2026-05-08,2026-05-08,test,test,
8848,A441666,K26-055705,2026-05-08,2026-05-19,test,test,
8849,A439296,K26-055706,2026-05-08,2026-06-04,test,test,
8850,A441668,K26-055707,2026-05-08,2026-05-08,test,test,
8851,A441669,K26-055708,2026-05-08,2026-05-08,test,test,
8852,A440043,K26-055709,2026-05-08,2026-05-20,test,test,
8853,A441673,K26-055712,2026-05-08,2026-05-09,test,test,
8854,A386082,K26-055713,2026-05-08,2026-06-06,test,test,
8855,A441679,K26-055715,2026-05-09,2026-05-09,test,test,
8856,A441680,K26-055716,2026-05-09,2026-05-09,test,test,
8857,A441681,K26-055717,2026-05-09,2026-05-09,test,test,
8858,A441682,K26-055718,2026-05-09,2026-05-09,test,test,
8859,A441683,K26-055719,2026-05-09,2026-05-09,test,test,
8860,A382222,K26-055720,2026-05-09,2026-05-09,test,test,
8861,A441686,K26-055721,2026-05-09,2026-06-03,test,test,
8862,A441692,K26-055723,2026-05-09,2026-05-14,test,test,
8863,A441695,K26-055724,2026-05-09,2026-05-11,test,test,
8864,A360718,K26-055725,2026-05-09,2026-06-01,test,test,
8865,A414165,K26-055726,2026-05-09,2026-06-09,test,test,
8866,A438940,K26-055727,2026-05-09,2026-06-06,test,test,
8867,A438942,K26-055728,2026-05-09,2026-06-03,test,test,
8868,A438941,K26-055729,2026-05-09,2026-05-22,test,test,
8869,A440927,K26-055730,2026-05-10,2026-05-10,test,test,
8870,A441696,K26-055731,2026-05-10,2026-05-18,test,test,
8871,A441698,K26-055732,2026-05-10,2026-06-05,test,test,
8872,A441699,K26-055733,2026-05-10,2026-06-10,test,test,
8873,A441700,K26-055734,2026-05-10,2026-06-03,test,test,
8874,A441701,K26-055735,2026-05-11,2026-05-12,test,test,
8875,A441705,K26-055736,2026-05-11,2026-06-11,test,test,
8876,A441706,K26-055737,2026-05-11,2026-06-11,test,test,
8877,A441707,K26-055738,2026-05-11,2026-05-29,test,test,
8878,A441711,K26-055739,2026-05-11,2026-05-26,test,test,
8879,A441712,K26-055740,2026-05-11,2026-05-26,test,test,
8880,A441713,K26-055741,2026-05-11,2026-05-11,test,test,
8881,A441716,K26-055742,2026-05-12,2026-05-12,test,test,
8882,A441720,K26-055744,2026-05-12,2026-05-13,test,test,
8883,A441502,K26-055747,2026-05-12,2026-05-19,test,test,
8884,A441352,K26-055749,2026-05-12,2026-06-06,test,test,
8885,A441740,K26-055750,2026-05-12,2026-05-12,test,test,
8886,A441741,K26-055751,2026-05-13,2026-05-13,test,test,
8887,A441745,K26-055752,2026-05-13,2026-06-03,test,test,
8888,A441752,K26-055758,2026-05-13,2026-05-20,test,test,
8889,A441768,K26-055767,2026-05-13,2026-05-27,test,test,
8890,A441693,K26-055768,2026-05-13,2026-06-13,test,test,
8891,A441694,K26-055769,2026-05-13,2026-06-13,test,test,
8892,A441111,K26-055771,2026-05-13,2026-05-30,test,test,
8893,A441775,K26-055773,2026-05-13,2026-05-27,test,test,
8894,A441778,K26-055775,2026-05-14,2026-05-14,test,test,
8895,A441779,K26-055776,2026-05-14,2026-05-14,test,test,
8896,A441783,K26-055777,2026-05-14,2026-05-14,test,test,
8897,A296102,K26-055778,2026-05-14,2026-05-14,test,test,
8898,A441790,K26-055779,2026-05-14,2026-06-03,test,test,
8899,A441791,K26-055780,2026-05-14,2026-05-29,test,test,
8900,A441796,K26-055781,2026-05-15,2026-06-15,test,test,
8901,A441364,K26-055782,2026-05-15,2026-05-21,test,test,
8902,A439651,K26-055784,2026-05-15,2026-06-15,test,test,
8903,A436038,K26-055787,2026-05-16,2026-05-20,test,test,
8904,A441822,K26-055788,2026-05-16,2026-06-04,test,test,
8905,A441823,K26-055789,2026-05-16,2026-05-28,test,test,
8906,A441831,K26-055790,2026-05-16,2026-05-29,test,test,
8907,A441832,K26-055791,2026-05-16,2026-06-04,test,test,
8908,A441833,K26-055792,2026-05-16,2026-05-16,test,test,
8909,A441834,K26-055793,2026-05-16,2026-05-16,test,test,
8910,A441835,K26-055794,2026-05-16,2026-05-16,test,test,
8911,A441836,K26-055795,2026-05-16,2026-05-16,test,test,
8912,A441850,K26-055797,2026-05-17,2026-05-19,test,test,
8913,A441876,K26-055813,2026-05-17,2026-06-04,test,test,
8914,A409390,K26-055798,2026-05-18,2026-05-19,test,test,
8915,A441855,K26-055799,2026-05-18,2026-05-19,test,test,
8916,A441856,K26-055800,2026-05-18,2026-05-28,test,test,
8917,A441858,K26-055801,2026-05-18,2026-06-06,test,test,
8918,A441859,K26-055803,2026-05-18,2026-06-18,test,test,
8919,A441860,K26-055804,2026-05-18,2026-06-16,test,test,
8920,A441861,K26-055805,2026-05-18,2026-06-18,test,test,
8921,A441862,K26-055806,2026-05-18,2026-06-11,test,test,
8922,A441863,K26-055807,2026-05-18,2026-06-11,test,test,
8923,A440949,K26-055808,2026-05-18,2026-05-20,test,test,
8924,A441869,K26-055809,2026-05-18,2026-05-18,test,test,
8925,A416393,K26-055810,2026-05-18,2026-05-20,test,test,
8926,A441870,K26-055811,2026-05-19,2026-05-19,test,test,
8927,A441877,K26-055814,2026-05-19,2026-06-03,test,test,
8928,A441879,K26-055815,2026-05-19,2026-06-01,test,test,
8929,A408612,K26-055816,2026-05-19,2026-05-26,test,test,
8930,A441880,K26-055817,2026-05-19,2026-06-19,test,test,
8931,A441887,K26-055820,2026-05-20,2026-05-20,test,test,
8932,A441873,K26-055821,2026-05-20,2026-05-26,test,test,
8933,A441874,K26-055822,2026-05-20,2026-05-28,test,test,
8934,A441875,K26-055823,2026-05-20,2026-05-28,test,test,
8935,A436100,K26-055824,2026-05-20,2026-06-10,test,test,
8936,A441894,K26-055826,2026-05-20,2026-05-28,test,test,
8937,A429531,K26-055827,2026-05-20,2026-05-20,test,test,
8938,A441898,K26-055829,2026-05-20,2026-05-21,test,test,
8939,A440134,K26-055830,2026-05-20,2026-06-20,test,test,
8940,A441899,K26-055831,2026-05-20,2026-06-12,test,test,
8941,A426368,K26-055832,2026-05-20,2026-05-21,test,test,
8942,A441914,K26-055834,2026-05-21,2026-05-21,test,test,
8943,A441915,K26-055835,2026-05-21,2026-06-03,test,test,
8944,A441927,K26-055836,2026-05-21,2026-05-21,test,test,
8945,A441926,K26-055837,2026-05-21,2026-05-21,test,test,
8946,A441406,K26-055841,2026-05-22,2026-05-28,test,test,
8947,A441942,K26-055843,2026-05-22,2026-05-22,test,test,
8948,A441943,K26-055844,2026-05-22,2026-05-22,test,test,
8949,A441945,K26-055845,2026-05-22,2026-06-22,test,test,
8950,A441946,K26-055846,2026-05-22,2026-06-22,test,test,
8951,A441947,K26-055847,2026-05-22,2026-06-22,test,test,
8952,A441948,K26-055848,2026-05-22,2026-06-22,test,test,
8953,A441949,K26-055849,2026-05-22,2026-06-22,test,test,
8954,A441950,K26-055850,2026-05-22,2026-06-22,test,test,
8955,A441952,K26-055851,2026-05-22,2026-06-22,test,test,
8956,A441953,K26-055852,2026-05-22,2026-06-22,test,test,
8957,A441954,K26-055853,2026-05-22,2026-05-28,test,test,
8958,A441955,K26-055854,2026-05-22,2026-06-22,test,test,
8959,A441956,K26-055855,2026-05-22,2026-05-23,test,test,
8960,A441964,K26-055856,2026-05-22,2026-06-22,test,test,
8961,A441974,K26-055858,2026-05-23,2026-06-04,test,test,
8962,A441975,K26-055859,2026-05-23,2026-05-30,test,test,
8963,A441976,K26-055860,2026-05-23,2026-06-23,test,test,
8964,A441652,K26-055862,2026-05-23,2026-05-30,test,test,
8965,A430615,K26-055877,2026-05-23,2026-06-23,test,test,
8966,A441987,K26-055863,2026-05-24,2026-06-24,test,test,
8967,A441988,K26-055864,2026-05-24,2026-06-02,test,test,
8968,A441989,K26-055865,2026-05-24,2026-06-24,test,test,
8969,A439082,K26-055866,2026-05-24,2026-06-11,test,test,
8970,A432054,K26-055867,2026-05-24,2026-06-11,test,test,
8971,A441997,K26-055875,2026-05-24,2026-06-10,test,test,
8972,A319515,K26-055876,2026-05-25,2026-05-25,test,test,
8973,A437397,K26-055880,2026-05-26,2026-05-28,test,test,
8974,A442002,K26-055881,2026-05-26,2026-05-30,test,test,
8975,A442004,K26-055882,2026-05-26,2026-05-31,test,test,
8976,A442007,K26-055885,2026-05-26,2026-06-12,test,test,
8977,A442008,K26-055886,2026-05-26,2026-06-10,test,test,
8978,A442019,K26-055891,2026-05-26,2026-06-12,test,test,
8979,A441491,K26-055893,2026-05-26,2026-06-26,test,test,
8980,A441488,K26-055894,2026-05-26,2026-06-26,test,test,
8981,A441487,K26-055895,2026-05-26,2026-06-26,test,test,
8982,A441490,K26-055896,2026-05-26,2026-06-26,test,test,
8983,A441489,K26-055897,2026-05-26,2026-06-26,test,test,
8984,A442028,K26-055898,2026-05-27,2026-05-27,test,test,
8985,A442029,K26-055899,2026-05-27,2026-05-27,test,test,
8986,A442030,K26-055900,2026-05-27,2026-05-27,test,test,
8987,A442031,K26-055901,2026-05-27,2026-05-27,test,test,
8988,A442032,K26-055902,2026-05-27,2026-05-27,test,test,
8989,A440637,K26-055903,2026-05-27,2026-06-10,test,test,
8990,A442039,K26-055906,2026-05-27,2026-06-03,test,test,
8991,A442038,K26-055907,2026-05-27,2026-06-03,test,test,
8992,A442048,K26-055909,2026-05-27,2026-06-06,test,test,
8993,A442049,K26-055910,2026-05-27,2026-06-09,test,test,
8994,A442050,K26-055911,2026-05-27,2026-06-15,test,test,
8995,A442052,K26-055912,2026-05-27,2026-06-01,test,test,
8996,A436227,K26-055913,2026-05-27,2026-05-29,test,test,
8997,A440780,K26-055914,2026-05-28,2026-06-05,test,test,
8998,A440779,K26-055915,2026-05-28,2026-06-05,test,test,
8999,A442063,K26-055918,2026-05-28,2026-05-28,test,test,
9000,A442064,K26-055919,2026-05-28,2026-05-28,test,test,
9001,A442067,K26-055921,2026-05-28,2026-06-28,test,test,
9002,A442057,K26-055923,2026-05-28,2026-05-28,test,test,
9003,A442084,K26-055924,2026-05-29,2026-05-29,test,test,
9004,A442086,K26-055925,2026-05-29,2026-05-29,test,test,
9005,A365541,K26-055928,2026-05-29,2026-06-11,test,test,
9006,A442090,K26-055929,2026-05-29,2026-06-17,test,test,
9007,A442094,K26-055930,2026-05-29,2026-06-12,test,test,
9008,A442095,K26-055931,2026-05-29,2026-06-24,test,test,
9009,A442096,K26-055932,2026-05-29,2026-06-27,test,test,
9010,A442097,K26-055933,2026-05-29,2026-06-20,test,test,
9011,A442098,K26-055934,2026-05-29,2026-06-29,test,test,
9012,A442099,K26-055935,2026-05-29,2026-06-29,test,test,
9013,A442100,K26-055936,2026-05-29,2026-06-29,test,test,
9014,A442101,K26-055937,2026-05-29,2026-06-29,test,test,
9015,A442102,K26-055938,2026-05-29,2026-06-23,test,test,
9016,A441028,K26-055939,2026-05-29,2026-06-02,test,test,
9017,A442106,K26-055940,2026-05-29,2026-06-29,test,test,
9018,A425114,K26-055941,2026-05-29,2026-06-29,test,test,
9019,A442108,K26-055943,2026-05-29,2026-06-27,test,test,
9020,A442110,K26-055944,2026-05-29,2026-05-30,test,test,
9021,A442113,K26-055945,2026-05-30,2026-06-24,test,test,
9022,A442114,K26-055946,2026-05-30,2026-06-24,test,test,
9023,A442115,K26-055947,2026-05-30,2026-06-24,test,test,
9024,A442116,K26-055948,2026-05-30,2026-06-24,test,test,
9025,A442117,K26-055949,2026-05-30,2026-06-12,test,test,
9026,A442118,K26-055950,2026-05-30,2026-06-12,test,test,
9027,A442119,K26-055952,2026-05-30,2026-06-23,test,test,
9028,A438788,K26-055953,2026-05-30,2026-06-05,test,test,
9029,A442124,K26-055954,2026-05-30,2026-06-30,test,test,
9030,A442129,K26-055955,2026-05-30,2026-06-30,test,test,
9031,A442130,K26-055957,2026-05-30,2026-06-12,test,test,
9032,A442131,K26-055958,2026-05-30,2026-06-12,test,test,
9033,A442132,K26-055959,2026-05-30,2026-06-12,test,test,
9034,A442171,K26-055982,2026-05-30,2026-06-16,test,test,
9035,A442172,K26-055983,2026-05-30,2026-06-16,test,test,
9036,A430949,K26-055960,2026-05-31,2026-05-31,test,test,
9037,A442145,K26-055962,2026-05-31,2026-05-31,test,test,
9038,A442146,K26-055963,2026-05-31,2026-05-31,test,test,
9039,A442147,K26-055964,2026-05-31,2026-05-31,test,test,
9040,A442148,K26-055965,2026-05-31,2026-05-31,test,test,
9041,A442149,K26-055966,2026-05-31,2026-05-31,test,test,
9042,A442150,K26-055967,2026-05-31,2026-07-01,test,test,
9043,A441897,K26-055828,2026-06-01,2026-06-12,test,test,
9044,A442153,K26-055971,2026-06-01,2026-06-02,test,test,
9045,A442156,K26-055972,2026-06-01,2026-06-30,test,test,
9046,A344588,K26-055973,2026-06-01,2026-06-01,test,test,
9047,A442158,K26-055974,2026-06-01,2026-06-01,test,test,
9048,A442174,K26-055985,2026-06-01,2026-06-16,test,test,
9049,A441911,K26-055976,2026-06-02,2026-06-12,test,test,
9050,A440975,K26-055977,2026-06-02,2026-06-11,test,test,
9051,A381723,K26-055979,2026-06-02,2026-06-02,test,test,
9052,A432956,K26-055980,2026-06-02,2026-06-19,test,test,
9053,A442166,K26-055981,2026-06-02,2026-06-13,test,test,
9054,A442175,K26-055986,2026-06-03,2026-06-19,test,test,
9055,A442177,K26-055987,2026-06-03,2026-06-19,test,test,
9056,A442179,K26-055988,2026-06-03,2026-06-19,test,test,
9057,A442180,K26-055989,2026-06-03,2026-06-19,test,test,
9058,A442181,K26-055990,2026-06-03,2026-06-19,test,test,
9059,A442182,K26-055991,2026-06-03,2026-06-19,test,test,
9060,A442183,K26-055992,2026-06-03,2026-06-19,test,test,
9061,A442184,K26-055993,2026-06-03,2026-06-19,test,test,
9062,A442185,K26-055994,2026-06-03,2026-06-11,test,test,
9063,A441873,K26-055995,2026-06-03,2026-06-05,test,test,
9064,A422551,K26-055998,2026-06-03,2026-07-04,test,test,
9065,A442190,K26-055999,2026-06-03,2026-06-03,test,test,
9066,A442192,K26-056000,2026-06-03,2026-06-03,test,test,
9067,A442193,K26-056001,2026-06-03,2026-06-03,test,test,
9068,A437370,K26-056002,2026-06-03,2026-06-15,test,test,
9069,A442195,K26-056003,2026-06-03,2026-06-16,test,test,
9070,A423288,K26-056004,2026-06-03,2026-06-04,test,test,
9071,A442201,K26-056007,2026-06-04,2026-06-26,test,test,
9072,A442202,K26-056008,2026-06-04,2026-06-23,test,test,
9073,A442203,K26-056009,2026-06-04,2026-06-23,test,test,
9074,A442204,K26-056010,2026-06-04,2026-06-23,test,test,
9075,A442205,K26-056011,2026-06-04,2026-06-20,test,test,
9076,A442206,K26-056012,2026-06-04,2026-06-26,test,test,
9077,A442207,K26-056013,2026-06-04,2026-06-04,test,test,
9078,A442210,K26-056015,2026-06-04,2026-06-04,test,test,
9079,A442217,K26-056016,2026-06-04,2026-06-15,test,test,
9080,A442218,K26-056017,2026-06-04,2026-06-20,test,test,
9081,A442219,K26-056018,2026-06-04,2026-06-15,test,test,
9082,A433474,K26-056020,2026-06-04,2026-06-10,test,test,
9083,A442227,K26-056021,2026-06-04,2026-06-22,test,test,
9084,A442232,K26-056023,2026-06-05,2026-06-11,test,test,
9085,A442237,K26-056025,2026-06-05,2026-07-06,test,test,
9086,A436716,K26-056026,2026-06-05,2026-06-06,test,test,
9087,A442241,K26-056028,2026-06-05,2026-06-06,test,test,
9088,A442248,K26-056029,2026-06-05,2026-06-20,test,test,
9089,A442247,K26-056030,2026-06-05,2026-06-23,test,test,
9090,A442246,K26-056031,2026-06-05,2026-07-06,test,test,
9091,A442245,K26-056032,2026-06-05,2026-06-27,test,test,
9092,A442244,K26-056033,2026-06-05,2026-07-01,test,test,
9093,A442243,K26-056034,2026-06-05,2026-06-27,test,test,
9094,A442242,K26-056035,2026-06-05,2026-07-01,test,test,
9095,A442249,K26-056036,2026-06-05,2026-06-17,test,test,
9096,A416861,K26-056037,2026-06-05,2026-06-06,test,test,
9097,A442254,K26-056040,2026-06-05,2026-06-11,test,test,
9098,A442259,K26-056042,2026-06-05,2026-06-06,test,test,
9099,A442260,K26-056043,2026-06-05,2026-06-06,test,test,
9100,A442261,K26-056044,2026-06-05,2026-06-06,test,test,
9101,A442263,K26-056045,2026-06-05,2026-06-06,test,test,
9102,A442264,K26-056046,2026-06-05,2026-06-06,test,test,
9103,A442110,K26-056041,2026-06-06,2026-06-06,test,test,
9104,A442268,K26-056047,2026-06-06,2026-06-27,test,test,
9105,A442277,K26-056048,2026-06-06,2026-06-06,test,test,
9106,A442278,K26-056049,2026-06-06,2026-06-06,test,test,
9107,A442279,K26-056050,2026-06-06,2026-06-06,test,test,
9108,A438689,K26-056051,2026-06-06,2026-07-07,test,test,
9109,A442282,K26-056052,2026-06-06,2026-06-16,test,test,
9110,A442283,K26-056053,2026-06-06,2026-06-22,test,test,
9111,A442285,K26-056054,2026-06-06,2026-06-22,test,test,
9112,A442287,K26-056055,2026-06-06,2026-06-08,test,test,
9113,A442290,K26-056058,2026-06-06,2026-07-07,test,test,
9114,A442294,K26-056059,2026-06-07,2026-06-22,test,test,
9115,A442295,K26-056060,2026-06-07,2026-06-22,test,test,
9116,A442296,K26-056061,2026-06-07,2026-06-22,test,test,
9117,A442297,K26-056062,2026-06-07,2026-06-22,test,test,
9118,A442298,K26-056063,2026-06-07,2026-06-22,test,test,
9119,A442299,K26-056064,2026-06-07,2026-06-22,test,test,
9120,A442300,K26-056065,2026-06-07,2026-06-22,test,test,
9121,A442301,K26-056066,2026-06-07,2026-06-22,test,test,
9122,A442302,K26-056067,2026-06-07,2026-06-22,test,test,
9123,A442303,K26-056068,2026-06-07,2026-06-22,test,test,
9124,A442304,K26-056069,2026-06-07,2026-06-08,test,test,
9125,A442305,K26-056070,2026-06-07,2026-06-22,test,test,
9126,A442306,K26-056071,2026-06-07,2026-06-22,test,test,
9127,A442307,K26-056072,2026-06-07,2026-06-22,test,test,
9128,A442308,K26-056073,2026-06-07,2026-06-09,test,test,
9129,A442309,K26-056074,2026-06-07,2026-06-09,test,test,
9130,A442310,K26-056075,2026-06-08,2026-06-17,test,test,
9131,A442311,K26-056076,2026-06-08,2026-06-11,test,test,
9132,A442315,K26-056077,2026-06-08,2026-06-09,test,test,
9133,A442336,K26-056088,2026-06-08,2026-06-09,test,test,
9134,A442337,K26-056089,2026-06-08,2026-06-09,test,test,
9135,A442338,K26-056090,2026-06-08,2026-06-09,test,test,
9136,A442339,K26-056091,2026-06-08,2026-06-09,test,test,
9137,A442340,K26-056092,2026-06-08,2026-06-09,test,test,
9138,A442341,K26-056093,2026-06-08,2026-06-09,test,test,
9139,A441832,K26-056080,2026-06-09,2026-06-09,test,test,
9140,A442323,K26-056081,2026-06-09,2026-07-10,test,test,
9141,A442325,K26-056082,2026-06-09,2026-06-23,test,test,
9142,A442328,K26-056084,2026-06-09,2026-06-16,test,test,
9143,A442334,K26-056086,2026-06-09,2026-06-10,test,test,
9144,A442347,K26-056095,2026-06-09,2026-06-24,test,test,
9145,A442348,K26-056096,2026-06-10,2026-07-11,test,test,
9146,A442353,K26-056097,2026-06-10,2026-07-11,test,test,
9147,A441444,K26-056108,2026-06-10,2026-07-11,test,test,
9148,A442386,K26-056111,2026-06-11,2026-06-12,test,test,
9149,A431860,K26-056112,2026-06-11,2026-07-12,test,test,
9150,A442392,K26-056113,2026-06-11,2026-06-22,test,test,
9151,A439279,K26-056114,2026-06-11,2026-07-12,test,test,
9152,A442398,K26-056116,2026-06-11,2026-06-12,test,test,
9153,A442401,K26-056118,2026-06-12,2026-06-24,test,test,
9154,A442402,K26-056119,2026-06-12,2026-07-13,test,test,
9155,A442403,K26-056120,2026-06-12,2026-07-13,test,test,
9156,A442404,K26-056121,2026-06-12,2026-07-13,test,test,
9157,A442405,K26-056122,2026-06-12,2026-07-13,test,test,
9158,A442406,K26-056123,2026-06-12,2026-07-13,test,test,
9159,A442407,K26-056124,2026-06-12,2026-07-13,test,test,
9160,A442408,K26-056125,2026-06-12,2026-07-13,test,test,
9161,A442412,K26-056129,2026-06-12,2026-06-19,test,test,
9162,A442413,K26-056130,2026-06-12,2026-06-19,test,test,
9163,A440740,K26-056131,2026-06-12,2026-06-12,test,test,
9164,A437033,K26-056132,2026-06-12,2026-07-09,test,test,
9165,A441364,K26-056133,2026-06-12,2026-07-01,test,test,
9166,A432049,K26-056134,2026-06-12,2026-06-26,test,test,
9167,A442418,K26-056135,2026-06-12,2026-06-17,test,test,
9168,A442431,K26-056137,2026-06-13,2026-06-19,test,test,
9169,A442433,K26-056139,2026-06-13,2026-06-17,test,test,
9170,A442434,K26-056140,2026-06-13,2026-06-17,test,test,
9171,A442435,K26-056141,2026-06-13,2026-06-19,test,test,
9172,A442440,K26-056142,2026-06-13,2026-06-13,test,test,
9173,A442446,K26-056143,2026-06-14,2026-06-30,test,test,
9174,A442451,K26-056144,2026-06-14,2026-06-19,test,test,
9175,A442454,K26-056145,2026-06-14,2026-06-16,test,test,
9176,A442457,K26-056146,2026-06-15,2026-07-01,test,test,
9177,A442458,K26-056147,2026-06-15,2026-07-16,test,test,
9178,A442459,K26-056148,2026-06-15,2026-07-16,test,test,
9179,A442460,K26-056149,2026-06-15,2026-07-01,test,test,
9180,A442462,K26-056151,2026-06-15,2026-06-17,test,test,
9181,A442464,K26-056153,2026-06-15,2026-06-16,test,test,
9182,A442465,K26-056154,2026-06-15,2026-07-16,test,test,
9183,A442466,K26-056155,2026-06-15,2026-07-16,test,test,
9184,A442488,K26-056172,2026-06-15,2026-06-19,test,test,
9185,A383974,K26-056160,2026-06-16,2026-07-16,test,test,
9186,A387061,K26-056161,2026-06-16,2026-07-16,test,test,
9187,A383975,K26-056162,2026-06-16,2026-07-16,test,test,
9188,A442477,K26-056163,2026-06-16,2026-07-17,test,test,
9189,A442479,K26-056165,2026-06-16,2026-07-17,test,test,
9190,A442480,K26-056166,2026-06-16,2026-07-17,test,test,
9191,A442481,K26-056167,2026-06-16,2026-06-16,test,test,
9192,A442482,K26-056168,2026-06-16,2026-06-16,test,test,
9193,A442483,K26-056169,2026-06-16,2026-06-16,test,test,
9194,A442484,K26-056170,2026-06-16,2026-06-16,test,test,
9195,A442485,K26-056171,2026-06-16,2026-06-16,test,test,
9196,A442490,K26-056173,2026-06-16,2026-06-16,test,test,
9197,A442493,K26-056174,2026-06-16,2026-06-25,test,test,
9198,A442500,K26-056175,2026-06-16,2026-06-17,test,test,
9199,A442445,K26-056176,2026-06-16,2026-07-01,test,test,
9200,A442506,K26-056177,2026-06-16,2026-07-09,test,test,
9201,A442507,K26-056178,2026-06-16,2026-07-09,test,test,
9202,A442508,K26-056179,2026-06-16,2026-07-09,test,test,
9203,A442509,K26-056180,2026-06-17,2026-06-17,test,test,
9204,A442510,K26-056183,2026-06-17,2026-07-08,test,test,
9205,A441877,K26-056186,2026-06-17,2026-06-25,test,test,
9206,A387144,K26-056187,2026-06-17,2026-06-27,test,test,
9207,A442525,K26-056188,2026-06-17,2026-07-09,test,test,
9208,A442526,K26-056189,2026-06-17,2026-07-09,test,test,
9209,A442527,K26-056190,2026-06-17,2026-07-09,test,test,
9210,A442528,K26-056191,2026-06-17,2026-07-09,test,test,
9211,A442535,K26-056193,2026-06-17,2026-07-09,test,test,
9212,A442532,K26-056192,2026-06-18,2026-06-18,test,test,
9213,A442016,K26-056194,2026-06-18,2026-07-08,test,test,
9214,A439296,K26-056197,2026-06-18,2026-07-19,test,test,
9215,A442540,K26-056198,2026-06-18,2026-06-26,test,test,
9216,A442542,K26-056199,2026-06-18,2026-06-18,test,test,
9217,A442543,K26-056200,2026-06-18,2026-06-18,test,test,
9218,A442544,K26-056201,2026-06-18,2026-06-18,test,test,
9219,A442545,K26-056202,2026-06-18,2026-06-18,test,test,
9220,A442549,K26-056203,2026-06-18,2026-07-19,test,test,
9221,A442551,K26-056205,2026-06-18,2026-07-19,test,test,
9222,A442552,K26-056206,2026-06-18,2026-07-19,test,test,
9223,A442553,K26-056207,2026-06-18,2026-07-19,test,test,
9224,A442554,K26-056208,2026-06-18,2026-07-19,test,test,
9225,A441129,K26-056209,2026-06-18,2026-06-23,test,test,
9226,A442558,K26-056210,2026-06-18,2026-07-19,test,test,
9227,A442559,K26-056211,2026-06-18,2026-07-19,test,test,
9228,A442560,K26-056212,2026-06-18,2026-07-19,test,test,
9229,A442561,K26-056213,2026-06-18,2026-07-19,test,test,
9230,A442563,K26-056214,2026-06-18,2026-06-20,test,test,
9231,A442562,K26-056215,2026-06-18,2026-06-20,test,test,
9232,A442564,K26-056216,2026-06-18,2026-06-20,test,test,
9233,A442567,K26-056217,2026-06-19,2026-06-19,test,test,
9234,A442571,K26-056219,2026-06-19,2026-06-19,test,test,
9235,A442572,K26-056220,2026-06-19,2026-06-19,test,test,
9236,A442576,K26-056222,2026-06-19,2026-06-19,test,test,
9237,A442577,K26-056223,2026-06-19,2026-07-08,test,test,
9238,A442578,K26-056224,2026-06-19,2026-07-18,test,test,
9239,A442586,K26-056226,2026-06-19,2026-06-19,test,test,
9240,A346437,K26-056227,2026-06-20,2026-06-20,test,test,
9241,A442603,K26-056228,2026-06-20,2026-06-20,test,test,
9242,A442604,K26-056229,2026-06-20,2026-06-23,test,test,
9243,A442605,K26-056230,2026-06-20,2026-07-11,test,test,
9244,A442651,K26-056250,2026-06-20,2026-07-09,test,test,
9245,A442619,K26-056232,2026-06-21,2026-06-30,test,test,
9246,A248866,K26-056233,2026-06-22,2026-06-22,test,test,
9247,A442623,K26-056234,2026-06-22,2026-07-10,test,test,
9248,A442627,K26-056235,2026-06-22,2026-07-08,test,test,
9249,A442628,K26-056236,2026-06-22,2026-06-23,test,test,
9250,A347960,K26-056237,2026-06-22,2026-06-23,test,test,
9251,A442629,K26-056238,2026-06-22,2026-07-02,test,test,
9252,A442631,K26-056239,2026-06-23,2026-06-23,test,test,
9253,A442632,K26-056240,2026-06-23,2026-06-23,test,test,
9254,A442633,K26-056241,2026-06-23,2026-06-23,test,test,
9255,A442634,K26-056242,2026-06-23,2026-06-23,test,test,
9256,A401508,K26-056243,2026-06-23,2026-06-23,test,test,
9257,A442635,K26-056244,2026-06-23,2026-07-24,test,test,
9258,A442636,K26-056245,2026-06-23,2026-06-24,test,test,
9259,A442646,K26-056247,2026-06-23,2026-07-02,test,test,
9260,A442647,K26-056248,2026-06-23,2026-07-10,test,test,
9261,A439994,K26-056249,2026-06-23,2026-06-27,test,test,
9262,A442652,K26-056251,2026-06-23,2026-07-11,test,test,
9263,A442657,K26-056252,2026-06-23,2026-07-15,test,test,
9264,A442658,K26-056253,2026-06-23,2026-07-24,test,test,
9265,A442663,K26-056254,2026-06-23,2026-07-09,test,test,
9266,A442664,K26-056255,2026-06-24,2026-06-25,test,test,
9267,A406485,K26-056257,2026-06-24,2026-07-01,test,test,
9268,A442668,K26-056258,2026-06-24,2026-06-26,test,test,
9269,A442669,K26-056259,2026-06-24,2026-07-01,test,test,
9270,A442670,K26-056260,2026-06-24,2026-07-01,test,test,
9271,A442675,K26-056262,2026-06-24,2026-06-26,test,test,
9272,A442679,K26-056263,2026-06-24,2026-06-25,test,test,
9273,A415107,K26-056264,2026-06-24,2026-06-30,test,test,
9274,A424384,K26-056265,2026-06-24,2026-06-30,test,test,
9275,A439478,K26-056267,2026-06-25,2026-07-26,test,test,
9276,A442695,K26-056270,2026-06-25,2026-06-25,test,test,
9277,A442644,K26-056273,2026-06-25,2026-07-15,test,test,
9278,A442645,K26-056274,2026-06-25,2026-07-26,test,test,
9279,A438085,K26-056275,2026-06-25,2026-07-02,test,test,
9280,A435271,K26-056276,2026-06-25,2026-07-26,test,test,
9281,A442707,K26-056277,2026-06-26,2026-07-27,test,test,
9282,A341905,K26-056278,2026-06-26,2026-07-17,test,test,
9283,A442712,K26-056279,2026-06-26,2026-06-30,test,test,
9284,A441699,K26-056282,2026-06-26,2026-06-27,test,test,
9285,A432791,K26-056284,2026-06-26,2026-06-30,test,test,
9286,A442728,K26-056285,2026-06-27,2026-07-08,test,test,
9287,A442738,K26-056290,2026-06-28,2026-07-29,test,test,
9288,A442742,K26-056292,2026-06-28,2026-07-09,test,test,
9289,A442743,K26-056293,2026-06-28,2026-07-01,test,test,
9290,A442746,K26-056295,2026-06-29,2026-07-30,test,test,
9291,A442750,K26-056297,2026-06-29,2026-07-01,test,test,
9292,A442751,K26-056298,2026-06-29,2026-07-16,test,test,
9293,A442753,K26-056299,2026-06-29,2026-07-17,test,test,
9294,A442754,K26-056300,2026-06-29,2026-07-14,test,test,
9295,A442756,K26-056301,2026-06-29,2026-07-30,test,test,
9296,A442755,K26-056302,2026-06-29,2026-07-30,test,test,
9297,A442757,K26-056303,2026-06-29,2026-07-30,test,test,
9298,A442758,K26-056304,2026-06-29,2026-07-30,test,test,
9299,A442745,K26-056305,2026-06-29,2026-07-01,test,test,
9300,A442759,K26-056306,2026-06-29,2026-06-29,test,test,
9301,A442762,K26-056307,2026-06-29,2026-07-21,test,test,
9302,A442766,K26-056310,2026-06-30,2026-07-08,test,test,
9303,A442768,K26-056311,2026-06-30,2026-07-31,test,test,
9304,A413638,K26-056313,2026-06-30,2026-07-31,test,test,
9305,A442770,K26-056314,2026-06-30,2026-06-30,test,test,
9306,A401460,K26-056315,2026-06-30,2026-07-02,test,test,
9307,A442772,K26-056316,2026-06-30,2026-07-08,test,test,
9308,A442774,K26-056317,2026-06-30,2026-06-30,test,test,
9309,A442775,K26-056318,2026-06-30,2026-07-31,test,test,
9310,A408422,K26-056320,2026-06-30,2026-07-01,test,test,
9311,A442380,K26-056321,2026-07-01,2026-07-16,test,test,
9312,A442788,K26-056322,2026-07-01,2026-08-01,test,test,
9313,A442790,K26-056323,2026-07-02,2026-07-02,test,test,
9314,A442794,K26-056324,2026-07-02,2026-07-02,test,test,
9315,A442797,K26-056326,2026-07-02,2026-07-02,test,test,
9316,A442802,K26-056329,2026-07-02,2026-07-21,test,test,
9317,A442803,K26-056330,2026-07-02,2026-07-16,test,test,
9318,A436263,K26-056332,2026-07-02,2026-07-29,test,test,
9319,A442868,K26-056377,2026-07-02,2026-07-11,test,test,
9320,A442809,K26-056334,2026-07-03,2026-07-05,test,test,
9321,A442810,K26-056335,2026-07-03,2026-07-11,test,test,
9322,A442939,K26-056424,2026-07-03,2026-08-03,test,test,
9323,A442811,K26-056336,2026-07-04,2026-07-16,test,test,
9324,A442812,K26-056337,2026-07-04,2026-07-15,test,test,
9325,A442813,K26-056338,2026-07-04,2026-07-12,test,test,
9326,A442816,K26-056339,2026-07-05,2026-07-18,test,test,
9327,A442818,K26-056341,2026-07-05,2026-08-01,test,test,
9328,A442819,K26-056342,2026-07-05,2026-07-07,test,test,
9329,A442820,K26-056343,2026-07-05,2026-07-07,test,test,
9330,A442829,K26-056349,2026-07-05,2026-07-10,test,test,
9331,A442830,K26-056350,2026-07-05,2026-07-24,test,test,
9332,A442831,K26-056351,2026-07-06,2026-07-15,test,test,
9333,A442832,K26-056352,2026-07-06,2026-07-07,test,test,
9334,A442834,K26-056353,2026-07-06,2026-07-16,test,test,
9335,A442835,K26-056354,2026-07-06,2026-07-11,test,test,
9336,A440213,K26-056355,2026-07-06,2026-07-15,test,test,
9337,A442841,K26-056357,2026-07-06,2026-07-06,test,test,
9338,A442842,K26-056358,2026-07-06,2026-07-06,test,test,
9339,A442843,K26-056359,2026-07-06,2026-07-06,test,test,
9340,A442844,K26-056360,2026-07-06,2026-07-06,test,test,
9341,A442845,K26-056361,2026-07-06,2026-08-06,test,test,
9342,A442847,K26-056362,2026-07-06,2026-07-31,test,test,
9343,A442848,K26-056363,2026-07-06,2026-07-31,test,test,
9344,A438262,K26-056364,2026-07-07,2026-07-21,test,test,
9345,A438258,K26-056365,2026-07-07,2026-07-21,test,test,
9346,A429658,K26-056368,2026-07-07,2026-07-07,test,test,
9347,A442857,K26-056369,2026-07-07,2026-07-08,test,test,
9348,A442858,K26-056370,2026-07-07,2026-07-25,test,test,
9349,A442862,K26-056371,2026-07-07,2026-07-22,test,test,
9350,A442865,K26-056372,2026-07-07,2026-07-08,test,test,
9351,A442866,K26-056373,2026-07-07,2026-08-07,test,test,
9352,A441964,K26-056374,2026-07-07,2026-07-13,test,test,
9353,A442867,K26-056375,2026-07-07,2026-07-07,test,test,
9354,A419680,K26-056376,2026-07-07,2026-07-09,test,test,
9355,A442871,K26-056378,2026-07-07,2026-08-07,test,test,
9356,A442872,K26-056379,2026-07-07,2026-07-09,test,test,
9357,A442873,K26-056380,2026-07-07,2026-07-15,test,test,
9358,A442874,K26-056381,2026-07-07,2026-08-01,test,test,
9359,A442875,K26-056382,2026-07-07,2026-08-07,test,test,
9360,A442876,K26-056383,2026-07-07,2026-08-01,test,test,
9361,A442877,K26-056384,2026-07-07,2026-07-11,test,test,
9362,A442883,K26-056388,2026-07-07,2026-07-17,test,test,
9363,A442884,K26-056389,2026-07-07,2026-07-17,test,test,
9364,A442718,K26-056390,2026-07-08,2026-07-08,test,test,
9365,A442885,K26-056391,2026-07-08,2026-07-09,test,test,
9366,A442888,K26-056393,2026-07-08,2026-07-21,test,test,
9367,A432791,K26-056413,2026-07-08,2026-07-08,test,test,
9368,A442856,K26-056416,2026-07-09,2026-08-09,test,test,
9369,A442928,K26-056417,2026-07-09,2026-08-08,test,test,
9370,A442929,K26-056418,2026-07-09,2026-08-07,test,test,
9371,A442932,K26-056419,2026-07-09,2026-07-16,test,test,
9372,A409716,K26-056421,2026-07-09,2026-07-09,test,test,
9373,A442937,K26-056423,2026-07-09,2026-07-14,test,test,
9374,A442943,K26-056426,2026-07-10,2026-07-23,test,test,
9375,A442944,K26-056427,2026-07-10,2026-07-31,test,test,
9376,A442945,K26-056428,2026-07-10,2026-07-28,test,test,
9377,A442946,K26-056429,2026-07-10,2026-08-01,test,test,
9378,A442947,K26-056430,2026-07-10,2026-07-31,test,test,
9379,A442948,K26-056431,2026-07-10,2026-07-31,test,test,
9380,A442949,K26-056432,2026-07-10,2026-07-11,test,test,
9381,A442950,K26-056433,2026-07-10,2026-07-14,test,test,
9382,A442953,K26-056435,2026-07-10,2026-07-10,test,test,
9383,A442784,K26-056436,2026-07-10,2026-08-10,test,test,
9384,A442785,K26-056437,2026-07-10,2026-08-05,test,test,
9385,A442956,K26-056438,2026-07-10,2026-08-04,test,test,
9386,A442957,K26-056439,2026-07-10,2026-08-10,test,test,
9387,A442668,K26-056446,2026-07-11,2026-07-21,test,test,
9388,A442990,K26-056447,2026-07-11,2026-07-11,test,test,
9389,A416393,K26-056448,2026-07-11,2026-08-11,test,test,
9390,A442994,K26-056449,2026-07-11,2026-07-14,test,test,
9391,A443016,K26-056452,2026-07-11,2026-07-30,test,test,
9392,A443017,K26-056453,2026-07-11,2026-07-21,test,test,
9393,A443019,K26-056454,2026-07-11,2026-07-28,test,test,
9394,A443022,K26-056457,2026-07-12,2026-08-12,test,test,
9395,A443023,K26-056458,2026-07-12,2026-08-12,test,test,
9396,A443024,K26-056459,2026-07-12,2026-08-12,test,test,
9397,A443025,K26-056460,2026-07-12,2026-08-12,test,test,
9398,A443026,K26-056461,2026-07-12,2026-08-12,test,test,
9399,A443027,K26-056462,2026-07-12,2026-07-12,test,test,
9400,A443032,K26-056463,2026-07-13,2026-07-14,test,test,
9401,A443036,K26-056467,2026-07-13,2026-07-14,test,test,
9402,A443038,K26-056468,2026-07-13,2026-07-13,test,test,
9403,A443039,K26-056469,2026-07-13,2026-07-13,test,test,
9404,A443040,K26-056470,2026-07-13,2026-08-13,test,test,
9405,A443041,K26-056471,2026-07-13,2026-08-13,test,test,
9406,A443048,K26-056473,2026-07-14,2026-08-04,test,test,
9407,A443050,K26-056475,2026-07-14,2026-08-14,test,test,
9408,A443051,K26-056476,2026-07-14,2026-07-14,test,test,
9409,A443052,K26-056477,2026-07-14,2026-08-14,test,test,
9410,A443053,K26-056478,2026-07-14,2026-08-07,test,test,
9411,A443054,K26-056479,2026-07-14,2026-07-30,test,test,
9412,A301959,K26-056482,2026-07-15,2026-07-15,test,test,
9413,A386400,K26-056483,2026-07-15,2026-07-15,test,test,
9414,A443063,K26-056484,2026-07-15,2026-07-15,test,test,
9415,A443066,K26-056485,2026-07-15,2026-07-18,test,test,
9416,A443067,K26-056486,2026-07-15,2026-07-18,test,test,
9417,A416583,K26-056487,2026-07-15,2026-07-16,test,test,
9418,A443091,K26-056490,2026-07-16,2026-07-16,test,test,
9420,A442705,K26-056492,2026-07-16,2026-08-11,test,test,
9421,A442834,K26-056493,2026-07-16,2026-07-30,test,test,
9422,A443103,K26-056495,2026-07-16,2026-07-28,test,test,
9424,A443121,K26-056497,2026-07-17,2026-08-05,test,test,
9425,A404204,K26-056498,2026-07-17,2026-07-22,test,test,
9426,A443146,K26-056499,2026-07-18,2026-07-23,test,test,
9427,A443148,K26-056500,2026-07-18,2026-08-04,test,test,
9428,A425684,K26-056501,2026-07-18,2026-07-22,test,test,
9429,A443168,K26-056503,2026-07-19,2026-08-05,test,test,
9430,A443170,K26-056504,2026-07-20,2026-07-31,test,test,
9431,A274293,K26-056505,2026-07-20,2026-07-20,test,test,
9432,A441502,K26-056506,2026-07-20,2026-08-20,test,test,
9433,A443171,K26-056507,2026-07-20,2026-07-21,test,test,
9434,A443173,K26-056510,2026-07-20,2026-08-08,test,test,
9435,A443175,K26-056511,2026-07-20,2026-08-20,test,test,
9436,A443176,K26-056512,2026-07-20,2026-07-20,test,test,
9437,A443177,K26-056513,2026-07-21,2026-07-21,test,test,
9438,A443178,K26-056514,2026-07-21,2026-07-21,test,test,
9439,A443181,K26-056515,2026-07-21,2026-08-15,test,test,
9440,A443182,K26-056516,2026-07-21,2026-08-21,test,test,
9441,A443183,K26-056517,2026-07-21,2026-08-17,test,test,
9442,A443184,K26-056518,2026-07-21,2026-08-17,test,test,
9443,A443185,K26-056519,2026-07-21,2026-08-17,test,test,
9444,A443186,K26-056520,2026-07-21,2026-08-17,test,test,
9445,A443188,K26-056521,2026-07-21,2026-07-31,test,test,
9446,A443189,K26-056522,2026-07-21,2026-07-31,test,test,
9447,A443190,K26-056523,2026-07-21,2026-07-31,test,test,
9448,A443191,K26-056524,2026-07-21,2026-07-31,test,test,
9449,A443192,K26-056525,2026-07-21,2026-08-21,test,test,
9450,A443193,K26-056526,2026-07-21,2026-07-31,test,test,
9451,A443196,K26-056527,2026-07-21,2026-07-21,test,test,
9452,A443198,K26-056528,2026-07-21,2026-08-01,test,test,
9453,A443199,K26-056529,2026-07-21,2026-08-21,test,test,
9454,A443202,K26-056531,2026-07-21,2026-07-24,test,test,
9455,A443204,K26-056532,2026-07-22,2026-08-22,test,test,
9456,A443209,K26-056534,2026-07-22,2026-07-25,test,test,
9457,A443210,K26-056535,2026-07-22,2026-07-25,test,test,
9458,A443211,K26-056536,2026-07-22,2026-07-25,test,test,
9459,A443212,K26-056537,2026-07-22,2026-07-25,test,test,
9460,A443213,K26-056538,2026-07-22,2026-07-25,test,test,
9461,A443214,K26-056539,2026-07-22,2026-07-25,test,test,
9462,A443219,K26-056540,2026-07-22,2026-07-25,test,test,
9463,A443220,K26-056541,2026-07-22,2026-07-25,test,test,
9464,A443221,K26-056542,2026-07-22,2026-07-25,test,test,
9465,A436223,K26-056546,2026-07-22,2026-08-22,test,test,
9466,A443230,K26-056547,2026-07-22,2026-08-17,test,test,
9467,A443231,K26-056548,2026-07-22,2026-08-11,test,test,
9468,A443232,K26-056549,2026-07-22,2026-08-05,test,test,
9469,A443233,K26-056550,2026-07-22,2026-08-11,test,test,
9470,A443234,K26-056551,2026-07-22,2026-08-05,test,test,
9471,A443235,K26-056552,2026-07-22,2026-08-22,test,test,
9472,A443236,K26-056553,2026-07-22,2026-08-05,test,test,
9473,A443237,K26-056554,2026-07-22,2026-08-17,test,test,
9474,A443238,K26-056555,2026-07-22,2026-08-22,test,test,
9475,A443239,K26-056556,2026-07-22,2026-08-22,test,test,
9476,A443240,K26-056557,2026-07-22,2026-08-22,test,test,
9477,A443241,K26-056558,2026-07-22,2026-08-13,test,test,
9478,A443242,K26-056559,2026-07-22,2026-08-22,test,test,
9479,A443243,K26-056560,2026-07-22,2026-08-11,test,test,
9480,A443244,K26-056561,2026-07-22,2026-08-22,test,test,
9481,A443246,K26-056562,2026-07-22,2026-07-23,test,test,
9482,A443249,K26-056563,2026-07-22,2026-07-23,test,test,
9483,A443564,K26-056703,2026-07-22,2026-08-22,test,test,
9484,A443565,K26-056704,2026-07-22,2026-08-22,test,test,
9485,A443251,K26-056564,2026-07-23,2026-07-24,test,test,
9486,A443252,K26-056565,2026-07-23,2026-07-31,test,test,
9487,A443254,K26-056566,2026-07-23,2026-07-23,test,test,
9488,A443255,K26-056567,2026-07-23,2026-07-23,test,test,
9489,A443261,K26-056568,2026-07-23,2026-08-07,test,test,
9490,A443262,K26-056569,2026-07-23,2026-08-08,test,test,
9491,A443263,K26-056570,2026-07-23,2026-08-14,test,test,
9492,A443264,K26-056571,2026-07-23,2026-08-08,test,test,
9493,A443265,K26-056572,2026-07-23,2026-08-15,test,test,
9494,A443268,K26-056573,2026-07-23,2026-07-23,test,test,
9495,A305560,K26-056575,2026-07-23,2026-07-24,test,test,
9496,A442810,K26-056576,2026-07-23,2026-08-23,test,test,
9497,A443276,K26-056577,2026-07-23,2026-08-03,test,test,
9498,A443293,K26-056580,2026-07-24,2026-07-24,test,test,
9499,A443295,K26-056581,2026-07-24,2026-07-25,test,test,
9500,A443297,K26-056582,2026-07-24,2026-07-25,test,test,
9501,A443298,K26-056583,2026-07-24,2026-07-25,test,test,
9502,A443299,K26-056584,2026-07-24,2026-07-25,test,test,
9503,A443301,K26-056585,2026-07-25,2026-07-28,test,test,
9504,A443302,K26-056586,2026-07-25,2026-08-17,test,test,
9505,A443303,K26-056587,2026-07-25,2026-08-11,test,test,
9506,A443304,K26-056588,2026-07-25,2026-08-11,test,test,
9507,A440701,K26-056589,2026-07-25,2026-08-13,test,test,
9508,A443318,K26-056590,2026-07-26,2026-07-29,test,test,
9509,A443319,K26-056591,2026-07-26,2026-07-30,test,test,
9510,A443321,K26-056593,2026-07-27,2026-08-01,test,test,
9511,A443322,K26-056594,2026-07-27,2026-08-13,test,test,
9512,A425687,K26-056596,2026-07-27,2026-07-28,test,test,
9513,A443326,K26-056597,2026-07-27,2026-07-29,test,test,
9514,A443328,K26-056598,2026-07-27,2026-07-28,test,test,
9515,A443331,K26-056599,2026-07-27,2026-08-21,test,test,
9516,A442348,K26-056603,2026-07-28,2026-07-30,test,test,
9517,A443337,K26-056604,2026-07-28,2026-08-21,test,test,
9518,A443338,K26-056605,2026-07-28,2026-08-21,test,test,
9519,A443340,K26-056607,2026-07-28,2026-08-28,test,test,
9520,A443341,K26-056608,2026-07-28,2026-08-28,test,test,
9521,A443342,K26-056609,2026-07-28,2026-08-28,test,test,
9522,A443354,K26-056611,2026-07-28,2026-07-29,test,test,
9523,A443355,K26-056612,2026-07-28,2026-07-29,test,test,
9524,A443356,K26-056613,2026-07-28,2026-07-29,test,test,
9525,A443363,K26-056615,2026-07-29,2026-07-29,test,test,
9526,A321643,K26-056618,2026-07-29,2026-07-31,test,test,
9527,A443369,K26-056619,2026-07-29,2026-07-31,test,test,
9528,A443370,K26-056620,2026-07-29,2026-07-29,test,test,
9529,A443373,K26-056623,2026-07-29,2026-07-29,test,test,
9530,A443374,K26-056624,2026-07-29,2026-07-29,test,test,
9531,A443375,K26-056625,2026-07-29,2026-07-29,test,test,
9532,A443376,K26-056626,2026-07-29,2026-07-29,test,test,
9533,A443377,K26-056627,2026-07-29,2026-07-29,test,test,
9534,A443381,K26-056628,2026-07-29,2026-07-29,test,test,
9535,A442820,K26-056629,2026-07-29,2026-08-29,test,test,
9536,A443384,K26-056630,2026-07-29,2026-08-29,test,test,
9537,A443386,K26-056632,2026-07-29,2026-07-29,test,test,
9538,A443387,K26-056633,2026-07-30,2026-08-07,test,test,
9539,A443389,K26-056634,2026-07-30,2026-08-30,test,test,
9540,A443390,K26-056635,2026-07-30,2026-07-30,test,test,
9541,A443391,K26-056636,2026-07-30,2026-08-08,test,test,
9542,A443392,K26-056637,2026-07-30,2026-08-18,test,test,
9543,A441927,K26-056638,2026-07-30,2026-07-30,test,test,
9544,A441926,K26-056639,2026-07-30,2026-07-30,test,test,
9545,A443393,K26-056640,2026-07-30,2026-07-30,test,test,
9546,A443394,K26-056641,2026-07-31,2026-07-31,test,test,
9547,A443431,K26-056657,2026-08-01,2026-09-01,test,test,
9548,A443446,K26-056658,2026-08-01,2026-08-01,test,test,
9549,A443445,K26-056659,2026-08-01,2026-08-01,test,test,
9550,A443457,K26-056660,2026-08-02,2026-08-11,test,test,
9551,A437490,K26-056661,2026-08-02,2026-08-04,test,test,
9552,A317824,K26-056662,2026-08-02,2026-08-04,test,test,
9553,A442668,K26-056663,2026-08-02,2026-08-06,test,test,
9554,A443460,K26-056665,2026-08-02,2026-09-02,test,test,
9555,A443461,K26-056666,2026-08-02,2026-08-04,test,test,
9556,A443464,K26-056667,2026-08-03,2026-08-03,test,test,
9557,A347960,K26-056668,2026-08-03,2026-08-03,test,test,
9558,A443467,K26-056669,2026-08-03,2026-08-04,test,test,
9559,A443468,K26-056670,2026-08-03,2026-09-03,test,test,
9560,A443481,K26-056672,2026-08-04,2026-08-04,test,test,
9561,A443482,K26-056673,2026-08-04,2026-08-04,test,test,
9562,A443485,K26-056675,2026-08-04,2026-08-04,test,test,
9563,A443486,K26-056676,2026-08-04,2026-08-06,test,test,
9564,A443487,K26-056677,2026-08-04,2026-09-01,test,test,
9565,A443488,K26-056678,2026-08-04,2026-08-04,test,test,
9566,A442659,K26-056679,2026-08-04,2026-09-04,test,test,
9567,A442660,K26-056680,2026-08-04,2026-08-14,test,test,
9568,A442661,K26-056681,2026-08-04,2026-08-29,test,test,
9569,A442662,K26-056682,2026-08-04,2026-09-02,test,test,
9570,A443496,K26-056683,2026-08-04,2026-08-19,test,test,
9571,A443498,K26-056686,2026-08-04,2026-08-05,test,test,
9572,A443491,K26-056692,2026-08-04,2026-08-04,test,test,
9573,A443508,K26-056687,2026-08-05,2026-08-14,test,test,
9574,A443516,K26-056689,2026-08-05,2026-08-13,test,test,
9575,A443517,K26-056691,2026-08-05,2026-08-09,test,test,
9576,A443534,K26-056693,2026-08-06,2026-09-06,test,test,
9577,A443535,K26-056694,2026-08-06,2026-09-06,test,test,
9578,A439214,K26-056695,2026-08-06,2026-09-06,test,test,
9579,A443544,K26-056696,2026-08-06,2026-08-19,test,test,
9580,A439880,K26-056699,2026-08-06,2026-08-08,test,test,
9581,A440213,K26-056700,2026-08-06,2026-08-26,test,test,
9582,A443561,K26-056701,2026-08-07,2026-09-07,test,test,
9583,A443563,K26-056702,2026-08-07,2026-09-01,test,test,
9584,A443567,K26-056705,2026-08-07,2026-08-08,test,test,
9585,A443568,K26-056706,2026-08-07,2026-08-08,test,test,
9586,A441693,K26-056707,2026-08-07,2026-09-05,test,test,
9587,A438949,K26-056708,2026-08-07,2026-09-07,test,test,
9588,A443569,K26-056709,2026-08-07,2026-09-07,test,test,
9589,A430615,K26-056710,2026-08-07,2026-09-07,test,test,
9590,A443572,K26-056712,2026-08-07,2026-08-13,test,test,
9591,A443573,K26-056713,2026-08-07,2026-08-13,test,test,
9592,A443574,K26-056714,2026-08-07,2026-08-13,test,test,
9593,A443575,K26-056715,2026-08-07,2026-08-13,test,test,
9594,A443576,K26-056716,2026-08-07,2026-08-13,test,test,
9595,A443577,K26-056717,2026-08-07,2026-08-19,test,test,
9596,A443579,K26-056718,2026-08-07,2026-09-07,test,test,
9597,A443580,K26-056720,2026-08-07,2026-08-19,test,test,
9598,A443582,K26-056722,2026-08-07,2026-09-07,test,test,
9599,A441172,K26-056769,2026-08-07,2026-09-07,test,test,
9600,A443583,K26-056723,2026-08-08,2026-09-08,test,test,
9601,A443584,K26-056724,2026-08-08,2026-09-08,test,test,
9602,A443585,K26-056725,2026-08-08,2026-08-21,test,test,
9603,A443588,K26-056726,2026-08-08,2026-08-13,test,test,
9604,A443589,K26-056727,2026-08-08,2026-09-08,test,test,
9605,A443595,K26-056733,2026-08-08,2026-08-20,test,test,
9606,A443603,K26-056741,2026-08-08,2026-08-09,test,test,
9607,A443619,K26-056752,2026-08-08,2026-08-10,test,test,
9608,A443620,K26-056753,2026-08-08,2026-08-10,test,test,
9609,A443721,K26-056817,2026-08-08,2026-08-13,test,test,
9610,A443829,K26-056885,2026-08-08,2026-08-18,test,test,
9611,A443830,K26-056886,2026-08-08,2026-08-18,test,test,
9612,A443831,K26-056887,2026-08-08,2026-08-18,test,test,
9613,A443832,K26-056888,2026-08-08,2026-08-18,test,test,
9614,A443833,K26-056889,2026-08-08,2026-08-18,test,test,
9615,A443834,K26-056890,2026-08-08,2026-08-18,test,test,
9616,A443604,K26-056742,2026-08-09,2026-09-09,test,test,
9617,A443606,K26-056744,2026-08-09,2026-08-24,test,test,
9618,A443607,K26-056745,2026-08-09,2026-09-09,test,test,
9619,A378004,K26-056746,2026-08-09,2026-08-11,test,test,
9620,A356535,K26-056747,2026-08-09,2026-08-11,test,test,
9621,A443622,K26-056754,2026-08-10,2026-09-09,test,test,
9622,A443626,K26-056756,2026-08-11,2026-08-11,test,test,
9623,A443630,K26-056758,2026-08-11,2026-08-18,test,test,
9624,A443632,K26-056759,2026-08-11,2026-09-11,test,test,
9625,A443635,K26-056760,2026-08-11,2026-09-10,test,test,
9626,A443636,K26-056761,2026-08-11,2026-09-11,test,test,
9627,A443637,K26-056762,2026-08-11,2026-09-11,test,test,
9628,A443638,K26-056763,2026-08-11,2026-09-11,test,test,
9629,A443639,K26-056764,2026-08-11,2026-09-11,test,test,
9630,A443640,K26-056765,2026-08-11,2026-09-11,test,test,
9631,A443643,K26-056766,2026-08-11,2026-09-11,test,test,
9632,A443059,K26-056767,2026-08-11,2026-08-24,test,test,
9633,A443647,K26-056768,2026-08-11,2026-08-11,test,test,
9634,A443649,K26-056770,2026-08-11,2026-08-12,test,test,
9635,A399093,K26-056771,2026-08-11,2026-08-12,test,test,
9636,A416393,K26-056772,2026-08-11,2026-09-05,test,test,
9637,A443659,K26-056774,2026-08-12,2026-09-12,test,test,
9638,A443661,K26-056775,2026-08-12,2026-09-12,test,test,
9639,A443663,K26-056777,2026-08-12,2026-09-12,test,test,
9640,A440517,K26-056778,2026-08-12,2026-09-04,test,test,
9641,A442788,K26-056780,2026-08-12,2026-08-29,test,test,
9642,A443684,K26-056802,2026-08-12,2026-08-13,test,test,
9643,A438954,K26-056803,2026-08-12,2026-09-12,test,test,
9644,A443694,K26-056804,2026-08-12,2026-08-13,test,test,
9645,A444073,K26-056976,2026-08-12,2026-09-12,test,test,
9646,A444075,K26-056977,2026-08-12,2026-09-12,test,test,
9647,A444076,K26-056978,2026-08-12,2026-09-12,test,test,
9648,A444077,K26-056979,2026-08-12,2026-09-12,test,test,
9649,A444078,K26-056980,2026-08-12,2026-09-12,test,test,
9650,A444079,K26-056981,2026-08-12,2026-09-12,test,test,
9651,A444080,K26-056982,2026-08-12,2026-09-12,test,test,
9652,A444081,K26-056983,2026-08-12,2026-09-12,test,test,
9653,A443646,K26-056805,2026-08-13,2026-08-13,test,test,
9654,A443697,K26-056806,2026-08-13,2026-08-21,test,test,
9655,A443700,K26-056807,2026-08-13,2026-08-13,test,test,
9656,A443060,K26-056808,2026-08-13,2026-09-13,test,test,
9657,A443708,K26-056810,2026-08-13,2026-09-13,test,test,
9658,A443711,K26-056811,2026-08-13,2026-08-13,test,test,
9659,A443713,K26-056813,2026-08-13,2026-08-19,test,test,
9660,A443714,K26-056814,2026-08-13,2026-08-19,test,test,
9661,A443715,K26-056815,2026-08-13,2026-09-13,test,test,
9662,A443717,K26-056816,2026-08-13,2026-09-13,test,test,
9663,A443723,K26-056818,2026-08-13,2026-08-26,test,test,
9664,A443724,K26-056819,2026-08-13,2026-09-13,test,test,
9665,A426065,K26-056820,2026-08-13,2026-08-13,test,test,
9666,A443513,K26-056821,2026-08-13,2026-08-31,test,test,
9667,A443730,K26-056823,2026-08-13,2026-09-10,test,test,
9668,A443731,K26-056824,2026-08-13,2026-08-27,test,test,
9669,A443732,K26-056825,2026-08-13,2026-08-27,test,test,
9670,A443733,K26-056826,2026-08-13,2026-08-27,test,test,
9671,A443734,K26-056827,2026-08-13,2026-08-27,test,test,
9672,A443735,K26-056828,2026-08-13,2026-08-27,test,test,
9673,A443736,K26-056829,2026-08-13,2026-08-27,test,test,
9674,A443737,K26-056830,2026-08-14,2026-09-10,test,test,
9675,A443738,K26-056831,2026-08-14,2026-09-10,test,test,
9676,A443740,K26-056832,2026-08-14,2026-08-14,test,test,
9677,A443741,K26-056833,2026-08-14,2026-08-14,test,test,
9680,A443743,K26-056836,2026-08-14,2026-08-14,test,test,
9681,A443744,K26-056837,2026-08-14,2026-08-14,test,test,
9682,A443747,K26-056840,2026-08-14,2026-09-14,test,test,
9683,A443748,K26-056841,2026-08-14,2026-09-14,test,test,
9684,A443749,K26-056842,2026-08-14,2026-09-11,test,test,
9685,A443750,K26-056843,2026-08-14,2026-09-14,test,test,
9686,A443751,K26-056844,2026-08-14,2026-09-14,test,test,
9687,A443752,K26-056845,2026-08-14,2026-09-14,test,test,
9688,A443753,K26-056846,2026-08-14,2026-09-14,test,test,
9689,A443757,K26-056847,2026-08-14,2026-08-15,test,test,
9690,A443759,K26-056848,2026-08-14,2026-08-15,test,test,
9691,A443760,K26-056849,2026-08-14,2026-08-15,test,test,
9692,A443761,K26-056850,2026-08-14,2026-08-15,test,test,
9693,A443762,K26-056851,2026-08-14,2026-08-15,test,test,
9694,A443763,K26-056852,2026-08-14,2026-08-15,test,test,
9695,A443764,K26-056853,2026-08-14,2026-08-15,test,test,
9696,A443755,K26-056854,2026-08-14,2026-08-14,test,test,
