type,breed,color,biological_sex,intake_type,intake_subtype,intake_condition,intake_jurisdiction,age_years,age_missing,intake_month_sin,intake_month_cos
DOG,GREAT PYRENEES,WHITE,MALE,STRAY,FIELD,UNKNOWN,COUNTY,1.9603011635865846,0,0.0,1.0
DOG,BORDER COLLIE,BLACK/WHITE,MALE,QUARANTINE,FIELD,HEALTHY,COUNTY,3.252566735112936,0,0.0,1.0
DOG,PIT BULL,__RARE_OR_NEW__,FEMALE,CONFISCATE,FLD_ARREST,UNKNOWN,SANTA ROSA,0.9938398357289527,0,0.0,1.0
DOG,PIT BULL,BLACK/WHITE,FEMALE,QUARANTINE,FIELD,UNKNOWN,SANTA ROSA,5.71937029431896,0,0.0,1.0
DOG,PIT BULL/MIX,__RARE_OR_NEW__,MALE,STRAY,FIELD,HEALTHY,COUNTY,2.001368925393566,1,0.0,1.0
CAT,DOMESTIC MH,FLAME PT,MALE,QUARANTINE,OVER THE COUNTER,UNKNOWN,*ROHNERT PARK,4.202600958247776,0,0.0,1.0
DOG,PIT BULL,FAWN,MALE,STRAY,FIELD,UNKNOWN,SANTA ROSA,6.6420260095824775,0,0.0,1.0
DOG,PIT BULL,BLUE/WHITE,FEMALE,STRAY,OVER THE COUNTER,HEALTHY,SANTA ROSA,0.7529089664613279,0,0.0,1.0
DOG,LABRADOR RETR/PIT BULL,TAN/BLACK,FEMALE,OWNER SURRENDER,OVER THE COUNTER,TREATABLE/MANAGEABLE,COUNTY,8.0,0,0.0,1.0
DOG,LABRADOR RETR/MIX,BR BRINDLE,MALE,ADOPTION RETURN,OVER THE COUNTER,TREATABLE/MANAGEABLE,SANTA ROSA,7.345653661875428,0,0.0,1.0
CAT,DOMESTIC SH,BRN TABBY,FEMALE,STRAY,OVER THE COUNTER,HEALTHY,SANTA ROSA,0.7994524298425736,0,0.0,1.0
CAT,DOMESTIC SH,BRN TABBY,FEMALE,STRAY,OVER THE COUNTER,HEALTHY,COUNTY,0.4106776180698152,0,0.0,1.0
CAT,DOMESTIC SH,BLACK,MALE,STRAY,OVER THE COUNTER,UNKNOWN,SANTA ROSA,1.998631074606434,0,0.0,1.0
DOG,LABRADOR RETR/MIX,YELLOW,MALE,STRAY,OVER THE COUNTER,UNKNOWN,SANTA ROSA,11.091033538672143,0,0.0,1.0
DOG,AUST CATTLE DOG,__RARE_OR_NEW__,FEMALE,STRAY,FIELD,HEALTHY,SANTA ROSA,0.5722108145106092,0,0.0,1.0
DOG,AUST CATTLE DOG,__RARE_OR_NEW__,MALE,STRAY,FIELD,UNKNOWN,SANTA ROSA,0.5722108145106092,0,0.0,1.0
CAT,DOMESTIC SH,BRN TABBY,FEMALE,STRAY,PHONE,UNKNOWN,SANTA ROSA,1.7084188911704312,0,0.0,1.0
DOG,YORKSHIRE TERR,BLACK/BROWN,MALE,STRAY,OVER THE COUNTER,UNKNOWN,SANTA ROSA,2.001368925393566,1,0.0,1.0
DOG,FRENCH BULLDOG,BR BRINDLE,MALE,STRAY,FIELD,UNKNOWN,SANTA ROSA,2.001368925393566,1,0.0,1.0
DOG,FRENCH BULLDOG,BLUE MERLE,FEMALE,STRAY,FIELD,HEALTHY,SANTA ROSA,2.001368925393566,1,0.0,1.0
DOG,__RARE_OR_NEW__,TAN/BLACK,MALE,STRAY,FIELD,HEALTHY,SANTA ROSA,1.998631074606434,0,0.0,1.0
CAT,DOMESTIC SH,GRAY/WHITE,FEMALE,STRAY,OVER THE COUNTER,UNKNOWN,SANTA ROSA,0.2518822724161533,0,0.0,1.0
CAT,DOMESTIC MH,WHITE,FEMALE,STRAY,FIELD,UNKNOWN,SANTA ROSA,0.2518822724161533,1,0.0,1.0
CAT,DOMESTIC MH,BRN TABBY/WHITE,MALE,QUARANTINE,OVER THE COUNTER,UNKNOWN,SANTA ROSA,0.2518822724161533,1,0.0,1.0
DOG,AUST CATTLE DOG/MIX,TAN/WHITE,MALE,STRAY,FIELD,UNKNOWN,SANTA ROSA,1.4948665297741273,0,0.0,1.0
CAT,DOMESTIC SH,BLACK,FEMALE,STRAY,FIELD,UNKNOWN,COUNTY,0.6707734428473648,0,0.0,1.0
DOG,PIT BULL,BLACK/WHITE,FEMALE,STRAY,OVER THE COUNTER,UNKNOWN,SANTA ROSA,1.891854893908282,0,0.0,1.0
DOG,__RARE_OR_NEW__,BLACK,MALE,OWNER SURRENDER,FIELD,TREATABLE/MANAGEABLE,SANTA ROSA,0.999315537303217,0,0.0,1.0
CAT,DOMESTIC SH,CALICO,UNKNOWN,QUARANTINE,FIELD,UNKNOWN,SANTA ROSA,0.2518822724161533,1,0.0,1.0
DOG,__RARE_OR_NEW__,RED,FEMALE,STRAY,OVER THE COUNTER,UNKNOWN,SANTA ROSA,2.809034907597536,0,0.0,1.0
DOG,GERM SHEPHERD/MIX,TAN/BLACK,MALE,STRAY,FIELD,TREATABLE/REHAB,COUNTY,2.9568788501026693,0,0.0,1.0
DOG,__RARE_OR_NEW__,BLACK/WHITE,MALE,OWNER SURRENDER,FIELD,UNKNOWN,SANTA ROSA,6.455852156057495,0,0.0,1.0
DOG,GERM SHEPHERD/MIX,WHITE,MALE,QUARANTINE,FIELD,HEALTHY,SANTA ROSA,2.0588637919233403,0,0.0,1.0
DOG,SCHNAUZER MIN/MIX,__RARE_OR_NEW__,FEMALE,STRAY,FIELD,UNKNOWN,COUNTY,0.6652977412731006,0,0.0,1.0
DOG,SCHNAUZER MIN/MIX,BLACK/BROWN,MALE,STRAY,FIELD,UNKNOWN,COUNTY,1.9767282683093772,0,0.0,1.0
DOG,SCHNAUZER MIN/MIX,BLACK,FEMALE,STRAY,FIELD,UNKNOWN,COUNTY,0.46269678302532513,0,0.0,1.0
DOG,SCHNAUZER MIN/MIX,TAN/BLACK,FEMALE,STRAY,FIELD,UNKNOWN,COUNTY,0.49007529089664614,0,0.0,1.0
DOG,SCHNAUZER MIN/MIX,BLACK,FEMALE,STRAY,FIELD,UNKNOWN,COUNTY,0.46269678302532513,0,0.0,1.0
DOG,SCHNAUZER MIN/MIX,BLACK/BROWN,FEMALE,STRAY,FIELD,UNKNOWN,COUNTY,0.49007529089664614,0,0.0,1.0
OTHER,BAT,BROWN,UNKNOWN,QUARANTINE,FIELD,UNKNOWN,COUNTY,1.8986995208761122,1,0.0,1.0
DOG,LABRADOR RETR/MIX,BLACK,FEMALE,CONFISCATE,FLD_ARREST,UNKNOWN,COUNTY,2.001368925393566,1,0.0,1.0
DOG,SIBERIAN HUSKY,WHITE/GRAY,MALE,STRAY,FIELD,HEALTHY,COUNTY,2.138261464750171,0,0.0,1.0
OTHER,GUINEA PIG,GRAY/WHITE,MALE,OWNER SURRENDER,OVER THE COUNTER,UNKNOWN,SANTA ROSA,1.9739904175222451,0,0.0,1.0
OTHER,GUINEA PIG,WHITE/GRAY,MALE,OWNER SURRENDER,OVER THE COUNTER,HEALTHY,SANTA ROSA,5.973990417522245,0,0.0,1.0
CAT,DOMESTIC SH,BLACK/WHITE,FEMALE,OWNER SURRENDER,OVER THE COUNTER,UNKNOWN,COUNTY,1.3634496919917864,0,0.0,1.0
CAT,DOMESTIC SH,BRN TABBY,MALE,STRAY,FIELD,UNKNOWN,COUNTY,4.0,0,0.0,1.0
DOG,PIT BULL,RED/WHITE,FEMALE,QUARANTINE,FIELD,UNKNOWN,SANTA ROSA,2.513347022587269,0,0.0,1.0
DOG,GERM SHEPHERD/MIX,WHITE,FEMALE,STRAY,FIELD,UNKNOWN,SANTA ROSA,2.7816563997262147,0,0.0,1.0
DOG,GREAT PYRENEES,__RARE_OR_NEW__,FEMALE,STRAY,FIELD,HEALTHY,COUNTY,3.917864476386037,0,0.0,1.0
CAT,DOMESTIC MH,BRN TABBY,MALE,STRAY,FIELD,HEALTHY,COUNTY,0.2518822724161533,0,0.0,1.0
DOG,PIT BULL/MIX,AGOUTI,UNKNOWN,QUARANTINE,FIELD,UNKNOWN,SANTA ROSA,5.9986310746064335,0,0.0,1.0
DOG,LABRADOR RETR/PIT BULL,BROWN/WHITE,FEMALE,STRAY,FIELD,UNKNOWN,SANTA ROSA,6.71047227926078,0,0.0,1.0
DOG,PIT BULL,BR BRINDLE,MALE,STRAY,FIELD,UNKNOWN,SANTA ROSA,4.97741273100616,0,0.0,1.0
DOG,CATAHOULA/MIX,__RARE_OR_NEW__,FEMALE,STRAY,FIELD,UNKNOWN,COUNTY,13.32785763175907,0,0.0,1.0
DOG,AUST SHEPHERD/MIX,TRICOLOR,MALE,STRAY,OVER THE COUNTER,UNKNOWN,COUNTY,9.998631074606434,0,0.0,1.0
DOG,LABRADOR RETR/MIX,TAN/WHITE,MALE,CONFISCATE,FLD_CORONR,HEALTHY,SANTA ROSA,0.837782340862423,0,0.0,1.0
DOG,CHIHUAHUA SH,BLACK,MALE,STRAY,OVER THE COUNTER,HEALTHY,SANTA ROSA,0.999315537303217,0,0.0,1.0
DOG,POODLE MIN/MIX,WHITE,MALE,STRAY,OVER THE COUNTER,HEALTHY,SANTA ROSA,3.0006844626967832,0,0.0,1.0
DOG,PIT BULL,BL BRINDLE,FEMALE,CONFISCATE,FLD_ARREST,UNKNOWN,SANTA ROSA,7.225188227241615,0,0.0,1.0
CAT,SIAMESE/MIX,TAN/BLACK,FEMALE,STRAY,OVER THE COUNTER,HEALTHY,COUNTY,0.7529089664613279,0,0.0,1.0
DOG,__RARE_OR_NEW__,TAN,MALE,STRAY,OVER THE COUNTER,UNKNOWN,SANTA ROSA,0.09308692676249145,0,0.0,1.0
CAT,DOMESTIC SH,BLACK,FEMALE,STRAY,FIELD,UNKNOWN,SANTA ROSA,0.2518822724161533,1,0.0,1.0
OTHER,SHEEP,WHITE,FEMALE,STRAY,FIELD,UNKNOWN,COUNTY,1.8986995208761122,1,0.0,1.0
DOG,BOXER/MIX,BR BRINDLE,MALE,QUARANTINE,FIELD,UNKNOWN,SANTA ROSA,10.40930869267625,0,0.0,1.0
DOG,PIT BULL,BLACK/TAN,FEMALE,STRAY,FIELD,HEALTHY,SANTA ROSA,5.305954825462012,0,0.0,1.0
CAT,DOMESTIC LH,GRAY/WHITE,UNKNOWN,STRAY,OVER THE COUNTER,HEALTHY,SANTA ROSA,0.2518822724161533,1,0.0,1.0
DOG,POODLE MIN,WHITE,MALE,STRAY,FIELD,HEALTHY,SANTA ROSA,3.923340177960301,0,0.0,1.0
CAT,DOMESTIC MH,TORTIE,FEMALE,OWNER SURRENDER,OVER THE COUNTER,UNKNOWN,COUNTY,5.620807665982204,0,0.0,1.0
DOG,SIBERIAN HUSKY,__RARE_OR_NEW__,FEMALE,STRAY,OVER THE COUNTER,UNKNOWN,SANTA ROSA,2.001368925393566,1,0.0,1.0
DOG,PIT BULL,FAWN,MALE,STRAY,OVER THE COUNTER,UNKNOWN,SANTA ROSA,2.001368925393566,1,0.0,1.0
CAT,DOMESTIC SH,WHITE/BLACK,MALE,OWNER SURRENDER,OVER THE COUNTER,UNKNOWN,SANTA ROSA,3.0006844626967832,0,0.0,1.0
CAT,DOMESTIC SH,GRAY TABBY,MALE,OWNER SURRENDER,OVER THE COUNTER,TREATABLE/REHAB,SANTA ROSA,5.9986310746064335,0,0.0,1.0
DOG,ANATOL SHEPHERD,CREAM,MALE,STRAY,OVER THE COUNTER,UNKNOWN,SANTA ROSA,5.327857631759069,0,0.0,1.0
DOG,LABRADOR RETR,WHITE,FEMALE,STRAY,OVER THE COUNTER,UNKNOWN,SANTA ROSA,2.9979466119096507,0,0.0,1.0
DOG,PIT BULL/MIX,TAN/WHITE,MALE,STRAY,FIELD,UNKNOWN,SANTA ROSA,0.33401779603011633,0,0.0,1.0
DOG,__RARE_OR_NEW__,BLACK/TAN,MALE,STRAY,OVER THE COUNTER,HEALTHY,COUNTY,2.9130732375085557,0,0.0,1.0
DOG,LABRADOR RETR,BLACK/WHITE,MALE,STRAY,FIELD,UNKNOWN,COUNTY,20.985626283367555,0,0.0,1.0
DOG,BELG MALINOIS/MIX,BR BRINDLE,MALE,STRAY,FIELD,HEALTHY,SANTA ROSA,2.891170431211499,0,0.0,1.0
DOG,GERM SHEPHERD,BLACK/TAN,MALE,STRAY,FIELD,UNKNOWN,COUNTY,7.255304585900069,0,0.0,1.0
DOG,CHIHUAHUA SH,__RARE_OR_NEW__,FEMALE,STRAY,FIELD,UNKNOWN,COUNTY,1.998631074606434,0,0.0,1.0
DOG,__RARE_OR_NEW__,WHITE/BROWN,MALE,CONFISCATE,FLD_ARREST,UNKNOWN,SANTA ROSA,3.0855578370978782,0,0.0,1.0
OTHER,BAT,BLACK,UNKNOWN,STRAY,OVER THE COUNTER,UNKNOWN,*ROHNERT PARK,1.8986995208761122,1,0.0,1.0
DOG,PARSON RUSS TER/MIX,BLACK/WHITE,MALE,STRAY,OVER THE COUNTER,HEALTHY,SANTA ROSA,0.999315537303217,0,0.0,1.0
CAT,DOMESTIC SH,BLACK/WHITE,MALE,STRAY,OVER THE COUNTER,UNKNOWN,SANTA ROSA,5.9958932238193015,0,0.0,1.0
CAT,DOMESTIC SH,GRAY,MALE,STRAY,PHONE,HEALTHY,COUNTY,1.998631074606434,0,0.0,1.0
DOG,SIBERIAN HUSKY,WHITE,FEMALE,STRAY,OVER THE COUNTER,UNKNOWN,SANTA ROSA,1.998631074606434,0,0.0,1.0
CAT,DOMESTIC SH,BRN TABBY,MALE,STRAY,OVER THE COUNTER,UNKNOWN,COUNTY,12.999315537303216,0,0.0,1.0
DOG,PIT BULL/MIX,BL BRINDLE,MALE,STRAY,OVER THE COUNTER,UNTREATABLE,SANTA ROSA,0.16700889801505817,0,0.0,1.0
DOG,PIT BULL,BROWN/WHITE,FEMALE,STRAY,OVER THE COUNTER,UNKNOWN,COUNTY,15.271731690622861,0,0.0,1.0
DOG,PIT BULL/LABRADOR RETR,YELLOW,MALE,STRAY,FIELD,UNKNOWN,SANTA ROSA,2.001368925393566,1,0.0,1.0
DOG,PIT BULL/LABRADOR RETR,BLACK/WHITE,MALE,STRAY,FIELD,UNKNOWN,SANTA ROSA,2.001368925393566,1,0.0,1.0
CAT,DOMESTIC SH,BRN TABBY/WHITE,MALE,STRAY,OVER THE COUNTER,UNKNOWN,COUNTY,0.5859000684462696,0,0.0,1.0
DOG,GERM SHEPHERD/MIX,WHITE,FEMALE,OWNER SURRENDER,OVER THE COUNTER,UNKNOWN,SANTA ROSA,2.8008213552361396,0,0.0,1.0
DOG,__RARE_OR_NEW__,TAN/WHITE,MALE,STRAY,FIELD,UNKNOWN,SANTA ROSA,4.999315537303217,0,0.0,1.0
CAT,DOMESTIC SH,__RARE_OR_NEW__,FEMALE,ADOPTION RETURN,OVER THE COUNTER,UNKNOWN,COUNTY,0.28199863107460643,0,0.0,1.0
DOG,SIBERIAN HUSKY,__RARE_OR_NEW__,FEMALE,STRAY,OVER THE COUNTER,UNKNOWN,SANTA ROSA,0.9281314168377823,0,0.0,1.0
DOG,__RARE_OR_NEW__,WHITE/TAN,MALE,STRAY,FIELD,UNKNOWN,SANTA ROSA,4.344969199178645,0,0.0,1.0
DOG,AUST CATTLE DOG/MIX,WHITE/BLACK,MALE,STRAY,FIELD,UNKNOWN,SANTA ROSA,1.998631074606434,0,0.0,1.0
DOG,__RARE_OR_NEW__,BR BRINDLE,FEMALE,STRAY,OVER THE COUNTER,HEALTHY,SANTA ROSA,0.2518822724161533,0,0.0,1.0
DOG,ALASKAN HUSKY,__RARE_OR_NEW__,FEMALE,CONFISCATE,FLD_ARREST,UNKNOWN,COUNTY,8.996577686516085,0,0.0,1.0
CAT,DOMESTIC MH,CALICO,FEMALE,QUARANTINE,FIELD,UNKNOWN,SANTA ROSA,0.2518822724161533,1,0.0,1.0
DOG,__RARE_OR_NEW__,TRICOLOR,MALE,OWNER SURRENDER,FIELD,UNKNOWN,COUNTY,11.827515400410677,0,0.0,1.0
DOG,__RARE_OR_NEW__,__RARE_OR_NEW__,MALE,STRAY,OVER THE COUNTER,UNKNOWN,COUNTY,6.992470910335387,0,0.0,1.0
DOG,PIT BULL,GRAY/WHITE,MALE,STRAY,FIELD,UNKNOWN,COUNTY,4.999315537303217,0,0.0,1.0
DOG,PIT BULL,GRAY/WHITE,MALE,STRAY,FIELD,UNKNOWN,COUNTY,1.5030800821355237,0,0.0,1.0
DOG,__RARE_OR_NEW__,WHITE/BLACK,FEMALE,STRAY,FIELD,UNKNOWN,COUNTY,2.001368925393566,1,0.0,1.0
DOG,PIT BULL,GRAY/WHITE,FEMALE,STRAY,OVER THE COUNTER,TREATABLE/MANAGEABLE,COUNTY,5.90280629705681,0,0.0,1.0
OTHER,CHICKEN,RED,FEMALE,STRAY,FIELD,UNKNOWN,SANTA ROSA,1.8986995208761122,1,0.0,1.0
CAT,DOMESTIC SH,BRN TABBY,FEMALE,STRAY,OVER THE COUNTER,HEALTHY,SANTA ROSA,0.999315537303217,0,0.0,1.0
DOG,__RARE_OR_NEW__,RED/WHITE,MALE,CONFISCATE,FLD_HOSPTL,UNKNOWN,SANTA ROSA,8.177960301163587,0,0.0,1.0
DOG,BELG MALINOIS,BROWN,FEMALE,STRAY,FIELD,UNKNOWN,SANTA ROSA,1.0212183436002737,0,0.0,1.0
CAT,DOMESTIC MH,BRN TABBY/WHITE,MALE,STRAY,OVER THE COUNTER,UNKNOWN,SANTA ROSA,1.998631074606434,0,0.0,1.0
DOG,FRENCH BULLDOG,TAN/BLACK,FEMALE,STRAY,FIELD,UNKNOWN,SANTA ROSA,0.24914442162902123,0,0.0,1.0
DOG,FRENCH BULLDOG,TAN,MALE,STRAY,FIELD,UNKNOWN,SANTA ROSA,0.24914442162902123,0,0.0,1.0
DOG,__RARE_OR_NEW__,BLACK/BROWN,FEMALE,STRAY,OVER THE COUNTER,HEALTHY,SANTA ROSA,1.3853524982888432,0,0.0,1.0
DOG,GERM SHEPHERD/MIX,BLACK/TAN,FEMALE,STRAY,FIELD,HEALTHY,SANTA ROSA,0.5037645448323066,0,0.0,1.0
CAT,DOMESTIC SH,WHITE/GRAY,MALE,ADOPTION RETURN,OVER THE COUNTER,HEALTHY,WINDSOR,2.187542778918549,0,0.0,1.0
DOG,GERM SHEPHERD/MIX,CREAM,FEMALE,STRAY,OVER THE COUNTER,HEALTHY,SANTA ROSA,0.6379192334017796,0,0.0,1.0
DOG,GREAT PYRENEES/MIX,WHITE/BLACK,MALE,STRAY,FIELD,UNKNOWN,COUNTY,2.001368925393566,1,0.0,1.0
DOG,GREAT PYRENEES/MIX,WHITE/TAN,MALE,STRAY,FIELD,UNKNOWN,COUNTY,5.9986310746064335,0,0.0,1.0
CAT,DOMESTIC SH,TORTIE/BRN TABBY,FEMALE,STRAY,OVER THE COUNTER,HEALTHY,SANTA ROSA,0.32306639288158795,0,0.0,1.0
CAT,DOMESTIC SH,TORTIE/BRN TABBY,FEMALE,STRAY,OVER THE COUNTER,HEALTHY,SANTA ROSA,0.32306639288158795,0,0.0,1.0
DOG,LABRADOR RETR,BLACK,MALE,CONFISCATE,FLD_CORONR,UNKNOWN,COUNTY,2.001368925393566,1,0.0,1.0
DOG,AUST CATTLE DOG/MIX,AGOUTI,FEMALE,STRAY,FIELD,UNKNOWN,SANTA ROSA,9.429158110882957,0,0.0,1.0
DOG,GERM SHEPHERD/MIX,TAN,MALE,STRAY,FIELD,UNKNOWN,SANTA ROSA,5.708418891170431,0,0.0,1.0
DOG,PIT BULL/MIX,FAWN/WHITE,MALE,CONFISCATE,FLD_ARREST,UNKNOWN,SANTA ROSA,0.5037645448323066,0,0.0,1.0
CAT,DOMESTIC SH,BLACK,FEMALE,STRAY,FIELD,UNKNOWN,SANTA ROSA,9.998631074606434,0,0.0,1.0
DOG,__RARE_OR_NEW__,TRICOLOR,MALE,STRAY,FIELD,HEALTHY,SANTA ROSA,0.731006160164271,0,0.0,1.0
CAT,DOMESTIC MH,BUFF/WHITE,MALE,STRAY,FIELD,UNKNOWN,COUNTY,0.2518822724161533,1,0.0,1.0
CAT,DOMESTIC LH,BLACK/WHITE,FEMALE,STRAY,OVER THE COUNTER,UNKNOWN,SANTA ROSA,4.0,0,0.0,1.0
CAT,DOMESTIC SH,GRAY TABBY,MALE,STRAY,OVER THE COUNTER,HEALTHY,SANTA ROSA,1.9603011635865846,0,0.0,1.0
DOG,BELG MALINOIS,RED/BLACK,FEMALE,STRAY,FIELD,HEALTHY,COUNTY,3.8822724161533197,0,0.0,1.0
DOG,FRENCH BULLDOG,WHITE/GRAY,MALE,STRAY,FIELD,UNKNOWN,SANTA ROSA,2.001368925393566,1,0.0,1.0
DOG,SIBERIAN HUSKY/MIX,BLACK/WHITE,MALE,CONFISCATE,FIELD,UNKNOWN,SANTA ROSA,2.937713894592745,0,0.0,1.0
DOG,GERM SHEPHERD/MIX,BLACK/WHITE,MALE,CONFISCATE,FIELD,UNKNOWN,COUNTY,2.537987679671458,0,0.0,1.0
CAT,DOMESTIC SH,GRAY TABBY,FEMALE,STRAY,OVER THE COUNTER,HEALTHY,SANTA ROSA,0.5037645448323066,0,0.0,1.0
DOG,SIBERIAN HUSKY,BLACK/WHITE,MALE,STRAY,FIELD,UNKNOWN,SANTA ROSA,1.995893223819302,0,0.0,1.0
DOG,__RARE_OR_NEW__,WHITE,MALE,STRAY,OVER THE COUNTER,UNKNOWN,SANTA ROSA,2.001368925393566,1,0.0,1.0
DOG,__RARE_OR_NEW__,BLACK/WHITE,MALE,STRAY,OVER THE COUNTER,UNKNOWN,SANTA ROSA,9.935660506502396,0,0.0,1.0
DOG,PIT BULL,WHITE,MALE,STRAY,FIELD,UNKNOWN,COUNTY,5.204654346338125,0,0.0,1.0
CAT,DOMESTIC SH,CALICO,FEMALE,STRAY,OVER THE COUNTER,HEALTHY,SANTA ROSA,1.45927446954141,0,0.0,1.0
OTHER,BAT,BROWN,UNKNOWN,QUARANTINE,OVER THE COUNTER,UNKNOWN,COUNTY,1.8986995208761122,1,0.0,1.0
DOG,GREAT PYRENEES,WHITE,MALE,STRAY,FIELD,HEALTHY,COUNTY,4.9664613278576315,0,0.0,1.0
DOG,PIT BULL,__RARE_OR_NEW__,FEMALE,ADOPTION RETURN,OVER THE COUNTER,UNKNOWN,COUNTY,8.61054072553046,0,0.0,1.0
OTHER,__RARE_OR_NEW__,WHITE/BLACK,MALE,STRAY,OVER THE COUNTER,HEALTHY,SANTA ROSA,1.4455852156057496,0,0.0,1.0
DOG,__RARE_OR_NEW__,BLACK,MALE,STRAY,FIELD,HEALTHY,SANTA ROSA,0.8870636550308009,0,0.0,1.0
DOG,__RARE_OR_NEW__,WHITE,MALE,STRAY,FIELD,UNKNOWN,SANTA ROSA,1.9630390143737166,0,0.0,1.0
CAT,DOMESTIC SH,BRN TABBY,MALE,STRAY,OVER THE COUNTER,HEALTHY,COUNTY,1.998631074606434,0,0.0,1.0
DOG,PIT BULL,BROWN/WHITE,FEMALE,STRAY,OVER THE COUNTER,TREATABLE/REHAB,SANTA ROSA,4.177960301163586,0,0.0,1.0
CAT,DOMESTIC SH,BRN TABBY,MALE,STRAY,OVER THE COUNTER,UNKNOWN,COUNTY,1.998631074606434,0,0.0,1.0
OTHER,BAT/MEX FREE-TAIL,BROWN,UNKNOWN,QUARANTINE,FIELD,UNKNOWN,*ROHNERT PARK,1.8986995208761122,1,0.0,1.0
DOG,PIT BULL,BROWN/TAN,FEMALE,STRAY,FIELD,UNKNOWN,SANTA ROSA,1.998631074606434,0,0.0,1.0
CAT,DOMESTIC SH,GRAY TABBY,MALE,STRAY,OVER THE COUNTER,UNKNOWN,SANTA ROSA,12.0,0,0.0,1.0
DOG,PIT BULL/MIX,WHITE/BLACK,FEMALE,ADOPTION RETURN,OVER THE COUNTER,HEALTHY,COUNTY,1.2402464065708418,0,0.0,1.0
DOG,__RARE_OR_NEW__,__RARE_OR_NEW__,FEMALE,OWNER SURRENDER,FIELD,UNKNOWN,SANTA ROSA,2.001368925393566,1,0.0,1.0
DOG,GERM SHEPHERD,BLACK/BROWN,MALE,STRAY,OVER THE COUNTER,HEALTHY,COUNTY,2.8884325804243667,0,0.0,1.0
DOG,__RARE_OR_NEW__,TAN,MALE,STRAY,OVER THE COUNTER,HEALTHY,SANTA ROSA,2.001368925393566,1,0.0,1.0
DOG,__RARE_OR_NEW__,TAN,FEMALE,STRAY,OVER THE COUNTER,HEALTHY,SANTA ROSA,5.949349760438056,0,0.0,1.0
DOG,PARSON RUSS TER,WHITE/BLACK,FEMALE,STRAY,OVER THE COUNTER,UNKNOWN,SANTA ROSA,16.0,0,0.0,1.0
DOG,POODLE MIN,GRAY,MALE,CONFISCATE,FLD_ARREST,UNKNOWN,COUNTY,18.99794661190965,0,0.0,1.0
DOG,PIT BULL,BLUE/WHITE,MALE,CONFISCATE,FLD_CORONR,UNKNOWN,COUNTY,2.001368925393566,1,0.0,1.0
DOG,GERM SHEPHERD,BLACK/TAN,FEMALE,STRAY,FIELD,UNKNOWN,COUNTY,1.9520876112251881,0,0.0,1.0
DOG,__RARE_OR_NEW__,WHITE,MALE,STRAY,FIELD,UNKNOWN,COUNTY,0.999315537303217,0,0.0,1.0
DOG,BELG MALINOIS,BUFF,FEMALE,STRAY,FIELD,UNKNOWN,COUNTY,9.489390828199863,0,0.0,1.0
DOG,MALTESE,WHITE,FEMALE,STRAY,FIELD,UNKNOWN,SANTA ROSA,1.0157426420260096,0,0.0,1.0
DOG,__RARE_OR_NEW__,TAN,FEMALE,STRAY,FIELD,UNKNOWN,SANTA ROSA,13.36892539356605,0,0.0,1.0
DOG,ENG BULLDOG,__RARE_OR_NEW__,MALE,STRAY,FIELD,UNKNOWN,SANTA ROSA,0.676249144421629,0,0.0,1.0
DOG,__RARE_OR_NEW__,RED/WHITE,MALE,STRAY,OVER THE COUNTER,UNKNOWN,SANTA ROSA,13.500342231348391,0,0.0,1.0
CAT,SIAMESE,__RARE_OR_NEW__,FEMALE,STRAY,OVER THE COUNTER,HEALTHY,COUNTY,0.8870636550308009,0,0.0,1.0
DOG,LABRADOR RETR/PIT BULL,BROWN,FEMALE,STRAY,OVER THE COUNTER,UNKNOWN,SANTA ROSA,2.001368925393566,1,0.0,1.0
DOG,PIT BULL/MIX,GRAY/WHITE,MALE,STRAY,OVER THE COUNTER,HEALTHY,SANTA ROSA,1.8973305954825461,0,0.0,1.0
OTHER,GOAT,BROWN/BLACK,MALE,STRAY,FIELD,UNKNOWN,SANTA ROSA,1.8986995208761122,1,0.49999999999999994,0.8660254037844387
OTHER,GOAT,BLACK/BROWN,MALE,STRAY,FIELD,UNKNOWN,SANTA ROSA,1.8986995208761122,1,0.49999999999999994,0.8660254037844387
DOG,ENG BULLDOG,WHITE/BROWN,MALE,STRAY,OVER THE COUNTER,UNKNOWN,COUNTY,2.001368925393566,1,0.49999999999999994,0.8660254037844387
CAT,DOMESTIC SH,WHITE/BLACK,MALE,ADOPTION RETURN,OVER THE COUNTER,HEALTHY,*SEBASTOPOL,1.0403832991101984,0,0.49999999999999994,0.8660254037844387
DOG,GERM SHEPHERD,BROWN/BLACK,MALE,STRAY,FIELD,UNKNOWN,COUNTY,5.026694045174538,0,0.49999999999999994,0.8660254037844387
DOG,AUST CATTLE DOG,__RARE_OR_NEW__,FEMALE,ADOPTION RETURN,OVER THE COUNTER,UNKNOWN,SANTA ROSA,0.648870636550308,0,0.49999999999999994,0.8660254037844387
DOG,PIT BULL,TAN/WHITE,FEMALE,STRAY,OVER THE COUNTER,UNKNOWN,SANTA ROSA,1.998631074606434,0,0.49999999999999994,0.8660254037844387
CAT,DOMESTIC SH,GRAY,MALE,ADOPTION RETURN,OVER THE COUNTER,UNKNOWN,WINDSOR,0.3942505133470226,0,0.49999999999999994,0.8660254037844387
CAT,DOMESTIC SH,BLACK/WHITE,MALE,STRAY,OVER THE COUNTER,TREATABLE/REHAB,SANTA ROSA,3.5017111567419574,0,0.49999999999999994,0.8660254037844387
DOG,GERM SHEPHERD,BLACK/TAN,FEMALE,STRAY,FIELD,UNKNOWN,COUNTY,0.2518822724161533,0,0.49999999999999994,0.8660254037844387
DOG,__RARE_OR_NEW__,RED/WHITE,FEMALE,STRAY,FIELD,UNKNOWN,COUNTY,0.999315537303217,0,0.49999999999999994,0.8660254037844387
DOG,PARSON RUSS TER/MIX,BR BRINDLE,MALE,STRAY,FIELD,UNKNOWN,SANTA ROSA,4.0,0,0.49999999999999994,0.8660254037844387
DOG,BORDER COLLIE,WHITE/BLACK,FEMALE,STRAY,OVER THE COUNTER,HEALTHY,COUNTY,0.432580424366872,0,0.49999999999999994,0.8660254037844387
DOG,BORDER COLLIE,WHITE/BLACK,FEMALE,STRAY,OVER THE COUNTER,HEALTHY,COUNTY,0.432580424366872,0,0.49999999999999994,0.8660254037844387
DOG,BORDER COLLIE,WHITE/BLACK,MALE,STRAY,OVER THE COUNTER,UNKNOWN,COUNTY,0.34223134839151265,0,0.49999999999999994,0.8660254037844387
DOG,__RARE_OR_NEW__,WHITE,FEMALE,STRAY,OVER THE COUNTER,HEALTHY,COUNTY,7.534565366187543,0,0.49999999999999994,0.8660254037844387
DOG,GERM SHEPHERD/MIX,TAN/BLACK,FEMALE,STRAY,FIELD,UNKNOWN,COUNTY,2.001368925393566,1,0.49999999999999994,0.8660254037844387
OTHER,RABBIT SH,WHITE/BROWN,MALE,STRAY,OVER THE COUNTER,UNKNOWN,SANTA ROSA,1.8986995208761122,1,0.49999999999999994,0.8660254037844387
CAT,DOMESTIC SH,BRN TABBY,UNKNOWN,STRAY,FIELD,UNKNOWN,SANTA ROSA,0.2518822724161533,1,0.49999999999999994,0.8660254037844387
DOG,__RARE_OR_NEW__,BLACK/WHITE,MALE,STRAY,OVER THE COUNTER,UNKNOWN,COUNTY,5.557837097878165,0,0.49999999999999994,0.8660254037844387
DOG,PIT BULL,GRAY/WHITE,MALE,STRAY,FIELD,UNKNOWN,COUNTY,3.4414784394250515,0,0.49999999999999994,0.8660254037844387
DOG,CHIHUAHUA SH,TAN,FEMALE,STRAY,OVER THE COUNTER,UNKNOWN,COUNTY,2.001368925393566,1,0.49999999999999994,0.8660254037844387
DOG,SIBERIAN HUSKY/MIX,BLACK/WHITE,MALE,STRAY,OVER THE COUNTER,TREATABLE/REHAB,SANTA ROSA,0.2518822724161533,0,0.49999999999999994,0.8660254037844387
DOG,CHIHUAHUA SH,TRICOLOR,FEMALE,STRAY,OVER THE COUNTER,UNKNOWN,COUNTY,15.92060232717317,0,0.49999999999999994,0.8660254037844387
DOG,PIT BULL/MIX,BLACK/WHITE,FEMALE,STRAY,OVER THE COUNTER,UNKNOWN,SANTA ROSA,4.999315537303217,0,0.49999999999999994,0.8660254037844387
DOG,PIT BULL/MIX,BLACK,MALE,STRAY,OVER THE COUNTER,UNKNOWN,COUNTY,2.4695414099931554,0,0.49999999999999994,0.8660254037844387
DOG,PIT BULL,WHITE/BLACK,MALE,CONFISCATE,FLD_HOSPTL,UNKNOWN,COUNTY,2.21492128678987,0,0.49999999999999994,0.8660254037844387
DOG,SIBERIAN HUSKY,GRAY/WHITE,MALE,STRAY,FIELD,HEALTHY,SANTA ROSA,1.4072553045859,0,0.49999999999999994,0.8660254037844387
DOG,PIT BULL/MIX,BROWN,MALE,STRAY,FIELD,HEALTHY,SANTA ROSA,0.09308692676249145,0,0.49999999999999994,0.8660254037844387
DOG,LABRADOR RETR,YELLOW,MALE,STRAY,FIELD,UNKNOWN,COUNTY,5.7878165639972625,0,0.49999999999999994,0.8660254037844387
OTHER,BAT,BLACK,UNKNOWN,QUARANTINE,FIELD,UNKNOWN,SANTA ROSA,1.8986995208761122,1,0.49999999999999994,0.8660254037844387
DOG,LABRADOR RETR/MIX,BR BRINDLE,FEMALE,STRAY,FIELD,HEALTHY,COUNTY,1.9137577002053388,0,0.49999999999999994,0.8660254037844387
DOG,__RARE_OR_NEW__,BR BRINDLE,MALE,STRAY,FIELD,HEALTHY,COUNTY,3.0006844626967832,0,0.49999999999999994,0.8660254037844387
DOG,__RARE_OR_NEW__,BLACK/WHITE,FEMALE,STRAY,FIELD,HEALTHY,SANTA ROSA,3.9069130732375084,0,0.49999999999999994,0.8660254037844387
DOG,PARSON RUSS TER/MIX,WHITE/BLACK,FEMALE,STRAY,FIELD,UNKNOWN,SANTA ROSA,9.010266940451745,0,0.49999999999999994,0.8660254037844387
DOG,BORDER COLLIE/MIX,WHITE/BLACK,MALE,STRAY,FIELD,UNKNOWN,SANTA ROSA,7.011635865845311,0,0.49999999999999994,0.8660254037844387
CAT,DOMESTIC SH,BLACK/WHITE,MALE,STRAY,OVER THE COUNTER,HEALTHY,SANTA ROSA,3.0006844626967832,0,0.49999999999999994,0.8660254037844387
OTHER,RABBIT SH,BLACK/WHITE,MALE,STRAY,OVER THE COUNTER,HEALTHY,SANTA ROSA,1.4729637234770705,0,0.49999999999999994,0.8660254037844387
DOG,GERM SHEPHERD/MIX,TRICOLOR,MALE,STRAY,OVER THE COUNTER,UNKNOWN,SANTA ROSA,7.000684462696783,0,0.49999999999999994,0.8660254037844387
OTHER,BAT,BROWN,UNKNOWN,QUARANTINE,FIELD,UNKNOWN,WINDSOR,1.8986995208761122,1,0.49999999999999994,0.8660254037844387
DOG,SIBERIAN HUSKY,TAN,MALE,OWNER SURRENDER,FIELD,UNKNOWN,COUNTY,1.2785763175906912,0,0.49999999999999994,0.8660254037844387
DOG,SIBERIAN HUSKY,TAN,MALE,OWNER SURRENDER,FIELD,UNKNOWN,COUNTY,1.2785763175906912,0,0.49999999999999994,0.8660254037844387
DOG,__RARE_OR_NEW__,TAN,MALE,OWNER SURRENDER,OVER THE COUNTER,UNKNOWN,SANTA ROSA,9.555099247091034,0,0.49999999999999994,0.8660254037844387
DOG,__RARE_OR_NEW__,BLACK/WHITE,FEMALE,OWNER SURRENDER,OVER THE COUNTER,UNKNOWN,SANTA ROSA,7.381245722108145,0,0.49999999999999994,0.8660254037844387
DOG,PUG,FAWN,MALE,STRAY,OVER THE COUNTER,UNKNOWN,COUNTY,10.855578370978781,0,0.49999999999999994,0.8660254037844387
DOG,__RARE_OR_NEW__,YELLOW,MALE,OWNER SURRENDER,FIELD,UNKNOWN,COUNTY,7.195071868583162,0,0.49999999999999994,0.8660254037844387
CAT,DOMESTIC MH,GRAY TABBY,FEMALE,STRAY,FIELD,UNKNOWN,SANTA ROSA,20.982888432580424,0,0.49999999999999994,0.8660254037844387
DOG,PIT BULL,TAN/WHITE,MALE,STRAY,FIELD,UNKNOWN,SANTA ROSA,0.810403832991102,0,0.49999999999999994,0.8660254037844387
DOG,GERM SHEPHERD,BROWN,MALE,OWNER SURRENDER,OVER THE COUNTER,UNKNOWN,SANTA ROSA,2.001368925393566,1,0.49999999999999994,0.8660254037844387
CAT,DOMESTIC SH,BRN TABBY,FEMALE,STRAY,OVER THE COUNTER,UNKNOWN,SANTA ROSA,9.998631074606434,0,0.49999999999999994,0.8660254037844387
CAT,DOMESTIC SH,CALICO,FEMALE,OWNER SURRENDER,OVER THE COUNTER,UNKNOWN,SANTA ROSA,0.837782340862423,0,0.49999999999999994,0.8660254037844387
CAT,DOMESTIC SH,CALICO,FEMALE,OWNER SURRENDER,OVER THE COUNTER,HEALTHY,SANTA ROSA,0.837782340862423,0,0.49999999999999994,0.8660254037844387
CAT,DOMESTIC SH,CALICO,FEMALE,OWNER SURRENDER,OVER THE COUNTER,HEALTHY,SANTA ROSA,0.837782340862423,0,0.49999999999999994,0.8660254037844387
DOG,__RARE_OR_NEW__,BROWN,FEMALE,STRAY,OVER THE COUNTER,TREATABLE/REHAB,SANTA ROSA,0.23819301848049282,0,0.49999999999999994,0.8660254037844387
CAT,DOMESTIC SH,ORG TABBY,MALE,STRAY,FIELD,HEALTHY,SANTA ROSA,1.998631074606434,0,0.49999999999999994,0.8660254037844387
DOG,PIT BULL/MIX,BLACK/WHITE,FEMALE,CONFISCATE,FIELD,HEALTHY,SANTA ROSA,2.001368925393566,1,0.49999999999999994,0.8660254037844387
DOG,AUST CATTLE DOG,__RARE_OR_NEW__,FEMALE,ADOPTION RETURN,OVER THE COUNTER,UNKNOWN,OUT OF COUNTY,0.6735112936344969,0,0.49999999999999994,0.8660254037844387
OTHER,CHICKEN,TRICOLOR,UNKNOWN,STRAY,FIELD,HEALTHY,COUNTY,1.8986995208761122,1,0.49999999999999994,0.8660254037844387
DOG,__RARE_OR_NEW__,BLACK/WHITE,FEMALE,STRAY,FIELD,HEALTHY,SANTA ROSA,2.754277891854894,0,0.49999999999999994,0.8660254037844387
DOG,__RARE_OR_NEW__,BLACK/TAN,MALE,STRAY,FIELD,UNKNOWN,COUNTY,2.001368925393566,1,0.49999999999999994,0.8660254037844387
DOG,CHIHUAHUA SH,TAN,FEMALE,STRAY,OVER THE COUNTER,UNKNOWN,SANTA ROSA,0.2518822724161533,0,0.49999999999999994,0.8660254037844387
CAT,DOMESTIC SH,BLACK/WHITE,MALE,STRAY,OVER THE COUNTER,HEALTHY,SANTA ROSA,1.998631074606434,0,0.49999999999999994,0.8660254037844387
OTHER,BAT,BROWN,UNKNOWN,QUARANTINE,FIELD,UNKNOWN,COUNTY,1.8986995208761122,1,0.49999999999999994,0.8660254037844387
DOG,LABRADOR RETR/PIT BULL,BROWN/WHITE,FEMALE,CONFISCATE,FIELD,UNKNOWN,SANTA ROSA,6.806297056810404,0,0.49999999999999994,0.8660254037844387
DOG,GERM SHEPHERD/MIX,WHITE,MALE,CONFISCATE,FIELD,UNKNOWN,SANTA ROSA,2.1601642710472277,0,0.49999999999999994,0.8660254037844387
DOG,PIT BULL,BR BRINDLE,MALE,CONFISCATE,FIELD,UNKNOWN,SANTA ROSA,5.073237508555784,0,0.49999999999999994,0.8660254037844387
DOG,GERM SHEPHERD,TAN/BLACK,FEMALE,CONFISCATE,FIELD,UNKNOWN,SANTA ROSA,3.7727583846680357,0,0.49999999999999994,0.8660254037844387
CAT,DOMESTIC SH,ORG TABBY,MALE,OWNER SURRENDER,FIELD,HEALTHY,SANTA ROSA,0.999315537303217,0,0.49999999999999994,0.8660254037844387
CAT,DOMESTIC SH,GRAY TABBY,MALE,STRAY,OVER THE COUNTER,UNKNOWN,COUNTY,0.2518822724161533,1,0.49999999999999994,0.8660254037844387
DOG,PIT BULL/MIX,TRICOLOR,FEMALE,STRAY,OVER THE COUNTER,UNKNOWN,COUNTY,2.9979466119096507,0,0.49999999999999994,0.8660254037844387
DOG,__RARE_OR_NEW__,BLACK/WHITE,MALE,STRAY,FIELD,UNKNOWN,SANTA ROSA,6.485968514715948,0,0.49999999999999994,0.8660254037844387
CAT,DOMESTIC SH,GRAY,MALE,STRAY,FIELD,UNKNOWN,COUNTY,0.2518822724161533,1,0.49999999999999994,0.8660254037844387
OTHER,__RARE_OR_NEW__,__RARE_OR_NEW__,UNKNOWN,STRAY,OVER THE COUNTER,UNKNOWN,SANTA ROSA,1.8986995208761122,1,0.49999999999999994,0.8660254037844387
CAT,DOMESTIC MH,BLACK/WHITE,MALE,STRAY,OVER THE COUNTER,UNKNOWN,SANTA ROSA,0.2518822724161533,1,0.49999999999999994,0.8660254037844387
DOG,__RARE_OR_NEW__,__RARE_OR_NEW__,FEMALE,STRAY,OVER THE COUNTER,UNKNOWN,COUNTY,1.9822039698836413,0,0.49999999999999994,0.8660254037844387
DOG,__RARE_OR_NEW__,TAN,FEMALE,QUARANTINE,FIELD,UNKNOWN,SANTA ROSA,2.001368925393566,1,0.49999999999999994,0.8660254037844387
CAT,DOMESTIC SH,BLACK/WHITE,MALE,OWNER SURRENDER,FIELD,UNKNOWN,SANTA ROSA,0.6707734428473648,0,0.49999999999999994,0.8660254037844387
CAT,DOMESTIC SH,BLACK,MALE,OWNER SURRENDER,FIELD,HEALTHY,SANTA ROSA,0.999315537303217,0,0.49999999999999994,0.8660254037844387
CAT,DOMESTIC SH,BLACK,FEMALE,OWNER SURRENDER,FIELD,UNKNOWN,SANTA ROSA,4.0,0,0.49999999999999994,0.8660254037844387
CAT,DOMESTIC SH,GRAY,FEMALE,OWNER SURRENDER,FIELD,HEALTHY,SANTA ROSA,0.9281314168377823,0,0.49999999999999994,0.8660254037844387
OTHER,__RARE_OR_NEW__,BROWN,MALE,STRAY,OVER THE COUNTER,UNKNOWN,SANTA ROSA,1.998631074606434,0,0.49999999999999994,0.8660254037844387
OTHER,__RARE_OR_NEW__,BROWN,UNKNOWN,CONFISCATE,FLD_ARREST,UNKNOWN,SANTA ROSA,1.8986995208761122,1,0.49999999999999994,0.8660254037844387
DOG,__RARE_OR_NEW__,BLACK/BROWN,MALE,CONFISCATE,FLD_ARREST,UNKNOWN,COUNTY,2.9130732375085557,0,0.49999999999999994,0.8660254037844387
DOG,PIT BULL/MIX,BLACK/WHITE,MALE,CONFISCATE,FLD_ARREST,UNKNOWN,COUNTY,1.9137577002053388,0,0.49999999999999994,0.8660254037844387
DOG,LABRADOR RETR/MIX,BLACK/WHITE,MALE,CONFISCATE,FLD_ARREST,UNKNOWN,COUNTY,2.9130732375085557,0,0.49999999999999994,0.8660254037844387
CAT,DOMESTIC SH,BRN TABBY/WHITE,FEMALE,STRAY,FIELD,HEALTHY,COUNTY,1.998631074606434,0,0.49999999999999994,0.8660254037844387
DOG,CHIHUAHUA SH,BLACK,MALE,STRAY,OVER THE COUNTER,UNKNOWN,SANTA ROSA,2.001368925393566,1,0.49999999999999994,0.8660254037844387
CAT,DOMESTIC SH,BRN TABBY,MALE,STRAY,OVER THE COUNTER,TREATABLE/MANAGEABLE,SANTA ROSA,1.998631074606434,0,0.49999999999999994,0.8660254037844387
DOG,CHIHUAHUA SH,WHITE/BLACK,FEMALE,STRAY,FIELD,TREATABLE/REHAB,SANTA ROSA,9.987679671457906,0,0.49999999999999994,0.8660254037844387
DOG,__RARE_OR_NEW__,BLUE MERLE,FEMALE,STRAY,FIELD,HEALTHY,SANTA ROSA,2.001368925393566,1,0.49999999999999994,0.8660254037844387
DOG,__RARE_OR_NEW__,TRICOLOR,FEMALE,STRAY,FIELD,HEALTHY,SANTA ROSA,4.0629705681040384,0,0.49999999999999994,0.8660254037844387
CAT,DOMESTIC SH,GRAY,FEMALE,STRAY,FIELD,UNKNOWN,SANTA ROSA,0.2518822724161533,1,0.49999999999999994,0.8660254037844387
DOG,ALASKAN HUSKY,BROWN/WHITE,FEMALE,STRAY,FIELD,UNKNOWN,SANTA ROSA,3.0006844626967832,0,0.49999999999999994,0.8660254037844387
OTHER,SHEEP,WHITE/BLACK,MALE,STRAY,FIELD,UNKNOWN,COUNTY,0.9555099247091033,0,0.49999999999999994,0.8660254037844387
DOG,POODLE MIN/MIX,WHITE,MALE,STRAY,FIELD,UNKNOWN,COUNTY,12.843258042436688,0,0.49999999999999994,0.8660254037844387
DOG,FRENCH BULLDOG,GRAY,MALE,STRAY,FIELD,UNKNOWN,SANTA ROSA,2.830937713894593,0,0.49999999999999994,0.8660254037844387
DOG,BORDER COLLIE,BLACK/WHITE,FEMALE,STRAY,FIELD,UNKNOWN,SANTA ROSA,8.999315537303216,0,0.49999999999999994,0.8660254037844387
DOG,PIT BULL,BLUE/WHITE,MALE,STRAY,OVER THE COUNTER,UNKNOWN,SANTA ROSA,3.162217659137577,0,0.49999999999999994,0.8660254037844387
CAT,DOMESTIC SH,GRAY/WHITE,MALE,STRAY,OVER THE COUNTER,UNKNOWN,SANTA ROSA,2.138261464750171,0,0.49999999999999994,0.8660254037844387
CAT,DOMESTIC SH,BRN TABBY,FEMALE,STRAY,OVER THE COUNTER,UNKNOWN,SANTA ROSA,0.2518822724161533,1,0.49999999999999994,0.8660254037844387
CAT,DOMESTIC SH,BLACK,FEMALE,STRAY,OVER THE COUNTER,UNKNOWN,SANTA ROSA,0.2245037645448323,0,0.49999999999999994,0.8660254037844387
CAT,DOMESTIC SH,BLACK,FEMALE,STRAY,OVER THE COUNTER,HEALTHY,SANTA ROSA,0.2245037645448323,0,0.49999999999999994,0.8660254037844387
CAT,DOMESTIC SH,GRAY,FEMALE,STRAY,OVER THE COUNTER,UNKNOWN,SANTA ROSA,0.2518822724161533,1,0.49999999999999994,0.8660254037844387
DOG,__RARE_OR_NEW__,GOLD,FEMALE,STRAY,OVER THE COUNTER,UNKNOWN,COUNTY,7.148528405201916,0,0.49999999999999994,0.8660254037844387
DOG,BELG MALINOIS,BLACK/BROWN,MALE,STRAY,FIELD,TREATABLE/REHAB,COUNTY,1.4428473648186173,0,0.49999999999999994,0.8660254037844387
DOG,GERM SHEPHERD,BROWN/BLACK,FEMALE,STRAY,FIELD,HEALTHY,COUNTY,2.945927446954141,0,0.49999999999999994,0.8660254037844387
OTHER,GUINEA PIG,TRICOLOR,FEMALE,CONFISCATE,FLD_EVICT,UNKNOWN,COUNTY,1.9767282683093772,0,0.49999999999999994,0.8660254037844387
OTHER,GUINEA PIG,TRICOLOR,FEMALE,CONFISCATE,FLD_EVICT,UNKNOWN,COUNTY,1.4729637234770705,0,0.49999999999999994,0.8660254037844387
OTHER,GUINEA PIG,TRICOLOR,FEMALE,CONFISCATE,FLD_EVICT,UNKNOWN,COUNTY,1.4729637234770705,0,0.49999999999999994,0.8660254037844387
OTHER,GUINEA PIG,BROWN/WHITE,FEMALE,CONFISCATE,FLD_EVICT,UNKNOWN,COUNTY,1.4729637234770705,0,0.49999999999999994,0.8660254037844387
OTHER,BAT,BROWN,UNKNOWN,QUARANTINE,FIELD,UNKNOWN,*ROHNERT PARK,1.8986995208761122,1,0.49999999999999994,0.8660254037844387
DOG,BELG MALINOIS,BROWN/BLACK,MALE,OWNER SURRENDER,OVER THE COUNTER,UNKNOWN,COUNTY,2.001368925393566,1,0.49999999999999994,0.8660254037844387
OTHER,CHICKEN,__RARE_OR_NEW__,MALE,STRAY,FIELD,UNKNOWN,SANTA ROSA,1.8986995208761122,1,0.49999999999999994,0.8660254037844387
CAT,DOMESTIC SH,FLAME PT,MALE,BORN HERE,__RARE_OR_NEW__,UNKNOWN,COUNTY,0.0,0,0.49999999999999994,0.8660254037844387
CAT,DOMESTIC SH,BRN TABBY,MALE,BORN HERE,__RARE_OR_NEW__,UNKNOWN,COUNTY,0.0,0,0.49999999999999994,0.8660254037844387
CAT,DOMESTIC SH,BRN TABBY/WHITE,MALE,BORN HERE,__RARE_OR_NEW__,UNKNOWN,COUNTY,0.0,0,0.49999999999999994,0.8660254037844387
CAT,DOMESTIC SH,BRN TABBY,MALE,STRAY,__RARE_OR_NEW__,UNTREATABLE,SANTA ROSA,0.0,0,0.49999999999999994,0.8660254037844387
CAT,DOMESTIC SH,BRN TABBY,MALE,STRAY,__RARE_OR_NEW__,UNTREATABLE,SANTA ROSA,0.0,0,0.49999999999999994,0.8660254037844387
DOG,AUST CATTLE DOG/MIX,TAN/WHITE,FEMALE,STRAY,OVER THE COUNTER,HEALTHY,SANTA ROSA,0.999315537303217,0,0.49999999999999994,0.8660254037844387
DOG,SIBERIAN HUSKY,BLACK/WHITE,MALE,STRAY,OVER THE COUNTER,UNKNOWN,COUNTY,6.50239561943874,0,0.49999999999999994,0.8660254037844387
DOG,GERM SHEPHERD/MIX,WHITE,MALE,QUARANTINE,FIELD,UNKNOWN,SANTA ROSA,2.187542778918549,0,0.49999999999999994,0.8660254037844387
DOG,PIT BULL,BLACK/WHITE,FEMALE,CONFISCATE,FLD_ARREST,TREATABLE/REHAB,COUNTY,14.694045174537989,0,0.49999999999999994,0.8660254037844387
DOG,SIBERIAN HUSKY,WHITE/GRAY,FEMALE,OWNER SURRENDER,OVER THE COUNTER,HEALTHY,COUNTY,7.211498973305955,0,0.49999999999999994,0.8660254037844387
DOG,LABRADOR RETR/MIX,TAN/WHITE,FEMALE,STRAY,FIELD,HEALTHY,SANTA ROSA,0.30390143737166325,0,0.49999999999999994,0.8660254037844387
DOG,SIBERIAN HUSKY,GRAY/BLACK,MALE,STRAY,FIELD,HEALTHY,SANTA ROSA,2.628336755646817,0,0.49999999999999994,0.8660254037844387
DOG,__RARE_OR_NEW__,WHITE,MALE,STRAY,FIELD,UNKNOWN,COUNTY,1.5030800821355237,0,0.49999999999999994,0.8660254037844387
CAT,DOMESTIC MH,BRN TABBY/WHITE,MALE,ADOPTION RETURN,OVER THE COUNTER,UNKNOWN,COUNTY,2.108145106091718,0,0.49999999999999994,0.8660254037844387
DOG,CATAHOULA/MIX,__RARE_OR_NEW__,FEMALE,STRAY,__RARE_OR_NEW__,UNKNOWN,COUNTY,13.45927446954141,0,0.49999999999999994,0.8660254037844387
DOG,BELG MALINOIS,BROWN/WHITE,MALE,STRAY,FIELD,UNKNOWN,COUNTY,1.434633812457221,0,0.49999999999999994,0.8660254037844387
DOG,SIBERIAN HUSKY,WHITE/GRAY,MALE,STRAY,OVER THE COUNTER,UNKNOWN,SANTA ROSA,1.998631074606434,0,0.49999999999999994,0.8660254037844387
DOG,AUST CATTLE DOG,TAN/WHITE,MALE,STRAY,OVER THE COUNTER,HEALTHY,SANTA ROSA,0.999315537303217,0,0.49999999999999994,0.8660254037844387
OTHER,BAT,BLACK,UNKNOWN,QUARANTINE,OVER THE COUNTER,UNKNOWN,COUNTY,1.8986995208761122,1,0.49999999999999994,0.8660254037844387
DOG,DACHSHUND/MIX,BROWN,MALE,CONFISCATE,FIELD,UNKNOWN,SANTA ROSA,9.99315537303217,0,0.49999999999999994,0.8660254037844387
DOG,ROTTWEILER,BLACK/TAN,MALE,STRAY,FIELD,UNKNOWN,SANTA ROSA,5.9958932238193015,0,0.8660254037844386,0.5000000000000001
DOG,CHIHUAHUA SH/MIX,TAN/WHITE,MALE,STRAY,FIELD,HEALTHY,SANTA ROSA,7.964407939767283,0,0.8660254037844386,0.5000000000000001
DOG,__RARE_OR_NEW__,WHITE,MALE,STRAY,FIELD,UNKNOWN,COUNTY,2.746064339493498,0,0.8660254037844386,0.5000000000000001
CAT,DOMESTIC LH,BLACK,FEMALE,STRAY,OVER THE COUNTER,UNKNOWN,SANTA ROSA,1.998631074606434,0,0.8660254037844386,0.5000000000000001
DOG,PUG,TAN/BLACK,FEMALE,CONFISCATE,FLD_CORONR,UNKNOWN,SANTA ROSA,15.34839151266256,0,0.8660254037844386,0.5000000000000001
CAT,DOMESTIC SH,GRAY TABBY,FEMALE,QUARANTINE,FIELD,HEALTHY,SANTA ROSA,0.42984257357973993,0,0.8660254037844386,0.5000000000000001
DOG,CHIHUAHUA SH,TAN,FEMALE,STRAY,OVER THE COUNTER,UNKNOWN,SANTA ROSA,2.001368925393566,1,0.8660254037844386,0.5000000000000001
CAT,SIAMESE/MIX,__RARE_OR_NEW__,MALE,STRAY,FIELD,UNKNOWN,SANTA ROSA,12.0,0,0.8660254037844386,0.5000000000000001
DOG,__RARE_OR_NEW__,BROWN,FEMALE,STRAY,FIELD,UNKNOWN,COUNTY,2.001368925393566,1,0.8660254037844386,0.5000000000000001
CAT,DOMESTIC SH,CALICO,FEMALE,QUARANTINE,FIELD,UNKNOWN,COUNTY,0.5804243668720055,0,0.8660254037844386,0.5000000000000001
DOG,SIBERIAN HUSKY,BROWN/WHITE,MALE,ADOPTION RETURN,OVER THE COUNTER,HEALTHY,*SEBASTOPOL,1.6427104722792607,0,0.8660254037844386,0.5000000000000001
DOG,__RARE_OR_NEW__,BROWN/BLACK,FEMALE,STRAY,OVER THE COUNTER,UNKNOWN,WINDSOR,5.138945927446954,0,0.8660254037844386,0.5000000000000001
DOG,GERM SHEPHERD/MIX,BLACK/BROWN,FEMALE,OWNER SURRENDER,OVER THE COUNTER,HEALTHY,COUNTY,2.9979466119096507,0,0.8660254037844386,0.5000000000000001
CAT,DOMESTIC SH,BLACK,MALE,CONFISCATE,FLD_CORONR,UNKNOWN,SANTA ROSA,0.2518822724161533,1,0.8660254037844386,0.5000000000000001
CAT,DOMESTIC SH,WHITE,FEMALE,CONFISCATE,FLD_CORONR,TREATABLE/MANAGEABLE,SANTA ROSA,2.9979466119096507,0,0.8660254037844386,0.5000000000000001
DOG,CHIHUAHUA SH/MIX,BLACK/TAN,MALE,STRAY,OVER THE COUNTER,UNKNOWN,SANTA ROSA,1.7385352498288844,0,0.8660254037844386,0.5000000000000001
CAT,DOMESTIC SH,BLACK/WHITE,UNKNOWN,STRAY,OVER THE COUNTER,UNKNOWN,SANTA ROSA,0.2518822724161533,1,0.8660254037844386,0.5000000000000001
DOG,CHIHUAHUA SH,TAN,MALE,STRAY,OVER THE COUNTER,UNKNOWN,COUNTY,9.995893223819301,0,0.8660254037844386,0.5000000000000001
DOG,CATAHOULA/MIX,__RARE_OR_NEW__,FEMALE,STRAY,OVER THE COUNTER,UNKNOWN,COUNTY,13.470225872689939,0,0.8660254037844386,0.5000000000000001
CAT,DOMESTIC SH,BRN TABBY,MALE,STRAY,OVER THE COUNTER,HEALTHY,SANTA ROSA,5.587953456536619,0,0.8660254037844386,0.5000000000000001
DOG,__RARE_OR_NEW__,WHITE,FEMALE,STRAY,FIELD,UNKNOWN,COUNTY,0.8240930869267625,0,0.8660254037844386,0.5000000000000001
DOG,POODLE MIN,WHITE,MALE,STRAY,FIELD,UNKNOWN,SANTA ROSA,4.991101984941821,0,0.8660254037844386,0.5000000000000001
CAT,DOMESTIC LH,BRN TABBY/WHITE,FEMALE,STRAY,OVER THE COUNTER,HEALTHY,COUNTY,8.0,0,0.8660254037844386,0.5000000000000001
DOG,__RARE_OR_NEW__,TAN,FEMALE,STRAY,OVER THE COUNTER,UNKNOWN,SANTA ROSA,0.28199863107460643,0,0.8660254037844386,0.5000000000000001
DOG,__RARE_OR_NEW__,TAN/BLACK,MALE,ADOPTION RETURN,OVER THE COUNTER,HEALTHY,OUT OF COUNTY,2.1546885694729636,0,0.8660254037844386,0.5000000000000001
DOG,PIT BULL/MIX,WHITE,FEMALE,STRAY,FIELD,UNKNOWN,SANTA ROSA,12.0,0,0.8660254037844386,0.5000000000000001
DOG,AUST CATTLE DOG,TRICOLOR,MALE,STRAY,FIELD,UNKNOWN,COUNTY,2.001368925393566,1,0.8660254037844386,0.5000000000000001
DOG,AUST CATTLE DOG,TRICOLOR,FEMALE,STRAY,FIELD,UNKNOWN,COUNTY,0.4380561259411362,0,0.8660254037844386,0.5000000000000001
DOG,SIBERIAN HUSKY,BLACK/WHITE,MALE,STRAY,FIELD,TREATABLE/REHAB,SANTA ROSA,0.432580424366872,0,0.8660254037844386,0.5000000000000001
DOG,__RARE_OR_NEW__,TAN,MALE,STRAY,FIELD,UNKNOWN,COUNTY,2.001368925393566,1,0.8660254037844386,0.5000000000000001
CAT,DOMESTIC SH,GRAY TABBY,MALE,STRAY,FIELD,UNKNOWN,SANTA ROSA,0.4134154688569473,0,0.8660254037844386,0.5000000000000001
DOG,__RARE_OR_NEW__,WHITE/BLACK,FEMALE,OWNER SURRENDER,FIELD,HEALTHY,SANTA ROSA,1.7905544147843941,0,0.8660254037844386,0.5000000000000001
DOG,__RARE_OR_NEW__,TAN/WHITE,MALE,STRAY,FIELD,UNKNOWN,COUNTY,12.0,0,0.8660254037844386,0.5000000000000001
DOG,SIBERIAN HUSKY,WHITE,MALE,STRAY,FIELD,HEALTHY,SANTA ROSA,0.5995893223819302,0,0.8660254037844386,0.5000000000000001
DOG,PIT BULL/MIX,TRICOLOR,MALE,STRAY,FIELD,HEALTHY,SANTA ROSA,2.001368925393566,1,0.8660254037844386,0.5000000000000001
CAT,DOMESTIC SH,WHITE/BROWN,FEMALE,STRAY,OVER THE COUNTER,UNKNOWN,SANTA ROSA,0.49555099247091033,0,0.8660254037844386,0.5000000000000001
DOG,PIT BULL,BR BRINDLE/WHITE,MALE,ADOPTION RETURN,OVER THE COUNTER,UNKNOWN,COUNTY,0.9938398357289527,0,0.8660254037844386,0.5000000000000001
DOG,SIBERIAN HUSKY,WHITE/BROWN,FEMALE,STRAY,FIELD,HEALTHY,SANTA ROSA,0.9034907597535934,0,0.8660254037844386,0.5000000000000001
DOG,PIT BULL/MIX,BLACK,FEMALE,STRAY,FIELD,UNKNOWN,COUNTY,0.917180013689254,0,0.8660254037844386,0.5000000000000001
DOG,CHIHUAHUA SH/MIX,WHITE/TAN,MALE,STRAY,FIELD,UNKNOWN,COUNTY,1.4921286789869952,0,0.8660254037844386,0.5000000000000001
DOG,__RARE_OR_NEW__,GRAY/WHITE,MALE,STRAY,OVER THE COUNTER,HEALTHY,SANTA ROSA,1.4702258726899384,0,0.8660254037844386,0.5000000000000001
DOG,GERM SHEPHERD/MIX,BLACK/TAN,MALE,STRAY,FIELD,UNKNOWN,SANTA ROSA,0.999315537303217,0,0.8660254037844386,0.5000000000000001
CAT,DOMESTIC SH,BLACK/WHITE,UNKNOWN,STRAY,OVER THE COUNTER,UNKNOWN,COUNTY,0.2518822724161533,1,0.8660254037844386,0.5000000000000001
DOG,SIBERIAN HUSKY/MIX,WHITE/GRAY,MALE,STRAY,FIELD,HEALTHY,SANTA ROSA,0.3066392881587953,0,0.8660254037844386,0.5000000000000001
CAT,DOMESTIC SH,WHITE/BLACK,MALE,ADOPTION RETURN,OVER THE COUNTER,HEALTHY,COUNTY,1.1334702258726899,0,0.8660254037844386,0.5000000000000001
DOG,SIBERIAN HUSKY,RED/WHITE,FEMALE,STRAY,FIELD,HEALTHY,SANTA ROSA,2.9021218343600275,0,0.8660254037844386,0.5000000000000001
DOG,FRENCH BULLDOG,BROWN/WHITE,FEMALE,STRAY,FIELD,UNKNOWN,SANTA ROSA,1.0732375085557837,0,0.8660254037844386,0.5000000000000001
OTHER,BAT,BLACK,UNKNOWN,QUARANTINE,FIELD,UNKNOWN,SANTA ROSA,1.8986995208761122,1,0.8660254037844386,0.5000000000000001
OTHER,__RARE_OR_NEW__,BLACK,FEMALE,STRAY,OVER THE COUNTER,HEALTHY,SANTA ROSA,0.9828884325804244,0,0.8660254037844386,0.5000000000000001
DOG,CHIHUAHUA SH/MIX,TAN/BLACK,MALE,STRAY,FIELD,UNKNOWN,COUNTY,1.998631074606434,0,0.8660254037844386,0.5000000000000001
DOG,PIT BULL,BROWN/WHITE,MALE,STRAY,FLD_STRAY,UNKNOWN,SANTA ROSA,2.001368925393566,1,0.8660254037844386,0.5000000000000001
DOG,PIT BULL,BROWN/WHITE,MALE,STRAY,FLD_STRAY,UNKNOWN,SANTA ROSA,2.001368925393566,1,0.8660254037844386,0.5000000000000001
DOG,LABRADOR RETR/MIX,BLACK,MALE,STRAY,FIELD,UNKNOWN,SANTA ROSA,8.0,0,0.8660254037844386,0.5000000000000001
DOG,PIT BULL/MIX,BLACK/WHITE,FEMALE,CONFISCATE,FLD_HOSPTL,UNKNOWN,SANTA ROSA,22.43394934976044,0,0.8660254037844386,0.5000000000000001
DOG,GERM SHEPHERD/MIX,BLACK/TAN,FEMALE,STRAY,FIELD,UNKNOWN,SANTA ROSA,2.001368925393566,1,0.8660254037844386,0.5000000000000001
DOG,BELG MALINOIS/MIX,TAN/BLACK,FEMALE,STRAY,FIELD,UNKNOWN,SANTA ROSA,2.9979466119096507,0,0.8660254037844386,0.5000000000000001
CAT,DOMESTIC SH,__RARE_OR_NEW__,FEMALE,STRAY,OVER THE COUNTER,UNKNOWN,SANTA ROSA,4.0,0,0.8660254037844386,0.5000000000000001
DOG,PARSON RUSS TER/MIX,TRICOLOR,FEMALE,STRAY,OVER THE COUNTER,UNKNOWN,SANTA ROSA,2.001368925393566,1,0.8660254037844386,0.5000000000000001
DOG,SIBERIAN HUSKY,WHITE/GRAY,FEMALE,STRAY,OVER THE COUNTER,HEALTHY,SANTA ROSA,2.0643394934976045,0,0.8660254037844386,0.5000000000000001
DOG,CHIHUAHUA LH/MIX,BROWN,MALE,STRAY,FIELD,HEALTHY,SANTA ROSA,8.087611225188228,0,0.8660254037844386,0.5000000000000001
DOG,POMERANIAN,TAN,FEMALE,STRAY,FIELD,HEALTHY,SANTA ROSA,2.001368925393566,1,0.8660254037844386,0.5000000000000001
CAT,DOMESTIC SH,ORG TABBY,FEMALE,STRAY,OVER THE COUNTER,HEALTHY,COUNTY,0.947296372347707,0,0.8660254037844386,0.5000000000000001
DOG,__RARE_OR_NEW__,TAN,MALE,STRAY,FIELD,HEALTHY,SANTA ROSA,2.001368925393566,1,0.8660254037844386,0.5000000000000001
DOG,SIBERIAN HUSKY,WHITE/BLACK,FEMALE,STRAY,FIELD,HEALTHY,SANTA ROSA,0.999315537303217,0,0.8660254037844386,0.5000000000000001
DOG,GERM SHEPHERD/MIX,BLACK/TAN,FEMALE,ADOPTION RETURN,OVER THE COUNTER,HEALTHY,SANTA ROSA,0.6406570841889117,0,0.8660254037844386,0.5000000000000001
CAT,DOMESTIC SH,BRN TABBY,UNKNOWN,STRAY,FIELD,UNKNOWN,COUNTY,0.2518822724161533,1,0.8660254037844386,0.5000000000000001
DOG,AUST CATTLE DOG,BLACK/GRAY,MALE,STRAY,FIELD,HEALTHY,SANTA ROSA,12.999315537303216,0,0.8660254037844386,0.5000000000000001
DOG,GERM SHEPHERD,BLACK/TAN,FEMALE,STRAY,FIELD,HEALTHY,SANTA ROSA,7.885010266940451,0,0.8660254037844386,0.5000000000000001
OTHER,BAT,BLACK,UNKNOWN,QUARANTINE,FIELD,UNKNOWN,COUNTY,1.8986995208761122,1,0.8660254037844386,0.5000000000000001
DOG,SIBERIAN HUSKY,RED/WHITE,MALE,STRAY,FIELD,TREATABLE/REHAB,COUNTY,1.4099931553730323,0,0.8660254037844386,0.5000000000000001
DOG,__RARE_OR_NEW__,WHITE/BROWN,FEMALE,STRAY,FIELD,TREATABLE/REHAB,SANTA ROSA,1.998631074606434,0,0.8660254037844386,0.5000000000000001
OTHER,CHICKEN,__RARE_OR_NEW__,MALE,STRAY,FIELD,HEALTHY,COUNTY,1.8986995208761122,1,0.8660254037844386,0.5000000000000001
OTHER,BAT,BROWN,UNKNOWN,QUARANTINE,FIELD,UNKNOWN,*SONOMA,1.8986995208761122,1,0.8660254037844386,0.5000000000000001
DOG,GERM SHEPHERD,BLACK/BROWN,MALE,STRAY,OVER THE COUNTER,HEALTHY,COUNTY,0.31759069130732376,0,0.8660254037844386,0.5000000000000001
DOG,BEAGLE/MIX,__RARE_OR_NEW__,FEMALE,STRAY,FIELD,HEALTHY,SANTA ROSA,1.998631074606434,0,0.8660254037844386,0.5000000000000001
CAT,DOMESTIC SH,GRAY TABBY,FEMALE,STRAY,OVER THE COUNTER,UNKNOWN,SANTA ROSA,1.4948665297741273,0,0.8660254037844386,0.5000000000000001
OTHER,__RARE_OR_NEW__,WHITE/BLACK,MALE,STRAY,OVER THE COUNTER,HEALTHY,SANTA ROSA,2.9979466119096507,0,0.8660254037844386,0.5000000000000001
OTHER,BAT/MEX FREE-TAIL,GRAY,UNKNOWN,QUARANTINE,FIELD,UNKNOWN,SANTA ROSA,1.8986995208761122,1,0.8660254037844386,0.5000000000000001
OTHER,BAT/MEX FREE-TAIL,GRAY,UNKNOWN,QUARANTINE,FIELD,UNKNOWN,COUNTY,1.8986995208761122,1,0.8660254037844386,0.5000000000000001
DOG,CHIHUAHUA SH,TAN,MALE,STRAY,OVER THE COUNTER,UNKNOWN,SANTA ROSA,8.980150581793293,0,0.8660254037844386,0.5000000000000001
OTHER,BAT/MEX FREE-TAIL,GRAY,UNKNOWN,QUARANTINE,FIELD,UNKNOWN,COUNTY,1.8986995208761122,1,0.8660254037844386,0.5000000000000001
DOG,__RARE_OR_NEW__,WHITE,MALE,STRAY,FIELD,HEALTHY,COUNTY,0.6954140999315537,0,0.8660254037844386,0.5000000000000001
DOG,__RARE_OR_NEW__,WHITE,FEMALE,STRAY,FIELD,HEALTHY,COUNTY,1.3388090349075976,0,0.8660254037844386,0.5000000000000001
DOG,BORDER COLLIE,__RARE_OR_NEW__,MALE,STRAY,FIELD,UNKNOWN,COUNTY,3.0116358658453115,0,0.8660254037844386,0.5000000000000001
DOG,__RARE_OR_NEW__,BLACK/WHITE,MALE,OWNER SURRENDER,OVER THE COUNTER,UNKNOWN,PETALUMA,5.601642710472279,0,0.8660254037844386,0.5000000000000001
CAT,DOMESTIC SH,ORG TABBY,MALE,QUARANTINE,FIELD,TREATABLE/REHAB,SANTA ROSA,2.948665297741273,0,0.8660254037844386,0.5000000000000001
OTHER,__RARE_OR_NEW__,GRAY/WHITE,UNKNOWN,STRAY,FIELD,UNKNOWN,SANTA ROSA,1.8986995208761122,1,0.8660254037844386,0.5000000000000001
CAT,DOMESTIC SH,AGOUTI,UNKNOWN,BORN HERE,MOM STRAY,HEALTHY,COUNTY,0.0,0,0.8660254037844386,0.5000000000000001
CAT,DOMESTIC SH,AGOUTI,UNKNOWN,BORN HERE,MOM STRAY,HEALTHY,COUNTY,0.0,0,0.8660254037844386,0.5000000000000001
CAT,DOMESTIC SH,AGOUTI,UNKNOWN,BORN HERE,MOM STRAY,HEALTHY,COUNTY,0.0,0,0.8660254037844386,0.5000000000000001
CAT,DOMESTIC SH,AGOUTI,UNKNOWN,BORN HERE,MOM STRAY,HEALTHY,COUNTY,0.0,0,0.8660254037844386,0.5000000000000001
CAT,DOMESTIC SH,AGOUTI,UNKNOWN,BORN HERE,MOM STRAY,HEALTHY,COUNTY,0.0,0,0.8660254037844386,0.5000000000000001
DOG,GERM SHEPHERD,BLACK/BROWN,MALE,STRAY,OVER THE COUNTER,HEALTHY,SANTA ROSA,6.997946611909651,0,0.8660254037844386,0.5000000000000001
CAT,DOMESTIC LH,ORANGE/WHITE,MALE,STRAY,OVER THE COUNTER,UNKNOWN,COUNTY,1.998631074606434,0,0.8660254037844386,0.5000000000000001
DOG,AUST CATTLE DOG/MIX,WHITE/BLACK,MALE,STRAY,FIELD,UNKNOWN,SANTA ROSA,3.4962354551676933,0,0.8660254037844386,0.5000000000000001
DOG,SIBERIAN HUSKY/MIX,BLACK/WHITE,FEMALE,STRAY,OVER THE COUNTER,TREATABLE/REHAB,SANTA ROSA,0.2929500342231348,0,0.8660254037844386,0.5000000000000001
CAT,DOMESTIC MH,GRAY,MALE,STRAY,OVER THE COUNTER,HEALTHY,SANTA ROSA,1.9657768651608487,0,0.8660254037844386,0.5000000000000001
CAT,DOMESTIC SH,BLACK/WHITE,UNKNOWN,STRAY,OVER THE COUNTER,UNKNOWN,COUNTY,0.2518822724161533,1,0.8660254037844386,0.5000000000000001
OTHER,BAT,BROWN,MALE,QUARANTINE,FIELD,UNKNOWN,SANTA ROSA,1.8986995208761122,1,0.8660254037844386,0.5000000000000001
CAT,DOMESTIC MH,CALICO,FEMALE,STRAY,FLD_STRAY,UNKNOWN,SANTA ROSA,16.0,0,0.8660254037844386,0.5000000000000001
DOG,CHIHUAHUA SH/MIX,BROWN/TAN,MALE,CONFISCATE,FLD_HOSPTL,UNKNOWN,SANTA ROSA,5.9986310746064335,0,0.8660254037844386,0.5000000000000001
CAT,DOMESTIC LH,GRAY/WHITE,MALE,STRAY,OVER THE COUNTER,UNTREATABLE,SANTA ROSA,0.2518822724161533,1,0.8660254037844386,0.5000000000000001
DOG,PIT BULL,BLACK,MALE,STRAY,FIELD,HEALTHY,SANTA ROSA,0.26283367556468173,0,0.8660254037844386,0.5000000000000001
CAT,SIAMESE/MIX,SEAL PT,MALE,STRAY,OVER THE COUNTER,UNKNOWN,COUNTY,0.8158795345653662,0,0.8660254037844386,0.5000000000000001
OTHER,BAT,BROWN,MALE,QUARANTINE,FIELD,UNKNOWN,COUNTY,1.8986995208761122,1,0.8660254037844386,0.5000000000000001
DOG,__RARE_OR_NEW__,CREAM,FEMALE,STRAY,OVER THE COUNTER,UNKNOWN,COUNTY,1.998631074606434,0,0.8660254037844386,0.5000000000000001
DOG,__RARE_OR_NEW__,BROWN,MALE,STRAY,FIELD,HEALTHY,COUNTY,0.9281314168377823,0,0.8660254037844386,0.5000000000000001
DOG,PARSON RUSS TER/MIX,WHITE/BROWN,FEMALE,STRAY,OVER THE COUNTER,UNKNOWN,SANTA ROSA,0.6625598904859685,0,0.8660254037844386,0.5000000000000001
DOG,__RARE_OR_NEW__,RED,FEMALE,STRAY,OVER THE COUNTER,UNKNOWN,SANTA ROSA,3.3648186173853527,0,0.8660254037844386,0.5000000000000001
DOG,SIBERIAN HUSKY,GRAY/WHITE,MALE,OWNER SURRENDER,FIELD,UNKNOWN,COUNTY,3.9835728952772076,0,0.8660254037844386,0.5000000000000001
DOG,PIT BULL/LABRADOR RETR,WHITE/BROWN,FEMALE,STRAY,FLD_EMERGE,UNKNOWN,COUNTY,4.0,0,0.8660254037844386,0.5000000000000001
DOG,__RARE_OR_NEW__,BLACK/TAN,FEMALE,STRAY,FIELD,UNKNOWN,SANTA ROSA,0.999315537303217,0,0.8660254037844386,0.5000000000000001
DOG,LABRADOR RETR/MIX,BLACK/WHITE,MALE,CONFISCATE,FIELD,UNKNOWN,COUNTY,2.9979466119096507,0,0.8660254037844386,0.5000000000000001
DOG,PIT BULL/MIX,BLACK/WHITE,MALE,CONFISCATE,FIELD,UNKNOWN,COUNTY,1.998631074606434,0,0.8660254037844386,0.5000000000000001
DOG,__RARE_OR_NEW__,BLACK/BROWN,MALE,CONFISCATE,FIELD,UNKNOWN,COUNTY,2.9979466119096507,0,0.8660254037844386,0.5000000000000001
DOG,GERM SHEPHERD/MIX,TRICOLOR,MALE,STRAY,FIELD,UNKNOWN,COUNTY,1.998631074606434,0,0.8660254037844386,0.5000000000000001
DOG,GERM SHEPHERD,BLACK/TAN,MALE,STRAY,FIELD,TREATABLE/MANAGEABLE,SANTA ROSA,0.7474332648870636,0,0.8660254037844386,0.5000000000000001
DOG,GERM SHEPHERD,BROWN/BLACK,FEMALE,ADOPTION RETURN,OVER THE COUNTER,UNKNOWN,HEALDSBURG,3.0171115674195756,0,0.8660254037844386,0.5000000000000001
OTHER,__RARE_OR_NEW__,WHITE/GRAY,MALE,STRAY,OVER THE COUNTER,UNKNOWN,SANTA ROSA,1.998631074606434,0,0.8660254037844386,0.5000000000000001
OTHER,RABBIT SH,WHITE/BLACK,MALE,STRAY,OVER THE COUNTER,UNKNOWN,SANTA ROSA,0.49555099247091033,0,0.8660254037844386,0.5000000000000001
DOG,PIT BULL/MIX,FAWN,MALE,QUARANTINE,FIELD,UNKNOWN,SANTA ROSA,2.9979466119096507,0,0.8660254037844386,0.5000000000000001
CAT,DOMESTIC MH,BLACK/WHITE,FEMALE,STRAY,OVER THE COUNTER,UNKNOWN,COUNTY,0.2518822724161533,1,0.8660254037844386,0.5000000000000001
CAT,DOMESTIC SH,GRAY,UNKNOWN,STRAY,OVER THE COUNTER,UNKNOWN,COUNTY,0.019164955509924708,0,0.8660254037844386,0.5000000000000001
CAT,DOMESTIC SH,GRAY,UNKNOWN,STRAY,OVER THE COUNTER,UNKNOWN,COUNTY,0.019164955509924708,0,0.8660254037844386,0.5000000000000001
CAT,DOMESTIC SH,GRAY,UNKNOWN,STRAY,OVER THE COUNTER,UNKNOWN,COUNTY,0.019164955509924708,0,0.8660254037844386,0.5000000000000001
CAT,DOMESTIC SH,BLACK,UNKNOWN,STRAY,OVER THE COUNTER,UNKNOWN,COUNTY,0.019164955509924708,0,0.8660254037844386,0.5000000000000001
OTHER,DUCK,__RARE_OR_NEW__,UNKNOWN,STRAY,FIELD,UNKNOWN,COUNTY,1.8986995208761122,1,0.8660254037844386,0.5000000000000001
DOG,PIT BULL/MIX,BLACK,MALE,STRAY,OVER THE COUNTER,UNKNOWN,SANTA ROSA,6.997946611909651,0,0.8660254037844386,0.5000000000000001
DOG,__RARE_OR_NEW__,BROWN/WHITE,FEMALE,STRAY,FIELD,UNKNOWN,COUNTY,0.49555099247091033,0,0.8660254037844386,0.5000000000000001
DOG,__RARE_OR_NEW__,TAN,MALE,QUARANTINE,FIELD,UNKNOWN,SANTA ROSA,9.607118412046544,0,0.8660254037844386,0.5000000000000001
DOG,PIT BULL,BLACK/WHITE,MALE,STRAY,FIELD,UNKNOWN,SANTA ROSA,2.965092402464066,0,0.8660254037844386,0.5000000000000001
DOG,__RARE_OR_NEW__,WHITE,FEMALE,OWNER SURRENDER,OVER THE COUNTER,HEALTHY,COUNTY,1.3607118412046544,0,0.8660254037844386,0.5000000000000001
DOG,__RARE_OR_NEW__,WHITE,MALE,OWNER SURRENDER,OVER THE COUNTER,HEALTHY,COUNTY,0.7173169062286106,0,0.8660254037844386,0.5000000000000001
DOG,YORKSHIRE TERR,BROWN/BLACK,FEMALE,STRAY,OVER THE COUNTER,UNKNOWN,SANTA ROSA,9.995893223819301,0,0.8660254037844386,0.5000000000000001
CAT,DOMESTIC SH,BLACK,MALE,STRAY,OVER THE COUNTER,UNKNOWN,SANTA ROSA,0.04106776180698152,0,0.8660254037844386,0.5000000000000001
CAT,DOMESTIC SH,BRN TABBY,MALE,STRAY,OVER THE COUNTER,HEALTHY,SANTA ROSA,1.4948665297741273,0,0.8660254037844386,0.5000000000000001
CAT,DOMESTIC SH,BRN TABBY,FEMALE,STRAY,OVER THE COUNTER,HEALTHY,SANTA ROSA,0.9418206707734429,0,0.8660254037844386,0.5000000000000001
DOG,PIT BULL/MIX,RED/BLACK,MALE,STRAY,OVER THE COUNTER,UNKNOWN,COUNTY,6.658453114305271,0,0.8660254037844386,0.5000000000000001
DOG,SHIH TZU,CREAM,MALE,STRAY,OVER THE COUNTER,UNKNOWN,COUNTY,14.223134839151266,0,0.8660254037844386,0.5000000000000001
DOG,__RARE_OR_NEW__,GOLD,FEMALE,STRAY,FIELD,UNKNOWN,COUNTY,1.002053388090349,0,0.8660254037844386,0.5000000000000001
DOG,FRENCH BULLDOG,TAN,MALE,STRAY,OVER THE COUNTER,HEALTHY,COUNTY,0.8459958932238193,0,0.8660254037844386,0.5000000000000001
DOG,__RARE_OR_NEW__,BROWN/WHITE,FEMALE,OWNER SURRENDER,OVER THE COUNTER,UNKNOWN,COUNTY,0.49828884325804246,0,0.8660254037844386,0.5000000000000001
DOG,PIT BULL/MIX,BLUE/WHITE,FEMALE,STRAY,PHONE,UNKNOWN,COUNTY,12.224503764544833,0,0.8660254037844386,0.5000000000000001
DOG,BELG MALINOIS,BROWN/BLACK,MALE,QUARANTINE,FIELD,UNKNOWN,COUNTY,3.619438740588638,0,0.8660254037844386,0.5000000000000001
DOG,CHIHUAHUA SH,BROWN,FEMALE,STRAY,FIELD,HEALTHY,SANTA ROSA,0.999315537303217,0,0.8660254037844386,0.5000000000000001
CAT,DOMESTIC SH,BRN TABBY,MALE,STRAY,OVER THE COUNTER,UNKNOWN,SANTA ROSA,0.32854209445585214,0,0.8660254037844386,0.5000000000000001
DOG,__RARE_OR_NEW__,WHITE/BROWN,FEMALE,OWNER SURRENDER,OVER THE COUNTER,UNKNOWN,COUNTY,1.998631074606434,0,0.8660254037844386,0.5000000000000001
DOG,CHIHUAHUA SH/MIX,BROWN,MALE,OWNER SURRENDER,OVER THE COUNTER,UNKNOWN,COUNTY,0.06023271731690623,0,0.8660254037844386,0.5000000000000001
DOG,CHIHUAHUA SH/MIX,BROWN,MALE,OWNER SURRENDER,OVER THE COUNTER,UNKNOWN,COUNTY,0.06023271731690623,0,0.8660254037844386,0.5000000000000001
DOG,CHIHUAHUA SH/MIX,BROWN,MALE,OWNER SURRENDER,OVER THE COUNTER,UNKNOWN,COUNTY,0.06023271731690623,0,0.8660254037844386,0.5000000000000001
DOG,CHIHUAHUA SH/MIX,BROWN,MALE,OWNER SURRENDER,OVER THE COUNTER,UNKNOWN,COUNTY,0.06023271731690623,0,0.8660254037844386,0.5000000000000001
DOG,CHIHUAHUA SH/MIX,BROWN,MALE,OWNER SURRENDER,OVER THE COUNTER,UNKNOWN,COUNTY,0.06023271731690623,0,0.8660254037844386,0.5000000000000001
DOG,CHIHUAHUA SH/MIX,BROWN,FEMALE,OWNER SURRENDER,OVER THE COUNTER,UNKNOWN,COUNTY,0.06023271731690623,0,0.8660254037844386,0.5000000000000001
DOG,CHIHUAHUA SH/MIX,BROWN,FEMALE,OWNER SURRENDER,OVER THE COUNTER,UNKNOWN,COUNTY,0.06023271731690623,0,0.8660254037844386,0.5000000000000001
CAT,DOMESTIC SH,LYNX PT,FEMALE,OWNER SURRENDER,OVER THE COUNTER,HEALTHY,SANTA ROSA,0.1943874058863792,0,0.8660254037844386,0.5000000000000001
CAT,__RARE_OR_NEW__,__RARE_OR_NEW__,FEMALE,OWNER SURRENDER,OVER THE COUNTER,HEALTHY,SANTA ROSA,0.1943874058863792,0,0.8660254037844386,0.5000000000000001
CAT,SIAMESE/MIX,LYNX PT,FEMALE,OWNER SURRENDER,OVER THE COUNTER,HEALTHY,SANTA ROSA,0.1943874058863792,0,0.8660254037844386,0.5000000000000001
DOG,__RARE_OR_NEW__,FAWN/WHITE,MALE,STRAY,FIELD,HEALTHY,COUNTY,0.999315537303217,0,0.8660254037844386,0.5000000000000001
DOG,AUST SHEPHERD,BROWN/WHITE,MALE,OWNER SURRENDER,FIELD,UNKNOWN,SANTA ROSA,1.0294318959616702,0,0.8660254037844386,0.5000000000000001
DOG,__RARE_OR_NEW__,WHITE,MALE,CONFISCATE,FLD_ARREST,HEALTHY,SANTA ROSA,0.7364818617385352,0,0.8660254037844386,0.5000000000000001
DOG,__RARE_OR_NEW__,WHITE,MALE,STRAY,FIELD,TREATABLE/MANAGEABLE,COUNTY,3.7371663244353184,0,0.8660254037844386,0.5000000000000001
DOG,__RARE_OR_NEW__,BLACK/BROWN,MALE,STRAY,FIELD,HEALTHY,COUNTY,0.9664613278576317,0,0.8660254037844386,0.5000000000000001
DOG,__RARE_OR_NEW__,BR BRINDLE,FEMALE,STRAY,FIELD,HEALTHY,SANTA ROSA,1.4647501711156743,0,0.8660254037844386,0.5000000000000001
OTHER,CHICKEN,TRICOLOR,FEMALE,STRAY,FIELD,HEALTHY,SANTA ROSA,1.8986995208761122,1,0.8660254037844386,0.5000000000000001
OTHER,CHICKEN,WHITE,MALE,STRAY,FIELD,UNKNOWN,COUNTY,1.8986995208761122,1,0.8660254037844386,0.5000000000000001
OTHER,__RARE_OR_NEW__,__RARE_OR_NEW__,UNKNOWN,STRAY,FIELD,UNKNOWN,SANTA ROSA,1.8986995208761122,1,0.8660254037844386,0.5000000000000001
DOG,PARSON RUSS TER,WHITE/BLACK,MALE,STRAY,OVER THE COUNTER,UNKNOWN,SANTA ROSA,2.9979466119096507,0,0.8660254037844386,0.5000000000000001
CAT,DOMESTIC SH,BRN TABBY/WHITE,MALE,STRAY,OVER THE COUNTER,UNKNOWN,SANTA ROSA,1.998631074606434,0,0.8660254037844386,0.5000000000000001
DOG,PIT BULL/MIX,BR BRINDLE/WHITE,FEMALE,CONFISCATE,FLD_ABAND,UNKNOWN,SANTA ROSA,5.938398357289528,0,0.8660254037844386,0.5000000000000001
DOG,LABRADOR RETR/MIX,TAN/WHITE,FEMALE,STRAY,OVER THE COUNTER,HEALTHY,SANTA ROSA,0.9609856262833676,0,0.8660254037844386,0.5000000000000001
DOG,__RARE_OR_NEW__,TRICOLOR,FEMALE,STRAY,FIELD,UNKNOWN,COUNTY,14.76249144421629,0,0.8660254037844386,0.5000000000000001
DOG,CHIHUAHUA SH/MIX,BROWN,MALE,STRAY,FIELD,UNKNOWN,COUNTY,13.705681040383299,0,0.8660254037844386,0.5000000000000001
OTHER,__RARE_OR_NEW__,AGOUTI,FEMALE,OWNER SURRENDER,OVER THE COUNTER,HEALTHY,SANTA ROSA,0.32854209445585214,0,0.8660254037844386,0.5000000000000001
OTHER,__RARE_OR_NEW__,AGOUTI,FEMALE,OWNER SURRENDER,OVER THE COUNTER,HEALTHY,SANTA ROSA,0.4079397672826831,0,0.8660254037844386,0.5000000000000001
OTHER,__RARE_OR_NEW__,AGOUTI,MALE,OWNER SURRENDER,OVER THE COUNTER,HEALTHY,SANTA ROSA,0.4079397672826831,0,0.8660254037844386,0.5000000000000001
OTHER,__RARE_OR_NEW__,AGOUTI,FEMALE,OWNER SURRENDER,OVER THE COUNTER,HEALTHY,SANTA ROSA,0.4079397672826831,0,0.8660254037844386,0.5000000000000001
DOG,__RARE_OR_NEW__,GRAY,MALE,STRAY,FIELD,TREATABLE/MANAGEABLE,COUNTY,5.965776865160849,0,0.8660254037844386,0.5000000000000001
OTHER,RABBIT SH,BROWN/WHITE,MALE,STRAY,OVER THE COUNTER,HEALTHY,SANTA ROSA,1.9000684462696784,0,0.8660254037844386,0.5000000000000001
CAT,DOMESTIC MH,BRN TABBY,MALE,STRAY,OVER THE COUNTER,HEALTHY,SANTA ROSA,0.5503080082135524,0,0.8660254037844386,0.5000000000000001
OTHER,__RARE_OR_NEW__,__RARE_OR_NEW__,UNKNOWN,STRAY,OVER THE COUNTER,HEALTHY,COUNTY,0.944558521560575,0,0.8660254037844386,0.5000000000000001
DOG,__RARE_OR_NEW__,CHOCOLATE,MALE,STRAY,OVER THE COUNTER,UNKNOWN,COUNTY,2.8884325804243667,0,0.8660254037844386,0.5000000000000001
DOG,__RARE_OR_NEW__,WHITE/BROWN,MALE,STRAY,FIELD,UNKNOWN,COUNTY,11.958932238193018,0,0.8660254037844386,0.5000000000000001
DOG,PARSON RUSS TER/MIX,WHITE,FEMALE,CONFISCATE,FLD_HOSPTL,UNKNOWN,SANTA ROSA,13.631759069130732,0,0.8660254037844386,0.5000000000000001
DOG,__RARE_OR_NEW__,CHOCOLATE/WHITE,MALE,STRAY,FIELD,UNKNOWN,SANTA ROSA,5.8288843258042435,0,0.8660254037844386,0.5000000000000001
OTHER,GUINEA PIG,TRICOLOR,MALE,OWNER SURRENDER,OVER THE COUNTER,UNKNOWN,COUNTY,0.9500342231348392,0,1.0,6.123233995736766e-17
OTHER,GUINEA PIG,BLACK/WHITE,MALE,OWNER SURRENDER,OVER THE COUNTER,UNKNOWN,COUNTY,0.9500342231348392,0,1.0,6.123233995736766e-17
OTHER,SHEEP,WHITE,FEMALE,STRAY,FIELD,UNKNOWN,COUNTY,1.8986995208761122,1,1.0,6.123233995736766e-17
DOG,GERM SHEPHERD,BLACK/TAN,MALE,STRAY,FIELD,HEALTHY,COUNTY,2.001368925393566,1,1.0,6.123233995736766e-17
OTHER,__RARE_OR_NEW__,BROWN,FEMALE,STRAY,FIELD,HEALTHY,SANTA ROSA,1.8986995208761122,1,1.0,6.123233995736766e-17
CAT,DOMESTIC SH,BRN TABBY/WHITE,MALE,STRAY,FIELD,UNKNOWN,SANTA ROSA,4.0,0,1.0,6.123233995736766e-17
DOG,RAT TERRIER/MIX,BLACK/WHITE,FEMALE,STRAY,FIELD,HEALTHY,SANTA ROSA,5.9986310746064335,0,1.0,6.123233995736766e-17
DOG,AUST CATTLE DOG,__RARE_OR_NEW__,FEMALE,STRAY,FIELD,HEALTHY,SANTA ROSA,0.6598220396988365,0,1.0,6.123233995736766e-17
DOG,SIBERIAN HUSKY,BLACK/WHITE,MALE,STRAY,OVER THE COUNTER,HEALTHY,COUNTY,2.9979466119096507,0,1.0,6.123233995736766e-17
DOG,SIBERIAN HUSKY,BLACK/WHITE,FEMALE,STRAY,OVER THE COUNTER,HEALTHY,COUNTY,2.9979466119096507,0,1.0,6.123233995736766e-17
DOG,CHIHUAHUA SH/MIX,CREAM,MALE,STRAY,OVER THE COUNTER,HEALTHY,COUNTY,0.29842573579739906,0,1.0,6.123233995736766e-17
CAT,DOMESTIC SH,BUFF,MALE,STRAY,OVER THE COUNTER,TREATABLE/REHAB,SANTA ROSA,4.974674880219028,0,1.0,6.123233995736766e-17
DOG,GERM SHEPHERD/MIX,BLACK,MALE,STRAY,OVER THE COUNTER,UNKNOWN,COUNTY,0.9911019849418207,0,1.0,6.123233995736766e-17
DOG,DOBERMAN PINSCH,__RARE_OR_NEW__,MALE,STRAY,OVER THE COUNTER,UNKNOWN,COUNTY,0.5722108145106092,0,1.0,6.123233995736766e-17
DOG,FRENCH BULLDOG,BLACK,FEMALE,CONFISCATE,FLD_ARREST,UNKNOWN,SANTA ROSA,1.0759753593429158,0,1.0,6.123233995736766e-17
DOG,FRENCH BULLDOG,FAWN,MALE,CONFISCATE,FLD_ARREST,UNKNOWN,SANTA ROSA,0.5722108145106092,0,1.0,6.123233995736766e-17
DOG,PIT BULL,TAN/WHITE,FEMALE,STRAY,FIELD,HEALTHY,SANTA ROSA,2.001368925393566,1,1.0,6.123233995736766e-17
CAT,DOMESTIC SH,TORTIE,FEMALE,STRAY,PHONE,UNKNOWN,SANTA ROSA,0.15331964407939766,0,1.0,6.123233995736766e-17
CAT,DOMESTIC SH,ORG TABBY,MALE,STRAY,PHONE,UNKNOWN,SANTA ROSA,0.15331964407939766,0,1.0,6.123233995736766e-17
DOG,__RARE_OR_NEW__,BR BRINDLE/WHITE,MALE,STRAY,FIELD,UNKNOWN,COUNTY,2.001368925393566,1,1.0,6.123233995736766e-17
DOG,__RARE_OR_NEW__,TAN/WHITE,FEMALE,STRAY,FIELD,TREATABLE/MANAGEABLE,SANTA ROSA,5.9986310746064335,0,1.0,6.123233995736766e-17
DOG,__RARE_OR_NEW__,GOLD,FEMALE,STRAY,FIELD,UNKNOWN,COUNTY,2.001368925393566,1,1.0,6.123233995736766e-17
DOG,__RARE_OR_NEW__,GOLD,FEMALE,STRAY,FIELD,UNKNOWN,COUNTY,2.001368925393566,1,1.0,6.123233995736766e-17
DOG,SIBERIAN HUSKY/MIX,BROWN/WHITE,FEMALE,STRAY,FIELD,UNKNOWN,SANTA ROSA,2.001368925393566,1,1.0,6.123233995736766e-17
DOG,GERM SHEPHERD/MIX,TAN,FEMALE,STRAY,FIELD,HEALTHY,SANTA ROSA,2.9349760438056127,0,1.0,6.123233995736766e-17
DOG,SIBERIAN HUSKY/MIX,BLACK/WHITE,FEMALE,STRAY,FIELD,HEALTHY,SANTA ROSA,1.9329226557152634,0,1.0,6.123233995736766e-17
DOG,GERM SHEPHERD/MIX,BROWN/WHITE,MALE,STRAY,FIELD,HEALTHY,SANTA ROSA,0.33127994524298426,0,1.0,6.123233995736766e-17
DOG,GERM SHEPHERD/MIX,BLACK/WHITE,FEMALE,STRAY,FIELD,HEALTHY,SANTA ROSA,0.33127994524298426,0,1.0,6.123233995736766e-17
DOG,SIBERIAN HUSKY/MIX,BROWN/WHITE,FEMALE,STRAY,FIELD,HEALTHY,SANTA ROSA,2.001368925393566,1,1.0,6.123233995736766e-17
DOG,SIBERIAN HUSKY,BLACK,MALE,STRAY,FIELD,HEALTHY,SANTA ROSA,2.001368925393566,1,1.0,6.123233995736766e-17
DOG,GERM SHEPHERD/MIX,BLACK/TAN,FEMALE,STRAY,OVER THE COUNTER,UNKNOWN,COUNTY,0.2464065708418891,0,1.0,6.123233995736766e-17
DOG,CHIHUAHUA SH,BROWN,FEMALE,STRAY,OVER THE COUNTER,TREATABLE/REHAB,SANTA ROSA,0.9527720739219713,0,1.0,6.123233995736766e-17
CAT,DOMESTIC SH,BLACK,MALE,STRAY,OVER THE COUNTER,UNKNOWN,SANTA ROSA,0.08487337440109514,0,1.0,6.123233995736766e-17
DOG,CHIHUAHUA SH/MIX,RED,MALE,STRAY,OVER THE COUNTER,HEALTHY,SANTA ROSA,3.9260780287474333,0,1.0,6.123233995736766e-17
DOG,GERM SHEPHERD,RED/BLACK,FEMALE,STRAY,OVER THE COUNTER,UNKNOWN,COUNTY,2.9815195071868583,0,1.0,6.123233995736766e-17
DOG,LABRADOR RETR/PIT BULL,BROWN/WHITE,FEMALE,CONFISCATE,FLD_ARREST,UNKNOWN,SANTA ROSA,6.940451745379876,0,1.0,6.123233995736766e-17
DOG,GERM SHEPHERD,TAN/BLACK,FEMALE,CONFISCATE,FLD_ARREST,HEALTHY,SANTA ROSA,3.9069130732375084,0,1.0,6.123233995736766e-17
CAT,DOMESTIC SH,WHITE/BRN TABBY,MALE,STRAY,FIELD,HEALTHY,SANTA ROSA,1.4976043805612593,0,1.0,6.123233995736766e-17
OTHER,BAT,BROWN,UNKNOWN,QUARANTINE,FIELD,UNKNOWN,SANTA ROSA,1.8986995208761122,1,1.0,6.123233995736766e-17
CAT,DOMESTIC SH,TORTIE/BRN TABBY,FEMALE,STRAY,FIELD,UNKNOWN,COUNTY,12.999315537303216,0,1.0,6.123233995736766e-17
DOG,CHIHUAHUA SH/MIX,WHITE/TAN,MALE,STRAY,FIELD,UNKNOWN,COUNTY,10.803559206023271,0,1.0,6.123233995736766e-17
DOG,PIT BULL/MIX,BROWN,MALE,CONFISCATE,FLD_HOSPTL,UNKNOWN,SANTA ROSA,1.9904175222450375,0,1.0,6.123233995736766e-17
OTHER,__RARE_OR_NEW__,GRAY,UNKNOWN,STRAY,OVER THE COUNTER,UNKNOWN,SANTA ROSA,1.8986995208761122,1,1.0,6.123233995736766e-17
CAT,DOMESTIC SH,BRN TABBY,MALE,STRAY,FIELD,UNKNOWN,COUNTY,2.9979466119096507,0,1.0,6.123233995736766e-17
OTHER,BAT,BROWN,UNKNOWN,QUARANTINE,FIELD,UNKNOWN,SANTA ROSA,1.8986995208761122,1,1.0,6.123233995736766e-17
DOG,__RARE_OR_NEW__,TAN,FEMALE,STRAY,FIELD,UNKNOWN,SANTA ROSA,0.8323066392881588,0,1.0,6.123233995736766e-17
DOG,ENG BULLDOG,GRAY/WHITE,FEMALE,STRAY,FIELD,TREATABLE/REHAB,SANTA ROSA,7.9780971937029435,0,1.0,6.123233995736766e-17
DOG,GERM SHEPHERD,TAN/BLACK,MALE,STRAY,FIELD,UNKNOWN,SANTA ROSA,7.2908966461327855,0,1.0,6.123233995736766e-17
DOG,GERM SHEPHERD/MIX,BLACK,MALE,STRAY,FIELD,UNKNOWN,COUNTY,1.0047912388774811,0,1.0,6.123233995736766e-17
DOG,DOBERMAN PINSCH,__RARE_OR_NEW__,MALE,STRAY,FIELD,UNKNOWN,COUNTY,0.5859000684462696,0,1.0,6.123233995736766e-17
DOG,GERM SHEPHERD/MIX,BLACK,MALE,STRAY,FIELD,UNKNOWN,SANTA ROSA,2.001368925393566,1,1.0,6.123233995736766e-17
DOG,SIBERIAN HUSKY,BLACK/WHITE,MALE,STRAY,FIELD,UNKNOWN,COUNTY,1.998631074606434,0,1.0,6.123233995736766e-17
OTHER,BAT,BROWN,MALE,QUARANTINE,FIELD,UNKNOWN,SANTA ROSA,1.8986995208761122,1,1.0,6.123233995736766e-17
DOG,GERM SHEPHERD/MIX,BLACK/TAN,FEMALE,STRAY,FIELD,UNKNOWN,SANTA ROSA,1.998631074606434,0,1.0,6.123233995736766e-17
DOG,__RARE_OR_NEW__,WHITE,FEMALE,STRAY,OVER THE COUNTER,UNKNOWN,SANTA ROSA,1.998631074606434,0,1.0,6.123233995736766e-17
OTHER,BAT,BROWN,UNKNOWN,QUARANTINE,FIELD,UNKNOWN,COUNTY,1.8986995208761122,1,1.0,6.123233995736766e-17
CAT,DOMESTIC SH,BLACK,FEMALE,STRAY,FLD_STRAY,UNKNOWN,COUNTY,17.998631074606433,0,1.0,6.123233995736766e-17
CAT,DOMESTIC SH,__RARE_OR_NEW__,FEMALE,STRAY,OVER THE COUNTER,HEALTHY,SANTA ROSA,1.998631074606434,0,1.0,6.123233995736766e-17
DOG,ALASKAN HUSKY,__RARE_OR_NEW__,FEMALE,STRAY,FIELD,HEALTHY,COUNTY,0.6954140999315537,0,1.0,6.123233995736766e-17
CAT,DOMESTIC MH,BLACK,MALE,STRAY,FLD_STRAY,HEALTHY,COUNTY,1.462012320328542,0,1.0,6.123233995736766e-17
CAT,DOMESTIC SH,BLACK/WHITE,FEMALE,STRAY,OVER THE COUNTER,UNKNOWN,SANTA ROSA,0.038329911019849415,0,1.0,6.123233995736766e-17
CAT,DOMESTIC SH,BLACK/WHITE,FEMALE,STRAY,OVER THE COUNTER,UNKNOWN,SANTA ROSA,0.038329911019849415,0,1.0,6.123233995736766e-17
CAT,DOMESTIC SH,BLACK/WHITE,MALE,STRAY,OVER THE COUNTER,UNKNOWN,SANTA ROSA,0.038329911019849415,0,1.0,6.123233995736766e-17
CAT,DOMESTIC SH,BLACK,MALE,STRAY,OVER THE COUNTER,UNKNOWN,SANTA ROSA,0.038329911019849415,0,1.0,6.123233995736766e-17
CAT,DOMESTIC SH,BLACK,FEMALE,STRAY,OVER THE COUNTER,UNKNOWN,SANTA ROSA,1.998631074606434,0,1.0,6.123233995736766e-17
CAT,DOMESTIC SH,BLACK,FEMALE,STRAY,OVER THE COUNTER,UNKNOWN,SANTA ROSA,0.038329911019849415,0,1.0,6.123233995736766e-17
CAT,DOMESTIC SH,BLACK,FEMALE,STRAY,OVER THE COUNTER,UNKNOWN,SANTA ROSA,0.2518822724161533,1,1.0,6.123233995736766e-17
CAT,DOMESTIC SH,BLACK/WHITE,UNKNOWN,STRAY,OVER THE COUNTER,UNKNOWN,SANTA ROSA,0.2518822724161533,1,1.0,6.123233995736766e-17
DOG,LABRADOR RETR/MIX,BLACK/WHITE,FEMALE,STRAY,OVER THE COUNTER,UNKNOWN,COUNTY,1.4154688569472964,0,1.0,6.123233995736766e-17
DOG,SIBERIAN HUSKY,BLACK/WHITE,MALE,OWNER SURRENDER,OVER THE COUNTER,HEALTHY,COUNTY,2.004106776180698,0,1.0,6.123233995736766e-17
OTHER,BAT,BROWN,UNKNOWN,QUARANTINE,FIELD,UNKNOWN,COUNTY,1.8986995208761122,1,1.0,6.123233995736766e-17
DOG,__RARE_OR_NEW__,WHITE/BLACK,FEMALE,CONFISCATE,FLD_ARREST,HEALTHY,SANTA ROSA,2.9897330595482545,0,1.0,6.123233995736766e-17
OTHER,BAT,BROWN,UNKNOWN,QUARANTINE,FIELD,UNKNOWN,COUNTY,1.8986995208761122,1,1.0,6.123233995736766e-17
DOG,AUST CATTLE DOG,__RARE_OR_NEW__,MALE,QUARANTINE,FIELD,UNKNOWN,COUNTY,2.001368925393566,1,1.0,6.123233995736766e-17
OTHER,__RARE_OR_NEW__,TRICOLOR,MALE,STRAY,FIELD,UNKNOWN,COUNTY,1.8986995208761122,1,1.0,6.123233995736766e-17
DOG,AUST CATTLE DOG/MIX,WHITE/BROWN,FEMALE,STRAY,FIELD,HEALTHY,SANTA ROSA,3.920602327173169,0,1.0,6.123233995736766e-17
CAT,DOMESTIC SH,__RARE_OR_NEW__,FEMALE,STRAY,OVER THE COUNTER,UNKNOWN,SANTA ROSA,0.2518822724161533,1,1.0,6.123233995736766e-17
DOG,GERM SHEPHERD/MIX,BR BRINDLE,FEMALE,STRAY,OVER THE COUNTER,UNKNOWN,SANTA ROSA,12.188911704312115,0,1.0,6.123233995736766e-17
CAT,DOMESTIC SH,CHOCOLATE,MALE,STRAY,FIELD,HEALTHY,SANTA ROSA,1.4976043805612593,0,1.0,6.123233995736766e-17
OTHER,BAT/MEX FREE-TAIL,BROWN,UNKNOWN,QUARANTINE,FIELD,UNKNOWN,COUNTY,1.8986995208761122,1,1.0,6.123233995736766e-17
DOG,GERM SHEPHERD/MIX,BROWN/BLACK,FEMALE,STRAY,FIELD,UNKNOWN,SANTA ROSA,1.1334702258726899,0,1.0,6.123233995736766e-17
DOG,PIT BULL,WHITE/GRAY,MALE,STRAY,FIELD,UNKNOWN,SANTA ROSA,0.9911019849418207,0,1.0,6.123233995736766e-17
CAT,DOMESTIC LH,BLACK,MALE,STRAY,OVER THE COUNTER,HEALTHY,SANTA ROSA,1.9822039698836413,0,1.0,6.123233995736766e-17
CAT,DOMESTIC SH,BLACK,MALE,STRAY,OVER THE COUNTER,TREATABLE/MANAGEABLE,COUNTY,2.9979466119096507,0,1.0,6.123233995736766e-17
OTHER,BAT/MEX FREE-TAIL,BROWN,UNKNOWN,QUARANTINE,FIELD,UNKNOWN,COUNTY,1.8986995208761122,1,1.0,6.123233995736766e-17
CAT,DOMESTIC SH,__RARE_OR_NEW__,FEMALE,STRAY,OVER THE COUNTER,HEALTHY,COUNTY,1.4976043805612593,0,1.0,6.123233995736766e-17
CAT,DOMESTIC SH,ORANGE,MALE,STRAY,OVER THE COUNTER,UNKNOWN,COUNTY,0.11225188227241616,0,1.0,6.123233995736766e-17
OTHER,__RARE_OR_NEW__,WHITE,UNKNOWN,STRAY,OVER THE COUNTER,UNKNOWN,SANTA ROSA,1.8986995208761122,1,1.0,6.123233995736766e-17
CAT,DOMESTIC SH,BRN TABBY,UNKNOWN,STRAY,EMAIL,TREATABLE/REHAB,SANTA ROSA,0.08487337440109514,0,1.0,6.123233995736766e-17
CAT,DOMESTIC SH,BRN TABBY,UNKNOWN,STRAY,EMAIL,TREATABLE/REHAB,SANTA ROSA,0.08487337440109514,0,1.0,6.123233995736766e-17
CAT,DOMESTIC SH,BRN TABBY,UNKNOWN,STRAY,EMAIL,TREATABLE/REHAB,SANTA ROSA,0.08487337440109514,0,1.0,6.123233995736766e-17
CAT,DOMESTIC SH,BRN TABBY,UNKNOWN,STRAY,EMAIL,TREATABLE/REHAB,SANTA ROSA,0.08487337440109514,0,1.0,6.123233995736766e-17
CAT,DOMESTIC SH,BRN TABBY,UNKNOWN,STRAY,EMAIL,TREATABLE/REHAB,SANTA ROSA,0.08487337440109514,0,1.0,6.123233995736766e-17
CAT,DOMESTIC SH,BRN TABBY,UNKNOWN,STRAY,EMAIL,TREATABLE/REHAB,SANTA ROSA,0.08487337440109514,0,1.0,6.123233995736766e-17
DOG,PIT BULL,BLACK/WHITE,MALE,STRAY,OVER THE COUNTER,HEALTHY,SANTA ROSA,0.11225188227241616,0,1.0,6.123233995736766e-17
DOG,WELSH CORGI CAR/MIX,BR BRINDLE,MALE,STRAY,FIELD,UNKNOWN,COUNTY,13.412731006160165,0,1.0,6.123233995736766e-17
CAT,DOMESTIC SH,BLACK,MALE,STRAY,OVER THE COUNTER,HEALTHY,SANTA ROSA,0.999315537303217,0,1.0,6.123233995736766e-17
CAT,DOMESTIC SH,BRN TABBY/WHITE,MALE,STRAY,OVER THE COUNTER,HEALTHY,SANTA ROSA,0.999315537303217,0,1.0,6.123233995736766e-17
CAT,DOMESTIC SH,BRN TABBY,MALE,STRAY,OVER THE COUNTER,HEALTHY,SANTA ROSA,0.999315537303217,0,1.0,6.123233995736766e-17
OTHER,__RARE_OR_NEW__,WHITE,UNKNOWN,STRAY,FIELD,UNKNOWN,COUNTY,1.8986995208761122,1,1.0,6.123233995736766e-17
DOG,SIBERIAN HUSKY,WHITE/BLACK,FEMALE,STRAY,OVER THE COUNTER,UNKNOWN,SANTA ROSA,1.0896646132785763,0,1.0,6.123233995736766e-17
DOG,SHIH TZU,WHITE/BLACK,MALE,STRAY,FIELD,UNKNOWN,SANTA ROSA,3.997262149212868,0,1.0,6.123233995736766e-17
DOG,__RARE_OR_NEW__,BLACK/TAN,FEMALE,STRAY,OVER THE COUNTER,UNKNOWN,SANTA ROSA,9.388090349075975,0,1.0,6.123233995736766e-17
DOG,PIT BULL,GRAY,MALE,STRAY,OVER THE COUNTER,UNKNOWN,SANTA ROSA,2.001368925393566,1,1.0,6.123233995736766e-17
DOG,__RARE_OR_NEW__,CHOCOLATE/WHITE,MALE,STRAY,FIELD,HEALTHY,SANTA ROSA,1.4976043805612593,0,1.0,6.123233995736766e-17
OTHER,GUINEA PIG,BROWN/WHITE,FEMALE,STRAY,FIELD,HEALTHY,SANTA ROSA,0.9527720739219713,0,1.0,6.123233995736766e-17
OTHER,GUINEA PIG,BROWN/WHITE,FEMALE,STRAY,FIELD,HEALTHY,SANTA ROSA,0.9527720739219713,0,1.0,6.123233995736766e-17
OTHER,GUINEA PIG,AGOUTI,FEMALE,STRAY,FIELD,HEALTHY,SANTA ROSA,1.9520876112251881,0,1.0,6.123233995736766e-17
OTHER,BAT/MEX FREE-TAIL,BROWN,UNKNOWN,QUARANTINE,FIELD,UNKNOWN,SANTA ROSA,1.8986995208761122,1,1.0,6.123233995736766e-17
CAT,DOMESTIC SH,BRN TABBY/WHITE,MALE,OWNER SURRENDER,OVER THE COUNTER,HEALTHY,SANTA ROSA,0.999315537303217,0,1.0,6.123233995736766e-17
CAT,DOMESTIC MH,BLACK/WHITE,MALE,OWNER SURRENDER,OVER THE COUNTER,HEALTHY,SANTA ROSA,0.999315537303217,0,1.0,6.123233995736766e-17
OTHER,BAT,BROWN,MALE,QUARANTINE,FIELD,UNKNOWN,COUNTY,1.8986995208761122,1,1.0,6.123233995736766e-17
OTHER,HORSE,RED,FEMALE,STRAY,FIELD,UNKNOWN,SANTA ROSA,1.8986995208761122,1,1.0,6.123233995736766e-17
DOG,__RARE_OR_NEW__,TAN/BLACK,MALE,ADOPTION RETURN,OVER THE COUNTER,HEALTHY,*ROHNERT PARK,2.269678302532512,0,1.0,6.123233995736766e-17
OTHER,GUINEA PIG,__RARE_OR_NEW__,MALE,STRAY,OVER THE COUNTER,HEALTHY,COUNTY,1.998631074606434,0,1.0,6.123233995736766e-17
DOG,CHIHUAHUA SH/MIX,WHITE/BROWN,MALE,STRAY,OVER THE COUNTER,HEALTHY,SANTA ROSA,1.998631074606434,0,1.0,6.123233995736766e-17
DOG,__RARE_OR_NEW__,__RARE_OR_NEW__,MALE,STRAY,FIELD,UNKNOWN,SANTA ROSA,3.9561943874058865,0,1.0,6.123233995736766e-17
CAT,DOMESTIC SH,BLACK,UNKNOWN,BORN HERE,MOM STRAY,UNKNOWN,COUNTY,0.0,0,1.0,6.123233995736766e-17
CAT,DOMESTIC SH,BLACK,UNKNOWN,BORN HERE,MOM STRAY,UNKNOWN,COUNTY,0.0,0,1.0,6.123233995736766e-17
CAT,DOMESTIC SH,BLACK,UNKNOWN,BORN HERE,MOM STRAY,UNKNOWN,COUNTY,0.0,0,1.0,6.123233995736766e-17
DOG,PIT BULL/MIX,WHITE/BLACK,MALE,STRAY,FIELD,UNKNOWN,SANTA ROSA,2.001368925393566,1,1.0,6.123233995736766e-17
OTHER,BAT,BROWN,UNKNOWN,QUARANTINE,FIELD,UNKNOWN,SANTA ROSA,1.8986995208761122,1,1.0,6.123233995736766e-17
DOG,FRENCH BULLDOG,GRAY/WHITE,MALE,STRAY,FIELD,HEALTHY,SANTA ROSA,2.2861054072553046,0,1.0,6.123233995736766e-17
DOG,AUST SHEPHERD/MIX,TRICOLOR,FEMALE,STRAY,FIELD,HEALTHY,SANTA ROSA,4.555783709787817,0,1.0,6.123233995736766e-17
DOG,PIT BULL/MIX,BR BRINDLE/WHITE,MALE,STRAY,FIELD,HEALTHY,SANTA ROSA,2.001368925393566,1,1.0,6.123233995736766e-17
DOG,GERM SHEPHERD,BROWN/BLACK,FEMALE,STRAY,FIELD,HEALTHY,COUNTY,4.895277207392197,0,1.0,6.123233995736766e-17
DOG,__RARE_OR_NEW__,BROWN/BLACK,FEMALE,STRAY,FIELD,HEALTHY,SANTA ROSA,0.9527720739219713,0,1.0,6.123233995736766e-17
OTHER,BAT,BROWN,UNKNOWN,QUARANTINE,FIELD,UNKNOWN,COUNTY,1.8986995208761122,1,1.0,6.123233995736766e-17
DOG,PIT BULL/MIX,WHITE/BLACK,FEMALE,STRAY,FIELD,UNKNOWN,COUNTY,2.001368925393566,1,1.0,6.123233995736766e-17
DOG,PIT BULL/LABRADOR RETR,BR BRINDLE,FEMALE,STRAY,FIELD,UNKNOWN,COUNTY,2.001368925393566,1,1.0,6.123233995736766e-17
DOG,GREAT PYRENEES,WHITE,MALE,STRAY,FIELD,UNKNOWN,COUNTY,2.001368925393566,0,1.0,6.123233995736766e-17
DOG,DACHSHUND/MIX,BROWN,FEMALE,STRAY,FIELD,UNKNOWN,SANTA ROSA,7.485284052019165,0,1.0,6.123233995736766e-17
DOG,LABRADOR RETR,BLACK,MALE,STRAY,FIELD,UNKNOWN,COUNTY,6.997946611909651,0,1.0,6.123233995736766e-17
CAT,DOMESTIC SH,WHITE/BRN TABBY,FEMALE,STRAY,OVER THE COUNTER,UNKNOWN,SANTA ROSA,1.8617385352498288,0,1.0,6.123233995736766e-17
DOG,CHIHUAHUA SH,BROWN,MALE,OWNER SURRENDER,OVER THE COUNTER,UNKNOWN,SANTA ROSA,4.999315537303217,0,1.0,6.123233995736766e-17
DOG,POODLE MIN/MIX,CREAM,MALE,STRAY,FIELD,UNKNOWN,COUNTY,10.99794661190965,0,1.0,6.123233995736766e-17
CAT,DOMESTIC SH,BLACK/WHITE,FEMALE,STRAY,FIELD,HEALTHY,COUNTY,1.9247091033538672,0,1.0,6.123233995736766e-17
OTHER,BAT,BROWN,UNKNOWN,QUARANTINE,FIELD,UNKNOWN,SANTA ROSA,1.8986995208761122,1,1.0,6.123233995736766e-17
DOG,PIT BULL,TAN,FEMALE,STRAY,PHONE,UNKNOWN,SANTA ROSA,1.571526351813826,0,1.0,6.123233995736766e-17
DOG,__RARE_OR_NEW__,BLACK,MALE,QUARANTINE,FIELD,UNKNOWN,SANTA ROSA,8.421629021218344,0,1.0,6.123233995736766e-17
DOG,__RARE_OR_NEW__,BLACK,MALE,QUARANTINE,FIELD,UNKNOWN,SANTA ROSA,1.5797399041752225,0,1.0,6.123233995736766e-17
CAT,DOMESTIC SH,GRAY TABBY,MALE,STRAY,OVER THE COUNTER,TREATABLE/MANAGEABLE,SANTA ROSA,0.5366187542778919,0,1.0,6.123233995736766e-17
DOG,__RARE_OR_NEW__,RED/WHITE,FEMALE,STRAY,FIELD,HEALTHY,SANTA ROSA,2.001368925393566,1,1.0,6.123233995736766e-17
DOG,SHIH TZU/MIX,BLACK/WHITE,FEMALE,STRAY,FIELD,HEALTHY,COUNTY,2.948665297741273,0,1.0,6.123233995736766e-17
DOG,PIT BULL,__RARE_OR_NEW__,MALE,STRAY,FIELD,UNKNOWN,SANTA ROSA,0.6543463381245722,0,1.0,6.123233995736766e-17
DOG,ROTTWEILER,BLACK/TAN,MALE,CONFISCATE,FLD_ARREST,UNKNOWN,COUNTY,2.001368925393566,1,1.0,6.123233995736766e-17
CAT,DOMESTIC SH,GRAY TABBY,FEMALE,OWNER SURRENDER,OVER THE COUNTER,UNKNOWN,WINDSOR,12.0,0,1.0,6.123233995736766e-17
CAT,DOMESTIC SH,TRICOLOR,FEMALE,STRAY,FIELD,UNKNOWN,SANTA ROSA,2.510609171800137,0,1.0,6.123233995736766e-17
DOG,CHIHUAHUA SH/MIX,RED,FEMALE,STRAY,FIELD,HEALTHY,COUNTY,0.9253935660506503,0,1.0,6.123233995736766e-17
DOG,SIBERIAN HUSKY/MIX,BLACK/WHITE,FEMALE,ADOPTION RETURN,OVER THE COUNTER,UNKNOWN,COUNTY,0.3915126625598905,0,1.0,6.123233995736766e-17
DOG,__RARE_OR_NEW__,BLACK/BROWN,FEMALE,STRAY,FIELD,HEALTHY,COUNTY,2.940451745379877,0,1.0,6.123233995736766e-17
OTHER,__RARE_OR_NEW__,GRAY,UNKNOWN,STRAY,FIELD,UNKNOWN,COUNTY,1.8986995208761122,1,1.0,6.123233995736766e-17
OTHER,__RARE_OR_NEW__,BLACK/BROWN,UNKNOWN,STRAY,OVER THE COUNTER,UNKNOWN,SANTA ROSA,1.8986995208761122,1,1.0,6.123233995736766e-17
DOG,PARSON RUSS TER/MIX,WHITE/BROWN,FEMALE,CONFISCATE,FLD_HOSPTL,UNKNOWN,SANTA ROSA,5.9986310746064335,0,1.0,6.123233995736766e-17
DOG,PARSON RUSS TER,WHITE,MALE,STRAY,OVER THE COUNTER,UNKNOWN,COUNTY,6.277891854893908,0,1.0,6.123233995736766e-17
DOG,PARSON RUSS TER,BROWN/WHITE,MALE,STRAY,OVER THE COUNTER,UNKNOWN,COUNTY,8.999315537303216,0,1.0,6.123233995736766e-17
DOG,PIT BULL/MIX,__RARE_OR_NEW__,MALE,STRAY,OVER THE COUNTER,UNKNOWN,SANTA ROSA,6.997946611909651,0,1.0,6.123233995736766e-17
DOG,GERM SHEPHERD/MIX,TAN/BLACK,FEMALE,STRAY,OVER THE COUNTER,UNKNOWN,COUNTY,2.001368925393566,1,1.0,6.123233995736766e-17
CAT,SIAMESE,FLAME PT,MALE,STRAY,OVER THE COUNTER,HEALTHY,COUNTY,0.12594113620807665,0,1.0,6.123233995736766e-17
CAT,DOMESTIC SH,BRN TABBY/WHITE,MALE,BORN HERE,MOM STRAY,UNKNOWN,SANTA ROSA,0.2518822724161533,1,1.0,6.123233995736766e-17
CAT,DOMESTIC SH,BLUE CREAM,FEMALE,BORN HERE,MOM STRAY,UNKNOWN,SANTA ROSA,0.2518822724161533,1,1.0,6.123233995736766e-17
CAT,DOMESTIC SH,BLACK/WHITE,MALE,BORN HERE,MOM STRAY,UNKNOWN,SANTA ROSA,0.2518822724161533,1,1.0,6.123233995736766e-17
CAT,DOMESTIC SH,CALICO,FEMALE,BORN HERE,MOM STRAY,UNKNOWN,SANTA ROSA,0.2518822724161533,1,1.0,6.123233995736766e-17
CAT,DOMESTIC SH,GRAY/WHITE,FEMALE,BORN HERE,MOM STRAY,UNKNOWN,SANTA ROSA,0.2518822724161533,1,1.0,6.123233995736766e-17
DOG,CHIHUAHUA SH,WHITE,FEMALE,STRAY,OVER THE COUNTER,UNKNOWN,SANTA ROSA,13.990417522245037,0,1.0,6.123233995736766e-17
DOG,__RARE_OR_NEW__,BLACK/WHITE,MALE,STRAY,OVER THE COUNTER,UNKNOWN,SANTA ROSA,13.478439425051334,0,1.0,6.123233995736766e-17
DOG,CHIHUAHUA SH,BROWN,MALE,STRAY,FIELD,UNKNOWN,COUNTY,13.995893223819301,0,1.0,6.123233995736766e-17
DOG,GERM SHEPHERD,BLACK/TAN,FEMALE,STRAY,FIELD,HEALTHY,SANTA ROSA,1.429158110882957,0,1.0,6.123233995736766e-17
CAT,DOMESTIC SH,BLACK,MALE,STRAY,FIELD,UNKNOWN,SANTA ROSA,0.2518822724161533,1,1.0,6.123233995736766e-17
DOG,__RARE_OR_NEW__,__RARE_OR_NEW__,MALE,STRAY,FIELD,UNKNOWN,COUNTY,2.001368925393566,1,1.0,6.123233995736766e-17
DOG,__RARE_OR_NEW__,TRICOLOR,MALE,QUARANTINE,FIELD,UNKNOWN,SANTA ROSA,3.5455167693360714,0,1.0,6.123233995736766e-17
DOG,AUST SHEPHERD/MIX,TAN/WHITE,FEMALE,STRAY,FIELD,UNKNOWN,COUNTY,5.127994524298426,0,1.0,6.123233995736766e-17
DOG,SIBERIAN HUSKY,BLACK/WHITE,MALE,STRAY,FIELD,UNKNOWN,SANTA ROSA,2.001368925393566,1,1.0,6.123233995736766e-17
DOG,SIBERIAN HUSKY/MIX,WHITE/BLACK,FEMALE,STRAY,FIELD,UNKNOWN,SANTA ROSA,2.001368925393566,1,1.0,6.123233995736766e-17
CAT,DOMESTIC SH,ORG TABBY,MALE,STRAY,FIELD,UNTREATABLE,SANTA ROSA,0.2518822724161533,1,1.0,6.123233995736766e-17
OTHER,SHEEP,WHITE/BLACK,UNKNOWN,BORN HERE,MOM STRAY,UNKNOWN,COUNTY,0.0027378507871321013,0,1.0,6.123233995736766e-17
DOG,POODLE MIN,WHITE,MALE,STRAY,FIELD,UNKNOWN,SANTA ROSA,2.001368925393566,1,1.0,6.123233995736766e-17
DOG,AUST CATTLE DOG/MIX,TRICOLOR,FEMALE,STRAY,OVER THE COUNTER,HEALTHY,SANTA ROSA,0.7501711156741958,0,1.0,6.123233995736766e-17
DOG,MALTESE,WHITE,MALE,STRAY,OVER THE COUNTER,TREATABLE/MANAGEABLE,SANTA ROSA,2.9623545516769334,0,1.0,6.123233995736766e-17
DOG,POODLE MIN,WHITE,FEMALE,STRAY,OVER THE COUNTER,UNKNOWN,SANTA ROSA,2.001368925393566,1,1.0,6.123233995736766e-17
DOG,PIT BULL,GRAY,MALE,STRAY,FIELD,UNKNOWN,SANTA ROSA,2.001368925393566,1,1.0,6.123233995736766e-17
CAT,DOMESTIC SH,BLACK/WHITE,FEMALE,OWNER SURRENDER,OVER THE COUNTER,HEALTHY,*SONOMA,4.999315537303217,0,1.0,6.123233995736766e-17
CAT,DOMESTIC SH,BLACK/WHITE,MALE,OWNER SURRENDER,OVER THE COUNTER,HEALTHY,*SONOMA,4.999315537303217,0,1.0,6.123233995736766e-17
CAT,DOMESTIC SH,BRN TABBY,FEMALE,STRAY,OVER THE COUNTER,HEALTHY,SANTA ROSA,0.999315537303217,0,1.0,6.123233995736766e-17
CAT,DOMESTIC SH,ORG TABBY/WHITE,MALE,STRAY,OVER THE COUNTER,UNKNOWN,SANTA ROSA,1.998631074606434,0,1.0,6.123233995736766e-17
DOG,DACHSHUND,BLACK/TAN,MALE,STRAY,FIELD,UNKNOWN,SANTA ROSA,2.001368925393566,1,1.0,6.123233995736766e-17
CAT,SIAMESE,LYNX PT,FEMALE,STRAY,OVER THE COUNTER,UNKNOWN,SANTA ROSA,1.998631074606434,0,1.0,6.123233995736766e-17
CAT,DOMESTIC SH,ORANGE/WHITE,MALE,STRAY,OVER THE COUNTER,UNKNOWN,SANTA ROSA,0.024640657084188913,0,1.0,6.123233995736766e-17
CAT,DOMESTIC SH,ORANGE/WHITE,MALE,STRAY,OVER THE COUNTER,UNKNOWN,SANTA ROSA,0.024640657084188913,0,1.0,6.123233995736766e-17
CAT,DOMESTIC SH,TORTIE/BRN TABBY,FEMALE,STRAY,OVER THE COUNTER,UNKNOWN,SANTA ROSA,0.024640657084188913,0,1.0,6.123233995736766e-17
CAT,DOMESTIC SH,BRN TABBY/WHITE,UNKNOWN,STRAY,OVER THE COUNTER,UNKNOWN,SANTA ROSA,0.024640657084188913,0,1.0,6.123233995736766e-17
CAT,DOMESTIC SH,BRN TABBY,MALE,STRAY,OVER THE COUNTER,UNKNOWN,SANTA ROSA,0.024640657084188913,0,1.0,6.123233995736766e-17
CAT,DOMESTIC SH,BRN TABBY,FEMALE,STRAY,OVER THE COUNTER,UNKNOWN,SANTA ROSA,0.024640657084188913,0,1.0,6.123233995736766e-17
CAT,DOMESTIC SH,BRN TABBY,MALE,STRAY,OVER THE COUNTER,UNKNOWN,SANTA ROSA,0.024640657084188913,0,1.0,6.123233995736766e-17
DOG,SIBERIAN HUSKY,WHITE,FEMALE,STRAY,OVER THE COUNTER,HEALTHY,COUNTY,1.998631074606434,0,1.0,6.123233995736766e-17
CAT,DOMESTIC SH,GRAY,MALE,STRAY,OVER THE COUNTER,UNKNOWN,SANTA ROSA,2.9979466119096507,0,1.0,6.123233995736766e-17
CAT,DOMESTIC SH,BLACK,UNKNOWN,STRAY,EMAIL,TREATABLE/REHAB,SANTA ROSA,0.04106776180698152,0,1.0,6.123233995736766e-17
CAT,DOMESTIC SH,BLACK,UNKNOWN,STRAY,EMAIL,TREATABLE/REHAB,SANTA ROSA,0.04106776180698152,0,1.0,6.123233995736766e-17
CAT,DOMESTIC SH,BLACK,UNKNOWN,STRAY,EMAIL,TREATABLE/REHAB,SANTA ROSA,0.04106776180698152,0,1.0,6.123233995736766e-17
CAT,DOMESTIC SH,GRAY,UNKNOWN,STRAY,EMAIL,TREATABLE/REHAB,SANTA ROSA,0.04106776180698152,0,1.0,6.123233995736766e-17
CAT,DOMESTIC SH,GRAY,UNKNOWN,STRAY,EMAIL,TREATABLE/REHAB,SANTA ROSA,0.04106776180698152,0,1.0,6.123233995736766e-17
CAT,DOMESTIC SH,GRAY/WHITE,UNKNOWN,STRAY,EMAIL,TREATABLE/REHAB,SANTA ROSA,0.04106776180698152,0,1.0,6.123233995736766e-17
CAT,DOMESTIC SH,BLACK/WHITE,UNKNOWN,STRAY,EMAIL,TREATABLE/REHAB,SANTA ROSA,0.04106776180698152,0,1.0,6.123233995736766e-17
CAT,DOMESTIC MH,BUFF/WHITE,MALE,STRAY,OVER THE COUNTER,HEALTHY,COUNTY,1.9712525667351128,0,1.0,6.123233995736766e-17
OTHER,BAT,BROWN,UNKNOWN,QUARANTINE,OVER THE COUNTER,UNKNOWN,COUNTY,1.8986995208761122,1,1.0,6.123233995736766e-17
DOG,__RARE_OR_NEW__,TRICOLOR,FEMALE,STRAY,OVER THE COUNTER,UNKNOWN,SANTA ROSA,2.001368925393566,1,1.0,6.123233995736766e-17
DOG,__RARE_OR_NEW__,WHITE/BLACK,FEMALE,CONFISCATE,FLD_ARREST,UNKNOWN,SANTA ROSA,3.0417522245037647,0,1.0,6.123233995736766e-17
OTHER,__RARE_OR_NEW__,__RARE_OR_NEW__,FEMALE,STRAY,OVER THE COUNTER,HEALTHY,SANTA ROSA,0.9637234770704997,0,1.0,6.123233995736766e-17
CAT,DOMESTIC MH,BLACK,MALE,QUARANTINE,FIELD,UNKNOWN,SANTA ROSA,0.2518822724161533,1,1.0,6.123233995736766e-17
DOG,GERM SHEPHERD,BLACK/TAN,MALE,OWNER SURRENDER,OVER THE COUNTER,UNKNOWN,COUNTY,1.8453114305270362,0,1.0,6.123233995736766e-17
DOG,ALASKAN HUSKY,WHITE/GRAY,MALE,STRAY,FIELD,HEALTHY,COUNTY,1.4455852156057496,0,0.8660254037844387,-0.4999999999999998
DOG,PIT BULL,BROWN/WHITE,FEMALE,STRAY,FIELD,HEALTHY,SANTA ROSA,0.28199863107460643,0,0.8660254037844387,-0.4999999999999998
CAT,DOMESTIC SH,GRAY TABBY,MALE,STRAY,FIELD,UNKNOWN,SANTA ROSA,0.2518822724161533,1,0.8660254037844387,-0.4999999999999998
CAT,DOMESTIC SH,GRAY TABBY,UNKNOWN,STRAY,OVER THE COUNTER,UNTREATABLE,SANTA ROSA,0.008213552361396304,0,0.8660254037844387,-0.4999999999999998
DOG,__RARE_OR_NEW__,BR BRINDLE,MALE,STRAY,FIELD,UNKNOWN,SANTA ROSA,8.999315537303216,0,0.8660254037844387,-0.4999999999999998
DOG,YORKSHIRE TERR/MIX,BLACK,FEMALE,STRAY,OVER THE COUNTER,UNKNOWN,SANTA ROSA,10.951403148528405,0,0.8660254037844387,-0.4999999999999998
DOG,__RARE_OR_NEW__,BROWN/WHITE,MALE,STRAY,FIELD,UNKNOWN,SANTA ROSA,2.001368925393566,1,0.8660254037844387,-0.4999999999999998
DOG,GERM SHEPHERD/MIX,BLACK/TAN,FEMALE,STRAY,FIELD,UNKNOWN,SANTA ROSA,2.0670773442847366,0,0.8660254037844387,-0.4999999999999998
DOG,__RARE_OR_NEW__,BLACK/TAN,MALE,STRAY,FIELD,HEALTHY,SANTA ROSA,0.8323066392881588,0,0.8660254037844387,-0.4999999999999998
DOG,GERM SHEPHERD,TAN/BLACK,MALE,CONFISCATE,FLD_ARREST,UNKNOWN,COUNTY,3.997262149212868,0,0.8660254037844387,-0.4999999999999998
DOG,GERM SHEPHERD,TAN/BLACK,FEMALE,CONFISCATE,FLD_ARREST,UNKNOWN,COUNTY,1.995893223819302,0,0.8660254037844387,-0.4999999999999998
DOG,GERM SHEPHERD,BLACK/TAN,FEMALE,OWNER SURRENDER,FIELD,UNKNOWN,SANTA ROSA,1.1553730321697468,0,0.8660254037844387,-0.4999999999999998
DOG,GERM SHEPHERD,BLACK/TAN,MALE,OWNER SURRENDER,FIELD,UNKNOWN,SANTA ROSA,1.538672142368241,0,0.8660254037844387,-0.4999999999999998
DOG,SIBERIAN HUSKY/MIX,WHITE/TAN,MALE,STRAY,OVER THE COUNTER,UNKNOWN,COUNTY,1.242984257357974,0,0.8660254037844387,-0.4999999999999998
CAT,DOMESTIC SH,ORANGE,MALE,STRAY,OVER THE COUNTER,UNKNOWN,COUNTY,0.2518822724161533,1,0.8660254037844387,-0.4999999999999998
DOG,PIT BULL/MIX,RED/WHITE,FEMALE,STRAY,FIELD,HEALTHY,COUNTY,5.921971252566735,0,0.8660254037844387,-0.4999999999999998
DOG,__RARE_OR_NEW__,WHITE,MALE,STRAY,FIELD,HEALTHY,COUNTY,1.9630390143737166,0,0.8660254037844387,-0.4999999999999998
CAT,DOMESTIC SH,BRN TABBY/WHITE,MALE,STRAY,OVER THE COUNTER,TREATABLE/MANAGEABLE,SANTA ROSA,4.999315537303217,0,0.8660254037844387,-0.4999999999999998
CAT,DOMESTIC SH,TRICOLOR,FEMALE,STRAY,OVER THE COUNTER,HEALTHY,SANTA ROSA,4.999315537303217,0,0.8660254037844387,-0.4999999999999998
DOG,CHIHUAHUA LH/MIX,CREAM,MALE,STRAY,OVER THE COUNTER,UNKNOWN,SANTA ROSA,1.998631074606434,0,0.8660254037844387,-0.4999999999999998
OTHER,HORSE,BLACK,MALE,STRAY,FIELD,UNKNOWN,SANTA ROSA,1.8986995208761122,1,0.8660254037844387,-0.4999999999999998
DOG,__RARE_OR_NEW__,TRICOLOR,FEMALE,STRAY,FIELD,UNKNOWN,SANTA ROSA,0.28473648186173856,0,0.8660254037844387,-0.4999999999999998
CAT,DOMESTIC SH,BUFF,FEMALE,OWNER SURRENDER,OVER THE COUNTER,HEALTHY,SANTA ROSA,10.220396988364135,0,0.8660254037844387,-0.4999999999999998
DOG,SIBERIAN HUSKY,GRAY/BLACK,MALE,STRAY,OVER THE COUNTER,UNKNOWN,SANTA ROSA,2.8062970568104038,0,0.8660254037844387,-0.4999999999999998
DOG,CHIHUAHUA SH,WHITE,MALE,STRAY,OVER THE COUNTER,UNKNOWN,SANTA ROSA,11.997262149212867,0,0.8660254037844387,-0.4999999999999998
DOG,CHIHUAHUA SH/MIX,BLACK/WHITE,FEMALE,STRAY,FLD_STRAY,HEALTHY,SANTA ROSA,0.999315537303217,0,0.8660254037844387,-0.4999999999999998
DOG,LABRADOR RETR/MIX,BLACK,MALE,STRAY,OVER THE COUNTER,HEALTHY,SANTA ROSA,1.4565366187542779,0,0.8660254037844387,-0.4999999999999998
DOG,PIT BULL/MIX,TAN,MALE,STRAY,OVER THE COUNTER,UNKNOWN,SANTA ROSA,1.4948665297741273,0,0.8660254037844387,-0.4999999999999998
DOG,BEAGLE/MIX,BLACK/BROWN,FEMALE,STRAY,OVER THE COUNTER,HEALTHY,SANTA ROSA,0.7474332648870636,0,0.8660254037844387,-0.4999999999999998
DOG,__RARE_OR_NEW__,CHOCOLATE,MALE,STRAY,FIELD,HEALTHY,SANTA ROSA,0.919917864476386,0,0.8660254037844387,-0.4999999999999998
DOG,__RARE_OR_NEW__,WHITE,MALE,STRAY,FIELD,UNKNOWN,COUNTY,0.9144421629021219,0,0.8660254037844387,-0.4999999999999998
DOG,GERM SHEPHERD,FAWN,FEMALE,STRAY,OVER THE COUNTER,UNKNOWN,WINDSOR,5.834360027378508,0,0.8660254037844387,-0.4999999999999998
CAT,DOMESTIC SH,ORG TABBY,UNKNOWN,STRAY,OVER THE COUNTER,UNKNOWN,SANTA ROSA,0.2518822724161533,1,0.8660254037844387,-0.4999999999999998
DOG,AUST CATTLE DOG,BLACK/WHITE,MALE,STRAY,OVER THE COUNTER,HEALTHY,SANTA ROSA,2.4750171115674195,0,0.8660254037844387,-0.4999999999999998
CAT,DOMESTIC MH,BRN TABBY/WHITE,MALE,STRAY,FIELD,UNKNOWN,COUNTY,0.2518822724161533,1,0.8660254037844387,-0.4999999999999998
DOG,AUST SHEPHERD,BROWN/WHITE,FEMALE,STRAY,FIELD,UNKNOWN,COUNTY,5.412731006160164,0,0.8660254037844387,-0.4999999999999998
DOG,AUST SHEPHERD,BROWN/WHITE,MALE,STRAY,FIELD,UNKNOWN,COUNTY,1.6536618754277892,0,0.8660254037844387,-0.4999999999999998
DOG,PIT BULL/MIX,WHITE/BROWN,MALE,STRAY,OVER THE COUNTER,UNKNOWN,COUNTY,2.001368925393566,1,0.8660254037844387,-0.4999999999999998
CAT,DOMESTIC SH,BRN TABBY,FEMALE,STRAY,FLD_STRAY,UNKNOWN,COUNTY,6.992470910335387,0,0.8660254037844387,-0.4999999999999998
DOG,CHIHUAHUA SH,TAN/WHITE,FEMALE,STRAY,FIELD,HEALTHY,SANTA ROSA,1.9520876112251881,0,0.8660254037844387,-0.4999999999999998
DOG,GERM SHEPHERD/MIX,TAN/BLACK,FEMALE,STRAY,FIELD,UNKNOWN,COUNTY,1.1471594798083504,0,0.8660254037844387,-0.4999999999999998
DOG,PIT BULL,GRAY/WHITE,MALE,STRAY,FIELD,UNKNOWN,SANTA ROSA,5.059548254620124,0,0.8660254037844387,-0.4999999999999998
DOG,POODLE MIN/MIX,TAN,MALE,STRAY,FIELD,UNKNOWN,SANTA ROSA,2.187542778918549,0,0.8660254037844387,-0.4999999999999998
CAT,DOMESTIC SH,GRAY TABBY,FEMALE,STRAY,OVER THE COUNTER,UNKNOWN,SANTA ROSA,0.06023271731690623,0,0.8660254037844387,-0.4999999999999998
CAT,DOMESTIC SH,GRAY,MALE,STRAY,OVER THE COUNTER,UNKNOWN,SANTA ROSA,0.06023271731690623,0,0.8660254037844387,-0.4999999999999998
CAT,DOMESTIC SH,GRAY TABBY,FEMALE,CONFISCATE,FLD_EVICT,HEALTHY,COUNTY,1.9219712525667352,0,0.8660254037844387,-0.4999999999999998
DOG,CHIHUAHUA SH,WHITE/TAN,MALE,STRAY,FIELD,UNKNOWN,SANTA ROSA,4.0,0,0.8660254037844387,-0.4999999999999998
OTHER,BAT,BROWN,UNKNOWN,QUARANTINE,FIELD,UNKNOWN,COUNTY,1.8986995208761122,1,0.8660254037844387,-0.4999999999999998
DOG,__RARE_OR_NEW__,__RARE_OR_NEW__,MALE,STRAY,OVER THE COUNTER,HEALTHY,SANTA ROSA,1.4017796030116358,0,0.8660254037844387,-0.4999999999999998
DOG,PIT BULL/MIX,GRAY,MALE,STRAY,OVER THE COUNTER,HEALTHY,SANTA ROSA,0.785763175906913,0,0.8660254037844387,-0.4999999999999998
DOG,PIT BULL/MIX,BROWN/WHITE,MALE,STRAY,FIELD,UNKNOWN,COUNTY,1.4072553045859,0,0.8660254037844387,-0.4999999999999998
DOG,GERM SHEPHERD,TAN/BLACK,MALE,STRAY,FIELD,UNKNOWN,COUNTY,1.998631074606434,0,0.8660254037844387,-0.4999999999999998
CAT,DOMESTIC SH,BLK TABBY,MALE,STRAY,OVER THE COUNTER,UNKNOWN,SANTA ROSA,0.07665982203969883,0,0.8660254037844387,-0.4999999999999998
CAT,DOMESTIC SH,BLK TABBY,FEMALE,STRAY,OVER THE COUNTER,UNKNOWN,SANTA ROSA,0.07665982203969883,0,0.8660254037844387,-0.4999999999999998
CAT,DOMESTIC SH,BLK TABBY,MALE,STRAY,OVER THE COUNTER,UNKNOWN,SANTA ROSA,0.07665982203969883,0,0.8660254037844387,-0.4999999999999998
CAT,DOMESTIC SH,BLK TABBY,MALE,STRAY,OVER THE COUNTER,UNKNOWN,SANTA ROSA,0.07665982203969883,0,0.8660254037844387,-0.4999999999999998
CAT,DOMESTIC SH,BLK TABBY,MALE,STRAY,OVER THE COUNTER,UNKNOWN,SANTA ROSA,0.07665982203969883,0,0.8660254037844387,-0.4999999999999998
DOG,__RARE_OR_NEW__,WHITE,MALE,STRAY,FIELD,UNKNOWN,SANTA ROSA,2.001368925393566,1,0.8660254037844387,-0.4999999999999998
DOG,POODLE MIN/MIX,WHITE,MALE,STRAY,FIELD,UNKNOWN,SANTA ROSA,4.375085557837098,0,0.8660254037844387,-0.4999999999999998
DOG,CHIHUAHUA SH,TRICOLOR,MALE,STRAY,FIELD,UNKNOWN,SANTA ROSA,0.49555099247091033,0,0.8660254037844387,-0.4999999999999998
DOG,SIBERIAN HUSKY/MIX,TAN/BLACK,FEMALE,STRAY,FIELD,UNKNOWN,SANTA ROSA,0.35592060232717315,0,0.8660254037844387,-0.4999999999999998
DOG,AUST CATTLE DOG,TRICOLOR,MALE,STRAY,FIELD,UNKNOWN,SANTA ROSA,0.999315537303217,0,0.8660254037844387,-0.4999999999999998
DOG,PIT BULL,BROWN/TAN,FEMALE,STRAY,FIELD,UNKNOWN,SANTA ROSA,2.2833675564681726,0,0.8660254037844387,-0.4999999999999998
CAT,DOMESTIC SH,BLUE CREAM,FEMALE,STRAY,OVER THE COUNTER,UNKNOWN,COUNTY,0.08213552361396304,0,0.8660254037844387,-0.4999999999999998
CAT,SIAMESE/MIX,__RARE_OR_NEW__,MALE,STRAY,OVER THE COUNTER,UNKNOWN,COUNTY,0.08213552361396304,0,0.8660254037844387,-0.4999999999999998
CAT,SIAMESE/MIX,__RARE_OR_NEW__,MALE,STRAY,OVER THE COUNTER,UNKNOWN,COUNTY,0.08213552361396304,0,0.8660254037844387,-0.4999999999999998
CAT,SIAMESE/MIX,__RARE_OR_NEW__,FEMALE,STRAY,OVER THE COUNTER,UNKNOWN,COUNTY,0.08213552361396304,0,0.8660254037844387,-0.4999999999999998
DOG,CHIHUAHUA SH/MIX,BLACK/WHITE,FEMALE,STRAY,OVER THE COUNTER,HEALTHY,COUNTY,1.9603011635865846,0,0.8660254037844387,-0.4999999999999998
CAT,DOMESTIC SH,BRN TABBY,MALE,CONFISCATE,FIELD,UNKNOWN,COUNTY,0.999315537303217,0,0.8660254037844387,-0.4999999999999998
CAT,DOMESTIC LH,GRAY,FEMALE,CONFISCATE,FLD_EVICT,UNKNOWN,SANTA ROSA,9.045859000684462,0,0.8660254037844387,-0.4999999999999998
DOG,SHIH TZU/MIX,WHITE,FEMALE,CONFISCATE,FLD_EVICT,UNKNOWN,SANTA ROSA,12.0,0,0.8660254037844387,-0.4999999999999998
DOG,__RARE_OR_NEW__,TAN,MALE,CONFISCATE,FIELD,UNKNOWN,COUNTY,2.001368925393566,1,0.8660254037844387,-0.4999999999999998
DOG,__RARE_OR_NEW__,AGOUTI,UNKNOWN,BORN HERE,MOM STRAY,UNKNOWN,COUNTY,0.0,0,0.8660254037844387,-0.4999999999999998
DOG,__RARE_OR_NEW__,AGOUTI,UNKNOWN,BORN HERE,MOM STRAY,UNKNOWN,COUNTY,0.0,0,0.8660254037844387,-0.4999999999999998
DOG,__RARE_OR_NEW__,AGOUTI,UNKNOWN,BORN HERE,MOM STRAY,UNKNOWN,COUNTY,0.0,0,0.8660254037844387,-0.4999999999999998
DOG,__RARE_OR_NEW__,AGOUTI,UNKNOWN,BORN HERE,MOM STRAY,UNKNOWN,COUNTY,0.0,0,0.8660254037844387,-0.4999999999999998
DOG,__RARE_OR_NEW__,AGOUTI,UNKNOWN,BORN HERE,MOM STRAY,UNKNOWN,COUNTY,0.0,0,0.8660254037844387,-0.4999999999999998
DOG,PIT BULL,BLACK/TAN,MALE,STRAY,FIELD,UNKNOWN,SANTA ROSA,11.942505133470226,0,0.8660254037844387,-0.4999999999999998
CAT,DOMESTIC SH,CALICO,FEMALE,STRAY,OVER THE COUNTER,UNKNOWN,SANTA ROSA,10.35728952772074,0,0.8660254037844387,-0.4999999999999998
CAT,DOMESTIC SH,CALICO,FEMALE,OWNER SURRENDER,OVER THE COUNTER,HEALTHY,SANTA ROSA,0.11225188227241616,0,0.8660254037844387,-0.4999999999999998
CAT,DOMESTIC SH,BLUE CREAM,FEMALE,OWNER SURRENDER,OVER THE COUNTER,HEALTHY,SANTA ROSA,0.11225188227241616,0,0.8660254037844387,-0.4999999999999998
CAT,DOMESTIC LH,CALICO,FEMALE,OWNER SURRENDER,OVER THE COUNTER,HEALTHY,SANTA ROSA,0.11225188227241616,0,0.8660254037844387,-0.4999999999999998
CAT,DOMESTIC LH,ORG TABBY,MALE,OWNER SURRENDER,OVER THE COUNTER,HEALTHY,SANTA ROSA,0.11225188227241616,0,0.8660254037844387,-0.4999999999999998
CAT,DOMESTIC MH,CALICO,FEMALE,OWNER SURRENDER,OVER THE COUNTER,HEALTHY,SANTA ROSA,0.11225188227241616,0,0.8660254037844387,-0.4999999999999998
CAT,DOMESTIC SH,TORTIE,FEMALE,OWNER SURRENDER,OVER THE COUNTER,HEALTHY,SANTA ROSA,0.11225188227241616,0,0.8660254037844387,-0.4999999999999998
DOG,AUST CATTLE DOG,BLUE MERLE,MALE,CONFISCATE,FLD_ARREST,UNKNOWN,SANTA ROSA,1.4921286789869952,0,0.8660254037844387,-0.4999999999999998
DOG,__RARE_OR_NEW__,TAN,MALE,STRAY,FIELD,HEALTHY,SANTA ROSA,0.947296372347707,0,0.8660254037844387,-0.4999999999999998
CAT,DOMESTIC SH,GRAY,FEMALE,STRAY,OVER THE COUNTER,UNKNOWN,SANTA ROSA,7.994524298425736,0,0.8660254037844387,-0.4999999999999998
DOG,CHIHUAHUA SH,WHITE/TAN,FEMALE,STRAY,OVER THE COUNTER,UNKNOWN,SANTA ROSA,12.999315537303216,0,0.8660254037844387,-0.4999999999999998
CAT,DOMESTIC LH,__RARE_OR_NEW__,FEMALE,STRAY,OVER THE COUNTER,HEALTHY,COUNTY,1.998631074606434,0,0.8660254037844387,-0.4999999999999998
DOG,PIT BULL,CREAM/WHITE,MALE,STRAY,OVER THE COUNTER,UNKNOWN,SANTA ROSA,2.001368925393566,1,0.8660254037844387,-0.4999999999999998
DOG,BEAGLE/MIX,TAN,MALE,STRAY,OVER THE COUNTER,HEALTHY,COUNTY,4.999315537303217,0,0.8660254037844387,-0.4999999999999998
CAT,DOMESTIC SH,BLACK,FEMALE,STRAY,OVER THE COUNTER,UNKNOWN,SANTA ROSA,16.361396303901437,0,0.8660254037844387,-0.4999999999999998
CAT,DOMESTIC SH,CREAM,MALE,STRAY,FLD_EMERGE,UNKNOWN,COUNTY,0.2518822724161533,1,0.8660254037844387,-0.4999999999999998
OTHER,CHICKEN,TRICOLOR,MALE,CONFISCATE,FLD_INVEST,UNKNOWN,COUNTY,1.8986995208761122,1,0.8660254037844387,-0.4999999999999998
OTHER,CHICKEN,TRICOLOR,MALE,CONFISCATE,FLD_INVEST,UNKNOWN,COUNTY,1.8986995208761122,1,0.8660254037844387,-0.4999999999999998
OTHER,CHICKEN,TRICOLOR,MALE,CONFISCATE,FLD_INVEST,UNKNOWN,COUNTY,1.8986995208761122,1,0.8660254037844387,-0.4999999999999998
OTHER,CHICKEN,TRICOLOR,MALE,CONFISCATE,FLD_INVEST,UNKNOWN,COUNTY,1.8986995208761122,1,0.8660254037844387,-0.4999999999999998
OTHER,CHICKEN,TRICOLOR,MALE,CONFISCATE,FLD_INVEST,UNKNOWN,COUNTY,1.8986995208761122,1,0.8660254037844387,-0.4999999999999998
OTHER,CHICKEN,TRICOLOR,MALE,CONFISCATE,FLD_INVEST,UNKNOWN,COUNTY,1.8986995208761122,1,0.8660254037844387,-0.4999999999999998
OTHER,CHICKEN,TRICOLOR,MALE,CONFISCATE,FLD_INVEST,UNKNOWN,COUNTY,1.8986995208761122,1,0.8660254037844387,-0.4999999999999998
OTHER,CHICKEN,TRICOLOR,MALE,CONFISCATE,FLD_INVEST,UNKNOWN,COUNTY,1.8986995208761122,1,0.8660254037844387,-0.4999999999999998
OTHER,CHICKEN,TRICOLOR,MALE,CONFISCATE,FLD_INVEST,UNKNOWN,COUNTY,1.8986995208761122,1,0.8660254037844387,-0.4999999999999998
OTHER,CHICKEN,TRICOLOR,MALE,CONFISCATE,FLD_INVEST,UNKNOWN,COUNTY,1.8986995208761122,1,0.8660254037844387,-0.4999999999999998
OTHER,CHICKEN,TRICOLOR,MALE,CONFISCATE,FLD_INVEST,UNKNOWN,COUNTY,1.8986995208761122,1,0.8660254037844387,-0.4999999999999998
OTHER,CHICKEN,TRICOLOR,MALE,CONFISCATE,FLD_INVEST,UNKNOWN,COUNTY,1.8986995208761122,1,0.8660254037844387,-0.4999999999999998
OTHER,CHICKEN,TRICOLOR,MALE,CONFISCATE,FLD_INVEST,UNKNOWN,COUNTY,1.8986995208761122,1,0.8660254037844387,-0.4999999999999998
OTHER,CHICKEN,TRICOLOR,MALE,CONFISCATE,FLD_INVEST,UNKNOWN,COUNTY,1.8986995208761122,1,0.8660254037844387,-0.4999999999999998
OTHER,CHICKEN,TRICOLOR,MALE,CONFISCATE,FLD_INVEST,UNKNOWN,COUNTY,1.8986995208761122,1,0.8660254037844387,-0.4999999999999998
OTHER,CHICKEN,TRICOLOR,MALE,CONFISCATE,FLD_INVEST,UNKNOWN,COUNTY,1.8986995208761122,1,0.8660254037844387,-0.4999999999999998
OTHER,CHICKEN,TRICOLOR,MALE,CONFISCATE,FLD_INVEST,UNKNOWN,COUNTY,1.8986995208761122,1,0.8660254037844387,-0.4999999999999998
OTHER,CHICKEN,TRICOLOR,MALE,CONFISCATE,FLD_INVEST,UNKNOWN,COUNTY,1.8986995208761122,1,0.8660254037844387,-0.4999999999999998
OTHER,CHICKEN,TRICOLOR,MALE,CONFISCATE,FLD_INVEST,UNKNOWN,COUNTY,1.8986995208761122,1,0.8660254037844387,-0.4999999999999998
OTHER,CHICKEN,TRICOLOR,MALE,CONFISCATE,FLD_INVEST,UNKNOWN,COUNTY,1.8986995208761122,1,0.8660254037844387,-0.4999999999999998
OTHER,CHICKEN,TRICOLOR,MALE,CONFISCATE,FLD_INVEST,UNKNOWN,COUNTY,1.8986995208761122,1,0.8660254037844387,-0.4999999999999998
OTHER,CHICKEN,TRICOLOR,MALE,CONFISCATE,FLD_INVEST,UNKNOWN,COUNTY,1.8986995208761122,1,0.8660254037844387,-0.4999999999999998
OTHER,CHICKEN,TRICOLOR,MALE,CONFISCATE,FLD_INVEST,UNKNOWN,COUNTY,1.8986995208761122,1,0.8660254037844387,-0.4999999999999998
OTHER,CHICKEN,TRICOLOR,MALE,CONFISCATE,FLD_INVEST,UNKNOWN,COUNTY,1.8986995208761122,1,0.8660254037844387,-0.4999999999999998
OTHER,CHICKEN,TRICOLOR,MALE,CONFISCATE,FLD_INVEST,UNKNOWN,COUNTY,1.8986995208761122,1,0.8660254037844387,-0.4999999999999998
OTHER,CHICKEN,TRICOLOR,MALE,CONFISCATE,FLD_INVEST,UNKNOWN,COUNTY,1.8986995208761122,1,0.8660254037844387,-0.4999999999999998
OTHER,CHICKEN,TRICOLOR,MALE,CONFISCATE,FLD_INVEST,UNKNOWN,COUNTY,1.8986995208761122,1,0.8660254037844387,-0.4999999999999998
OTHER,CHICKEN,TRICOLOR,MALE,CONFISCATE,FLD_INVEST,UNKNOWN,COUNTY,1.8986995208761122,1,0.8660254037844387,-0.4999999999999998
OTHER,CHICKEN,TRICOLOR,MALE,CONFISCATE,FLD_INVEST,UNKNOWN,COUNTY,1.8986995208761122,1,0.8660254037844387,-0.4999999999999998
OTHER,CHICKEN,TRICOLOR,MALE,CONFISCATE,FLD_INVEST,UNKNOWN,COUNTY,1.8986995208761122,1,0.8660254037844387,-0.4999999999999998
OTHER,CHICKEN,TRICOLOR,MALE,CONFISCATE,FLD_INVEST,UNKNOWN,COUNTY,1.8986995208761122,1,0.8660254037844387,-0.4999999999999998
OTHER,CHICKEN,TRICOLOR,MALE,CONFISCATE,FLD_INVEST,UNKNOWN,COUNTY,1.8986995208761122,1,0.8660254037844387,-0.4999999999999998
OTHER,CHICKEN,TRICOLOR,MALE,CONFISCATE,FLD_INVEST,UNKNOWN,COUNTY,1.8986995208761122,1,0.8660254037844387,-0.4999999999999998
OTHER,CHICKEN,TRICOLOR,MALE,CONFISCATE,FLD_INVEST,UNKNOWN,COUNTY,1.8986995208761122,1,0.8660254037844387,-0.4999999999999998
OTHER,CHICKEN,TRICOLOR,MALE,CONFISCATE,FLD_INVEST,UNKNOWN,COUNTY,1.8986995208761122,1,0.8660254037844387,-0.4999999999999998
OTHER,CHICKEN,TRICOLOR,MALE,CONFISCATE,FLD_INVEST,UNKNOWN,COUNTY,1.8986995208761122,1,0.8660254037844387,-0.4999999999999998
OTHER,CHICKEN,TRICOLOR,MALE,CONFISCATE,FLD_INVEST,UNKNOWN,COUNTY,1.8986995208761122,1,0.8660254037844387,-0.4999999999999998
OTHER,CHICKEN,TRICOLOR,MALE,CONFISCATE,FLD_INVEST,UNKNOWN,COUNTY,1.8986995208761122,1,0.8660254037844387,-0.4999999999999998
OTHER,CHICKEN,TRICOLOR,MALE,CONFISCATE,FLD_INVEST,UNKNOWN,COUNTY,1.8986995208761122,1,0.8660254037844387,-0.4999999999999998
OTHER,CHICKEN,TRICOLOR,MALE,CONFISCATE,FLD_INVEST,UNKNOWN,COUNTY,1.8986995208761122,1,0.8660254037844387,-0.4999999999999998
OTHER,CHICKEN,TRICOLOR,MALE,CONFISCATE,FLD_INVEST,UNKNOWN,COUNTY,1.8986995208761122,1,0.8660254037844387,-0.4999999999999998
OTHER,CHICKEN,TRICOLOR,MALE,CONFISCATE,FLD_INVEST,UNKNOWN,COUNTY,1.8986995208761122,1,0.8660254037844387,-0.4999999999999998
OTHER,CHICKEN,TRICOLOR,MALE,CONFISCATE,FLD_INVEST,UNKNOWN,COUNTY,1.8986995208761122,1,0.8660254037844387,-0.4999999999999998
OTHER,CHICKEN,TRICOLOR,MALE,CONFISCATE,FLD_INVEST,UNKNOWN,COUNTY,1.8986995208761122,1,0.8660254037844387,-0.4999999999999998
OTHER,CHICKEN,TRICOLOR,MALE,CONFISCATE,FLD_INVEST,UNKNOWN,COUNTY,1.8986995208761122,1,0.8660254037844387,-0.4999999999999998
OTHER,CHICKEN,TRICOLOR,MALE,CONFISCATE,FLD_INVEST,UNKNOWN,COUNTY,1.8986995208761122,1,0.8660254037844387,-0.4999999999999998
OTHER,CHICKEN,TRICOLOR,MALE,CONFISCATE,FLD_INVEST,UNKNOWN,COUNTY,1.8986995208761122,1,0.8660254037844387,-0.4999999999999998
OTHER,CHICKEN,TRICOLOR,MALE,CONFISCATE,FLD_INVEST,UNKNOWN,COUNTY,1.8986995208761122,1,0.8660254037844387,-0.4999999999999998
OTHER,CHICKEN,TRICOLOR,MALE,CONFISCATE,FLD_INVEST,UNKNOWN,COUNTY,1.8986995208761122,1,0.8660254037844387,-0.4999999999999998
OTHER,CHICKEN,TRICOLOR,MALE,CONFISCATE,FLD_INVEST,UNKNOWN,COUNTY,1.8986995208761122,1,0.8660254037844387,-0.4999999999999998
OTHER,CHICKEN,TRICOLOR,MALE,CONFISCATE,FLD_INVEST,UNKNOWN,COUNTY,1.8986995208761122,1,0.8660254037844387,-0.4999999999999998
OTHER,CHICKEN,TRICOLOR,MALE,CONFISCATE,FLD_INVEST,UNKNOWN,COUNTY,1.8986995208761122,1,0.8660254037844387,-0.4999999999999998
OTHER,CHICKEN,TRICOLOR,MALE,CONFISCATE,FLD_INVEST,UNKNOWN,COUNTY,1.8986995208761122,1,0.8660254037844387,-0.4999999999999998
OTHER,CHICKEN,TRICOLOR,MALE,CONFISCATE,FLD_INVEST,UNKNOWN,COUNTY,1.8986995208761122,1,0.8660254037844387,-0.4999999999999998
OTHER,CHICKEN,TRICOLOR,MALE,CONFISCATE,FLD_INVEST,UNKNOWN,COUNTY,1.8986995208761122,1,0.8660254037844387,-0.4999999999999998
OTHER,CHICKEN,TRICOLOR,MALE,CONFISCATE,FLD_INVEST,UNKNOWN,COUNTY,1.8986995208761122,1,0.8660254037844387,-0.4999999999999998
OTHER,CHICKEN,TRICOLOR,MALE,CONFISCATE,FLD_INVEST,UNKNOWN,COUNTY,1.8986995208761122,1,0.8660254037844387,-0.4999999999999998
OTHER,CHICKEN,TRICOLOR,MALE,CONFISCATE,FLD_INVEST,UNKNOWN,COUNTY,1.8986995208761122,1,0.8660254037844387,-0.4999999999999998
OTHER,CHICKEN,TRICOLOR,MALE,CONFISCATE,FLD_INVEST,UNKNOWN,COUNTY,1.8986995208761122,1,0.8660254037844387,-0.4999999999999998
OTHER,CHICKEN,TRICOLOR,MALE,CONFISCATE,FLD_INVEST,UNKNOWN,COUNTY,1.8986995208761122,1,0.8660254037844387,-0.4999999999999998
OTHER,CHICKEN,TRICOLOR,MALE,CONFISCATE,FLD_INVEST,UNKNOWN,COUNTY,1.8986995208761122,1,0.8660254037844387,-0.4999999999999998
OTHER,CHICKEN,TRICOLOR,MALE,CONFISCATE,FLD_INVEST,UNKNOWN,COUNTY,1.8986995208761122,1,0.8660254037844387,-0.4999999999999998
OTHER,CHICKEN,TRICOLOR,MALE,CONFISCATE,FLD_INVEST,UNKNOWN,COUNTY,1.8986995208761122,1,0.8660254037844387,-0.4999999999999998
OTHER,CHICKEN,TRICOLOR,MALE,CONFISCATE,FLD_INVEST,UNKNOWN,COUNTY,1.8986995208761122,1,0.8660254037844387,-0.4999999999999998
OTHER,CHICKEN,TRICOLOR,MALE,CONFISCATE,FLD_INVEST,UNKNOWN,COUNTY,1.8986995208761122,1,0.8660254037844387,-0.4999999999999998
OTHER,CHICKEN,TRICOLOR,MALE,CONFISCATE,FLD_INVEST,UNKNOWN,COUNTY,1.8986995208761122,1,0.8660254037844387,-0.4999999999999998
OTHER,CHICKEN,TRICOLOR,MALE,CONFISCATE,FLD_INVEST,UNKNOWN,COUNTY,1.8986995208761122,1,0.8660254037844387,-0.4999999999999998
OTHER,__RARE_OR_NEW__,BROWN/WHITE,FEMALE,STRAY,FIELD,UNKNOWN,COUNTY,1.8986995208761122,1,0.8660254037844387,-0.4999999999999998
DOG,GERM SHEPHERD,BROWN/BLACK,FEMALE,STRAY,FIELD,HEALTHY,SANTA ROSA,1.946611909650924,0,0.8660254037844387,-0.4999999999999998
DOG,__RARE_OR_NEW__,TAN/BLACK,MALE,CONFISCATE,FLD_ABAND,UNKNOWN,SANTA ROSA,2.135523613963039,0,0.8660254037844387,-0.4999999999999998
DOG,__RARE_OR_NEW__,BROWN,MALE,STRAY,OVER THE COUNTER,UNKNOWN,COUNTY,2.001368925393566,1,0.8660254037844387,-0.4999999999999998
CAT,DOMESTIC SH,BRN TABBY/WHITE,MALE,STRAY,OVER THE COUNTER,HEALTHY,SANTA ROSA,0.10130047912388775,0,0.8660254037844387,-0.4999999999999998
DOG,PIT BULL,__RARE_OR_NEW__,MALE,STRAY,FIELD,UNKNOWN,SANTA ROSA,2.001368925393566,1,0.8660254037844387,-0.4999999999999998
OTHER,__RARE_OR_NEW__,GRAY/WHITE,MALE,STRAY,FIELD,UNKNOWN,SANTA ROSA,1.4948665297741273,0,0.8660254037844387,-0.4999999999999998
DOG,CHIHUAHUA SH,TAN,MALE,QUARANTINE,FIELD,UNKNOWN,SANTA ROSA,2.001368925393566,1,0.8660254037844387,-0.4999999999999998
DOG,AUST CATTLE DOG,__RARE_OR_NEW__,MALE,STRAY,FLD_STRAY,UNKNOWN,COUNTY,7.997262149212868,0,0.8660254037844387,-0.4999999999999998
CAT,DOMESTIC SH,BLACK,MALE,CONFISCATE,FLD_EVICT,UNKNOWN,SANTA ROSA,0.6625598904859685,0,0.8660254037844387,-0.4999999999999998
CAT,DOMESTIC SH,BRN TABBY,FEMALE,CONFISCATE,FLD_EVICT,UNKNOWN,SANTA ROSA,0.6625598904859685,0,0.8660254037844387,-0.4999999999999998
DOG,ALASKAN HUSKY,BLACK/WHITE,FEMALE,STRAY,FIELD,UNKNOWN,COUNTY,5.845311430527036,0,0.8660254037844387,-0.4999999999999998
DOG,SIBERIAN HUSKY,BLACK/WHITE,FEMALE,STRAY,FIELD,UNKNOWN,COUNTY,0.999315537303217,0,0.8660254037844387,-0.4999999999999998
DOG,GREAT PYRENEES,WHITE,FEMALE,STRAY,FLD_STRAY,UNKNOWN,SANTA ROSA,2.001368925393566,1,0.8660254037844387,-0.4999999999999998
DOG,GREAT PYRENEES,WHITE,MALE,STRAY,FLD_STRAY,UNKNOWN,SANTA ROSA,2.001368925393566,1,0.8660254037844387,-0.4999999999999998
CAT,DOMESTIC SH,TORTIE,FEMALE,STRAY,OVER THE COUNTER,HEALTHY,SANTA ROSA,2.0177960301163584,0,0.8660254037844387,-0.4999999999999998
CAT,DOMESTIC SH,ORANGE,FEMALE,STRAY,OVER THE COUNTER,HEALTHY,SANTA ROSA,2.0177960301163584,0,0.8660254037844387,-0.4999999999999998
DOG,DACHSHUND,__RARE_OR_NEW__,FEMALE,STRAY,FIELD,UNKNOWN,COUNTY,0.9144421629021219,0,0.8660254037844387,-0.4999999999999998
DOG,POODLE MIN,BLACK,MALE,STRAY,FIELD,UNKNOWN,COUNTY,0.7419575633127995,0,0.8660254037844387,-0.4999999999999998
DOG,SIBERIAN HUSKY/MIX,RED,FEMALE,STRAY,OVER THE COUNTER,UNKNOWN,COUNTY,2.001368925393566,1,0.8660254037844387,-0.4999999999999998
DOG,GERM SHEPHERD/MIX,BLACK/BROWN,MALE,STRAY,OVER THE COUNTER,UNKNOWN,COUNTY,2.001368925393566,1,0.8660254037844387,-0.4999999999999998
DOG,GERM SHEPHERD,BLACK/BROWN,MALE,STRAY,OVER THE COUNTER,UNKNOWN,COUNTY,2.001368925393566,1,0.8660254037844387,-0.4999999999999998
CAT,DOMESTIC SH,BLACK/WHITE,MALE,STRAY,FIELD,UNKNOWN,COUNTY,8.999315537303216,0,0.8660254037844387,-0.4999999999999998
CAT,DOMESTIC SH,BRN TABBY,FEMALE,STRAY,OVER THE COUNTER,UNKNOWN,SANTA ROSA,0.49555099247091033,0,0.8660254037844387,-0.4999999999999998
DOG,PIT BULL,GRAY/WHITE,MALE,STRAY,OVER THE COUNTER,UNKNOWN,COUNTY,10.376454483230663,0,0.8660254037844387,-0.4999999999999998
DOG,PIT BULL,BLUE/WHITE,MALE,STRAY,OVER THE COUNTER,UNKNOWN,SANTA ROSA,1.7111567419575633,0,0.8660254037844387,-0.4999999999999998
DOG,PIT BULL,WHITE/BROWN,MALE,STRAY,OVER THE COUNTER,UNKNOWN,SANTA ROSA,2.001368925393566,1,0.8660254037844387,-0.4999999999999998
CAT,DOMESTIC SH,TORTIE,UNKNOWN,STRAY,OVER THE COUNTER,UNKNOWN,SANTA ROSA,0.2518822724161533,1,0.8660254037844387,-0.4999999999999998
CAT,DOMESTIC SH,ORANGE,UNKNOWN,STRAY,OVER THE COUNTER,UNKNOWN,SANTA ROSA,0.2518822724161533,1,0.8660254037844387,-0.4999999999999998
DOG,ROTTWEILER/MIX,BLACK,MALE,STRAY,FIELD,UNKNOWN,COUNTY,2.001368925393566,1,0.8660254037844387,-0.4999999999999998
DOG,__RARE_OR_NEW__,BLACK/WHITE,MALE,STRAY,FIELD,UNKNOWN,COUNTY,5.5715263518138265,0,0.8660254037844387,-0.4999999999999998
CAT,DOMESTIC MH,CALICO,FEMALE,STRAY,OVER THE COUNTER,UNKNOWN,COUNTY,12.002737850787133,0,0.8660254037844387,-0.4999999999999998
DOG,__RARE_OR_NEW__,BROWN/BLACK,FEMALE,ADOPTION RETURN,OVER THE COUNTER,UNKNOWN,PETALUMA,1.0431211498973305,0,0.8660254037844387,-0.4999999999999998
DOG,YORKSHIRE TERR,GRAY,FEMALE,STRAY,OVER THE COUNTER,HEALTHY,COUNTY,0.9609856262833676,0,0.8660254037844387,-0.4999999999999998
DOG,YORKSHIRE TERR/MIX,BLACK,FEMALE,STRAY,OVER THE COUNTER,HEALTHY,COUNTY,0.9664613278576317,0,0.8660254037844387,-0.4999999999999998
DOG,CHIHUAHUA SH,BLACK,FEMALE,STRAY,OVER THE COUNTER,UNKNOWN,COUNTY,10.959616700889802,0,0.8660254037844387,-0.4999999999999998
DOG,PIT BULL,BR BRINDLE,MALE,STRAY,OVER THE COUNTER,UNKNOWN,SANTA ROSA,5.9986310746064335,0,0.8660254037844387,-0.4999999999999998
CAT,DOMESTIC SH,CALICO,FEMALE,STRAY,OVER THE COUNTER,HEALTHY,SANTA ROSA,1.998631074606434,0,0.8660254037844387,-0.4999999999999998
CAT,DOMESTIC SH,TORTIE/BRN TABBY,FEMALE,STRAY,OVER THE COUNTER,HEALTHY,SANTA ROSA,1.998631074606434,0,0.8660254037844387,-0.4999999999999998
CAT,DOMESTIC SH,BRN TABBY,FEMALE,STRAY,OVER THE COUNTER,HEALTHY,SANTA ROSA,1.998631074606434,0,0.8660254037844387,-0.4999999999999998
OTHER,GUINEA PIG,CREAM,MALE,STRAY,OVER THE COUNTER,HEALTHY,SANTA ROSA,1.9548254620123204,0,0.8660254037844387,-0.4999999999999998
DOG,ALASKAN HUSKY,WHITE/GRAY,MALE,STRAY,FIELD,UNKNOWN,COUNTY,2.001368925393566,1,0.8660254037844387,-0.4999999999999998
DOG,LABRADOR RETR,YELLOW,MALE,STRAY,FIELD,UNKNOWN,COUNTY,2.406570841889117,0,0.8660254037844387,-0.4999999999999998
DOG,LABRADOR RETR,YELLOW,FEMALE,STRAY,FIELD,UNKNOWN,COUNTY,1.3004791238877482,0,0.8660254037844387,-0.4999999999999998
DOG,CHIHUAHUA SH/MIX,BROWN/BLACK,MALE,STRAY,FIELD,HEALTHY,SANTA ROSA,0.16700889801505817,0,0.8660254037844387,-0.4999999999999998
DOG,CHIHUAHUA SH/MIX,BROWN,MALE,STRAY,FIELD,HEALTHY,SANTA ROSA,1.9603011635865846,0,0.8660254037844387,-0.4999999999999998
DOG,PIT BULL,GRAY/WHITE,MALE,STRAY,FIELD,TREATABLE/MANAGEABLE,COUNTY,0.7364818617385352,0,0.8660254037844387,-0.4999999999999998
CAT,DOMESTIC SH,WHITE/GRAY,UNKNOWN,STRAY,FIELD,UNKNOWN,COUNTY,0.2518822724161533,1,0.8660254037844387,-0.4999999999999998
CAT,DOMESTIC MH,BRN TABBY,MALE,STRAY,FIELD,UNKNOWN,COUNTY,0.2518822724161533,1,0.8660254037844387,-0.4999999999999998
DOG,PIT BULL,RED/WHITE,MALE,STRAY,OVER THE COUNTER,UNKNOWN,COUNTY,2.001368925393566,1,0.8660254037844387,-0.4999999999999998
DOG,PUG,__RARE_OR_NEW__,MALE,STRAY,FIELD,HEALTHY,COUNTY,6.414784394250513,0,0.8660254037844387,-0.4999999999999998
DOG,PUG,FAWN,MALE,STRAY,FIELD,UNKNOWN,COUNTY,6.414784394250513,0,0.8660254037844387,-0.4999999999999998
CAT,DOMESTIC SH,BLACK,FEMALE,STRAY,OVER THE COUNTER,UNKNOWN,COUNTY,1.998631074606434,0,0.8660254037844387,-0.4999999999999998
CAT,DOMESTIC SH,GRAY/WHITE,MALE,STRAY,OVER THE COUNTER,HEALTHY,SANTA ROSA,0.999315537303217,0,0.8660254037844387,-0.4999999999999998
DOG,BELG MALINOIS,BROWN/BLACK,FEMALE,STRAY,PHONE,UNKNOWN,SANTA ROSA,2.5790554414784395,0,0.8660254037844387,-0.4999999999999998
DOG,PIT BULL,WHITE/BROWN,FEMALE,STRAY,OVER THE COUNTER,UNKNOWN,SANTA ROSA,2.001368925393566,1,0.8660254037844387,-0.4999999999999998
CAT,DOMESTIC MH,BUFF/WHITE,MALE,ADOPTION RETURN,OVER THE COUNTER,HEALTHY,COUNTY,2.0451745379876796,0,0.8660254037844387,-0.4999999999999998
DOG,GERM SHEPHERD/MIX,BLACK/TAN,MALE,STRAY,FIELD,HEALTHY,COUNTY,1.9575633127994525,0,0.8660254037844387,-0.4999999999999998
CAT,__RARE_OR_NEW__,BRN TABBY,MALE,STRAY,OVER THE COUNTER,UNKNOWN,SANTA ROSA,0.999315537303217,0,0.8660254037844387,-0.4999999999999998
DOG,SIBERIAN HUSKY,BLACK/WHITE,MALE,QUARANTINE,FIELD,HEALTHY,SANTA ROSA,4.0,0,0.8660254037844387,-0.4999999999999998
CAT,DOMESTIC SH,BLACK,MALE,STRAY,OVER THE COUNTER,HEALTHY,COUNTY,0.06844626967830253,0,0.8660254037844387,-0.4999999999999998
CAT,DOMESTIC SH,GRAY TABBY/WHITE,FEMALE,STRAY,OVER THE COUNTER,HEALTHY,COUNTY,0.06570841889117043,0,0.8660254037844387,-0.4999999999999998
CAT,DOMESTIC SH,BRN TABBY,MALE,STRAY,OVER THE COUNTER,UNKNOWN,COUNTY,0.06844626967830253,0,0.8660254037844387,-0.4999999999999998
CAT,DOMESTIC SH,GRAY TABBY/WHITE,FEMALE,STRAY,OVER THE COUNTER,HEALTHY,COUNTY,0.06844626967830253,0,0.8660254037844387,-0.4999999999999998
CAT,DOMESTIC SH,GRAY,FEMALE,STRAY,OVER THE COUNTER,HEALTHY,COUNTY,0.06570841889117043,0,0.8660254037844387,-0.4999999999999998
CAT,DOMESTIC SH,BLACK,FEMALE,STRAY,OVER THE COUNTER,HEALTHY,COUNTY,0.06844626967830253,0,0.8660254037844387,-0.4999999999999998
CAT,DOMESTIC SH,GRAY,FEMALE,STRAY,OVER THE COUNTER,HEALTHY,COUNTY,0.06844626967830253,0,0.8660254037844387,-0.4999999999999998
CAT,DOMESTIC SH,GRAY TABBY,FEMALE,STRAY,OVER THE COUNTER,HEALTHY,COUNTY,0.06844626967830253,0,0.8660254037844387,-0.4999999999999998
CAT,DOMESTIC SH,BLACK,FEMALE,STRAY,OVER THE COUNTER,HEALTHY,COUNTY,1.998631074606434,0,0.8660254037844387,-0.4999999999999998
CAT,DOMESTIC SH,BRN TABBY,FEMALE,OWNER SURRENDER,OVER THE COUNTER,UNKNOWN,SANTA ROSA,0.5119780971937029,0,0.8660254037844387,-0.4999999999999998
DOG,AUST CATTLE DOG,__RARE_OR_NEW__,FEMALE,STRAY,FLD_STRAY,UNKNOWN,SANTA ROSA,0.7474332648870636,0,0.8660254037844387,-0.4999999999999998
DOG,AUST CATTLE DOG,TRICOLOR,FEMALE,CONFISCATE,FLD_ABAND,UNKNOWN,SANTA ROSA,0.16700889801505817,0,0.8660254037844387,-0.4999999999999998
DOG,AUST CATTLE DOG,TRICOLOR,FEMALE,CONFISCATE,FLD_ABAND,HEALTHY,SANTA ROSA,0.16700889801505817,0,0.8660254037844387,-0.4999999999999998
DOG,AUST CATTLE DOG,TRICOLOR,FEMALE,CONFISCATE,FLD_ABAND,HEALTHY,SANTA ROSA,0.16700889801505817,0,0.8660254037844387,-0.4999999999999998
DOG,AUST CATTLE DOG,TRICOLOR,FEMALE,CONFISCATE,FLD_ABAND,HEALTHY,SANTA ROSA,0.16700889801505817,0,0.8660254037844387,-0.4999999999999998
DOG,AUST CATTLE DOG,__RARE_OR_NEW__,MALE,CONFISCATE,FLD_ABAND,TREATABLE/REHAB,SANTA ROSA,1.620807665982204,0,0.8660254037844387,-0.4999999999999998
DOG,AUST CATTLE DOG,__RARE_OR_NEW__,FEMALE,CONFISCATE,FLD_ABAND,HEALTHY,SANTA ROSA,1.3935660506502396,0,0.8660254037844387,-0.4999999999999998
DOG,AUST CATTLE DOG,TRICOLOR,FEMALE,CONFISCATE,FLD_ABAND,UNKNOWN,SANTA ROSA,1.3935660506502396,0,0.8660254037844387,-0.4999999999999998
DOG,AUST CATTLE DOG,TRICOLOR,MALE,CONFISCATE,FLD_ABAND,UNKNOWN,SANTA ROSA,2.001368925393566,1,0.8660254037844387,-0.4999999999999998
DOG,PIT BULL,BR BRINDLE/WHITE,FEMALE,CONFISCATE,FLD_ABAND,UNKNOWN,SANTA ROSA,2.001368925393566,1,0.8660254037844387,-0.4999999999999998
DOG,BORDER COLLIE,BLACK/WHITE,MALE,STRAY,FIELD,HEALTHY,SANTA ROSA,1.4948665297741273,0,0.8660254037844387,-0.4999999999999998
OTHER,__RARE_OR_NEW__,BLACK/WHITE,UNKNOWN,QUARANTINE,FIELD,UNKNOWN,COUNTY,1.8986995208761122,1,0.8660254037844387,-0.4999999999999998
OTHER,__RARE_OR_NEW__,__RARE_OR_NEW__,MALE,STRAY,OVER THE COUNTER,UNKNOWN,COUNTY,1.998631074606434,0,0.8660254037844387,-0.4999999999999998
CAT,DOMESTIC SH,LYNX PT,MALE,STRAY,OVER THE COUNTER,HEALTHY,COUNTY,1.9657768651608487,0,0.8660254037844387,-0.4999999999999998
DOG,POMERANIAN,TAN,FEMALE,STRAY,OVER THE COUNTER,UNKNOWN,SANTA ROSA,4.621492128678987,0,0.8660254037844387,-0.4999999999999998
CAT,DOMESTIC SH,SEAL PT,FEMALE,STRAY,OVER THE COUNTER,HEALTHY,COUNTY,0.12046543463381246,0,0.8660254037844387,-0.4999999999999998
CAT,DOMESTIC SH,BLACK,MALE,STRAY,OVER THE COUNTER,HEALTHY,COUNTY,0.07118412046543464,0,0.8660254037844387,-0.4999999999999998
CAT,DOMESTIC SH,BLACK,FEMALE,STRAY,OVER THE COUNTER,HEALTHY,COUNTY,0.08213552361396304,0,0.8660254037844387,-0.4999999999999998
CAT,DOMESTIC SH,BLACK,FEMALE,STRAY,OVER THE COUNTER,HEALTHY,COUNTY,0.08213552361396304,0,0.8660254037844387,-0.4999999999999998
DOG,ALASKAN HUSKY,BROWN/WHITE,FEMALE,STRAY,OVER THE COUNTER,HEALTHY,SANTA ROSA,3.260780287474333,0,0.8660254037844387,-0.4999999999999998
DOG,AUST CATTLE DOG,BLACK/WHITE,MALE,STRAY,FLD_STRAY,UNKNOWN,SANTA ROSA,2.535249828884326,0,0.8660254037844387,-0.4999999999999998
DOG,AUST CATTLE DOG,BLUE MERLE,MALE,STRAY,FLD_STRAY,UNKNOWN,SANTA ROSA,2.001368925393566,1,0.8660254037844387,-0.4999999999999998
CAT,DOMESTIC SH,BRN TABBY/WHITE,FEMALE,STRAY,OVER THE COUNTER,HEALTHY,SANTA ROSA,0.999315537303217,0,0.8660254037844387,-0.4999999999999998
DOG,PIT BULL,BLACK/WHITE,FEMALE,STRAY,OVER THE COUNTER,UNKNOWN,SANTA ROSA,2.9979466119096507,0,0.8660254037844387,-0.4999999999999998
DOG,POODLE MIN,BLACK,MALE,STRAY,FIELD,UNKNOWN,COUNTY,0.7748117727583846,0,0.8660254037844387,-0.4999999999999998
CAT,DOMESTIC SH,ORG TABBY/WHITE,FEMALE,STRAY,OVER THE COUNTER,UNKNOWN,COUNTY,0.06297056810403832,0,0.8660254037844387,-0.4999999999999998
CAT,DOMESTIC SH,LYNX PT,FEMALE,STRAY,OVER THE COUNTER,UNKNOWN,COUNTY,0.06297056810403832,0,0.8660254037844387,-0.4999999999999998
CAT,DOMESTIC SH,BLACK,MALE,STRAY,OVER THE COUNTER,UNKNOWN,COUNTY,0.08213552361396304,0,0.8660254037844387,-0.4999999999999998
DOG,PIT BULL,GRAY/WHITE,MALE,QUARANTINE,FIELD,UNKNOWN,COUNTY,3.759069130732375,0,0.8660254037844387,-0.4999999999999998
OTHER,CHICKEN,WHITE,FEMALE,STRAY,PHONE,UNKNOWN,SANTA ROSA,1.8986995208761122,1,0.8660254037844387,-0.4999999999999998
DOG,GREAT PYRENEES,WHITE,FEMALE,STRAY,FIELD,HEALTHY,SANTA ROSA,1.9000684462696784,0,0.8660254037844387,-0.4999999999999998
DOG,GREAT PYRENEES,WHITE,MALE,STRAY,FIELD,HEALTHY,SANTA ROSA,1.4373716632443532,0,0.8660254037844387,-0.4999999999999998
DOG,__RARE_OR_NEW__,TAN/WHITE,FEMALE,STRAY,FIELD,UNKNOWN,SANTA ROSA,14.075290896646132,0,0.8660254037844387,-0.4999999999999998
DOG,CHIHUAHUA SH/MIX,TAN/WHITE,FEMALE,STRAY,OVER THE COUNTER,UNKNOWN,SANTA ROSA,5.801505817932923,0,0.8660254037844387,-0.4999999999999998
CAT,DOMESTIC SH,BLACK/WHITE,UNKNOWN,STRAY,OVER THE COUNTER,TREATABLE/REHAB,COUNTY,0.04106776180698152,0,0.8660254037844387,-0.4999999999999998
CAT,DOMESTIC SH,BLACK/WHITE,UNKNOWN,STRAY,OVER THE COUNTER,TREATABLE/REHAB,COUNTY,0.04106776180698152,0,0.8660254037844387,-0.4999999999999998
DOG,__RARE_OR_NEW__,BLACK/TAN,MALE,ADOPTION RETURN,OVER THE COUNTER,HEALTHY,SANTA ROSA,0.9117043121149897,0,0.8660254037844387,-0.4999999999999998
CAT,DOMESTIC SH,LYNX PT,MALE,STRAY,FIELD,HEALTHY,SANTA ROSA,2.940451745379877,0,0.8660254037844387,-0.4999999999999998
DOG,__RARE_OR_NEW__,GRAY/WHITE,FEMALE,STRAY,OVER THE COUNTER,UNKNOWN,COUNTY,1.998631074606434,0,0.8660254037844387,-0.4999999999999998
DOG,POODLE MIN,WHITE,MALE,STRAY,OVER THE COUNTER,UNKNOWN,COUNTY,1.998631074606434,0,0.8660254037844387,-0.4999999999999998
DOG,GERM SHEPHERD,BLACK/BROWN,FEMALE,STRAY,OVER THE COUNTER,UNKNOWN,SANTA ROSA,0.32854209445585214,0,0.8660254037844387,-0.4999999999999998
DOG,__RARE_OR_NEW__,WHITE/BROWN,MALE,STRAY,FIELD,UNKNOWN,SANTA ROSA,3.9616700889801506,0,0.49999999999999994,-0.8660254037844387
DOG,CHIHUAHUA SH/MIX,BROWN,MALE,STRAY,OVER THE COUNTER,UNKNOWN,SANTA ROSA,11.759069130732374,0,0.49999999999999994,-0.8660254037844387
CAT,DOMESTIC SH,BRN TABBY/WHITE,FEMALE,STRAY,OVER THE COUNTER,HEALTHY,SANTA ROSA,7.8056125941136205,0,0.49999999999999994,-0.8660254037844387
DOG,PIT BULL,TAN,FEMALE,STRAY,OVER THE COUNTER,UNKNOWN,SANTA ROSA,8.999315537303216,0,0.49999999999999994,-0.8660254037844387
CAT,DOMESTIC SH,GRAY TABBY,MALE,STRAY,OVER THE COUNTER,HEALTHY,COUNTY,0.2518822724161533,0,0.49999999999999994,-0.8660254037844387
DOG,CHIHUAHUA SH,TAN/WHITE,FEMALE,CONFISCATE,FLD_HOSPTL,UNKNOWN,SANTA ROSA,10.483230663928817,0,0.49999999999999994,-0.8660254037844387
DOG,CHIHUAHUA LH/MIX,BLACK/TAN,FEMALE,STRAY,FLD_STRAY,HEALTHY,SANTA ROSA,0.999315537303217,0,0.49999999999999994,-0.8660254037844387
DOG,CHIHUAHUA LH/MIX,BLACK/TAN,FEMALE,STRAY,FLD_STRAY,HEALTHY,SANTA ROSA,0.999315537303217,0,0.49999999999999994,-0.8660254037844387
OTHER,__RARE_OR_NEW__,BROWN,FEMALE,STRAY,FIELD,UNKNOWN,COUNTY,1.8986995208761122,1,0.49999999999999994,-0.8660254037844387
DOG,FRENCH BULLDOG,BLUE MERLE,MALE,STRAY,OVER THE COUNTER,UNKNOWN,SANTA ROSA,0.999315537303217,0,0.49999999999999994,-0.8660254037844387
DOG,__RARE_OR_NEW__,BLACK/GRAY,MALE,STRAY,OVER THE COUNTER,UNKNOWN,SANTA ROSA,5.204654346338125,0,0.49999999999999994,-0.8660254037844387
OTHER,__RARE_OR_NEW__,BLACK/TAN,UNKNOWN,STRAY,FIELD,UNKNOWN,COUNTY,1.8986995208761122,1,0.49999999999999994,-0.8660254037844387
CAT,DOMESTIC SH,AGOUTI,UNKNOWN,STRAY,OVER THE COUNTER,TREATABLE/REHAB,COUNTY,0.08761122518822724,0,0.49999999999999994,-0.8660254037844387
CAT,DOMESTIC SH,AGOUTI,UNKNOWN,STRAY,OVER THE COUNTER,TREATABLE/REHAB,COUNTY,0.08761122518822724,0,0.49999999999999994,-0.8660254037844387
CAT,DOMESTIC SH,AGOUTI,UNKNOWN,STRAY,OVER THE COUNTER,TREATABLE/REHAB,COUNTY,0.08761122518822724,0,0.49999999999999994,-0.8660254037844387
CAT,DOMESTIC SH,AGOUTI,UNKNOWN,STRAY,OVER THE COUNTER,TREATABLE/REHAB,COUNTY,0.08761122518822724,0,0.49999999999999994,-0.8660254037844387
CAT,DOMESTIC SH,AGOUTI,UNKNOWN,STRAY,OVER THE COUNTER,TREATABLE/REHAB,COUNTY,0.08761122518822724,0,0.49999999999999994,-0.8660254037844387
CAT,DOMESTIC SH,BRN TABBY,FEMALE,STRAY,OVER THE COUNTER,UNKNOWN,COUNTY,1.9849418206707734,0,0.49999999999999994,-0.8660254037844387
CAT,DOMESTIC MH,BRN TABBY/WHITE,UNKNOWN,STRAY,OVER THE COUNTER,UNKNOWN,COUNTY,0.04106776180698152,0,0.49999999999999994,-0.8660254037844387
CAT,DOMESTIC MH,BRN TABBY/WHITE,MALE,STRAY,OVER THE COUNTER,UNKNOWN,COUNTY,0.12594113620807665,0,0.49999999999999994,-0.8660254037844387
CAT,DOMESTIC MH,BLACK/WHITE,FEMALE,STRAY,OVER THE COUNTER,UNKNOWN,COUNTY,0.12594113620807665,0,0.49999999999999994,-0.8660254037844387
CAT,DOMESTIC MH,GRAY TABBY,MALE,STRAY,OVER THE COUNTER,UNKNOWN,COUNTY,0.13415468856947296,0,0.49999999999999994,-0.8660254037844387
CAT,DOMESTIC MH,BRN TABBY,MALE,STRAY,OVER THE COUNTER,UNKNOWN,COUNTY,0.12594113620807665,0,0.49999999999999994,-0.8660254037844387
CAT,DOMESTIC MH,BLACK/WHITE,UNKNOWN,STRAY,OVER THE COUNTER,UNKNOWN,COUNTY,0.12594113620807665,0,0.49999999999999994,-0.8660254037844387
CAT,DOMESTIC SH,BLACK,MALE,STRAY,OVER THE COUNTER,HEALTHY,SANTA ROSA,0.10951403148528405,0,0.49999999999999994,-0.8660254037844387
CAT,DOMESTIC SH,GRAY,MALE,STRAY,OVER THE COUNTER,TREATABLE/REHAB,SANTA ROSA,0.09034907597535935,0,0.49999999999999994,-0.8660254037844387
CAT,DOMESTIC SH,GRAY,MALE,STRAY,OVER THE COUNTER,HEALTHY,SANTA ROSA,0.09034907597535935,0,0.49999999999999994,-0.8660254037844387
CAT,DOMESTIC SH,BRN TABBY,MALE,STRAY,OVER THE COUNTER,HEALTHY,SANTA ROSA,0.10951403148528405,0,0.49999999999999994,-0.8660254037844387
CAT,DOMESTIC LH,BLACK/WHITE,MALE,STRAY,FIELD,UNKNOWN,SANTA ROSA,4.0,0,0.49999999999999994,-0.8660254037844387
DOG,BORDER COLLIE,BLACK/WHITE,MALE,STRAY,OVER THE COUNTER,UNKNOWN,SANTA ROSA,0.999315537303217,0,0.49999999999999994,-0.8660254037844387
DOG,YORKSHIRE TERR,RED,MALE,STRAY,FIELD,UNKNOWN,SANTA ROSA,2.001368925393566,1,0.49999999999999994,-0.8660254037844387
DOG,__RARE_OR_NEW__,BLACK/BROWN,FEMALE,STRAY,FIELD,HEALTHY,SANTA ROSA,0.6516084873374401,0,0.49999999999999994,-0.8660254037844387
DOG,__RARE_OR_NEW__,__RARE_OR_NEW__,MALE,STRAY,FIELD,UNKNOWN,SANTA ROSA,8.432580424366872,0,0.49999999999999994,-0.8660254037844387
DOG,PIT BULL/MIX,TAN/WHITE,FEMALE,STRAY,OVER THE COUNTER,HEALTHY,COUNTY,0.8952772073921971,0,0.49999999999999994,-0.8660254037844387
DOG,PIT BULL,__RARE_OR_NEW__,MALE,CONFISCATE,FLD_ARREST,UNKNOWN,COUNTY,1.1882272416153319,0,0.49999999999999994,-0.8660254037844387
DOG,CHIHUAHUA SH,TAN,FEMALE,CONFISCATE,FLD_ARREST,UNKNOWN,COUNTY,1.4510609171800137,0,0.49999999999999994,-0.8660254037844387
DOG,GERM SHEPHERD/MIX,BLACK/TAN,FEMALE,STRAY,FIELD,UNKNOWN,SANTA ROSA,0.23545516769336072,0,0.49999999999999994,-0.8660254037844387
DOG,GERM SHEPHERD/MIX,BROWN/TAN,MALE,STRAY,FIELD,HEALTHY,SANTA ROSA,0.23545516769336072,0,0.49999999999999994,-0.8660254037844387
CAT,DOMESTIC SH,BRN TABBY,MALE,STRAY,FIELD,HEALTHY,SANTA ROSA,2.9979466119096507,0,0.49999999999999994,-0.8660254037844387
DOG,__RARE_OR_NEW__,FAWN,MALE,STRAY,FIELD,UNKNOWN,SANTA ROSA,5.689253935660506,0,0.49999999999999994,-0.8660254037844387
DOG,__RARE_OR_NEW__,BL BRINDLE,FEMALE,STRAY,FIELD,UNKNOWN,SANTA ROSA,5.689253935660506,0,0.49999999999999994,-0.8660254037844387
DOG,ALASKAN HUSKY,WHITE/GRAY,MALE,STRAY,FIELD,UNKNOWN,SANTA ROSA,2.001368925393566,1,0.49999999999999994,-0.8660254037844387
DOG,ALASKAN HUSKY,WHITE/GRAY,MALE,STRAY,FIELD,UNKNOWN,SANTA ROSA,1.3442847364818618,0,0.49999999999999994,-0.8660254037844387
DOG,__RARE_OR_NEW__,TAN/WHITE,MALE,OWNER SURRENDER,FIELD,UNKNOWN,SANTA ROSA,2.001368925393566,1,0.49999999999999994,-0.8660254037844387
DOG,ROTTWEILER/MIX,BLACK/TAN,FEMALE,STRAY,OVER THE COUNTER,HEALTHY,SANTA ROSA,2.937713894592745,0,0.49999999999999994,-0.8660254037844387
CAT,DOMESTIC SH,GRAY,MALE,STRAY,OVER THE COUNTER,UNKNOWN,SANTA ROSA,0.2518822724161533,1,0.49999999999999994,-0.8660254037844387
DOG,__RARE_OR_NEW__,TAN,MALE,STRAY,FLD_STRAY,HEALTHY,COUNTY,5.94113620807666,0,0.49999999999999994,-0.8660254037844387
DOG,PIT BULL/MIX,BR BRINDLE/WHITE,MALE,CONFISCATE,FLD_INVEST,UNKNOWN,COUNTY,6.464065708418891,0,0.49999999999999994,-0.8660254037844387
DOG,PIT BULL,WHITE/BROWN,FEMALE,CONFISCATE,FLD_INVEST,UNKNOWN,COUNTY,6.368240930869268,0,0.49999999999999994,-0.8660254037844387
DOG,PIT BULL/MIX,TRICOLOR,FEMALE,STRAY,OVER THE COUNTER,UNKNOWN,SANTA ROSA,2.001368925393566,1,0.49999999999999994,-0.8660254037844387
CAT,DOMESTIC SH,BLACK,FEMALE,STRAY,OVER THE COUNTER,HEALTHY,COUNTY,0.16700889801505817,0,0.49999999999999994,-0.8660254037844387
CAT,DOMESTIC SH,LYNX PT,MALE,STRAY,OVER THE COUNTER,HEALTHY,COUNTY,0.16700889801505817,0,0.49999999999999994,-0.8660254037844387
DOG,CHIHUAHUA LH/MIX,WHITE,FEMALE,STRAY,FIELD,UNKNOWN,COUNTY,2.001368925393566,1,0.49999999999999994,-0.8660254037844387
DOG,CHIHUAHUA LH/MIX,BLACK,UNKNOWN,STRAY,FIELD,UNKNOWN,COUNTY,0.0,0,0.49999999999999994,-0.8660254037844387
DOG,CHIHUAHUA LH/MIX,BLACK,UNKNOWN,STRAY,FIELD,UNKNOWN,COUNTY,0.0,0,0.49999999999999994,-0.8660254037844387
DOG,LABRADOR RETR/MIX,BROWN,FEMALE,CONFISCATE,FLD_HOSPTL,UNKNOWN,SANTA ROSA,3.893223819301848,0,0.49999999999999994,-0.8660254037844387
DOG,CHIHUAHUA SH,AGOUTI,UNKNOWN,BORN HERE,MOM STRAY,UNKNOWN,SANTA ROSA,0.0,0,0.49999999999999994,-0.8660254037844387
DOG,__RARE_OR_NEW__,CREAM,FEMALE,STRAY,FLD_STRAY,UNKNOWN,COUNTY,12.432580424366872,0,0.49999999999999994,-0.8660254037844387
DOG,GREAT PYRENEES/MIX,CREAM/WHITE,FEMALE,STRAY,FIELD,HEALTHY,SANTA ROSA,0.5557837097878165,0,0.49999999999999994,-0.8660254037844387
DOG,ALASKAN HUSKY,WHITE,MALE,STRAY,FIELD,UNKNOWN,SANTA ROSA,1.9110198494182067,0,0.49999999999999994,-0.8660254037844387
CAT,DOMESTIC SH,TORTIE,FEMALE,STRAY,OVER THE COUNTER,HEALTHY,SANTA ROSA,2.9979466119096507,0,0.49999999999999994,-0.8660254037844387
CAT,DOMESTIC SH,BLACK/WHITE,FEMALE,STRAY,OVER THE COUNTER,HEALTHY,COUNTY,0.24914442162902123,0,0.49999999999999994,-0.8660254037844387
CAT,DOMESTIC SH,BLACK/WHITE,MALE,STRAY,OVER THE COUNTER,HEALTHY,COUNTY,0.24914442162902123,0,0.49999999999999994,-0.8660254037844387
CAT,DOMESTIC SH,ORANGE/WHITE,MALE,STRAY,OVER THE COUNTER,HEALTHY,COUNTY,0.24914442162902123,0,0.49999999999999994,-0.8660254037844387
CAT,DOMESTIC SH,ORANGE/WHITE,MALE,STRAY,OVER THE COUNTER,HEALTHY,COUNTY,0.24914442162902123,0,0.49999999999999994,-0.8660254037844387
CAT,DOMESTIC SH,CALICO,FEMALE,STRAY,OVER THE COUNTER,HEALTHY,COUNTY,0.9856262833675564,0,0.49999999999999994,-0.8660254037844387
CAT,DOMESTIC SH,BRN TABBY,FEMALE,STRAY,OVER THE COUNTER,HEALTHY,SANTA ROSA,0.999315537303217,0,0.49999999999999994,-0.8660254037844387
CAT,DOMESTIC SH,BRN TABBY/WHITE,UNKNOWN,QUARANTINE,FIELD,UNKNOWN,SANTA ROSA,0.2518822724161533,1,0.49999999999999994,-0.8660254037844387
CAT,DOMESTIC SH,BRN TABBY,MALE,STRAY,OVER THE COUNTER,UNKNOWN,SANTA ROSA,2.9979466119096507,0,0.49999999999999994,-0.8660254037844387
OTHER,__RARE_OR_NEW__,YELLOW,MALE,STRAY,FIELD,UNKNOWN,SANTA ROSA,1.8986995208761122,1,0.49999999999999994,-0.8660254037844387
OTHER,__RARE_OR_NEW__,__RARE_OR_NEW__,MALE,STRAY,FIELD,HEALTHY,SANTA ROSA,1.8986995208761122,1,0.49999999999999994,-0.8660254037844387
CAT,DOMESTIC SH,BLACK,MALE,STRAY,OVER THE COUNTER,HEALTHY,SANTA ROSA,2.9869952087611225,0,0.49999999999999994,-0.8660254037844387
DOG,__RARE_OR_NEW__,CREAM,FEMALE,OWNER SURRENDER,OVER THE COUNTER,UNKNOWN,SANTA ROSA,12.435318275154003,0,0.49999999999999994,-0.8660254037844387
DOG,__RARE_OR_NEW__,WHITE/TAN,FEMALE,CONFISCATE,FLD_HOSPTL,UNKNOWN,COUNTY,15.5564681724846,0,0.49999999999999994,-0.8660254037844387
DOG,PIT BULL/MIX,GRAY/WHITE,MALE,STRAY,FIELD,HEALTHY,SANTA ROSA,2.9103353867214237,0,0.49999999999999994,-0.8660254037844387
OTHER,__RARE_OR_NEW__,WHITE/BLACK,MALE,STRAY,FIELD,HEALTHY,SANTA ROSA,1.9876796714579055,0,0.49999999999999994,-0.8660254037844387
DOG,CHIHUAHUA SH/MIX,TAN,MALE,STRAY,OVER THE COUNTER,UNKNOWN,SANTA ROSA,2.001368925393566,1,0.49999999999999994,-0.8660254037844387
CAT,DOMESTIC SH,CALICO,FEMALE,STRAY,OVER THE COUNTER,UNKNOWN,COUNTY,1.894592744695414,0,0.49999999999999994,-0.8660254037844387
CAT,DOMESTIC SH,BLACK/WHITE,MALE,STRAY,OVER THE COUNTER,UNKNOWN,COUNTY,0.06023271731690623,0,0.49999999999999994,-0.8660254037844387
CAT,DOMESTIC SH,BLACK,MALE,STRAY,OVER THE COUNTER,UNKNOWN,COUNTY,0.06023271731690623,0,0.49999999999999994,-0.8660254037844387
CAT,DOMESTIC SH,BLACK,MALE,STRAY,OVER THE COUNTER,UNKNOWN,COUNTY,0.06023271731690623,0,0.49999999999999994,-0.8660254037844387
CAT,DOMESTIC SH,ORANGE,MALE,STRAY,OVER THE COUNTER,UNKNOWN,COUNTY,0.06023271731690623,0,0.49999999999999994,-0.8660254037844387
CAT,DOMESTIC SH,BLACK/WHITE,MALE,STRAY,EMAIL,UNKNOWN,COUNTY,0.12594113620807665,0,0.49999999999999994,-0.8660254037844387
DOG,ALASKAN HUSKY,WHITE/GRAY,FEMALE,STRAY,FIELD,UNKNOWN,SANTA ROSA,2.001368925393566,1,0.49999999999999994,-0.8660254037844387
DOG,BORDER COLLIE,BLACK/WHITE,FEMALE,STRAY,FIELD,HEALTHY,SANTA ROSA,0.5338809034907598,0,0.49999999999999994,-0.8660254037844387
CAT,DOMESTIC LH,BRN TABBY,MALE,STRAY,OVER THE COUNTER,HEALTHY,COUNTY,0.12320328542094455,0,0.49999999999999994,-0.8660254037844387
OTHER,__RARE_OR_NEW__,__RARE_OR_NEW__,UNKNOWN,STRAY,OVER THE COUNTER,UNKNOWN,SANTA ROSA,1.8986995208761122,1,0.49999999999999994,-0.8660254037844387
CAT,DOMESTIC SH,BRN TABBY/WHITE,MALE,STRAY,OVER THE COUNTER,HEALTHY,SANTA ROSA,2.9787816563997263,0,0.49999999999999994,-0.8660254037844387
DOG,PIT BULL,BROWN/WHITE,FEMALE,STRAY,FIELD,HEALTHY,COUNTY,4.0,0,0.49999999999999994,-0.8660254037844387
CAT,DOMESTIC SH,WHITE,MALE,STRAY,OVER THE COUNTER,HEALTHY,SANTA ROSA,2.9979466119096507,0,0.49999999999999994,-0.8660254037844387
CAT,DOMESTIC SH,BRN TABBY,UNKNOWN,STRAY,FIELD,UNKNOWN,COUNTY,0.2518822724161533,1,0.49999999999999994,-0.8660254037844387
DOG,AUST CATTLE DOG/MIX,__RARE_OR_NEW__,MALE,STRAY,FIELD,HEALTHY,SANTA ROSA,0.6707734428473648,0,0.49999999999999994,-0.8660254037844387
DOG,CHIHUAHUA LH/MIX,BLACK,FEMALE,STRAY,FIELD,UNKNOWN,SANTA ROSA,3.997262149212868,0,0.49999999999999994,-0.8660254037844387
DOG,__RARE_OR_NEW__,TAN,MALE,STRAY,FIELD,UNKNOWN,SANTA ROSA,0.5448323066392882,0,0.49999999999999994,-0.8660254037844387
DOG,CHIHUAHUA SH/MIX,TAN,FEMALE,STRAY,FIELD,UNKNOWN,SANTA ROSA,9.998631074606434,0,0.49999999999999994,-0.8660254037844387
DOG,CHIHUAHUA SH/MIX,TAN,FEMALE,STRAY,FIELD,UNKNOWN,SANTA ROSA,4.0,0,0.49999999999999994,-0.8660254037844387
DOG,__RARE_OR_NEW__,WHITE,MALE,QUARANTINE,FIELD,UNKNOWN,COUNTY,2.001368925393566,1,0.49999999999999994,-0.8660254037844387
CAT,DOMESTIC SH,BRN TABBY,FEMALE,STRAY,OVER THE COUNTER,HEALTHY,COUNTY,1.998631074606434,0,0.49999999999999994,-0.8660254037844387
CAT,DOMESTIC SH,BRN TABBY/WHITE,FEMALE,STRAY,OVER THE COUNTER,HEALTHY,COUNTY,0.16700889801505817,0,0.49999999999999994,-0.8660254037844387
CAT,DOMESTIC MH,WHITE/BLACK,FEMALE,STRAY,OVER THE COUNTER,HEALTHY,COUNTY,0.16700889801505817,0,0.49999999999999994,-0.8660254037844387
DOG,WELSH CORGI CAR/MIX,BLACK,MALE,STRAY,OVER THE COUNTER,UNKNOWN,SANTA ROSA,13.995893223819301,0,0.49999999999999994,-0.8660254037844387
CAT,DOMESTIC SH,ORG TABBY/WHITE,MALE,STRAY,FIELD,UNKNOWN,SANTA ROSA,0.2518822724161533,1,0.49999999999999994,-0.8660254037844387
DOG,__RARE_OR_NEW__,CREAM,MALE,STRAY,OVER THE COUNTER,HEALTHY,COUNTY,0.16700889801505817,0,0.49999999999999994,-0.8660254037844387
CAT,DOMESTIC SH,ORG TABBY,MALE,STRAY,FIELD,UNKNOWN,COUNTY,8.993839835728952,0,0.49999999999999994,-0.8660254037844387
CAT,DOMESTIC SH,ORG TABBY,MALE,STRAY,OVER THE COUNTER,UNKNOWN,COUNTY,12.999315537303216,0,0.49999999999999994,-0.8660254037844387
DOG,PARSON RUSS TER,TAN,MALE,STRAY,FLD_STRAY,HEALTHY,COUNTY,1.998631074606434,0,0.49999999999999994,-0.8660254037844387
CAT,DOMESTIC SH,BLACK,FEMALE,STRAY,OVER THE COUNTER,UNKNOWN,SANTA ROSA,1.998631074606434,0,0.49999999999999994,-0.8660254037844387
CAT,DOMESTIC MH,WHITE/BLACK,FEMALE,STRAY,OVER THE COUNTER,HEALTHY,COUNTY,0.16700889801505817,0,0.49999999999999994,-0.8660254037844387
CAT,DOMESTIC MH,WHITE/BLACK,MALE,STRAY,OVER THE COUNTER,HEALTHY,COUNTY,0.16700889801505817,0,0.49999999999999994,-0.8660254037844387
DOG,BORDER COLLIE/MIX,BLACK/WHITE,FEMALE,STRAY,OVER THE COUNTER,UNKNOWN,SANTA ROSA,0.12594113620807665,0,0.49999999999999994,-0.8660254037844387
DOG,BORDER COLLIE/MIX,BLACK/WHITE,FEMALE,STRAY,OVER THE COUNTER,UNKNOWN,SANTA ROSA,0.12594113620807665,0,0.49999999999999994,-0.8660254037844387
DOG,BORDER COLLIE/MIX,BLACK/WHITE,MALE,STRAY,OVER THE COUNTER,UNKNOWN,SANTA ROSA,0.12594113620807665,0,0.49999999999999994,-0.8660254037844387
DOG,BORDER COLLIE/MIX,BLACK/WHITE,FEMALE,STRAY,OVER THE COUNTER,UNKNOWN,SANTA ROSA,0.12594113620807665,0,0.49999999999999994,-0.8660254037844387
DOG,BORDER COLLIE/MIX,RED/WHITE,FEMALE,STRAY,OVER THE COUNTER,UNKNOWN,SANTA ROSA,0.12594113620807665,0,0.49999999999999994,-0.8660254037844387
DOG,BORDER COLLIE/MIX,BLACK/WHITE,FEMALE,STRAY,OVER THE COUNTER,UNKNOWN,SANTA ROSA,0.12594113620807665,0,0.49999999999999994,-0.8660254037844387
DOG,BORDER COLLIE/MIX,BLACK/WHITE,MALE,STRAY,OVER THE COUNTER,UNKNOWN,SANTA ROSA,0.12594113620807665,0,0.49999999999999994,-0.8660254037844387
DOG,BORDER COLLIE/MIX,BLACK/WHITE,MALE,STRAY,OVER THE COUNTER,UNKNOWN,SANTA ROSA,0.12594113620807665,0,0.49999999999999994,-0.8660254037844387
DOG,__RARE_OR_NEW__,BROWN/TAN,MALE,CONFISCATE,FLD_ARREST,UNKNOWN,COUNTY,8.457221081451062,0,0.49999999999999994,-0.8660254037844387
CAT,DOMESTIC MH,BLACK,MALE,STRAY,OVER THE COUNTER,HEALTHY,SANTA ROSA,2.9842573579739904,0,0.49999999999999994,-0.8660254037844387
DOG,__RARE_OR_NEW__,WHITE,FEMALE,STRAY,OVER THE COUNTER,UNKNOWN,SANTA ROSA,9.998631074606434,0,0.49999999999999994,-0.8660254037844387
CAT,DOMESTIC SH,BRN TABBY,MALE,OWNER SURRENDER,OVER THE COUNTER,HEALTHY,SANTA ROSA,0.15879534565366188,0,0.49999999999999994,-0.8660254037844387
DOG,DACHSHUND/MIX,TRICOLOR,MALE,QUARANTINE,FIELD,UNKNOWN,COUNTY,9.793292265571527,0,0.49999999999999994,-0.8660254037844387
CAT,SIAMESE,__RARE_OR_NEW__,FEMALE,STRAY,OVER THE COUNTER,HEALTHY,SANTA ROSA,1.2511978097193703,0,0.49999999999999994,-0.8660254037844387
DOG,GERM SHEPHERD,BLACK/TAN,MALE,STRAY,FIELD,UNKNOWN,COUNTY,5.9986310746064335,0,0.49999999999999994,-0.8660254037844387
OTHER,RABBIT SH,BROWN,MALE,STRAY,FIELD,UNKNOWN,COUNTY,1.995893223819302,0,0.49999999999999994,-0.8660254037844387
DOG,LABRADOR RETR,BLACK,MALE,STRAY,FIELD,UNKNOWN,SANTA ROSA,7.9780971937029435,0,0.49999999999999994,-0.8660254037844387
DOG,AUST CATTLE DOG,__RARE_OR_NEW__,FEMALE,STRAY,FLD_STRAY,UNKNOWN,COUNTY,2.001368925393566,1,0.49999999999999994,-0.8660254037844387
DOG,__RARE_OR_NEW__,BLACK/WHITE,MALE,STRAY,FIELD,UNKNOWN,SANTA ROSA,2.001368925393566,1,0.49999999999999994,-0.8660254037844387
CAT,DOMESTIC MH,BLACK/WHITE,FEMALE,QUARANTINE,FIELD,TREATABLE/REHAB,SANTA ROSA,7.956194387405886,0,0.49999999999999994,-0.8660254037844387
DOG,__RARE_OR_NEW__,RED/WHITE,MALE,STRAY,FIELD,UNKNOWN,SANTA ROSA,2.001368925393566,1,0.49999999999999994,-0.8660254037844387
DOG,SIBERIAN HUSKY,BLACK/WHITE,MALE,STRAY,FIELD,HEALTHY,SANTA ROSA,1.4182067077344285,0,0.49999999999999994,-0.8660254037844387
DOG,__RARE_OR_NEW__,TAN,MALE,CONFISCATE,FLD_CORONR,UNKNOWN,COUNTY,2.001368925393566,1,0.49999999999999994,-0.8660254037844387
DOG,POODLE MIN/MIX,WHITE,MALE,CONFISCATE,FLD_CORONR,UNKNOWN,COUNTY,2.001368925393566,1,0.49999999999999994,-0.8660254037844387
DOG,CHIHUAHUA SH,BLACK,FEMALE,CONFISCATE,FLD_CORONR,UNKNOWN,COUNTY,2.001368925393566,1,0.49999999999999994,-0.8660254037844387
OTHER,__RARE_OR_NEW__,BROWN,FEMALE,STRAY,FIELD,UNKNOWN,SANTA ROSA,1.8986995208761122,1,0.49999999999999994,-0.8660254037844387
DOG,CHIHUAHUA SH/MIX,RED/WHITE,MALE,CONFISCATE,FLD_ARREST,UNKNOWN,COUNTY,2.001368925393566,1,0.49999999999999994,-0.8660254037844387
DOG,YORKSHIRE TERR,BLACK/BROWN,MALE,STRAY,FIELD,HEALTHY,COUNTY,5.897330595482546,0,0.49999999999999994,-0.8660254037844387
DOG,CHIHUAHUA SH,BLACK/BROWN,MALE,STRAY,OVER THE COUNTER,HEALTHY,COUNTY,2.924024640657084,0,0.49999999999999994,-0.8660254037844387
DOG,GERM SHEPHERD,RED/BLACK,MALE,STRAY,FIELD,UNKNOWN,COUNTY,2.001368925393566,1,0.49999999999999994,-0.8660254037844387
DOG,__RARE_OR_NEW__,__RARE_OR_NEW__,FEMALE,CONFISCATE,FIELD,UNKNOWN,SANTA ROSA,0.5776865160848734,0,0.49999999999999994,-0.8660254037844387
CAT,__RARE_OR_NEW__,__RARE_OR_NEW__,MALE,STRAY,OVER THE COUNTER,HEALTHY,SANTA ROSA,1.9219712525667352,0,0.49999999999999994,-0.8660254037844387
DOG,LABRADOR RETR,YELLOW,MALE,STRAY,FIELD,UNKNOWN,SANTA ROSA,6.102669404517454,0,0.49999999999999994,-0.8660254037844387
DOG,LABRADOR RETR,YELLOW,MALE,STRAY,FIELD,UNKNOWN,SANTA ROSA,2.1601642710472277,0,0.49999999999999994,-0.8660254037844387
DOG,GERM SHEPHERD,BLACK/TAN,FEMALE,STRAY,OVER THE COUNTER,UNKNOWN,SANTA ROSA,0.4134154688569473,0,0.49999999999999994,-0.8660254037844387
CAT,DOMESTIC SH,BLACK,MALE,STRAY,OVER THE COUNTER,HEALTHY,COUNTY,0.16700889801505817,0,0.49999999999999994,-0.8660254037844387
CAT,DOMESTIC SH,LYNX PT,MALE,STRAY,OVER THE COUNTER,HEALTHY,COUNTY,0.16700889801505817,0,0.49999999999999994,-0.8660254037844387
CAT,DOMESTIC SH,BRN TABBY,MALE,STRAY,OVER THE COUNTER,HEALTHY,COUNTY,0.16700889801505817,0,0.49999999999999994,-0.8660254037844387
CAT,DOMESTIC SH,TORTIE,FEMALE,STRAY,OVER THE COUNTER,UNKNOWN,SANTA ROSA,4.139630390143737,0,0.49999999999999994,-0.8660254037844387
DOG,__RARE_OR_NEW__,BLACK/WHITE,FEMALE,STRAY,FIELD,UNKNOWN,SANTA ROSA,4.605065023956194,0,0.49999999999999994,-0.8660254037844387
DOG,PIT BULL,GRAY/WHITE,MALE,STRAY,OVER THE COUNTER,UNKNOWN,COUNTY,5.420944558521561,0,0.49999999999999994,-0.8660254037844387
DOG,PIT BULL/MIX,FAWN/WHITE,MALE,STRAY,OVER THE COUNTER,UNKNOWN,COUNTY,0.49828884325804246,0,0.49999999999999994,-0.8660254037844387
DOG,__RARE_OR_NEW__,TAN/WHITE,FEMALE,STRAY,OVER THE COUNTER,HEALTHY,SANTA ROSA,0.35592060232717315,0,0.49999999999999994,-0.8660254037844387
DOG,GERM SHEPHERD/MIX,TAN/BLACK,MALE,STRAY,FIELD,UNKNOWN,SANTA ROSA,2.001368925393566,1,0.49999999999999994,-0.8660254037844387
DOG,__RARE_OR_NEW__,WHITE/TAN,MALE,STRAY,FIELD,UNKNOWN,COUNTY,0.5092402464065708,0,0.49999999999999994,-0.8660254037844387
CAT,DOMESTIC SH,ORG TABBY/WHITE,MALE,STRAY,OVER THE COUNTER,UNKNOWN,SANTA ROSA,0.9965776865160849,0,0.49999999999999994,-0.8660254037844387
DOG,LABRADOR RETR,BLACK,FEMALE,STRAY,FIELD,UNKNOWN,SANTA ROSA,1.1964407939767283,0,0.49999999999999994,-0.8660254037844387
DOG,PIT BULL/MIX,BROWN/WHITE,FEMALE,STRAY,FIELD,UNKNOWN,SANTA ROSA,0.08487337440109514,0,0.49999999999999994,-0.8660254037844387
DOG,SIBERIAN HUSKY,BLACK/WHITE,FEMALE,STRAY,OVER THE COUNTER,UNKNOWN,COUNTY,2.652977412731006,0,0.49999999999999994,-0.8660254037844387
DOG,PIT BULL/MIX,BLUE MERLE,FEMALE,STRAY,OVER THE COUNTER,HEALTHY,COUNTY,0.892539356605065,0,0.49999999999999994,-0.8660254037844387
CAT,DOMESTIC SH,ORG TABBY,MALE,STRAY,OVER THE COUNTER,HEALTHY,COUNTY,0.16700889801505817,0,0.49999999999999994,-0.8660254037844387
DOG,PIT BULL,BROWN/WHITE,FEMALE,STRAY,FIELD,UNKNOWN,SANTA ROSA,2.001368925393566,1,0.49999999999999994,-0.8660254037844387
DOG,__RARE_OR_NEW__,WHITE/BROWN,MALE,STRAY,FIELD,UNKNOWN,SANTA ROSA,10.989733059548255,0,0.49999999999999994,-0.8660254037844387
DOG,__RARE_OR_NEW__,BROWN/WHITE,MALE,QUARANTINE,FIELD,UNKNOWN,COUNTY,2.001368925393566,1,0.49999999999999994,-0.8660254037844387
CAT,DOMESTIC SH,CALICO,FEMALE,STRAY,OVER THE COUNTER,HEALTHY,COUNTY,0.10403832991101986,0,0.49999999999999994,-0.8660254037844387
CAT,DOMESTIC SH,BRN TABBY/WHITE,FEMALE,STRAY,OVER THE COUNTER,UNKNOWN,SANTA ROSA,1.998631074606434,0,0.49999999999999994,-0.8660254037844387
DOG,GERM SHEPHERD,BROWN/BLACK,FEMALE,ADOPTION RETURN,OVER THE COUNTER,HEALTHY,SANTA ROSA,2.0561259411362083,0,0.49999999999999994,-0.8660254037844387
DOG,CHIHUAHUA SH,TAN/WHITE,MALE,STRAY,FIELD,UNKNOWN,SANTA ROSA,13.10609171800137,0,0.49999999999999994,-0.8660254037844387
DOG,GREAT PYRENEES/MIX,WHITE/BLACK,FEMALE,STRAY,FIELD,TREATABLE/MANAGEABLE,SANTA ROSA,2.861054072553046,0,0.49999999999999994,-0.8660254037844387
CAT,DOMESTIC SH,ORG TABBY,FEMALE,STRAY,FIELD,HEALTHY,SANTA ROSA,0.9965776865160849,0,0.49999999999999994,-0.8660254037844387
DOG,PIT BULL/MIX,BLACK/WHITE,MALE,STRAY,FIELD,UNKNOWN,SANTA ROSA,0.10403832991101986,0,0.49999999999999994,-0.8660254037844387
DOG,CHIHUAHUA SH/MIX,BLACK/TAN,MALE,STRAY,FIELD,HEALTHY,SANTA ROSA,1.998631074606434,0,0.49999999999999994,-0.8660254037844387
CAT,DOMESTIC SH,WHITE/BRN TABBY,FEMALE,OWNER SURRENDER,OVER THE COUNTER,HEALTHY,SANTA ROSA,0.17522245037645448,0,0.49999999999999994,-0.8660254037844387
CAT,DOMESTIC SH,WHITE/BRN TABBY,FEMALE,OWNER SURRENDER,OVER THE COUNTER,UNKNOWN,SANTA ROSA,0.17522245037645448,0,0.49999999999999994,-0.8660254037844387
CAT,DOMESTIC SH,BRN TABBY/WHITE,MALE,OWNER SURRENDER,OVER THE COUNTER,HEALTHY,SANTA ROSA,0.17522245037645448,0,0.49999999999999994,-0.8660254037844387
CAT,DOMESTIC SH,BRN TABBY/WHITE,MALE,OWNER SURRENDER,OVER THE COUNTER,HEALTHY,SANTA ROSA,0.17522245037645448,0,0.49999999999999994,-0.8660254037844387
CAT,DOMESTIC SH,GRAY/WHITE,FEMALE,OWNER SURRENDER,OVER THE COUNTER,UNKNOWN,SANTA ROSA,0.17522245037645448,0,0.49999999999999994,-0.8660254037844387
CAT,DOMESTIC SH,BLACK/WHITE,FEMALE,STRAY,OVER THE COUNTER,UNKNOWN,SANTA ROSA,1.7905544147843941,0,0.49999999999999994,-0.8660254037844387
CAT,DOMESTIC SH,BRN TABBY/WHITE,MALE,STRAY,OVER THE COUNTER,UNKNOWN,SANTA ROSA,0.0054757015742642025,0,0.49999999999999994,-0.8660254037844387
CAT,DOMESTIC SH,BLACK/WHITE,MALE,STRAY,OVER THE COUNTER,UNKNOWN,SANTA ROSA,0.0027378507871321013,0,0.49999999999999994,-0.8660254037844387
CAT,DOMESTIC SH,BLACK/WHITE,FEMALE,STRAY,OVER THE COUNTER,UNKNOWN,SANTA ROSA,0.0027378507871321013,0,0.49999999999999994,-0.8660254037844387
CAT,DOMESTIC SH,BLACK/WHITE,FEMALE,STRAY,OVER THE COUNTER,UNKNOWN,SANTA ROSA,0.0027378507871321013,0,0.49999999999999994,-0.8660254037844387
CAT,DOMESTIC SH,BRN TABBY,FEMALE,STRAY,OVER THE COUNTER,UNKNOWN,SANTA ROSA,0.0027378507871321013,0,0.49999999999999994,-0.8660254037844387
CAT,DOMESTIC SH,BLACK,FEMALE,STRAY,OVER THE COUNTER,HEALTHY,SANTA ROSA,0.31759069130732376,0,0.49999999999999994,-0.8660254037844387
CAT,DOMESTIC SH,BLACK,MALE,STRAY,OVER THE COUNTER,UNKNOWN,SANTA ROSA,0.08487337440109514,0,0.49999999999999994,-0.8660254037844387
DOG,__RARE_OR_NEW__,BR BRINDLE/WHITE,MALE,QUARANTINE,FIELD,UNKNOWN,SANTA ROSA,3.5044490075290895,0,0.49999999999999994,-0.8660254037844387
CAT,DOMESTIC SH,BLACK,MALE,STRAY,OVER THE COUNTER,HEALTHY,SANTA ROSA,0.16700889801505817,0,0.49999999999999994,-0.8660254037844387
CAT,DOMESTIC SH,LYNX PT,FEMALE,STRAY,OVER THE COUNTER,HEALTHY,SANTA ROSA,0.15879534565366188,0,0.49999999999999994,-0.8660254037844387
DOG,LABRADOR RETR/MIX,BLACK,FEMALE,CONFISCATE,FLD_ARREST,UNKNOWN,SANTA ROSA,8.66255989048597,0,0.49999999999999994,-0.8660254037844387
CAT,DOMESTIC SH,GRAY TABBY,UNKNOWN,BORN HERE,MOM STRAY,UNKNOWN,SANTA ROSA,0.0054757015742642025,0,0.49999999999999994,-0.8660254037844387
CAT,DOMESTIC SH,BLACK,UNKNOWN,BORN HERE,MOM STRAY,UNKNOWN,COUNTY,0.0027378507871321013,0,0.49999999999999994,-0.8660254037844387
CAT,DOMESTIC SH,BLACK,UNKNOWN,BORN HERE,MOM STRAY,UNKNOWN,COUNTY,0.0027378507871321013,0,0.49999999999999994,-0.8660254037844387
CAT,DOMESTIC SH,BLACK,UNKNOWN,BORN HERE,MOM STRAY,UNKNOWN,COUNTY,0.0027378507871321013,0,0.49999999999999994,-0.8660254037844387
CAT,DOMESTIC SH,BLACK,UNKNOWN,BORN HERE,MOM STRAY,UNKNOWN,COUNTY,0.0027378507871321013,0,0.49999999999999994,-0.8660254037844387
CAT,DOMESTIC SH,BLACK,UNKNOWN,BORN HERE,MOM STRAY,UNKNOWN,COUNTY,0.0027378507871321013,0,0.49999999999999994,-0.8660254037844387
CAT,DOMESTIC SH,GRAY TABBY,UNKNOWN,BORN HERE,MOM STRAY,UNKNOWN,SANTA ROSA,0.0054757015742642025,0,0.49999999999999994,-0.8660254037844387
CAT,DOMESTIC SH,BLACK,UNKNOWN,BORN HERE,MOM STRAY,UNKNOWN,COUNTY,0.0027378507871321013,0,0.49999999999999994,-0.8660254037844387
CAT,DOMESTIC SH,BRN TABBY,UNKNOWN,BORN HERE,MOM STRAY,UNKNOWN,SANTA ROSA,0.0054757015742642025,0,0.49999999999999994,-0.8660254037844387
CAT,DOMESTIC SH,BLACK,UNKNOWN,BORN HERE,MOM STRAY,UNKNOWN,SANTA ROSA,0.0054757015742642025,0,0.49999999999999994,-0.8660254037844387
CAT,DOMESTIC SH,BLACK,UNKNOWN,BORN HERE,MOM STRAY,UNKNOWN,SANTA ROSA,0.0054757015742642025,0,0.49999999999999994,-0.8660254037844387
CAT,DOMESTIC SH,BRN TABBY,FEMALE,STRAY,OVER THE COUNTER,UNKNOWN,SANTA ROSA,12.999315537303216,0,0.49999999999999994,-0.8660254037844387
CAT,DOMESTIC SH,ORG TABBY,MALE,STRAY,OVER THE COUNTER,HEALTHY,SANTA ROSA,0.2518822724161533,0,0.49999999999999994,-0.8660254037844387
DOG,PIT BULL/MIX,__RARE_OR_NEW__,FEMALE,STRAY,FIELD,UNKNOWN,SANTA ROSA,0.06023271731690623,0,0.49999999999999994,-0.8660254037844387
DOG,GERM SHEPHERD,BROWN/BLACK,FEMALE,STRAY,OVER THE COUNTER,UNKNOWN,SANTA ROSA,4.999315537303217,0,0.49999999999999994,-0.8660254037844387
DOG,LABRADOR RETR,BLACK,FEMALE,STRAY,OVER THE COUNTER,UNKNOWN,SANTA ROSA,10.99794661190965,0,0.49999999999999994,-0.8660254037844387
DOG,DACHSHUND/MIX,TRICOLOR,FEMALE,STRAY,FIELD,HEALTHY,COUNTY,4.980150581793292,0,0.49999999999999994,-0.8660254037844387
DOG,PARSON RUSS TER/MIX,WHITE,MALE,STRAY,FIELD,UNKNOWN,SANTA ROSA,1.9794661190965093,0,0.49999999999999994,-0.8660254037844387
DOG,SCHNAUZER MIN/MIX,GRAY,FEMALE,STRAY,FLD_STRAY,HEALTHY,SANTA ROSA,2.9979466119096507,0,0.49999999999999994,-0.8660254037844387
CAT,DOMESTIC MH,__RARE_OR_NEW__,FEMALE,STRAY,OVER THE COUNTER,HEALTHY,SANTA ROSA,0.0,0,0.49999999999999994,-0.8660254037844387
CAT,DOMESTIC SH,BUFF,MALE,STRAY,OVER THE COUNTER,HEALTHY,SANTA ROSA,0.008213552361396304,0,0.49999999999999994,-0.8660254037844387
CAT,DOMESTIC SH,BUFF,MALE,STRAY,OVER THE COUNTER,HEALTHY,SANTA ROSA,0.008213552361396304,0,0.49999999999999994,-0.8660254037844387
CAT,DOMESTIC SH,BUFF,MALE,STRAY,OVER THE COUNTER,HEALTHY,SANTA ROSA,0.008213552361396304,0,0.49999999999999994,-0.8660254037844387
CAT,DOMESTIC SH,BUFF,FEMALE,STRAY,OVER THE COUNTER,HEALTHY,SANTA ROSA,0.008213552361396304,0,0.49999999999999994,-0.8660254037844387
CAT,DOMESTIC SH,BUFF,FEMALE,STRAY,OVER THE COUNTER,HEALTHY,SANTA ROSA,0.008213552361396304,0,0.49999999999999994,-0.8660254037844387
CAT,DOMESTIC SH,TORTIE,FEMALE,STRAY,OVER THE COUNTER,HEALTHY,SANTA ROSA,0.008213552361396304,0,0.49999999999999994,-0.8660254037844387
DOG,BOXER/MIX,WHITE,FEMALE,STRAY,OVER THE COUNTER,HEALTHY,COUNTY,0.999315537303217,0,0.49999999999999994,-0.8660254037844387
OTHER,__RARE_OR_NEW__,GRAY,FEMALE,STRAY,OVER THE COUNTER,UNKNOWN,COUNTY,1.8986995208761122,1,0.49999999999999994,-0.8660254037844387
OTHER,__RARE_OR_NEW__,GRAY,FEMALE,STRAY,OVER THE COUNTER,UNKNOWN,COUNTY,1.8986995208761122,1,0.49999999999999994,-0.8660254037844387
DOG,SCHNAUZER MIN/MIX,WHITE/BLACK,FEMALE,STRAY,FLD_STRAY,UNKNOWN,SANTA ROSA,2.9979466119096507,0,0.49999999999999994,-0.8660254037844387
CAT,DOMESTIC SH,BLACK/WHITE,FEMALE,STRAY,FIELD,UNKNOWN,COUNTY,0.14510609171800137,0,0.49999999999999994,-0.8660254037844387
CAT,DOMESTIC SH,BLACK/WHITE,FEMALE,STRAY,FIELD,UNKNOWN,COUNTY,0.14510609171800137,0,0.49999999999999994,-0.8660254037844387
CAT,DOMESTIC SH,BLACK/WHITE,FEMALE,STRAY,FIELD,UNKNOWN,COUNTY,0.14510609171800137,0,0.49999999999999994,-0.8660254037844387
CAT,DOMESTIC SH,BLACK/WHITE,FEMALE,STRAY,FIELD,UNKNOWN,COUNTY,0.14510609171800137,0,0.49999999999999994,-0.8660254037844387
CAT,DOMESTIC SH,BLACK/WHITE,FEMALE,STRAY,FIELD,UNKNOWN,COUNTY,0.14510609171800137,0,0.49999999999999994,-0.8660254037844387
CAT,DOMESTIC SH,BRN TABBY/WHITE,FEMALE,STRAY,FIELD,UNKNOWN,COUNTY,0.14510609171800137,0,0.49999999999999994,-0.8660254037844387
CAT,DOMESTIC SH,BRN TABBY/WHITE,MALE,STRAY,FIELD,UNKNOWN,COUNTY,0.14510609171800137,0,0.49999999999999994,-0.8660254037844387
CAT,DOMESTIC SH,GRAY TABBY/WHITE,MALE,STRAY,FIELD,UNKNOWN,COUNTY,0.14510609171800137,0,0.49999999999999994,-0.8660254037844387
CAT,DOMESTIC SH,GRAY,MALE,STRAY,FIELD,UNKNOWN,COUNTY,0.14510609171800137,0,0.49999999999999994,-0.8660254037844387
CAT,DOMESTIC SH,LYNX PT,MALE,STRAY,FIELD,UNKNOWN,COUNTY,0.14510609171800137,0,0.49999999999999994,-0.8660254037844387
CAT,DOMESTIC SH,BRN TABBY/WHITE,MALE,STRAY,FIELD,UNKNOWN,COUNTY,0.14510609171800137,0,0.49999999999999994,-0.8660254037844387
CAT,DOMESTIC SH,BRN TABBY/WHITE,FEMALE,STRAY,OVER THE COUNTER,HEALTHY,SANTA ROSA,1.998631074606434,0,0.49999999999999994,-0.8660254037844387
DOG,PIT BULL/MIX,BLACK/WHITE,FEMALE,CONFISCATE,FLD_ARREST,UNKNOWN,SANTA ROSA,2.001368925393566,1,0.49999999999999994,-0.8660254037844387
OTHER,DUCK,WHITE,UNKNOWN,STRAY,FLD_STRAY,UNKNOWN,COUNTY,1.8986995208761122,1,0.49999999999999994,-0.8660254037844387
OTHER,DUCK,WHITE,FEMALE,STRAY,FLD_STRAY,UNKNOWN,COUNTY,1.8986995208761122,1,0.49999999999999994,-0.8660254037844387
OTHER,DUCK,WHITE,FEMALE,STRAY,FLD_STRAY,UNKNOWN,COUNTY,1.8986995208761122,1,0.49999999999999994,-0.8660254037844387
CAT,DOMESTIC SH,BLACK,MALE,STRAY,OVER THE COUNTER,HEALTHY,SANTA ROSA,4.0,0,0.49999999999999994,-0.8660254037844387
CAT,DOMESTIC SH,GRAY/WHITE,FEMALE,STRAY,OVER THE COUNTER,HEALTHY,SANTA ROSA,0.2518822724161533,1,0.49999999999999994,-0.8660254037844387
CAT,DOMESTIC MH,BRN TABBY/WHITE,MALE,STRAY,OVER THE COUNTER,HEALTHY,SANTA ROSA,0.999315537303217,0,0.49999999999999994,-0.8660254037844387
OTHER,__RARE_OR_NEW__,BLACK,UNKNOWN,STRAY,OVER THE COUNTER,UNKNOWN,COUNTY,1.8986995208761122,1,0.49999999999999994,-0.8660254037844387
DOG,CHIHUAHUA SH/MIX,BLACK/BROWN,MALE,CONFISCATE,FIELD,UNKNOWN,SANTA ROSA,2.001368925393566,1,0.49999999999999994,-0.8660254037844387
DOG,YORKSHIRE TERR/MIX,BLACK,MALE,STRAY,OVER THE COUNTER,UNKNOWN,SANTA ROSA,4.999315537303217,0,1.2246467991473532e-16,-1.0
CAT,DOMESTIC SH,BLUE,MALE,STRAY,FIELD,UNKNOWN,COUNTY,14.99794661190965,0,1.2246467991473532e-16,-1.0
CAT,DOMESTIC LH,BRN TABBY,MALE,STRAY,FLD_STRAY,UNKNOWN,SANTA ROSA,1.379876796714579,0,1.2246467991473532e-16,-1.0
CAT,DOMESTIC SH,BLACK,MALE,STRAY,FIELD,UNKNOWN,SANTA ROSA,12.889801505817934,0,1.2246467991473532e-16,-1.0
DOG,PIT BULL/MIX,BLACK,FEMALE,CONFISCATE,FLD_ARREST,UNKNOWN,SANTA ROSA,2.001368925393566,1,1.2246467991473532e-16,-1.0
DOG,CHIHUAHUA SH,TAN/WHITE,FEMALE,CONFISCATE,FLD_ARREST,UNKNOWN,SANTA ROSA,6.247775496235455,0,1.2246467991473532e-16,-1.0
DOG,SIBERIAN HUSKY,BLACK/WHITE,MALE,STRAY,OVER THE COUNTER,UNKNOWN,WINDSOR,7.471594798083505,0,1.2246467991473532e-16,-1.0
DOG,DACHSHUND/MIX,__RARE_OR_NEW__,MALE,CONFISCATE,FLD_ARREST,UNKNOWN,SANTA ROSA,9.631759069130732,0,1.2246467991473532e-16,-1.0
DOG,POODLE MIN/MIX,WHITE,MALE,STRAY,FIELD,UNKNOWN,SANTA ROSA,4.520191649555099,0,1.2246467991473532e-16,-1.0
DOG,GERM SHEPHERD,BLACK,MALE,STRAY,FIELD,UNKNOWN,SANTA ROSA,2.64476386036961,0,1.2246467991473532e-16,-1.0
DOG,__RARE_OR_NEW__,WHITE,MALE,STRAY,FIELD,UNKNOWN,SANTA ROSA,2.001368925393566,1,1.2246467991473532e-16,-1.0
CAT,DOMESTIC SH,BRN TABBY/WHITE,FEMALE,STRAY,FIELD,UNKNOWN,SANTA ROSA,0.32306639288158795,0,1.2246467991473532e-16,-1.0
CAT,DOMESTIC SH,GRAY,MALE,STRAY,FIELD,UNTREATABLE,SANTA ROSA,0.2518822724161533,1,1.2246467991473532e-16,-1.0
DOG,CHIHUAHUA SH,TAN,FEMALE,STRAY,FIELD,UNKNOWN,SANTA ROSA,9.475701574264203,0,1.2246467991473532e-16,-1.0
DOG,YORKSHIRE TERR/MIX,BLACK/WHITE,MALE,STRAY,FIELD,UNKNOWN,SANTA ROSA,10.986995208761122,0,1.2246467991473532e-16,-1.0
DOG,__RARE_OR_NEW__,ORANGE/WHITE,MALE,STRAY,FIELD,UNKNOWN,SANTA ROSA,6.702258726899384,0,1.2246467991473532e-16,-1.0
DOG,PIT BULL,TAN/WHITE,FEMALE,STRAY,FIELD,UNKNOWN,COUNTY,2.9897330595482545,0,1.2246467991473532e-16,-1.0
DOG,CATAHOULA/MIX,__RARE_OR_NEW__,FEMALE,STRAY,FIELD,UNKNOWN,COUNTY,7.991786447638604,0,1.2246467991473532e-16,-1.0
DOG,__RARE_OR_NEW__,WHITE,FEMALE,STRAY,OVER THE COUNTER,UNKNOWN,COUNTY,6.9048596851471595,0,1.2246467991473532e-16,-1.0
DOG,GERM SHEPHERD,__RARE_OR_NEW__,FEMALE,STRAY,FIELD,UNKNOWN,SANTA ROSA,0.5804243668720055,0,1.2246467991473532e-16,-1.0
CAT,DOMESTIC SH,BLACK/WHITE,MALE,STRAY,FIELD,HEALTHY,SANTA ROSA,11.967145790554415,0,1.2246467991473532e-16,-1.0
DOG,__RARE_OR_NEW__,WHITE,FEMALE,STRAY,FIELD,UNKNOWN,SANTA ROSA,8.744695414099931,0,1.2246467991473532e-16,-1.0
DOG,PIT BULL/MIX,GRAY/WHITE,MALE,STRAY,FIELD,HEALTHY,SANTA ROSA,3.893223819301848,0,1.2246467991473532e-16,-1.0
DOG,PIT BULL,BROWN,FEMALE,STRAY,FIELD,HEALTHY,SANTA ROSA,2.001368925393566,1,1.2246467991473532e-16,-1.0
DOG,PIT BULL/MIX,BLACK,MALE,STRAY,OVER THE COUNTER,UNKNOWN,SANTA ROSA,0.5776865160848734,0,1.2246467991473532e-16,-1.0
OTHER,CHICKEN,BROWN,MALE,STRAY,FIELD,UNKNOWN,SANTA ROSA,1.8986995208761122,1,1.2246467991473532e-16,-1.0
OTHER,CHICKEN,BROWN,FEMALE,STRAY,FIELD,UNKNOWN,SANTA ROSA,1.8986995208761122,1,1.2246467991473532e-16,-1.0
DOG,PIT BULL,__RARE_OR_NEW__,FEMALE,STRAY,FIELD,UNKNOWN,COUNTY,1.998631074606434,0,1.2246467991473532e-16,-1.0
DOG,PIT BULL,WHITE,MALE,STRAY,FIELD,UNKNOWN,COUNTY,2.001368925393566,1,1.2246467991473532e-16,-1.0
DOG,__RARE_OR_NEW__,TAN/WHITE,MALE,STRAY,OVER THE COUNTER,TREATABLE/MANAGEABLE,SANTA ROSA,2.9979466119096507,0,1.2246467991473532e-16,-1.0
CAT,DOMESTIC SH,ORANGE/WHITE,MALE,STRAY,OVER THE COUNTER,HEALTHY,COUNTY,2.9979466119096507,0,1.2246467991473532e-16,-1.0
DOG,AUST CATTLE DOG,BLACK/WHITE,FEMALE,STRAY,OVER THE COUNTER,HEALTHY,COUNTY,0.2080766598220397,0,1.2246467991473532e-16,-1.0
CAT,DOMESTIC SH,BRN TABBY,FEMALE,STRAY,OVER THE COUNTER,HEALTHY,COUNTY,0.09582477754962354,0,1.2246467991473532e-16,-1.0
CAT,DOMESTIC SH,BRN TABBY,MALE,STRAY,OVER THE COUNTER,HEALTHY,COUNTY,0.3066392881587953,0,1.2246467991473532e-16,-1.0
DOG,POODLE MIN/MIX,WHITE,MALE,OWNER SURRENDER,OVER THE COUNTER,HEALTHY,SANTA ROSA,4.531143052703627,0,1.2246467991473532e-16,-1.0
DOG,CHIHUAHUA SH,WHITE/BROWN,FEMALE,STRAY,OVER THE COUNTER,UNKNOWN,SANTA ROSA,12.999315537303216,0,1.2246467991473532e-16,-1.0
OTHER,DUCK,BROWN,FEMALE,STRAY,FIELD,UNKNOWN,SANTA ROSA,1.8986995208761122,1,1.2246467991473532e-16,-1.0
CAT,SIAMESE,__RARE_OR_NEW__,FEMALE,ADOPTION RETURN,OVER THE COUNTER,HEALTHY,SANTA ROSA,1.3032169746748803,0,1.2246467991473532e-16,-1.0
CAT,DOMESTIC SH,ORG TABBY,MALE,STRAY,OVER THE COUNTER,HEALTHY,COUNTY,0.24914442162902123,0,1.2246467991473532e-16,-1.0
DOG,__RARE_OR_NEW__,WHITE,MALE,STRAY,OVER THE COUNTER,UNKNOWN,COUNTY,2.001368925393566,1,1.2246467991473532e-16,-1.0
CAT,DOMESTIC SH,BLACK/WHITE,FEMALE,STRAY,FIELD,UNKNOWN,SANTA ROSA,0.2518822724161533,1,1.2246467991473532e-16,-1.0
CAT,DOMESTIC SH,BLACK/WHITE,FEMALE,STRAY,FIELD,HEALTHY,SANTA ROSA,1.9274469541409993,0,1.2246467991473532e-16,-1.0
DOG,__RARE_OR_NEW__,BROWN/BLACK,MALE,STRAY,OVER THE COUNTER,HEALTHY,COUNTY,0.8898015058179329,0,1.2246467991473532e-16,-1.0
DOG,AUST SHEPHERD,BROWN,MALE,STRAY,FIELD,UNKNOWN,COUNTY,4.0,0,1.2246467991473532e-16,-1.0
CAT,DOMESTIC SH,BRN TABBY/WHITE,FEMALE,STRAY,OVER THE COUNTER,UNKNOWN,SANTA ROSA,0.16700889801505817,0,1.2246467991473532e-16,-1.0
CAT,DOMESTIC SH,BRN TABBY/WHITE,MALE,STRAY,OVER THE COUNTER,HEALTHY,SANTA ROSA,0.16700889801505817,0,1.2246467991473532e-16,-1.0
DOG,__RARE_OR_NEW__,TRICOLOR,MALE,CONFISCATE,FLD_HOSPTL,HEALTHY,COUNTY,6.450376454483231,0,1.2246467991473532e-16,-1.0
CAT,DOMESTIC SH,BLACK,FEMALE,CONFISCATE,FLD_CORONR,UNKNOWN,COUNTY,6.505133470225872,0,1.2246467991473532e-16,-1.0
CAT,DOMESTIC SH,GRAY,FEMALE,STRAY,OVER THE COUNTER,TREATABLE/REHAB,SANTA ROSA,0.10130047912388775,0,1.2246467991473532e-16,-1.0
OTHER,__RARE_OR_NEW__,WHITE/BLACK,MALE,STRAY,OVER THE COUNTER,HEALTHY,SANTA ROSA,1.9876796714579055,0,1.2246467991473532e-16,-1.0
CAT,DOMESTIC SH,GRAY TABBY,MALE,STRAY,OVER THE COUNTER,HEALTHY,COUNTY,0.1998631074606434,0,1.2246467991473532e-16,-1.0
CAT,DOMESTIC MH,GRAY,FEMALE,STRAY,OVER THE COUNTER,HEALTHY,COUNTY,0.1998631074606434,0,1.2246467991473532e-16,-1.0
CAT,DOMESTIC SH,GRAY TABBY,FEMALE,STRAY,OVER THE COUNTER,UNTREATABLE,SANTA ROSA,0.2518822724161533,1,1.2246467991473532e-16,-1.0
CAT,DOMESTIC SH,BRN TABBY/TORTIE,FEMALE,STRAY,OVER THE COUNTER,HEALTHY,COUNTY,0.16700889801505817,0,1.2246467991473532e-16,-1.0
CAT,DOMESTIC MH,GRAY,MALE,STRAY,OVER THE COUNTER,HEALTHY,COUNTY,0.16700889801505817,0,1.2246467991473532e-16,-1.0
DOG,CHIHUAHUA SH/MIX,WHITE/TAN,MALE,STRAY,OVER THE COUNTER,UNKNOWN,SANTA ROSA,17.99315537303217,0,1.2246467991473532e-16,-1.0
DOG,__RARE_OR_NEW__,WHITE,FEMALE,STRAY,FIELD,UNKNOWN,COUNTY,11.991786447638603,0,1.2246467991473532e-16,-1.0
CAT,DOMESTIC SH,BLACK,MALE,STRAY,OVER THE COUNTER,HEALTHY,COUNTY,1.1663244353182751,0,1.2246467991473532e-16,-1.0
CAT,DOMESTIC SH,BRN TABBY,FEMALE,STRAY,OVER THE COUNTER,UNKNOWN,SANTA ROSA,0.2518822724161533,1,1.2246467991473532e-16,-1.0
DOG,PIT BULL/LABRADOR RETR,BLACK/WHITE,MALE,CONFISCATE,FIELD,UNKNOWN,SANTA ROSA,0.49007529089664614,0,1.2246467991473532e-16,-1.0
DOG,__RARE_OR_NEW__,BLACK,MALE,CONFISCATE,FIELD,UNKNOWN,SANTA ROSA,0.405201916495551,0,1.2246467991473532e-16,-1.0
CAT,DOMESTIC SH,BLACK/WHITE,MALE,STRAY,FIELD,UNKNOWN,COUNTY,0.2518822724161533,1,1.2246467991473532e-16,-1.0
DOG,__RARE_OR_NEW__,TRICOLOR,FEMALE,STRAY,FIELD,UNKNOWN,SANTA ROSA,0.9883641341546886,0,1.2246467991473532e-16,-1.0
DOG,LABRADOR RETR,BLACK,FEMALE,CONFISCATE,FLD_HOSPTL,UNKNOWN,COUNTY,4.996577686516085,0,1.2246467991473532e-16,-1.0
DOG,GERM SHEPHERD,BROWN/BLACK,MALE,OWNER SURRENDER,FIELD,UNKNOWN,COUNTY,3.353867214236824,0,1.2246467991473532e-16,-1.0
CAT,DOMESTIC SH,BRN TABBY/WHITE,MALE,STRAY,FIELD,UNKNOWN,SANTA ROSA,0.49555099247091033,0,1.2246467991473532e-16,-1.0
DOG,PIT BULL,BLACK/WHITE,FEMALE,STRAY,FIELD,HEALTHY,SANTA ROSA,2.9021218343600275,0,1.2246467991473532e-16,-1.0
DOG,PIT BULL,BR BRINDLE/WHITE,MALE,CONFISCATE,FIELD,UNKNOWN,COUNTY,9.305954825462011,0,1.2246467991473532e-16,-1.0
OTHER,__RARE_OR_NEW__,BROWN/WHITE,MALE,STRAY,FIELD,TREATABLE/REHAB,SANTA ROSA,1.998631074606434,0,1.2246467991473532e-16,-1.0
DOG,__RARE_OR_NEW__,BLACK/BROWN,MALE,STRAY,FIELD,UNKNOWN,COUNTY,3.3073237508555784,0,1.2246467991473532e-16,-1.0
DOG,ALASKAN HUSKY,WHITE,MALE,STRAY,FIELD,UNKNOWN,SANTA ROSA,1.998631074606434,0,1.2246467991473532e-16,-1.0
DOG,ENG BULLDOG,WHITE/BROWN,MALE,STRAY,FIELD,UNKNOWN,SANTA ROSA,2.001368925393566,1,1.2246467991473532e-16,-1.0
DOG,__RARE_OR_NEW__,TAN,MALE,OWNER SURRENDER,OVER THE COUNTER,HEALTHY,SANTA ROSA,0.16153319644079397,0,1.2246467991473532e-16,-1.0
DOG,__RARE_OR_NEW__,TAN,MALE,OWNER SURRENDER,OVER THE COUNTER,TREATABLE/MANAGEABLE,SANTA ROSA,0.16153319644079397,0,1.2246467991473532e-16,-1.0
DOG,__RARE_OR_NEW__,TAN,MALE,OWNER SURRENDER,OVER THE COUNTER,HEALTHY,SANTA ROSA,0.16153319644079397,0,1.2246467991473532e-16,-1.0
DOG,__RARE_OR_NEW__,TAN,MALE,OWNER SURRENDER,OVER THE COUNTER,UNKNOWN,SANTA ROSA,2.001368925393566,1,1.2246467991473532e-16,-1.0
DOG,__RARE_OR_NEW__,TAN,MALE,OWNER SURRENDER,OVER THE COUNTER,UNKNOWN,SANTA ROSA,2.001368925393566,1,1.2246467991473532e-16,-1.0
DOG,__RARE_OR_NEW__,TAN,MALE,OWNER SURRENDER,OVER THE COUNTER,UNKNOWN,SANTA ROSA,2.001368925393566,1,1.2246467991473532e-16,-1.0
DOG,__RARE_OR_NEW__,TAN,FEMALE,OWNER SURRENDER,OVER THE COUNTER,UNKNOWN,SANTA ROSA,2.001368925393566,1,1.2246467991473532e-16,-1.0
DOG,PIT BULL,BROWN/WHITE,FEMALE,STRAY,FIELD,UNKNOWN,SANTA ROSA,2.001368925393566,1,1.2246467991473532e-16,-1.0
DOG,GREAT PYRENEES,WHITE,MALE,STRAY,FIELD,TREATABLE/REHAB,COUNTY,1.3963039014373717,0,1.2246467991473532e-16,-1.0
DOG,AUST CATTLE DOG,BROWN/WHITE,FEMALE,STRAY,FIELD,UNKNOWN,OUT OF COUNTY,0.6160164271047228,0,1.2246467991473532e-16,-1.0
DOG,CHIHUAHUA SH,WHITE/TAN,FEMALE,STRAY,OVER THE COUNTER,UNKNOWN,SANTA ROSA,13.995893223819301,0,1.2246467991473532e-16,-1.0
DOG,PIT BULL,BR BRINDLE,FEMALE,STRAY,FIELD,UNKNOWN,COUNTY,2.001368925393566,1,1.2246467991473532e-16,-1.0
CAT,DOMESTIC LH,ORG TABBY/WHITE,MALE,STRAY,OVER THE COUNTER,HEALTHY,SANTA ROSA,2.9596167008898013,0,1.2246467991473532e-16,-1.0
DOG,CHIHUAHUA SH,CREAM,FEMALE,STRAY,FIELD,UNKNOWN,SANTA ROSA,10.99520876112252,0,1.2246467991473532e-16,-1.0
CAT,DOMESTIC SH,CALICO,FEMALE,STRAY,OVER THE COUNTER,UNKNOWN,COUNTY,0.24914442162902123,0,1.2246467991473532e-16,-1.0
CAT,DOMESTIC SH,WHITE/BLACK,FEMALE,STRAY,OVER THE COUNTER,UNKNOWN,SANTA ROSA,0.2518822724161533,1,1.2246467991473532e-16,-1.0
CAT,DOMESTIC SH,BRN TABBY,MALE,STRAY,OVER THE COUNTER,HEALTHY,SANTA ROSA,0.4106776180698152,0,1.2246467991473532e-16,-1.0
CAT,DOMESTIC SH,BRN TABBY,FEMALE,STRAY,OVER THE COUNTER,HEALTHY,SANTA ROSA,0.4106776180698152,0,1.2246467991473532e-16,-1.0
CAT,DOMESTIC SH,GRAY TABBY/WHITE,FEMALE,STRAY,OVER THE COUNTER,HEALTHY,SANTA ROSA,0.4106776180698152,0,1.2246467991473532e-16,-1.0
CAT,DOMESTIC SH,BLACK,MALE,STRAY,OVER THE COUNTER,UNKNOWN,SANTA ROSA,0.06570841889117043,0,1.2246467991473532e-16,-1.0
CAT,DOMESTIC SH,BLACK/WHITE,MALE,STRAY,OVER THE COUNTER,UNKNOWN,SANTA ROSA,0.06570841889117043,0,1.2246467991473532e-16,-1.0
DOG,CHIHUAHUA SH,TAN,MALE,STRAY,FIELD,UNKNOWN,COUNTY,14.99794661190965,0,1.2246467991473532e-16,-1.0
CAT,DOMESTIC LH,__RARE_OR_NEW__,UNKNOWN,STRAY,FLD_STRAY,UNKNOWN,COUNTY,0.2518822724161533,1,1.2246467991473532e-16,-1.0
DOG,PIT BULL/MIX,BLACK/WHITE,MALE,CONFISCATE,FLD_ARREST,UNKNOWN,SANTA ROSA,5.092402464065708,0,1.2246467991473532e-16,-1.0
DOG,PIT BULL/MIX,TRICOLOR,MALE,STRAY,FIELD,UNKNOWN,SANTA ROSA,2.001368925393566,1,1.2246467991473532e-16,-1.0
DOG,__RARE_OR_NEW__,TAN,MALE,CONFISCATE,FLD_HOSPTL,UNKNOWN,COUNTY,9.232032854209445,0,1.2246467991473532e-16,-1.0
CAT,DOMESTIC SH,BRN TABBY,MALE,STRAY,OVER THE COUNTER,HEALTHY,SANTA ROSA,0.2464065708418891,0,1.2246467991473532e-16,-1.0
DOG,PIT BULL,BR BRINDLE,MALE,CONFISCATE,FLD_ARREST,UNKNOWN,COUNTY,2.9952087611225187,0,1.2246467991473532e-16,-1.0
CAT,DOMESTIC SH,BRN TABBY,UNKNOWN,BORN HERE,MOM STRAY,UNKNOWN,SANTA ROSA,0.0027378507871321013,0,1.2246467991473532e-16,-1.0
CAT,DOMESTIC SH,__RARE_OR_NEW__,UNKNOWN,BORN HERE,MOM STRAY,UNKNOWN,SANTA ROSA,0.0027378507871321013,0,1.2246467991473532e-16,-1.0
CAT,DOMESTIC SH,BLACK/WHITE,UNKNOWN,BORN HERE,MOM STRAY,UNKNOWN,SANTA ROSA,0.0027378507871321013,0,1.2246467991473532e-16,-1.0
CAT,DOMESTIC SH,BLACK/WHITE,UNKNOWN,BORN HERE,MOM STRAY,UNKNOWN,SANTA ROSA,0.0027378507871321013,0,1.2246467991473532e-16,-1.0
DOG,BELG MALINOIS/MIX,TAN/BLACK,MALE,OWNER SURRENDER,OVER THE COUNTER,TREATABLE/REHAB,COUNTY,0.1834360027378508,0,1.2246467991473532e-16,-1.0
DOG,BELG MALINOIS/MIX,TAN/BLACK,MALE,OWNER SURRENDER,OVER THE COUNTER,UNKNOWN,COUNTY,0.1834360027378508,0,1.2246467991473532e-16,-1.0
DOG,BELG MALINOIS/MIX,BLACK/TAN,FEMALE,OWNER SURRENDER,OVER THE COUNTER,HEALTHY,COUNTY,0.1834360027378508,0,1.2246467991473532e-16,-1.0
DOG,BELG MALINOIS/MIX,TAN/BLACK,MALE,OWNER SURRENDER,OVER THE COUNTER,UNKNOWN,COUNTY,0.1834360027378508,0,1.2246467991473532e-16,-1.0
DOG,PIT BULL,BLUE,MALE,CONFISCATE,FLD_ABAND,UNKNOWN,SANTA ROSA,5.946611909650924,0,1.2246467991473532e-16,-1.0
DOG,BELG MALINOIS/MIX,BLACK/TAN,FEMALE,OWNER SURRENDER,OVER THE COUNTER,UNKNOWN,COUNTY,0.1834360027378508,0,1.2246467991473532e-16,-1.0
DOG,PIT BULL,RED/WHITE,MALE,CONFISCATE,FLD_ARREST,UNKNOWN,*SONOMA,9.990417522245037,0,1.2246467991473532e-16,-1.0
DOG,LABRADOR RETR/MIX,BROWN,FEMALE,STRAY,FIELD,UNKNOWN,SANTA ROSA,3.991786447638604,0,1.2246467991473532e-16,-1.0
CAT,DOMESTIC SH,BRN TABBY/WHITE,FEMALE,STRAY,OVER THE COUNTER,UNKNOWN,SANTA ROSA,10.99794661190965,0,1.2246467991473532e-16,-1.0
DOG,PIT BULL,BLACK/WHITE,FEMALE,STRAY,FIELD,HEALTHY,SANTA ROSA,1.4428473648186173,0,1.2246467991473532e-16,-1.0
CAT,DOMESTIC SH,BRN TABBY,MALE,QUARANTINE,FIELD,UNKNOWN,SANTA ROSA,6.236824093086927,0,1.2246467991473532e-16,-1.0
DOG,CHIHUAHUA SH,TRICOLOR,MALE,STRAY,FIELD,UNKNOWN,SANTA ROSA,6.997946611909651,0,1.2246467991473532e-16,-1.0
DOG,__RARE_OR_NEW__,TAN/WHITE,MALE,QUARANTINE,FIELD,UNKNOWN,SANTA ROSA,1.998631074606434,0,1.2246467991473532e-16,-1.0
CAT,DOMESTIC SH,BLACK/WHITE,MALE,STRAY,FIELD,UNKNOWN,SANTA ROSA,0.2518822724161533,1,1.2246467991473532e-16,-1.0
DOG,__RARE_OR_NEW__,BROWN/WHITE,FEMALE,STRAY,FIELD,UNKNOWN,SANTA ROSA,4.158795345653662,0,1.2246467991473532e-16,-1.0
DOG,GERM SHEPHERD,BLACK/BROWN,FEMALE,STRAY,FIELD,UNKNOWN,SANTA ROSA,3.3374401095140316,0,1.2246467991473532e-16,-1.0
OTHER,GOAT,WHITE,MALE,STRAY,FIELD,UNKNOWN,COUNTY,1.8986995208761122,1,1.2246467991473532e-16,-1.0
OTHER,GOAT,WHITE,MALE,STRAY,FIELD,UNKNOWN,COUNTY,1.8986995208761122,1,1.2246467991473532e-16,-1.0
OTHER,GOAT,WHITE/TAN,MALE,STRAY,FIELD,UNKNOWN,COUNTY,1.8986995208761122,1,1.2246467991473532e-16,-1.0
OTHER,GOAT,WHITE/BROWN,MALE,STRAY,FIELD,UNKNOWN,COUNTY,1.8986995208761122,1,1.2246467991473532e-16,-1.0
OTHER,GOAT,BROWN/BLACK,MALE,STRAY,FIELD,UNKNOWN,COUNTY,1.8986995208761122,1,1.2246467991473532e-16,-1.0
OTHER,GOAT,BLACK/WHITE,MALE,STRAY,FIELD,UNKNOWN,COUNTY,1.8986995208761122,1,1.2246467991473532e-16,-1.0
OTHER,GOAT,BROWN/BLACK,MALE,STRAY,FIELD,UNKNOWN,COUNTY,1.8986995208761122,1,1.2246467991473532e-16,-1.0
OTHER,GOAT,BROWN/BLACK,MALE,STRAY,FIELD,UNKNOWN,COUNTY,1.8986995208761122,1,1.2246467991473532e-16,-1.0
OTHER,__RARE_OR_NEW__,BROWN/BLACK,MALE,STRAY,FIELD,UNKNOWN,COUNTY,0.4353182751540041,0,1.2246467991473532e-16,-1.0
CAT,DOMESTIC SH,BLACK/WHITE,FEMALE,STRAY,FIELD,UNKNOWN,SANTA ROSA,0.2518822724161533,1,1.2246467991473532e-16,-1.0
DOG,__RARE_OR_NEW__,BLACK/WHITE,FEMALE,STRAY,OVER THE COUNTER,HEALTHY,SANTA ROSA,0.9144421629021219,0,1.2246467991473532e-16,-1.0
CAT,DOMESTIC SH,BLACK/WHITE,MALE,STRAY,EMAIL,UNKNOWN,COUNTY,0.16700889801505817,0,1.2246467991473532e-16,-1.0
CAT,DOMESTIC SH,TORTIE,FEMALE,STRAY,OVER THE COUNTER,HEALTHY,COUNTY,1.998631074606434,0,1.2246467991473532e-16,-1.0
CAT,DOMESTIC SH,TORTIE,FEMALE,STRAY,OVER THE COUNTER,HEALTHY,COUNTY,0.999315537303217,0,1.2246467991473532e-16,-1.0
CAT,DOMESTIC SH,BRN TABBY,MALE,STRAY,FIELD,UNKNOWN,COUNTY,0.2518822724161533,1,1.2246467991473532e-16,-1.0
OTHER,DUCK,BROWN/WHITE,UNKNOWN,STRAY,OVER THE COUNTER,UNTREATABLE,COUNTY,1.8986995208761122,1,1.2246467991473532e-16,-1.0
DOG,GERM SHEPHERD,BLACK/TAN,FEMALE,STRAY,OVER THE COUNTER,UNKNOWN,SANTA ROSA,2.001368925393566,1,1.2246467991473532e-16,-1.0
DOG,GERM SHEPHERD,BROWN/BLACK,UNKNOWN,STRAY,OVER THE COUNTER,UNKNOWN,COUNTY,2.001368925393566,1,1.2246467991473532e-16,-1.0
OTHER,__RARE_OR_NEW__,GRAY,UNKNOWN,QUARANTINE,FIELD,UNKNOWN,SANTA ROSA,1.8986995208761122,1,1.2246467991473532e-16,-1.0
OTHER,__RARE_OR_NEW__,BROWN/BLACK,MALE,STRAY,FIELD,HEALTHY,COUNTY,1.998631074606434,0,1.2246467991473532e-16,-1.0
DOG,__RARE_OR_NEW__,TAN,FEMALE,STRAY,FIELD,UNKNOWN,SANTA ROSA,13.831622176591376,0,1.2246467991473532e-16,-1.0
CAT,DOMESTIC SH,GRAY TABBY,FEMALE,STRAY,OVER THE COUNTER,HEALTHY,SANTA ROSA,0.16700889801505817,0,1.2246467991473532e-16,-1.0
CAT,DOMESTIC SH,BLACK/WHITE,MALE,STRAY,OVER THE COUNTER,UNKNOWN,SANTA ROSA,0.2518822724161533,1,1.2246467991473532e-16,-1.0
DOG,GREAT PYRENEES,WHITE,FEMALE,STRAY,FIELD,TREATABLE/MANAGEABLE,SANTA ROSA,4.906228610540725,0,1.2246467991473532e-16,-1.0
DOG,PIT BULL,BR BRINDLE/WHITE,FEMALE,STRAY,FIELD,UNKNOWN,COUNTY,5.9986310746064335,0,1.2246467991473532e-16,-1.0
DOG,ANATOL SHEPHERD,CREAM,FEMALE,STRAY,FIELD,HEALTHY,SANTA ROSA,5.864476386036961,0,1.2246467991473532e-16,-1.0
CAT,DOMESTIC SH,BRN TABBY/WHITE,MALE,STRAY,OVER THE COUNTER,HEALTHY,SANTA ROSA,1.995893223819302,0,1.2246467991473532e-16,-1.0
CAT,SIAMESE/MIX,LYNX PT,FEMALE,STRAY,VET_HOSP,UNKNOWN,SANTA ROSA,0.2518822724161533,1,1.2246467991473532e-16,-1.0
CAT,DOMESTIC SH,ORG TABBY,MALE,STRAY,OVER THE COUNTER,UNKNOWN,SANTA ROSA,1.9794661190965093,0,1.2246467991473532e-16,-1.0
OTHER,CHICKEN,BROWN,FEMALE,STRAY,FIELD,HEALTHY,SANTA ROSA,1.8986995208761122,1,1.2246467991473532e-16,-1.0
OTHER,CHICKEN,BROWN,UNKNOWN,STRAY,FIELD,HEALTHY,SANTA ROSA,1.8986995208761122,1,1.2246467991473532e-16,-1.0
OTHER,CHICKEN,TAN,UNKNOWN,STRAY,FIELD,HEALTHY,SANTA ROSA,1.8986995208761122,1,1.2246467991473532e-16,-1.0
OTHER,CHICKEN,TAN,UNKNOWN,STRAY,FIELD,HEALTHY,SANTA ROSA,1.8986995208761122,1,1.2246467991473532e-16,-1.0
OTHER,BAT,BROWN,UNKNOWN,QUARANTINE,OVER THE COUNTER,UNKNOWN,SANTA ROSA,1.8986995208761122,1,1.2246467991473532e-16,-1.0
CAT,DOMESTIC SH,BRN TABBY,MALE,STRAY,OVER THE COUNTER,HEALTHY,SANTA ROSA,1.9630390143737166,0,1.2246467991473532e-16,-1.0
CAT,DOMESTIC SH,BLACK/WHITE,UNKNOWN,STRAY,FIELD,UNKNOWN,SANTA ROSA,0.2518822724161533,1,1.2246467991473532e-16,-1.0
DOG,PARSON RUSS TER/MIX,__RARE_OR_NEW__,FEMALE,STRAY,FIELD,UNKNOWN,COUNTY,1.4455852156057496,0,1.2246467991473532e-16,-1.0
DOG,PIT BULL,GRAY,FEMALE,STRAY,OVER THE COUNTER,UNKNOWN,SANTA ROSA,6.9869952087611225,0,1.2246467991473532e-16,-1.0
DOG,GERM SHEPHERD,BLACK/TAN,FEMALE,STRAY,FIELD,HEALTHY,COUNTY,1.3935660506502396,0,1.2246467991473532e-16,-1.0
CAT,DOMESTIC SH,WHITE/BLACK,FEMALE,STRAY,OVER THE COUNTER,HEALTHY,SANTA ROSA,0.4106776180698152,0,1.2246467991473532e-16,-1.0
DOG,__RARE_OR_NEW__,WHITE,MALE,CONFISCATE,FLD_ARREST,UNKNOWN,SANTA ROSA,1.297741273100616,0,1.2246467991473532e-16,-1.0
CAT,DOMESTIC MH,__RARE_OR_NEW__,FEMALE,STRAY,OVER THE COUNTER,UNKNOWN,SANTA ROSA,9.990417522245037,0,1.2246467991473532e-16,-1.0
DOG,CHIHUAHUA LH/MIX,BROWN/WHITE,MALE,STRAY,FIELD,UNKNOWN,SANTA ROSA,3.4962354551676933,0,1.2246467991473532e-16,-1.0
DOG,PIT BULL/MIX,GRAY,MALE,ADOPTION RETURN,OVER THE COUNTER,HEALTHY,SANTA ROSA,0.9883641341546886,0,1.2246467991473532e-16,-1.0
DOG,PIT BULL/MIX,BROWN/WHITE,MALE,QUARANTINE,FIELD,UNKNOWN,SANTA ROSA,5.451060917180014,0,1.2246467991473532e-16,-1.0
DOG,DACHSHUND/MIX,__RARE_OR_NEW__,MALE,CONFISCATE,FLD_ARREST,UNKNOWN,COUNTY,9.69199178644764,0,1.2246467991473532e-16,-1.0
CAT,DOMESTIC MH,BLACK/WHITE,MALE,QUARANTINE,FIELD,UNKNOWN,COUNTY,1.9712525667351128,0,1.2246467991473532e-16,-1.0
OTHER,__RARE_OR_NEW__,BLACK,MALE,STRAY,FIELD,HEALTHY,SANTA ROSA,2.861054072553046,0,1.2246467991473532e-16,-1.0
OTHER,BAT,BROWN,UNKNOWN,QUARANTINE,FIELD,UNKNOWN,COUNTY,1.8986995208761122,1,1.2246467991473532e-16,-1.0
OTHER,BAT,BROWN,UNKNOWN,QUARANTINE,FIELD,UNKNOWN,COUNTY,1.8986995208761122,1,1.2246467991473532e-16,-1.0
DOG,CHIHUAHUA LH/MIX,TRICOLOR,MALE,STRAY,FIELD,HEALTHY,SANTA ROSA,1.3935660506502396,0,1.2246467991473532e-16,-1.0
DOG,DOBERMAN PINSCH,__RARE_OR_NEW__,MALE,STRAY,FIELD,UNKNOWN,SANTA ROSA,0.8788501026694046,0,1.2246467991473532e-16,-1.0
DOG,AUST SHEPHERD/MIX,TRICOLOR,FEMALE,STRAY,FIELD,UNKNOWN,SANTA ROSA,4.826830937713894,0,1.2246467991473532e-16,-1.0
DOG,PIT BULL/MIX,BR BRINDLE/WHITE,MALE,STRAY,FIELD,UNKNOWN,SANTA ROSA,2.001368925393566,1,1.2246467991473532e-16,-1.0
DOG,PIT BULL,BROWN/WHITE,MALE,STRAY,FIELD,HEALTHY,COUNTY,2.9952087611225187,0,1.2246467991473532e-16,-1.0
DOG,__RARE_OR_NEW__,TAN/WHITE,FEMALE,STRAY,OVER THE COUNTER,HEALTHY,SANTA ROSA,4.903490759753593,0,1.2246467991473532e-16,-1.0
DOG,PIT BULL,BLUE,MALE,CONFISCATE,FLD_ARREST,UNKNOWN,SANTA ROSA,5.979466119096509,0,1.2246467991473532e-16,-1.0
CAT,DOMESTIC MH,BRN TABBY,MALE,STRAY,OVER THE COUNTER,TREATABLE/REHAB,COUNTY,0.2518822724161533,1,1.2246467991473532e-16,-1.0
CAT,DOMESTIC MH,GRAY,MALE,STRAY,OVER THE COUNTER,TREATABLE/REHAB,COUNTY,0.08213552361396304,0,1.2246467991473532e-16,-1.0
CAT,DOMESTIC SH,GRAY TABBY,MALE,STRAY,OVER THE COUNTER,HEALTHY,COUNTY,0.08213552361396304,0,1.2246467991473532e-16,-1.0
CAT,DOMESTIC MH,BRN TABBY,MALE,STRAY,OVER THE COUNTER,TREATABLE/REHAB,COUNTY,0.08213552361396304,0,1.2246467991473532e-16,-1.0
CAT,DOMESTIC SH,BRN TABBY,MALE,STRAY,OVER THE COUNTER,HEALTHY,COUNTY,0.08213552361396304,0,1.2246467991473532e-16,-1.0
CAT,DOMESTIC SH,GRAY,FEMALE,ADOPTION RETURN,OVER THE COUNTER,HEALTHY,SANTA ROSA,0.23545516769336072,0,1.2246467991473532e-16,-1.0
DOG,PIT BULL/MIX,BLACK/WHITE,FEMALE,CONFISCATE,FLD_ARREST,UNKNOWN,SANTA ROSA,1.1498973305954825,0,1.2246467991473532e-16,-1.0
DOG,GREAT PYRENEES,WHITE,MALE,CONFISCATE,FLD_ARREST,UNKNOWN,COUNTY,2.001368925393566,1,1.2246467991473532e-16,-1.0
DOG,GREAT PYRENEES,WHITE,FEMALE,CONFISCATE,FLD_ARREST,HEALTHY,COUNTY,4.0,0,1.2246467991473532e-16,-1.0
DOG,BORDER COLLIE/MIX,BR BRINDLE,MALE,STRAY,OVER THE COUNTER,UNKNOWN,COUNTY,4.0,0,1.2246467991473532e-16,-1.0
DOG,GERM SHEPHERD/MIX,BLACK,FEMALE,STRAY,OVER THE COUNTER,TREATABLE/MANAGEABLE,COUNTY,0.8459958932238193,0,1.2246467991473532e-16,-1.0
DOG,GERM SHEPHERD,BLACK,FEMALE,STRAY,OVER THE COUNTER,UNKNOWN,COUNTY,0.7474332648870636,0,1.2246467991473532e-16,-1.0
DOG,BOXER/MIX,TAN/WHITE,FEMALE,STRAY,OVER THE COUNTER,TREATABLE/MANAGEABLE,COUNTY,0.7474332648870636,0,1.2246467991473532e-16,-1.0
DOG,BOXER/MIX,TAN/WHITE,FEMALE,STRAY,OVER THE COUNTER,HEALTHY,COUNTY,0.17522245037645448,0,1.2246467991473532e-16,-1.0
DOG,GERM SHEPHERD,TAN/WHITE,FEMALE,STRAY,OVER THE COUNTER,UNKNOWN,COUNTY,0.7474332648870636,0,1.2246467991473532e-16,-1.0
DOG,BOXER/MIX,TAN/WHITE,FEMALE,STRAY,OVER THE COUNTER,TREATABLE/REHAB,COUNTY,0.17522245037645448,0,1.2246467991473532e-16,-1.0
DOG,__RARE_OR_NEW__,TAN/WHITE,FEMALE,STRAY,OVER THE COUNTER,HEALTHY,COUNTY,0.17522245037645448,0,1.2246467991473532e-16,-1.0
DOG,GERM SHEPHERD/MIX,TAN/WHITE,FEMALE,STRAY,OVER THE COUNTER,HEALTHY,COUNTY,0.7474332648870636,0,1.2246467991473532e-16,-1.0
DOG,BOXER/MIX,TAN/WHITE,MALE,STRAY,OVER THE COUNTER,HEALTHY,COUNTY,0.17522245037645448,0,1.2246467991473532e-16,-1.0
DOG,BOXER/MIX,TAN/WHITE,MALE,STRAY,OVER THE COUNTER,UNKNOWN,COUNTY,0.2080766598220397,0,1.2246467991473532e-16,-1.0
DOG,GERM SHEPHERD,BLACK/WHITE,FEMALE,STRAY,OVER THE COUNTER,HEALTHY,COUNTY,0.7474332648870636,0,1.2246467991473532e-16,-1.0
DOG,LABRADOR RETR,YELLOW,MALE,STRAY,OVER THE COUNTER,UNKNOWN,SANTA ROSA,12.238193018480493,0,1.2246467991473532e-16,-1.0
DOG,__RARE_OR_NEW__,BROWN,FEMALE,STRAY,FIELD,UNKNOWN,COUNTY,6.997946611909651,0,1.2246467991473532e-16,-1.0
DOG,CHIHUAHUA SH/MIX,WHITE,MALE,STRAY,OVER THE COUNTER,UNKNOWN,SANTA ROSA,4.919917864476386,0,1.2246467991473532e-16,-1.0
DOG,GERM SHEPHERD,BLACK/TAN,MALE,STRAY,FLD_STRAY,HEALTHY,COUNTY,1.3908281998631074,0,1.2246467991473532e-16,-1.0
DOG,CHIHUAHUA SH/MIX,BROWN/BLACK,MALE,STRAY,PHONE,UNKNOWN,SANTA ROSA,11.997262149212867,0,1.2246467991473532e-16,-1.0
CAT,DOMESTIC SH,CALICO,FEMALE,STRAY,OVER THE COUNTER,HEALTHY,SANTA ROSA,0.24914442162902123,0,1.2246467991473532e-16,-1.0
CAT,DOMESTIC SH,GRAY TABBY,FEMALE,STRAY,OVER THE COUNTER,UNKNOWN,COUNTY,0.33401779603011633,0,1.2246467991473532e-16,-1.0
CAT,DOMESTIC SH,BLACK/WHITE,MALE,STRAY,FIELD,HEALTHY,SANTA ROSA,0.24914442162902123,0,1.2246467991473532e-16,-1.0
OTHER,__RARE_OR_NEW__,BROWN,UNKNOWN,STRAY,FIELD,UNKNOWN,SANTA ROSA,1.8986995208761122,1,1.2246467991473532e-16,-1.0
DOG,PARSON RUSS TER/MIX,BLACK/WHITE,MALE,STRAY,OVER THE COUNTER,UNKNOWN,SANTA ROSA,11.222450376454484,0,1.2246467991473532e-16,-1.0
OTHER,BAT,BROWN,UNKNOWN,QUARANTINE,FIELD,UNKNOWN,SANTA ROSA,1.8986995208761122,1,1.2246467991473532e-16,-1.0
CAT,DOMESTIC SH,BRN TABBY,FEMALE,STRAY,FIELD,UNKNOWN,SANTA ROSA,0.16700889801505817,0,1.2246467991473532e-16,-1.0
CAT,DOMESTIC SH,BRN TABBY,FEMALE,STRAY,FIELD,UNKNOWN,SANTA ROSA,0.16700889801505817,0,1.2246467991473532e-16,-1.0
CAT,DOMESTIC SH,WHITE/BRN TABBY,MALE,STRAY,OVER THE COUNTER,HEALTHY,SANTA ROSA,0.16700889801505817,0,1.2246467991473532e-16,-1.0
CAT,DOMESTIC SH,BRN TABBY/TORTIE,FEMALE,STRAY,EMAIL,TREATABLE/REHAB,SANTA ROSA,0.12320328542094455,0,1.2246467991473532e-16,-1.0
CAT,DOMESTIC SH,CALICO,FEMALE,STRAY,EMAIL,TREATABLE/REHAB,SANTA ROSA,0.12320328542094455,0,1.2246467991473532e-16,-1.0
CAT,DOMESTIC SH,BRN TABBY,MALE,OWNER SURRENDER,OVER THE COUNTER,HEALTHY,SANTA ROSA,0.29021218343600275,0,1.2246467991473532e-16,-1.0
CAT,DOMESTIC SH,BRN TABBY,FEMALE,OWNER SURRENDER,OVER THE COUNTER,HEALTHY,SANTA ROSA,0.33675564681724846,0,1.2246467991473532e-16,-1.0
CAT,DOMESTIC SH,TORTIE,FEMALE,OWNER SURRENDER,OVER THE COUNTER,HEALTHY,SANTA ROSA,0.33675564681724846,0,1.2246467991473532e-16,-1.0
DOG,GERM SHEPHERD/MIX,TAN/BLACK,MALE,STRAY,FIELD,UNKNOWN,COUNTY,2.001368925393566,1,1.2246467991473532e-16,-1.0
DOG,__RARE_OR_NEW__,BLUE MERLE,MALE,STRAY,FIELD,UNKNOWN,SANTA ROSA,11.208761122518823,0,1.2246467991473532e-16,-1.0
DOG,PIT BULL,GRAY,MALE,STRAY,FIELD,HEALTHY,SANTA ROSA,3.887748117727584,0,1.2246467991473532e-16,-1.0
OTHER,BAT,BROWN,UNKNOWN,QUARANTINE,FIELD,UNKNOWN,COUNTY,1.8986995208761122,1,1.2246467991473532e-16,-1.0
OTHER,DUCK,BROWN/WHITE,UNKNOWN,STRAY,OVER THE COUNTER,UNKNOWN,COUNTY,1.8986995208761122,1,1.2246467991473532e-16,-1.0
CAT,DOMESTIC SH,BLACK/WHITE,MALE,STRAY,OVER THE COUNTER,HEALTHY,SANTA ROSA,0.04106776180698152,0,-0.4999999999999997,-0.8660254037844388
CAT,DOMESTIC SH,BLACK,MALE,STRAY,OVER THE COUNTER,UNKNOWN,SANTA ROSA,0.05201916495550993,0,-0.4999999999999997,-0.8660254037844388
DOG,MASTIFF,__RARE_OR_NEW__,MALE,STRAY,OVER THE COUNTER,UNKNOWN,COUNTY,9.998631074606434,0,-0.4999999999999997,-0.8660254037844388
CAT,DOMESTIC SH,BRN TABBY,FEMALE,STRAY,OVER THE COUNTER,UNKNOWN,COUNTY,6.505133470225872,0,-0.4999999999999997,-0.8660254037844388
CAT,DOMESTIC SH,BRN TABBY,MALE,STRAY,OVER THE COUNTER,HEALTHY,COUNTY,0.12594113620807665,0,-0.4999999999999997,-0.8660254037844388
DOG,GERM SHEPHERD,TAN/BLACK,FEMALE,STRAY,FIELD,UNKNOWN,SANTA ROSA,1.998631074606434,0,-0.4999999999999997,-0.8660254037844388
CAT,DOMESTIC SH,CALICO,FEMALE,STRAY,OVER THE COUNTER,UNKNOWN,SANTA ROSA,10.99794661190965,0,-0.4999999999999997,-0.8660254037844388
DOG,GERM SHEPHERD,BLACK,MALE,CONFISCATE,FLD_ARREST,UNKNOWN,SANTA ROSA,2.9979466119096507,0,-0.4999999999999997,-0.8660254037844388
CAT,DOMESTIC LH,ORANGE/WHITE,MALE,STRAY,FIELD,UNKNOWN,SANTA ROSA,2.0971937029431897,0,-0.4999999999999997,-0.8660254037844388
CAT,DOMESTIC LH,__RARE_OR_NEW__,MALE,STRAY,OVER THE COUNTER,UNKNOWN,COUNTY,2.9979466119096507,0,-0.4999999999999997,-0.8660254037844388
DOG,PIT BULL,GRAY/WHITE,MALE,STRAY,OVER THE COUNTER,UNKNOWN,SANTA ROSA,1.998631074606434,0,-0.4999999999999997,-0.8660254037844388
DOG,__RARE_OR_NEW__,WHITE/BLACK,MALE,STRAY,FLD_STRAY,UNKNOWN,COUNTY,9.998631074606434,0,-0.4999999999999997,-0.8660254037844388
DOG,SIBERIAN HUSKY,BLACK/WHITE,MALE,STRAY,FIELD,UNKNOWN,SANTA ROSA,2.001368925393566,1,-0.4999999999999997,-0.8660254037844388
DOG,BORDER COLLIE/MIX,BLACK/WHITE,MALE,STRAY,FIELD,HEALTHY,SANTA ROSA,0.8186173853524983,0,-0.4999999999999997,-0.8660254037844388
CAT,DOMESTIC SH,GRAY TABBY,FEMALE,QUARANTINE,__RARE_OR_NEW__,UNTREATABLE,COUNTY,2.9979466119096507,0,-0.4999999999999997,-0.8660254037844388
DOG,CHIHUAHUA SH,WHITE,FEMALE,STRAY,FIELD,HEALTHY,SANTA ROSA,0.999315537303217,0,-0.4999999999999997,-0.8660254037844388
CAT,DOMESTIC SH,GRAY TABBY,MALE,STRAY,OVER THE COUNTER,HEALTHY,COUNTY,0.33401779603011633,0,-0.4999999999999997,-0.8660254037844388
DOG,GERM SHEPHERD,BLACK/TAN,MALE,STRAY,FIELD,UNKNOWN,SANTA ROSA,7.997262149212868,0,-0.4999999999999997,-0.8660254037844388
CAT,DOMESTIC SH,BLACK,FEMALE,STRAY,OVER THE COUNTER,HEALTHY,SANTA ROSA,0.24093086926762491,0,-0.4999999999999997,-0.8660254037844388
OTHER,GOAT,WHITE,MALE,STRAY,FIELD,UNKNOWN,COUNTY,1.8986995208761122,1,-0.4999999999999997,-0.8660254037844388
OTHER,BAT,BROWN,UNKNOWN,QUARANTINE,FIELD,UNKNOWN,COUNTY,1.8986995208761122,1,-0.4999999999999997,-0.8660254037844388
CAT,DOMESTIC SH,BLACK,FEMALE,STRAY,OVER THE COUNTER,HEALTHY,SANTA ROSA,0.33401779603011633,0,-0.4999999999999997,-0.8660254037844388
DOG,MALTESE,WHITE,MALE,STRAY,FLD_STRAY,HEALTHY,SANTA ROSA,12.958247775496236,0,-0.4999999999999997,-0.8660254037844388
CAT,DOMESTIC SH,TORTIE,FEMALE,STRAY,EMAIL,TREATABLE/REHAB,COUNTY,0.019164955509924708,0,-0.4999999999999997,-0.8660254037844388
CAT,DOMESTIC SH,TORTIE,FEMALE,STRAY,EMAIL,TREATABLE/REHAB,COUNTY,0.019164955509924708,0,-0.4999999999999997,-0.8660254037844388
CAT,DOMESTIC SH,BRN TABBY,UNKNOWN,STRAY,EMAIL,TREATABLE/REHAB,COUNTY,0.019164955509924708,0,-0.4999999999999997,-0.8660254037844388
CAT,DOMESTIC SH,BRN TABBY,UNKNOWN,STRAY,EMAIL,TREATABLE/REHAB,COUNTY,0.019164955509924708,0,-0.4999999999999997,-0.8660254037844388
CAT,DOMESTIC SH,BRN TABBY,UNKNOWN,STRAY,EMAIL,TREATABLE/REHAB,COUNTY,0.019164955509924708,0,-0.4999999999999997,-0.8660254037844388
CAT,DOMESTIC SH,BRN TABBY,UNKNOWN,STRAY,EMAIL,TREATABLE/REHAB,COUNTY,0.019164955509924708,0,-0.4999999999999997,-0.8660254037844388
CAT,DOMESTIC SH,BRN TABBY,UNKNOWN,STRAY,EMAIL,TREATABLE/REHAB,COUNTY,0.019164955509924708,0,-0.4999999999999997,-0.8660254037844388
CAT,DOMESTIC SH,BRN TABBY,UNKNOWN,STRAY,EMAIL,TREATABLE/REHAB,COUNTY,0.019164955509924708,0,-0.4999999999999997,-0.8660254037844388
CAT,DOMESTIC SH,BRN TABBY,UNKNOWN,STRAY,EMAIL,TREATABLE/REHAB,COUNTY,0.019164955509924708,0,-0.4999999999999997,-0.8660254037844388
CAT,DOMESTIC SH,GRAY TABBY,MALE,STRAY,OVER THE COUNTER,TREATABLE/REHAB,COUNTY,0.08487337440109514,0,-0.4999999999999997,-0.8660254037844388
CAT,DOMESTIC SH,__RARE_OR_NEW__,FEMALE,STRAY,OVER THE COUNTER,HEALTHY,COUNTY,0.2518822724161533,0,-0.4999999999999997,-0.8660254037844388
OTHER,__RARE_OR_NEW__,__RARE_OR_NEW__,MALE,STRAY,OVER THE COUNTER,HEALTHY,SANTA ROSA,1.8986995208761122,1,-0.4999999999999997,-0.8660254037844388
DOG,CHIHUAHUA SH/MIX,BLACK/BROWN,FEMALE,STRAY,OVER THE COUNTER,HEALTHY,COUNTY,2.9979466119096507,0,-0.4999999999999997,-0.8660254037844388
DOG,YORKSHIRE TERR,BROWN/BLACK,FEMALE,STRAY,OVER THE COUNTER,HEALTHY,SANTA ROSA,1.9082819986310746,0,-0.4999999999999997,-0.8660254037844388
DOG,WELSH CORGI CAR/MIX,WHITE/BROWN,MALE,STRAY,FIELD,HEALTHY,SANTA ROSA,2.8747433264887063,0,-0.4999999999999997,-0.8660254037844388
CAT,DOMESTIC SH,GRAY,MALE,STRAY,OVER THE COUNTER,HEALTHY,COUNTY,0.4271047227926078,0,-0.4999999999999997,-0.8660254037844388
CAT,DOMESTIC SH,BRN TABBY,FEMALE,STRAY,OVER THE COUNTER,UNKNOWN,COUNTY,0.4271047227926078,0,-0.4999999999999997,-0.8660254037844388
CAT,DOMESTIC SH,TORTIE,FEMALE,STRAY,EMAIL,TREATABLE/REHAB,SANTA ROSA,0.2518822724161533,1,-0.4999999999999997,-0.8660254037844388
DOG,GERM SHEPHERD/SIBERIAN HUSKY,BLACK/TAN,MALE,STRAY,OVER THE COUNTER,UNKNOWN,COUNTY,0.7720739219712526,0,-0.4999999999999997,-0.8660254037844388
DOG,LABRADOR RETR/MIX,BROWN,FEMALE,CONFISCATE,FLD_ARREST,HEALTHY,SANTA ROSA,4.05201916495551,0,-0.4999999999999997,-0.8660254037844388
OTHER,BAT,BROWN,UNKNOWN,QUARANTINE,FIELD,UNKNOWN,*SONOMA,1.8986995208761122,1,-0.4999999999999997,-0.8660254037844388
DOG,CHIHUAHUA SH,WHITE/BROWN,FEMALE,STRAY,FIELD,UNKNOWN,SANTA ROSA,12.933607118412047,0,-0.4999999999999997,-0.8660254037844388
DOG,SIBERIAN HUSKY/MIX,BLACK/WHITE,FEMALE,STRAY,FIELD,HEALTHY,COUNTY,0.19164955509924708,0,-0.4999999999999997,-0.8660254037844388
DOG,SIBERIAN HUSKY/MIX,BROWN/WHITE,MALE,STRAY,FIELD,HEALTHY,COUNTY,0.19164955509924708,0,-0.4999999999999997,-0.8660254037844388
CAT,DOMESTIC SH,BRN TABBY/WHITE,MALE,STRAY,FIELD,UNKNOWN,SANTA ROSA,0.2518822724161533,1,-0.4999999999999997,-0.8660254037844388
DOG,PIT BULL,FAWN,MALE,STRAY,FLD_STRAY,UNKNOWN,COUNTY,2.001368925393566,1,-0.4999999999999997,-0.8660254037844388
DOG,PIT BULL,BLACK/WHITE,FEMALE,STRAY,FIELD,UNKNOWN,SANTA ROSA,8.914442162902121,0,-0.4999999999999997,-0.8660254037844388
DOG,__RARE_OR_NEW__,BROWN,FEMALE,STRAY,FIELD,UNKNOWN,COUNTY,14.934976043805612,0,-0.4999999999999997,-0.8660254037844388
DOG,PUG,FAWN,MALE,STRAY,OVER THE COUNTER,HEALTHY,COUNTY,1.9904175222450375,0,-0.4999999999999997,-0.8660254037844388
OTHER,__RARE_OR_NEW__,SEAL PT,FEMALE,STRAY,FIELD,HEALTHY,SANTA ROSA,0.49007529089664614,0,-0.4999999999999997,-0.8660254037844388
CAT,DOMESTIC SH,ORANGE/WHITE,MALE,STRAY,FIELD,UNKNOWN,SANTA ROSA,5.456536618754278,0,-0.4999999999999997,-0.8660254037844388
DOG,PARSON RUSS TER/MIX,WHITE/BROWN,MALE,STRAY,OVER THE COUNTER,HEALTHY,SANTA ROSA,1.998631074606434,0,-0.4999999999999997,-0.8660254037844388
CAT,DOMESTIC SH,BRN TABBY/WHITE,MALE,STRAY,FIELD,UNKNOWN,SANTA ROSA,7.997262149212868,0,-0.4999999999999997,-0.8660254037844388
CAT,DOMESTIC SH,ORG TABBY/WHITE,MALE,STRAY,OVER THE COUNTER,UNKNOWN,SANTA ROSA,0.057494866529774126,0,-0.4999999999999997,-0.8660254037844388
CAT,SIAMESE,SEAL PT,FEMALE,STRAY,OVER THE COUNTER,HEALTHY,COUNTY,4.0,0,-0.4999999999999997,-0.8660254037844388
CAT,DOMESTIC SH,BLACK,FEMALE,STRAY,OVER THE COUNTER,UNKNOWN,COUNTY,5.9986310746064335,0,-0.4999999999999997,-0.8660254037844388
DOG,ROTTWEILER/MIX,BLACK/RED,FEMALE,CONFISCATE,FLD_ARREST,UNKNOWN,SANTA ROSA,2.4750171115674195,0,-0.4999999999999997,-0.8660254037844388
DOG,BORDER COLLIE/MIX,BLACK/WHITE,FEMALE,STRAY,OVER THE COUNTER,UNKNOWN,SANTA ROSA,1.3114305270362765,0,-0.4999999999999997,-0.8660254037844388
DOG,PIT BULL/MIX,BR BRINDLE,MALE,STRAY,OVER THE COUNTER,UNKNOWN,SANTA ROSA,2.001368925393566,1,-0.4999999999999997,-0.8660254037844388
DOG,FRENCH BULLDOG,GRAY/WHITE,MALE,STRAY,PHONE,UNKNOWN,SANTA ROSA,1.4811772758384667,0,-0.4999999999999997,-0.8660254037844388
CAT,DOMESTIC SH,BLACK/WHITE,MALE,OWNER SURRENDER,OVER THE COUNTER,UNKNOWN,COUNTY,5.284052019164956,0,-0.4999999999999997,-0.8660254037844388
DOG,GERM SHEPHERD,TAN/BLACK,MALE,STRAY,OVER THE COUNTER,HEALTHY,COUNTY,4.999315537303217,0,-0.4999999999999997,-0.8660254037844388
DOG,__RARE_OR_NEW__,BLACK,MALE,CONFISCATE,FLD_HOSPTL,UNKNOWN,COUNTY,0.999315537303217,0,-0.4999999999999997,-0.8660254037844388
DOG,__RARE_OR_NEW__,BLACK/BROWN,MALE,CONFISCATE,FLD_HOSPTL,UNKNOWN,COUNTY,0.999315537303217,0,-0.4999999999999997,-0.8660254037844388
CAT,DOMESTIC SH,BLACK,MALE,CONFISCATE,FLD_HOSPTL,UNKNOWN,COUNTY,13.357973990417522,0,-0.4999999999999997,-0.8660254037844388
DOG,LABRADOR RETR,YELLOW,MALE,CONFISCATE,FLD_HOSPTL,HEALTHY,SANTA ROSA,3.167693360711841,0,-0.4999999999999997,-0.8660254037844388
OTHER,CHICKEN,BLACK/WHITE,MALE,STRAY,FIELD,UNKNOWN,SANTA ROSA,1.8986995208761122,1,-0.4999999999999997,-0.8660254037844388
CAT,DOMESTIC SH,BLACK,MALE,CONFISCATE,FLD_HOSPTL,UNKNOWN,COUNTY,1.160848733744011,0,-0.4999999999999997,-0.8660254037844388
CAT,DOMESTIC SH,BRN TABBY,FEMALE,STRAY,OVER THE COUNTER,UNKNOWN,SANTA ROSA,0.11772758384668036,0,-0.4999999999999997,-0.8660254037844388
CAT,DOMESTIC SH,GRAY TABBY,FEMALE,STRAY,OVER THE COUNTER,UNKNOWN,SANTA ROSA,0.11772758384668036,0,-0.4999999999999997,-0.8660254037844388
CAT,DOMESTIC SH,BLK TABBY,MALE,STRAY,OVER THE COUNTER,UNKNOWN,SANTA ROSA,0.11772758384668036,0,-0.4999999999999997,-0.8660254037844388
CAT,DOMESTIC SH,__RARE_OR_NEW__,FEMALE,STRAY,OVER THE COUNTER,UNKNOWN,SANTA ROSA,0.11772758384668036,0,-0.4999999999999997,-0.8660254037844388
DOG,PIT BULL,GRAY/WHITE,MALE,CONFISCATE,FLD_ABAND,UNKNOWN,SANTA ROSA,7.479808350444901,0,-0.4999999999999997,-0.8660254037844388
DOG,PIT BULL,BLACK/WHITE,MALE,CONFISCATE,FLD_ABAND,UNKNOWN,SANTA ROSA,10.981519507186858,0,-0.4999999999999997,-0.8660254037844388
DOG,BEAGLE/MIX,WHITE/TAN,MALE,STRAY,OVER THE COUNTER,HEALTHY,SANTA ROSA,0.999315537303217,0,-0.4999999999999997,-0.8660254037844388
CAT,DOMESTIC SH,BRN TABBY,FEMALE,STRAY,OVER THE COUNTER,UNKNOWN,SANTA ROSA,0.15058179329226556,0,-0.4999999999999997,-0.8660254037844388
CAT,DOMESTIC SH,BLACK/WHITE,MALE,ADOPTION RETURN,OVER THE COUNTER,HEALTHY,SANTA ROSA,0.27104722792607805,0,-0.4999999999999997,-0.8660254037844388
DOG,CHIHUAHUA SH,BROWN,MALE,STRAY,FIELD,UNKNOWN,COUNTY,12.290212183436003,0,-0.4999999999999997,-0.8660254037844388
OTHER,BAT,BROWN,UNKNOWN,QUARANTINE,FIELD,UNKNOWN,COUNTY,1.8986995208761122,1,-0.4999999999999997,-0.8660254037844388
DOG,DACHSHUND,RED,FEMALE,STRAY,FLD_STRAY,UNKNOWN,SANTA ROSA,2.001368925393566,1,-0.4999999999999997,-0.8660254037844388
CAT,DOMESTIC SH,BRN TABBY,MALE,STRAY,OVER THE COUNTER,UNKNOWN,COUNTY,0.49555099247091033,0,-0.4999999999999997,-0.8660254037844388
CAT,DOMESTIC MH,BLACK,MALE,ADOPTION RETURN,OVER THE COUNTER,HEALTHY,SANTA ROSA,3.137577002053388,0,-0.4999999999999997,-0.8660254037844388
CAT,SIAMESE,SEAL PT,MALE,STRAY,OVER THE COUNTER,TREATABLE/REHAB,COUNTY,1.998631074606434,0,-0.4999999999999997,-0.8660254037844388
CAT,DOMESTIC SH,CALICO,FEMALE,STRAY,EMAIL,TREATABLE/REHAB,COUNTY,0.07665982203969883,0,-0.4999999999999997,-0.8660254037844388
CAT,DOMESTIC SH,TORTIE,FEMALE,STRAY,EMAIL,TREATABLE/REHAB,COUNTY,0.07665982203969883,0,-0.4999999999999997,-0.8660254037844388
CAT,DOMESTIC SH,BLACK/WHITE,MALE,STRAY,EMAIL,TREATABLE/REHAB,COUNTY,0.07665982203969883,0,-0.4999999999999997,-0.8660254037844388
DOG,GERM SHEPHERD,BLACK,MALE,CONFISCATE,FLD_ARREST,UNKNOWN,SANTA ROSA,3.028062970568104,0,-0.4999999999999997,-0.8660254037844388
DOG,CHIHUAHUA SH,TAN,MALE,CONFISCATE,FLD_HOSPTL,UNKNOWN,SANTA ROSA,11.994524298425736,0,-0.4999999999999997,-0.8660254037844388
DOG,__RARE_OR_NEW__,BLACK/WHITE,FEMALE,STRAY,FIELD,UNKNOWN,SANTA ROSA,2.9924709103353866,0,-0.4999999999999997,-0.8660254037844388
DOG,SCHNAUZER MIN/MIX,__RARE_OR_NEW__,MALE,STRAY,FIELD,HEALTHY,SANTA ROSA,2.954140999315537,0,-0.4999999999999997,-0.8660254037844388
CAT,DOMESTIC SH,BRN TABBY/WHITE,FEMALE,STRAY,OVER THE COUNTER,HEALTHY,SANTA ROSA,0.26283367556468173,0,-0.4999999999999997,-0.8660254037844388
CAT,DOMESTIC SH,ORG TABBY,MALE,STRAY,OVER THE COUNTER,TREATABLE/MANAGEABLE,COUNTY,1.998631074606434,0,-0.4999999999999997,-0.8660254037844388
CAT,DOMESTIC MH,BRN TABBY,FEMALE,STRAY,OVER THE COUNTER,UNKNOWN,COUNTY,0.06570841889117043,0,-0.4999999999999997,-0.8660254037844388
CAT,DOMESTIC MH,GRAY TABBY,MALE,STRAY,OVER THE COUNTER,UNKNOWN,COUNTY,0.06570841889117043,0,-0.4999999999999997,-0.8660254037844388
DOG,__RARE_OR_NEW__,TAN,FEMALE,STRAY,OVER THE COUNTER,UNKNOWN,SANTA ROSA,2.9979466119096507,0,-0.4999999999999997,-0.8660254037844388
CAT,DOMESTIC MH,BRN TABBY,FEMALE,STRAY,OVER THE COUNTER,HEALTHY,SANTA ROSA,1.998631074606434,0,-0.4999999999999997,-0.8660254037844388
CAT,DOMESTIC MH,AGOUTI,UNKNOWN,STRAY,OVER THE COUNTER,UNKNOWN,SANTA ROSA,0.2518822724161533,1,-0.4999999999999997,-0.8660254037844388
CAT,DOMESTIC MH,AGOUTI,UNKNOWN,STRAY,OVER THE COUNTER,UNKNOWN,SANTA ROSA,0.2518822724161533,1,-0.4999999999999997,-0.8660254037844388
CAT,DOMESTIC MH,AGOUTI,UNKNOWN,STRAY,OVER THE COUNTER,UNKNOWN,SANTA ROSA,0.2518822724161533,1,-0.4999999999999997,-0.8660254037844388
CAT,DOMESTIC MH,BRN TABBY,FEMALE,STRAY,OVER THE COUNTER,HEALTHY,SANTA ROSA,0.019164955509924708,0,-0.4999999999999997,-0.8660254037844388
CAT,DOMESTIC MH,BRN TABBY,FEMALE,STRAY,OVER THE COUNTER,HEALTHY,SANTA ROSA,0.019164955509924708,0,-0.4999999999999997,-0.8660254037844388
CAT,DOMESTIC MH,BLACK,FEMALE,STRAY,OVER THE COUNTER,UNKNOWN,SANTA ROSA,0.12046543463381246,0,-0.4999999999999997,-0.8660254037844388
CAT,DOMESTIC SH,BRN TABBY/WHITE,FEMALE,ADOPTION RETURN,FIELD,UNKNOWN,SANTA ROSA,2.130047912388775,0,-0.4999999999999997,-0.8660254037844388
CAT,DOMESTIC SH,BLACK,FEMALE,STRAY,OVER THE COUNTER,UNKNOWN,COUNTY,0.999315537303217,0,-0.4999999999999997,-0.8660254037844388
CAT,DOMESTIC SH,BLACK,FEMALE,STRAY,OVER THE COUNTER,UNKNOWN,COUNTY,0.999315537303217,0,-0.4999999999999997,-0.8660254037844388
CAT,DOMESTIC SH,BLACK,FEMALE,STRAY,OVER THE COUNTER,HEALTHY,COUNTY,1.4948665297741273,0,-0.4999999999999997,-0.8660254037844388
CAT,DOMESTIC MH,GRAY TABBY,MALE,STRAY,FIELD,UNTREATABLE,SANTA ROSA,13.998631074606434,0,-0.4999999999999997,-0.8660254037844388
DOG,GERM SHEPHERD/MIX,BLACK/TAN,FEMALE,STRAY,FIELD,UNKNOWN,COUNTY,1.998631074606434,0,-0.4999999999999997,-0.8660254037844388
DOG,__RARE_OR_NEW__,BLACK/BROWN,MALE,STRAY,PHONE,UNKNOWN,COUNTY,12.0,0,-0.4999999999999997,-0.8660254037844388
CAT,DOMESTIC SH,GRAY/WHITE,UNKNOWN,STRAY,EMAIL,UNKNOWN,COUNTY,0.2929500342231348,0,-0.4999999999999997,-0.8660254037844388
DOG,PIT BULL,FAWN/WHITE,MALE,STRAY,OVER THE COUNTER,TREATABLE/MANAGEABLE,COUNTY,4.999315537303217,0,-0.4999999999999997,-0.8660254037844388
DOG,CHIHUAHUA SH,TAN,MALE,CONFISCATE,FLD_ARREST,HEALTHY,SANTA ROSA,2.1601642710472277,0,-0.4999999999999997,-0.8660254037844388
DOG,PIT BULL,BROWN/TAN,FEMALE,STRAY,FLD_STRAY,UNKNOWN,COUNTY,0.7748117727583846,0,-0.4999999999999997,-0.8660254037844388
DOG,POODLE MIN/MIX,GRAY,MALE,STRAY,OVER THE COUNTER,UNKNOWN,COUNTY,17.998631074606433,0,-0.4999999999999997,-0.8660254037844388
DOG,PIT BULL,BLACK/WHITE,MALE,STRAY,FIELD,UNKNOWN,SANTA ROSA,8.0,0,-0.4999999999999997,-0.8660254037844388
CAT,DOMESTIC SH,CALICO,FEMALE,STRAY,FLD_STRAY,UNKNOWN,COUNTY,0.2518822724161533,1,-0.4999999999999997,-0.8660254037844388
OTHER,CHICKEN,__RARE_OR_NEW__,FEMALE,STRAY,OVER THE COUNTER,UNKNOWN,SANTA ROSA,1.8986995208761122,1,-0.4999999999999997,-0.8660254037844388
DOG,PIT BULL/MIX,WHITE,MALE,STRAY,FIELD,UNKNOWN,SANTA ROSA,3.4934976043805612,0,-0.4999999999999997,-0.8660254037844388
CAT,DOMESTIC MH,BRN TABBY/WHITE,MALE,STRAY,OVER THE COUNTER,HEALTHY,SANTA ROSA,1.9630390143737166,0,-0.4999999999999997,-0.8660254037844388
DOG,__RARE_OR_NEW__,BLACK/TAN,FEMALE,STRAY,OVER THE COUNTER,UNKNOWN,SANTA ROSA,2.001368925393566,1,-0.4999999999999997,-0.8660254037844388
DOG,__RARE_OR_NEW__,BLACK/TAN,FEMALE,STRAY,OVER THE COUNTER,UNKNOWN,SANTA ROSA,2.001368925393566,1,-0.4999999999999997,-0.8660254037844388
DOG,PARSON RUSS TER/MIX,TAN/WHITE,MALE,STRAY,OVER THE COUNTER,UNKNOWN,SANTA ROSA,2.001368925393566,1,-0.4999999999999997,-0.8660254037844388
CAT,DOMESTIC SH,GRAY,UNKNOWN,STRAY,EMAIL,UNKNOWN,COUNTY,0.29842573579739906,0,-0.4999999999999997,-0.8660254037844388
CAT,DOMESTIC SH,GRAY,UNKNOWN,STRAY,EMAIL,UNKNOWN,COUNTY,0.29842573579739906,0,-0.4999999999999997,-0.8660254037844388
CAT,DOMESTIC SH,BLACK,UNKNOWN,STRAY,EMAIL,UNKNOWN,COUNTY,0.29842573579739906,0,-0.4999999999999997,-0.8660254037844388
CAT,DOMESTIC SH,BLACK,UNKNOWN,STRAY,EMAIL,UNKNOWN,COUNTY,0.29842573579739906,0,-0.4999999999999997,-0.8660254037844388
DOG,PIT BULL,BLACK/TAN,MALE,STRAY,FLD_STRAY,UNKNOWN,COUNTY,0.6652977412731006,0,-0.4999999999999997,-0.8660254037844388
DOG,PIT BULL,GRAY/WHITE,MALE,STRAY,FLD_STRAY,UNKNOWN,COUNTY,0.33401779603011633,0,-0.4999999999999997,-0.8660254037844388
DOG,CHIHUAHUA SH,TRICOLOR,MALE,STRAY,OVER THE COUNTER,UNKNOWN,COUNTY,2.9979466119096507,0,-0.4999999999999997,-0.8660254037844388
CAT,DOMESTIC SH,BLACK/WHITE,FEMALE,OWNER SURRENDER,OVER THE COUNTER,UNKNOWN,SANTA ROSA,6.228610540725531,0,-0.4999999999999997,-0.8660254037844388
CAT,DOMESTIC SH,__RARE_OR_NEW__,FEMALE,OWNER SURRENDER,OVER THE COUNTER,TREATABLE/MANAGEABLE,SANTA ROSA,6.269678302532512,0,-0.4999999999999997,-0.8660254037844388
DOG,LABRADOR RETR/MIX,BLACK/WHITE,FEMALE,STRAY,OVER THE COUNTER,TREATABLE/REHAB,COUNTY,9.998631074606434,0,-0.4999999999999997,-0.8660254037844388
CAT,DOMESTIC SH,BRN TABBY,UNKNOWN,STRAY,EMAIL,TREATABLE/REHAB,COUNTY,0.11225188227241616,0,-0.4999999999999997,-0.8660254037844388
CAT,DOMESTIC SH,BRN TABBY,UNKNOWN,STRAY,EMAIL,TREATABLE/REHAB,COUNTY,0.11225188227241616,0,-0.4999999999999997,-0.8660254037844388
CAT,DOMESTIC SH,BRN TABBY,UNKNOWN,STRAY,EMAIL,TREATABLE/REHAB,COUNTY,0.11225188227241616,0,-0.4999999999999997,-0.8660254037844388
CAT,DOMESTIC SH,ORG TABBY,UNKNOWN,STRAY,EMAIL,TREATABLE/REHAB,COUNTY,0.11225188227241616,0,-0.4999999999999997,-0.8660254037844388
CAT,DOMESTIC SH,ORG TABBY,UNKNOWN,STRAY,EMAIL,TREATABLE/REHAB,COUNTY,0.11225188227241616,0,-0.4999999999999997,-0.8660254037844388
OTHER,DUCK,WHITE,UNKNOWN,STRAY,OVER THE COUNTER,UNKNOWN,*SONOMA,1.8986995208761122,1,-0.4999999999999997,-0.8660254037844388
DOG,WELSH CORGI CAR/MIX,__RARE_OR_NEW__,MALE,STRAY,OVER THE COUNTER,HEALTHY,SANTA ROSA,2.9979466119096507,0,-0.4999999999999997,-0.8660254037844388
DOG,PARSON RUSS TER,TRICOLOR,FEMALE,STRAY,OVER THE COUNTER,HEALTHY,COUNTY,5.9986310746064335,0,-0.4999999999999997,-0.8660254037844388
DOG,CHIHUAHUA SH,TAN,MALE,CONFISCATE,FLD_HOSPTL,UNKNOWN,SANTA ROSA,12.016427104722792,0,-0.4999999999999997,-0.8660254037844388
DOG,PIT BULL,TAN,FEMALE,STRAY,FIELD,HEALTHY,SANTA ROSA,3.997262149212868,0,-0.4999999999999997,-0.8660254037844388
DOG,__RARE_OR_NEW__,BLACK/WHITE,MALE,STRAY,FIELD,UNKNOWN,SANTA ROSA,1.4811772758384667,0,-0.4999999999999997,-0.8660254037844388
OTHER,HORSE,BROWN/BLACK,MALE,CONFISCATE,FLD_CRUEL,UNKNOWN,COUNTY,23.304585900068446,0,-0.4999999999999997,-0.8660254037844388
CAT,DOMESTIC MH,BRN TABBY/WHITE,FEMALE,OWNER SURRENDER,OVER THE COUNTER,HEALTHY,SANTA ROSA,0.35592060232717315,0,-0.4999999999999997,-0.8660254037844388
CAT,DOMESTIC MH,BRN TABBY/WHITE,FEMALE,OWNER SURRENDER,OVER THE COUNTER,HEALTHY,SANTA ROSA,0.35592060232717315,0,-0.4999999999999997,-0.8660254037844388
DOG,__RARE_OR_NEW__,BLACK/WHITE,MALE,STRAY,OVER THE COUNTER,HEALTHY,SANTA ROSA,1.998631074606434,0,-0.4999999999999997,-0.8660254037844388
CAT,DOMESTIC SH,WHITE/BLACK,MALE,STRAY,PHONE,TREATABLE/REHAB,COUNTY,0.46269678302532513,0,-0.4999999999999997,-0.8660254037844388
CAT,DOMESTIC SH,GRAY TABBY,FEMALE,STRAY,OVER THE COUNTER,UNKNOWN,COUNTY,0.2518822724161533,1,-0.4999999999999997,-0.8660254037844388
DOG,PIT BULL,BLACK/WHITE,FEMALE,OWNER SURRENDER,FIELD,UNKNOWN,SANTA ROSA,12.0,0,-0.4999999999999997,-0.8660254037844388
DOG,PIT BULL,FAWN/WHITE,FEMALE,CONFISCATE,FLD_ARREST,UNKNOWN,SANTA ROSA,7.3319644079397674,0,-0.4999999999999997,-0.8660254037844388
DOG,PIT BULL,FAWN/WHITE,MALE,CONFISCATE,FLD_ARREST,UNKNOWN,SANTA ROSA,1.0349075975359343,0,-0.4999999999999997,-0.8660254037844388
DOG,__RARE_OR_NEW__,TAN,UNKNOWN,STRAY,OVER THE COUNTER,UNKNOWN,SANTA ROSA,0.0054757015742642025,0,-0.4999999999999997,-0.8660254037844388
OTHER,__RARE_OR_NEW__,WHITE,FEMALE,STRAY,OVER THE COUNTER,HEALTHY,COUNTY,1.9000684462696784,0,-0.4999999999999997,-0.8660254037844388
CAT,DOMESTIC SH,BRN TABBY,FEMALE,STRAY,OVER THE COUNTER,HEALTHY,SANTA ROSA,2.105407255304586,0,-0.4999999999999997,-0.8660254037844388
CAT,DOMESTIC LH,BLACK,MALE,QUARANTINE,FIELD,UNKNOWN,PETALUMA,4.002737850787132,0,-0.4999999999999997,-0.8660254037844388
CAT,SIAMESE/MIX,SEAL PT,FEMALE,STRAY,FLD_STRAY,HEALTHY,COUNTY,0.34223134839151265,0,-0.4999999999999997,-0.8660254037844388
DOG,GERM SHEPHERD,BLACK/BROWN,FEMALE,STRAY,OVER THE COUNTER,HEALTHY,COUNTY,1.4127310061601643,0,-0.4999999999999997,-0.8660254037844388
CAT,DOMESTIC LH,BLACK,UNKNOWN,STRAY,OVER THE COUNTER,UNKNOWN,COUNTY,0.2518822724161533,1,-0.4999999999999997,-0.8660254037844388
OTHER,RABBIT SH,WHITE/GRAY,FEMALE,STRAY,OVER THE COUNTER,HEALTHY,SANTA ROSA,0.8898015058179329,0,-0.4999999999999997,-0.8660254037844388
OTHER,BAT,BROWN,UNKNOWN,QUARANTINE,FIELD,UNKNOWN,COUNTY,1.8986995208761122,1,-0.4999999999999997,-0.8660254037844388
DOG,YORKSHIRE TERR/MIX,WHITE/BROWN,MALE,STRAY,FLD_STRAY,UNKNOWN,SANTA ROSA,2.001368925393566,1,-0.4999999999999997,-0.8660254037844388
DOG,__RARE_OR_NEW__,WHITE,MALE,STRAY,FLD_STRAY,UNKNOWN,SANTA ROSA,7.926078028747433,0,-0.4999999999999997,-0.8660254037844388
DOG,PIT BULL/MIX,TAN/BLACK,MALE,STRAY,FLD_STRAY,HEALTHY,COUNTY,0.999315537303217,0,-0.4999999999999997,-0.8660254037844388
DOG,BORDER COLLIE/MIX,WHITE/BLACK,MALE,STRAY,OVER THE COUNTER,UNKNOWN,COUNTY,1.4948665297741273,0,-0.4999999999999997,-0.8660254037844388
CAT,DOMESTIC SH,GRAY TABBY,MALE,STRAY,FLD_STRAY,UNKNOWN,COUNTY,0.12594113620807665,0,-0.4999999999999997,-0.8660254037844388
CAT,DOMESTIC SH,BLACK/WHITE,MALE,STRAY,OVER THE COUNTER,HEALTHY,SANTA ROSA,0.4188911704312115,0,-0.4999999999999997,-0.8660254037844388
CAT,DOMESTIC SH,GRAY/WHITE,MALE,STRAY,OVER THE COUNTER,HEALTHY,SANTA ROSA,0.4188911704312115,0,-0.4999999999999997,-0.8660254037844388
CAT,DOMESTIC SH,TORTIE,FEMALE,STRAY,OVER THE COUNTER,UNKNOWN,SANTA ROSA,0.999315537303217,0,-0.4999999999999997,-0.8660254037844388
DOG,ROTTWEILER/MIX,BLACK/RED,FEMALE,STRAY,FIELD,UNKNOWN,COUNTY,2.521560574948665,0,-0.4999999999999997,-0.8660254037844388
DOG,BOXER/MIX,TAN/WHITE,FEMALE,ADOPTION RETURN,OVER THE COUNTER,HEALTHY,PETALUMA,0.25735797399041754,0,-0.4999999999999997,-0.8660254037844388
DOG,GERM SHEPHERD,BLACK/TAN,FEMALE,STRAY,OVER THE COUNTER,HEALTHY,SANTA ROSA,0.999315537303217,0,-0.4999999999999997,-0.8660254037844388
DOG,ANATOL SHEPHERD,__RARE_OR_NEW__,MALE,STRAY,FLD_STRAY,UNKNOWN,COUNTY,2.001368925393566,1,-0.4999999999999997,-0.8660254037844388
OTHER,BAT,BROWN,UNKNOWN,QUARANTINE,OVER THE COUNTER,UNKNOWN,SANTA ROSA,1.8986995208761122,1,-0.4999999999999997,-0.8660254037844388
DOG,__RARE_OR_NEW__,TRICOLOR,MALE,STRAY,FLD_STRAY,UNKNOWN,COUNTY,9.27857631759069,0,-0.4999999999999997,-0.8660254037844388
DOG,__RARE_OR_NEW__,GRAY,FEMALE,STRAY,FLD_STRAY,UNKNOWN,COUNTY,3.994524298425736,0,-0.4999999999999997,-0.8660254037844388
DOG,PIT BULL,TAN/WHITE,MALE,STRAY,FIELD,UNKNOWN,SANTA ROSA,2.001368925393566,1,-0.4999999999999997,-0.8660254037844388
DOG,__RARE_OR_NEW__,TRICOLOR,MALE,STRAY,FLD_STRAY,HEALTHY,COUNTY,7.509924709103354,0,-0.4999999999999997,-0.8660254037844388
DOG,POODLE MIN/MIX,TAN/WHITE,MALE,STRAY,OVER THE COUNTER,UNKNOWN,SANTA ROSA,0.16700889801505817,0,-0.4999999999999997,-0.8660254037844388
OTHER,CHICKEN,RED,FEMALE,STRAY,FIELD,UNKNOWN,SANTA ROSA,1.8986995208761122,1,-0.4999999999999997,-0.8660254037844388
CAT,DOMESTIC SH,WHITE/BLACK,MALE,STRAY,FIELD,TREATABLE/MANAGEABLE,SANTA ROSA,4.0,0,-0.4999999999999997,-0.8660254037844388
DOG,BELG MALINOIS/MIX,TAN/BLACK,MALE,ADOPTION RETURN,OVER THE COUNTER,HEALTHY,COUNTY,0.30937713894592744,0,-0.4999999999999997,-0.8660254037844388
CAT,DOMESTIC MH,BLUE CREAM,FEMALE,STRAY,OVER THE COUNTER,HEALTHY,SANTA ROSA,1.9575633127994525,0,-0.4999999999999997,-0.8660254037844388
CAT,DOMESTIC SH,BRN TABBY/TORTIE,FEMALE,STRAY,OVER THE COUNTER,UNKNOWN,SANTA ROSA,0.08487337440109514,0,-0.4999999999999997,-0.8660254037844388
CAT,DOMESTIC SH,BRN TABBY/TORTIE,FEMALE,STRAY,OVER THE COUNTER,UNKNOWN,SANTA ROSA,0.07392197125256673,0,-0.4999999999999997,-0.8660254037844388
CAT,DOMESTIC SH,BRN TABBY,MALE,STRAY,OVER THE COUNTER,UNKNOWN,SANTA ROSA,0.08487337440109514,0,-0.4999999999999997,-0.8660254037844388
CAT,DOMESTIC SH,ORG TABBY/WHITE,FEMALE,STRAY,OVER THE COUNTER,UNKNOWN,SANTA ROSA,0.08487337440109514,0,-0.4999999999999997,-0.8660254037844388
CAT,DOMESTIC SH,__RARE_OR_NEW__,FEMALE,STRAY,OVER THE COUNTER,UNKNOWN,SANTA ROSA,0.08487337440109514,0,-0.4999999999999997,-0.8660254037844388
CAT,DOMESTIC SH,ORG TABBY,FEMALE,STRAY,OVER THE COUNTER,UNKNOWN,SANTA ROSA,0.09582477754962354,0,-0.4999999999999997,-0.8660254037844388
CAT,DOMESTIC SH,ORG TABBY,MALE,STRAY,OVER THE COUNTER,UNKNOWN,SANTA ROSA,0.08487337440109514,0,-0.4999999999999997,-0.8660254037844388
DOG,SIBERIAN HUSKY/MIX,WHITE/BLACK,FEMALE,STRAY,OVER THE COUNTER,HEALTHY,COUNTY,0.9390828199863107,0,-0.4999999999999997,-0.8660254037844388
CAT,DOMESTIC SH,GRAY TABBY,UNKNOWN,STRAY,EMAIL,TREATABLE/REHAB,SANTA ROSA,0.2518822724161533,1,-0.4999999999999997,-0.8660254037844388
DOG,BELG MALINOIS/MIX,BLACK/TAN,MALE,STRAY,OVER THE COUNTER,HEALTHY,SANTA ROSA,0.23819301848049282,0,-0.4999999999999997,-0.8660254037844388
DOG,BELG MALINOIS/MIX,BLACK/TAN,FEMALE,STRAY,OVER THE COUNTER,HEALTHY,SANTA ROSA,0.23819301848049282,0,-0.4999999999999997,-0.8660254037844388
DOG,BELG MALINOIS/MIX,BLACK/TAN,MALE,STRAY,OVER THE COUNTER,HEALTHY,SANTA ROSA,0.24093086926762491,0,-0.4999999999999997,-0.8660254037844388
DOG,SIBERIAN HUSKY/MIX,TAN,FEMALE,STRAY,OVER THE COUNTER,UNKNOWN,SANTA ROSA,1.998631074606434,0,-0.4999999999999997,-0.8660254037844388
CAT,DOMESTIC LH,BLACK/WHITE,MALE,STRAY,FIELD,HEALTHY,SANTA ROSA,0.26283367556468173,0,-0.4999999999999997,-0.8660254037844388
CAT,DOMESTIC SH,GRAY TABBY,FEMALE,OWNER SURRENDER,OVER THE COUNTER,HEALTHY,COUNTY,0.6652977412731006,0,-0.4999999999999997,-0.8660254037844388
DOG,LABRADOR RETR,YELLOW,MALE,STRAY,FIELD,UNKNOWN,SANTA ROSA,0.6652977412731006,0,-0.4999999999999997,-0.8660254037844388
DOG,__RARE_OR_NEW__,WHITE/BLACK,MALE,QUARANTINE,FIELD,UNKNOWN,SANTA ROSA,4.0,0,-0.4999999999999997,-0.8660254037844388
DOG,AUST SHEPHERD,__RARE_OR_NEW__,MALE,CONFISCATE,FLD_ARREST,UNKNOWN,COUNTY,12.451745379876797,0,-0.4999999999999997,-0.8660254037844388
CAT,DOMESTIC MH,BLACK/WHITE,MALE,STRAY,OVER THE COUNTER,HEALTHY,SANTA ROSA,4.0,0,-0.4999999999999997,-0.8660254037844388
DOG,CHIHUAHUA SH,TAN/WHITE,FEMALE,STRAY,OVER THE COUNTER,HEALTHY,COUNTY,2.8884325804243667,0,-0.4999999999999997,-0.8660254037844388
DOG,GERM SHEPHERD,BROWN/BLACK,FEMALE,STRAY,OVER THE COUNTER,UNKNOWN,COUNTY,2.001368925393566,1,-0.4999999999999997,-0.8660254037844388
CAT,DOMESTIC SH,GRAY/WHITE,MALE,STRAY,FIELD,TREATABLE/REHAB,COUNTY,0.2518822724161533,1,-0.4999999999999997,-0.8660254037844388
CAT,DOMESTIC MH,CALICO,FEMALE,OWNER SURRENDER,OVER THE COUNTER,HEALTHY,SANTA ROSA,0.1943874058863792,0,-0.8660254037844385,-0.5000000000000004
CAT,DOMESTIC SH,GRAY/WHITE,MALE,OWNER SURRENDER,OVER THE COUNTER,HEALTHY,SANTA ROSA,0.25735797399041754,0,-0.8660254037844385,-0.5000000000000004
CAT,DOMESTIC SH,BLACK/WHITE,MALE,OWNER SURRENDER,OVER THE COUNTER,HEALTHY,SANTA ROSA,0.25735797399041754,0,-0.8660254037844385,-0.5000000000000004
DOG,CHIHUAHUA SH,WHITE/TAN,FEMALE,CONFISCATE,FLD_ABAND,HEALTHY,SANTA ROSA,6.863791923340178,0,-0.8660254037844385,-0.5000000000000004
DOG,LABRADOR RETR,CHOCOLATE/WHITE,FEMALE,STRAY,OVER THE COUNTER,HEALTHY,COUNTY,4.0,0,-0.8660254037844385,-0.5000000000000004
CAT,DOMESTIC SH,LYNX PT,MALE,CONFISCATE,FIELD,HEALTHY,COUNTY,2.9979466119096507,0,-0.8660254037844385,-0.5000000000000004
CAT,DOMESTIC SH,BLACK,MALE,CONFISCATE,FIELD,HEALTHY,COUNTY,0.5037645448323066,0,-0.8660254037844385,-0.5000000000000004
CAT,DOMESTIC MH,GRAY/WHITE,FEMALE,CONFISCATE,FIELD,TREATABLE/MANAGEABLE,COUNTY,14.250513347022586,0,-0.8660254037844385,-0.5000000000000004
CAT,DOMESTIC SH,LYNX PT,MALE,CONFISCATE,FIELD,HEALTHY,COUNTY,5.9986310746064335,0,-0.8660254037844385,-0.5000000000000004
CAT,DOMESTIC SH,BRN TABBY,MALE,CONFISCATE,FIELD,HEALTHY,COUNTY,0.5037645448323066,0,-0.8660254037844385,-0.5000000000000004
CAT,DOMESTIC SH,BLACK,MALE,CONFISCATE,FIELD,HEALTHY,COUNTY,2.9979466119096507,0,-0.8660254037844385,-0.5000000000000004
CAT,DOMESTIC SH,__RARE_OR_NEW__,FEMALE,CONFISCATE,FIELD,HEALTHY,COUNTY,2.9979466119096507,0,-0.8660254037844385,-0.5000000000000004
DOG,__RARE_OR_NEW__,BLACK/BROWN,FEMALE,STRAY,PHONE,HEALTHY,SANTA ROSA,0.8323066392881588,0,-0.8660254037844385,-0.5000000000000004
DOG,DACHSHUND/MIX,TAN,MALE,STRAY,FLD_STRAY,HEALTHY,SANTA ROSA,0.9336071184120466,0,-0.8660254037844385,-0.5000000000000004
DOG,POMERANIAN,CREAM,MALE,STRAY,FLD_STRAY,UNKNOWN,SANTA ROSA,2.4996577686516086,0,-0.8660254037844385,-0.5000000000000004
CAT,DOMESTIC SH,__RARE_OR_NEW__,MALE,CONFISCATE,FIELD,HEALTHY,COUNTY,2.9322381930184807,0,-0.8660254037844385,-0.5000000000000004
DOG,PIT BULL/MIX,BLACK,FEMALE,STRAY,FLD_STRAY,UNKNOWN,COUNTY,2.001368925393566,1,-0.8660254037844385,-0.5000000000000004
CAT,DOMESTIC SH,BLACK/WHITE,FEMALE,STRAY,OVER THE COUNTER,HEALTHY,SANTA ROSA,0.2518822724161533,1,-0.8660254037844385,-0.5000000000000004
CAT,DOMESTIC SH,BLACK/WHITE,UNKNOWN,STRAY,OVER THE COUNTER,HEALTHY,SANTA ROSA,0.1697467488021903,0,-0.8660254037844385,-0.5000000000000004
CAT,DOMESTIC SH,WHITE/BLACK,FEMALE,STRAY,OVER THE COUNTER,TREATABLE/REHAB,SANTA ROSA,0.2108145106091718,0,-0.8660254037844385,-0.5000000000000004
CAT,DOMESTIC SH,BLACK,MALE,STRAY,OVER THE COUNTER,TREATABLE/REHAB,SANTA ROSA,0.2600958247775496,0,-0.8660254037844385,-0.5000000000000004
DOG,POMERANIAN,BLACK/TAN,MALE,STRAY,OVER THE COUNTER,HEALTHY,COUNTY,10.666666666666666,0,-0.8660254037844385,-0.5000000000000004
DOG,POMERANIAN,TRICOLOR,MALE,STRAY,OVER THE COUNTER,HEALTHY,SANTA ROSA,8.0,0,-0.8660254037844385,-0.5000000000000004
CAT,DOMESTIC SH,BRN TABBY,UNKNOWN,STRAY,OVER THE COUNTER,UNKNOWN,SANTA ROSA,0.008213552361396304,0,-0.8660254037844385,-0.5000000000000004
CAT,DOMESTIC SH,GRAY TABBY/WHITE,UNKNOWN,STRAY,OVER THE COUNTER,UNKNOWN,SANTA ROSA,0.008213552361396304,0,-0.8660254037844385,-0.5000000000000004
CAT,DOMESTIC SH,BLACK/WHITE,UNKNOWN,STRAY,OVER THE COUNTER,UNKNOWN,SANTA ROSA,0.008213552361396304,0,-0.8660254037844385,-0.5000000000000004
DOG,__RARE_OR_NEW__,TAN/BLACK,MALE,STRAY,OVER THE COUNTER,UNKNOWN,SANTA ROSA,4.0,0,-0.8660254037844385,-0.5000000000000004
DOG,SHIH TZU,__RARE_OR_NEW__,MALE,STRAY,OVER THE COUNTER,HEALTHY,COUNTY,1.7248459958932238,0,-0.8660254037844385,-0.5000000000000004
CAT,DOMESTIC SH,TORTIE,FEMALE,STRAY,OVER THE COUNTER,HEALTHY,SANTA ROSA,1.998631074606434,0,-0.8660254037844385,-0.5000000000000004
CAT,DOMESTIC SH,BRN TABBY,MALE,STRAY,OVER THE COUNTER,HEALTHY,SANTA ROSA,0.4188911704312115,0,-0.8660254037844385,-0.5000000000000004
CAT,DOMESTIC SH,ORG TABBY,FEMALE,STRAY,OVER THE COUNTER,HEALTHY,SANTA ROSA,1.8206707734428473,0,-0.8660254037844385,-0.5000000000000004
CAT,DOMESTIC SH,BRN TABBY,MALE,STRAY,OVER THE COUNTER,UNKNOWN,SANTA ROSA,0.4188911704312115,0,-0.8660254037844385,-0.5000000000000004
CAT,DOMESTIC SH,ORG TABBY,FEMALE,STRAY,OVER THE COUNTER,HEALTHY,SANTA ROSA,0.4079397672826831,0,-0.8660254037844385,-0.5000000000000004
CAT,DOMESTIC SH,ORG TABBY,FEMALE,STRAY,OVER THE COUNTER,HEALTHY,SANTA ROSA,0.4188911704312115,0,-0.8660254037844385,-0.5000000000000004
DOG,LABRADOR RETR,YELLOW,MALE,STRAY,FIELD,UNKNOWN,COUNTY,4.0,0,-0.8660254037844385,-0.5000000000000004
DOG,PIT BULL/MIX,BROWN,MALE,CONFISCATE,FLD_ARREST,UNKNOWN,SANTA ROSA,2.409308692676249,0,-0.8660254037844385,-0.5000000000000004
DOG,__RARE_OR_NEW__,RED/WHITE,FEMALE,STRAY,FIELD,HEALTHY,SANTA ROSA,0.944558521560575,0,-0.8660254037844385,-0.5000000000000004
CAT,DOMESTIC MH,TORTIE,FEMALE,OWNER SURRENDER,OVER THE COUNTER,HEALTHY,SANTA ROSA,0.4188911704312115,0,-0.8660254037844385,-0.5000000000000004
CAT,DOMESTIC MH,TORTIE,FEMALE,OWNER SURRENDER,OVER THE COUNTER,HEALTHY,SANTA ROSA,0.4490075290896646,0,-0.8660254037844385,-0.5000000000000004
CAT,DOMESTIC MH,GRAY/WHITE,FEMALE,OWNER SURRENDER,OVER THE COUNTER,HEALTHY,SANTA ROSA,0.4188911704312115,0,-0.8660254037844385,-0.5000000000000004
CAT,DOMESTIC SH,BLACK,FEMALE,STRAY,OVER THE COUNTER,HEALTHY,SANTA ROSA,0.08487337440109514,0,-0.8660254037844385,-0.5000000000000004
CAT,DOMESTIC MH,BLACK/WHITE,MALE,STRAY,OVER THE COUNTER,HEALTHY,SANTA ROSA,0.08487337440109514,0,-0.8660254037844385,-0.5000000000000004
CAT,DOMESTIC SH,BRN TABBY,FEMALE,STRAY,OVER THE COUNTER,HEALTHY,SANTA ROSA,0.08487337440109514,0,-0.8660254037844385,-0.5000000000000004
CAT,DOMESTIC SH,BRN TABBY/WHITE,MALE,STRAY,OVER THE COUNTER,TREATABLE/REHAB,SANTA ROSA,0.1697467488021903,0,-0.8660254037844385,-0.5000000000000004
CAT,DOMESTIC SH,BRN TABBY,MALE,STRAY,OVER THE COUNTER,UNKNOWN,SANTA ROSA,0.1697467488021903,0,-0.8660254037844385,-0.5000000000000004
CAT,DOMESTIC SH,GRAY TABBY,MALE,STRAY,FIELD,HEALTHY,SANTA ROSA,0.1697467488021903,0,-0.8660254037844385,-0.5000000000000004
CAT,DOMESTIC SH,__RARE_OR_NEW__,FEMALE,STRAY,FIELD,HEALTHY,SANTA ROSA,0.1697467488021903,0,-0.8660254037844385,-0.5000000000000004
CAT,DOMESTIC SH,GRAY TABBY,MALE,STRAY,FIELD,HEALTHY,SANTA ROSA,0.16427104722792607,0,-0.8660254037844385,-0.5000000000000004
DOG,GERM SHEPHERD/MIX,BLACK/TAN,MALE,STRAY,FIELD,UNKNOWN,SANTA ROSA,1.998631074606434,0,-0.8660254037844385,-0.5000000000000004
DOG,PIT BULL,WHITE/GRAY,MALE,STRAY,FIELD,HEALTHY,COUNTY,0.6598220396988365,0,-0.8660254037844385,-0.5000000000000004
DOG,GREAT PYRENEES/MIX,WHITE,FEMALE,STRAY,FIELD,HEALTHY,COUNTY,0.49828884325804246,0,-0.8660254037844385,-0.5000000000000004
DOG,__RARE_OR_NEW__,TAN/WHITE,MALE,STRAY,FLD_STRAY,HEALTHY,COUNTY,0.7885010266940452,0,-0.8660254037844385,-0.5000000000000004
CAT,DOMESTIC SH,BRN TABBY,MALE,STRAY,OVER THE COUNTER,UNKNOWN,COUNTY,0.08487337440109514,0,-0.8660254037844385,-0.5000000000000004
CAT,DOMESTIC SH,BRN TABBY,FEMALE,STRAY,OVER THE COUNTER,UNKNOWN,COUNTY,0.08487337440109514,0,-0.8660254037844385,-0.5000000000000004
DOG,PIT BULL,WHITE,FEMALE,ADOPTION RETURN,FIELD,HEALTHY,COUNTY,2.116358658453114,0,-0.8660254037844385,-0.5000000000000004
DOG,__RARE_OR_NEW__,BLACK,MALE,STRAY,FIELD,HEALTHY,SANTA ROSA,0.4243668720054757,0,-0.8660254037844385,-0.5000000000000004
DOG,CHIHUAHUA SH/MIX,TAN/BLACK,MALE,STRAY,FIELD,UNKNOWN,SANTA ROSA,1.5030800821355237,0,-0.8660254037844385,-0.5000000000000004
DOG,BORDER COLLIE/MIX,BLACK,MALE,STRAY,FIELD,UNKNOWN,SANTA ROSA,2.001368925393566,1,-0.8660254037844385,-0.5000000000000004
DOG,BORDER COLLIE/MIX,BLACK/WHITE,FEMALE,STRAY,FIELD,UNKNOWN,SANTA ROSA,2.001368925393566,1,-0.8660254037844385,-0.5000000000000004
DOG,CHIHUAHUA SH,TAN,MALE,STRAY,FIELD,UNKNOWN,SANTA ROSA,5.9986310746064335,0,-0.8660254037844385,-0.5000000000000004
DOG,GERM SHEPHERD/MIX,TAN/WHITE,FEMALE,ADOPTION RETURN,OVER THE COUNTER,HEALTHY,COUNTY,0.8596851471594799,0,-0.8660254037844385,-0.5000000000000004
CAT,DOMESTIC SH,BLACK,FEMALE,CONFISCATE,FIELD,TREATABLE/REHAB,COUNTY,0.4188911704312115,0,-0.8660254037844385,-0.5000000000000004
CAT,DOMESTIC SH,TORTIE,FEMALE,CONFISCATE,FIELD,HEALTHY,COUNTY,0.4188911704312115,0,-0.8660254037844385,-0.5000000000000004
CAT,DOMESTIC SH,BRN TABBY,UNKNOWN,STRAY,OVER THE COUNTER,UNKNOWN,COUNTY,0.02737850787132101,0,-0.8660254037844385,-0.5000000000000004
CAT,DOMESTIC SH,ORG TABBY,FEMALE,STRAY,OVER THE COUNTER,HEALTHY,COUNTY,1.998631074606434,0,-0.8660254037844385,-0.5000000000000004
DOG,GERM SHEPHERD/MIX,WHITE,MALE,CONFISCATE,FLD_CRUEL,UNKNOWN,COUNTY,2.7186858316221767,0,-0.8660254037844385,-0.5000000000000004
CAT,DOMESTIC SH,GRAY TABBY,MALE,STRAY,OVER THE COUNTER,HEALTHY,COUNTY,0.1697467488021903,0,-0.8660254037844385,-0.5000000000000004
CAT,DOMESTIC LH,BUFF,MALE,STRAY,OVER THE COUNTER,HEALTHY,COUNTY,0.1697467488021903,0,-0.8660254037844385,-0.5000000000000004
OTHER,__RARE_OR_NEW__,GRAY,UNKNOWN,STRAY,OVER THE COUNTER,UNKNOWN,COUNTY,1.8986995208761122,1,-0.8660254037844385,-0.5000000000000004
CAT,DOMESTIC SH,BLUE CREAM,FEMALE,CONFISCATE,FIELD,HEALTHY,COUNTY,1.998631074606434,0,-0.8660254037844385,-0.5000000000000004
OTHER,__RARE_OR_NEW__,WHITE/BROWN,UNKNOWN,STRAY,FIELD,UNKNOWN,COUNTY,1.8986995208761122,1,-0.8660254037844385,-0.5000000000000004
CAT,DOMESTIC SH,GRAY,MALE,STRAY,FIELD,UNKNOWN,COUNTY,0.2518822724161533,1,-0.8660254037844385,-0.5000000000000004
DOG,BEAGLE/MIX,WHITE/BROWN,MALE,STRAY,FIELD,UNKNOWN,SANTA ROSA,13.998631074606434,0,-0.8660254037844385,-0.5000000000000004
CAT,DOMESTIC SH,BLACK,FEMALE,STRAY,OVER THE COUNTER,HEALTHY,COUNTY,0.5037645448323066,0,-0.8660254037844385,-0.5000000000000004
DOG,GERM SHEPHERD/MIX,TAN/BLACK,MALE,QUARANTINE,FIELD,UNKNOWN,COUNTY,5.002053388090349,0,-0.8660254037844385,-0.5000000000000004
DOG,GERM SHEPHERD/MIX,TAN/BLACK,FEMALE,QUARANTINE,FIELD,UNKNOWN,COUNTY,7.101984941820671,0,-0.8660254037844385,-0.5000000000000004
CAT,DOMESTIC SH,TORTIE,FEMALE,STRAY,OVER THE COUNTER,TREATABLE/MANAGEABLE,COUNTY,8.386036960985626,0,-0.8660254037844385,-0.5000000000000004
OTHER,__RARE_OR_NEW__,BLACK/WHITE,UNKNOWN,QUARANTINE,FIELD,UNKNOWN,SANTA ROSA,1.8986995208761122,1,-0.8660254037844385,-0.5000000000000004
CAT,DOMESTIC SH,TORTIE,FEMALE,ADOPTION RETURN,OVER THE COUNTER,HEALTHY,WINDSOR,1.1416837782340863,0,-0.8660254037844385,-0.5000000000000004
DOG,LABRADOR RETR,YELLOW,MALE,OWNER SURRENDER,OVER THE COUNTER,UNKNOWN,COUNTY,4.01368925393566,0,-0.8660254037844385,-0.5000000000000004
CAT,DOMESTIC MH,BRN TABBY/WHITE,MALE,QUARANTINE,FIELD,UNKNOWN,OUT OF COUNTY,0.2518822724161533,1,-0.8660254037844385,-0.5000000000000004
CAT,DOMESTIC SH,BLACK,FEMALE,CONFISCATE,FIELD,HEALTHY,COUNTY,1.3935660506502396,0,-0.8660254037844385,-0.5000000000000004
CAT,DOMESTIC SH,ORANGE/WHITE,MALE,ADOPTION RETURN,OVER THE COUNTER,HEALTHY,SANTA ROSA,3.1786447638603694,0,-0.8660254037844385,-0.5000000000000004
DOG,__RARE_OR_NEW__,__RARE_OR_NEW__,MALE,STRAY,EMAIL,HEALTHY,SANTA ROSA,0.5037645448323066,0,-0.8660254037844385,-0.5000000000000004
DOG,CATAHOULA/MIX,WHITE/BLACK,MALE,QUARANTINE,FIELD,UNKNOWN,COUNTY,7.438740588637919,0,-0.8660254037844385,-0.5000000000000004
DOG,PARSON RUSS TER/MIX,WHITE/BROWN,MALE,ADOPTION RETURN,OVER THE COUNTER,HEALTHY,COUNTY,2.086242299794661,0,-0.8660254037844385,-0.5000000000000004
CAT,DOMESTIC SH,BRN TABBY/WHITE,MALE,CONFISCATE,FIELD,HEALTHY,COUNTY,1.998631074606434,0,-0.8660254037844385,-0.5000000000000004
CAT,DOMESTIC SH,__RARE_OR_NEW__,FEMALE,CONFISCATE,FIELD,HEALTHY,COUNTY,1.998631074606434,0,-0.8660254037844385,-0.5000000000000004
DOG,__RARE_OR_NEW__,WHITE/TAN,MALE,CONFISCATE,FLD_ARREST,TREATABLE/MANAGEABLE,COUNTY,0.7255304585900069,0,-0.8660254037844385,-0.5000000000000004
DOG,MALTESE,WHITE,MALE,CONFISCATE,FLD_CORONR,UNKNOWN,SANTA ROSA,13.683778234086242,0,-0.8660254037844385,-0.5000000000000004
OTHER,BAT,BROWN,UNKNOWN,QUARANTINE,FIELD,UNKNOWN,SANTA ROSA,1.8986995208761122,1,-0.8660254037844385,-0.5000000000000004
CAT,DOMESTIC SH,GRAY,MALE,STRAY,FIELD,UNKNOWN,COUNTY,0.07665982203969883,0,-0.8660254037844385,-0.5000000000000004
CAT,DOMESTIC MH,GRAY TABBY,FEMALE,STRAY,FIELD,UNKNOWN,COUNTY,0.07665982203969883,0,-0.8660254037844385,-0.5000000000000004
CAT,DOMESTIC SH,BLACK,MALE,STRAY,FIELD,UNKNOWN,COUNTY,0.07665982203969883,0,-0.8660254037844385,-0.5000000000000004
CAT,DOMESTIC SH,BLACK,MALE,STRAY,FIELD,UNKNOWN,COUNTY,0.07665982203969883,0,-0.8660254037844385,-0.5000000000000004
DOG,__RARE_OR_NEW__,WHITE,FEMALE,CONFISCATE,FLD_ARREST,UNKNOWN,SANTA ROSA,2.001368925393566,1,-0.8660254037844385,-0.5000000000000004
DOG,LABRADOR RETR/MIX,WHITE,FEMALE,STRAY,FIELD,HEALTHY,SANTA ROSA,0.999315537303217,0,-0.8660254037844385,-0.5000000000000004
CAT,DOMESTIC SH,ORANGE/WHITE,MALE,STRAY,FLD_STRAY,UNKNOWN,COUNTY,8.41889117043121,0,-0.8660254037844385,-0.5000000000000004
OTHER,BAT,BROWN,UNKNOWN,QUARANTINE,FIELD,UNKNOWN,SANTA ROSA,1.8986995208761122,1,-0.8660254037844385,-0.5000000000000004
DOG,CHIHUAHUA SH,TAN/WHITE,FEMALE,STRAY,FIELD,UNKNOWN,SANTA ROSA,12.0,0,-0.8660254037844385,-0.5000000000000004
CAT,DOMESTIC SH,BRN TABBY/WHITE,FEMALE,STRAY,OVER THE COUNTER,HEALTHY,SANTA ROSA,0.16700889801505817,0,-0.8660254037844385,-0.5000000000000004
CAT,SIAMESE/MIX,LYNX PT,MALE,OWNER SURRENDER,OVER THE COUNTER,HEALTHY,COUNTY,0.33401779603011633,0,-0.8660254037844385,-0.5000000000000004
CAT,__RARE_OR_NEW__,BRN TABBY,FEMALE,OWNER SURRENDER,OVER THE COUNTER,HEALTHY,COUNTY,0.243668720054757,0,-0.8660254037844385,-0.5000000000000004
CAT,__RARE_OR_NEW__,BRN TABBY/WHITE,FEMALE,OWNER SURRENDER,OVER THE COUNTER,HEALTHY,COUNTY,0.243668720054757,0,-0.8660254037844385,-0.5000000000000004
CAT,__RARE_OR_NEW__,BLACK,FEMALE,OWNER SURRENDER,OVER THE COUNTER,HEALTHY,COUNTY,0.243668720054757,0,-0.8660254037844385,-0.5000000000000004
CAT,DOMESTIC SH,BRN TABBY,FEMALE,STRAY,OVER THE COUNTER,HEALTHY,SANTA ROSA,0.9253935660506503,0,-0.8660254037844385,-0.5000000000000004
DOG,__RARE_OR_NEW__,TAN,MALE,STRAY,OVER THE COUNTER,UNKNOWN,SANTA ROSA,9.998631074606434,0,-0.8660254037844385,-0.5000000000000004
CAT,DOMESTIC SH,GRAY TABBY,FEMALE,CONFISCATE,FIELD,HEALTHY,COUNTY,1.4264202600958247,0,-0.8660254037844385,-0.5000000000000004
CAT,DOMESTIC SH,GRAY,UNKNOWN,CONFISCATE,FIELD,UNKNOWN,COUNTY,0.2518822724161533,1,-0.8660254037844385,-0.5000000000000004
DOG,GREAT PYRENEES,WHITE,FEMALE,STRAY,FLD_STRAY,HEALTHY,COUNTY,2.9021218343600275,0,-0.8660254037844385,-0.5000000000000004
DOG,__RARE_OR_NEW__,RED/WHITE,MALE,STRAY,FLD_STRAY,HEALTHY,COUNTY,0.5393566050650239,0,-0.8660254037844385,-0.5000000000000004
DOG,__RARE_OR_NEW__,RED/WHITE,MALE,STRAY,FLD_STRAY,HEALTHY,COUNTY,0.5393566050650239,0,-0.8660254037844385,-0.5000000000000004
DOG,__RARE_OR_NEW__,TAN,MALE,STRAY,OVER THE COUNTER,HEALTHY,SANTA ROSA,0.999315537303217,0,-0.8660254037844385,-0.5000000000000004
OTHER,__RARE_OR_NEW__,__RARE_OR_NEW__,MALE,STRAY,FIELD,UNKNOWN,SANTA ROSA,1.8986995208761122,1,-0.8660254037844385,-0.5000000000000004
CAT,DOMESTIC SH,GRAY TABBY/WHITE,FEMALE,STRAY,EMAIL,UNKNOWN,COUNTY,0.2518822724161533,1,-0.8660254037844385,-0.5000000000000004
CAT,DOMESTIC LH,__RARE_OR_NEW__,MALE,STRAY,OVER THE COUNTER,UNKNOWN,SANTA ROSA,4.0,0,-0.8660254037844385,-0.5000000000000004
DOG,POODLE MIN,CREAM,MALE,STRAY,PHONE,UNKNOWN,SANTA ROSA,9.927446954140999,0,-0.8660254037844385,-0.5000000000000004
DOG,GREAT PYRENEES,WHITE,MALE,ADOPTION RETURN,OVER THE COUNTER,UNKNOWN,COUNTY,1.568788501026694,0,-0.8660254037844385,-0.5000000000000004
CAT,DOMESTIC SH,ORG TABBY,MALE,STRAY,OVER THE COUNTER,UNKNOWN,COUNTY,10.587268993839835,0,-0.8660254037844385,-0.5000000000000004
CAT,DOMESTIC SH,BRN TABBY,FEMALE,CONFISCATE,FIELD,HEALTHY,COUNTY,0.999315537303217,0,-0.8660254037844385,-0.5000000000000004
CAT,DOMESTIC SH,BLACK,FEMALE,STRAY,OVER THE COUNTER,HEALTHY,COUNTY,0.999315537303217,0,-0.8660254037844385,-0.5000000000000004
CAT,DOMESTIC SH,BLACK,FEMALE,STRAY,OVER THE COUNTER,HEALTHY,COUNTY,0.1697467488021903,0,-0.8660254037844385,-0.5000000000000004
CAT,DOMESTIC SH,BLACK,MALE,STRAY,OVER THE COUNTER,HEALTHY,COUNTY,0.1697467488021903,0,-0.8660254037844385,-0.5000000000000004
CAT,DOMESTIC SH,BLACK,FEMALE,STRAY,OVER THE COUNTER,HEALTHY,COUNTY,0.1697467488021903,0,-0.8660254037844385,-0.5000000000000004
CAT,DOMESTIC SH,BLACK,MALE,STRAY,OVER THE COUNTER,HEALTHY,COUNTY,0.1697467488021903,0,-0.8660254037844385,-0.5000000000000004
CAT,DOMESTIC SH,GRAY,FEMALE,STRAY,OVER THE COUNTER,HEALTHY,COUNTY,0.1697467488021903,0,-0.8660254037844385,-0.5000000000000004
DOG,BELG MALINOIS/MIX,BLACK/BROWN,FEMALE,QUARANTINE,OVER THE COUNTER,UNKNOWN,COUNTY,9.503080082135524,0,-0.8660254037844385,-0.5000000000000004
CAT,DOMESTIC SH,__RARE_OR_NEW__,FEMALE,STRAY,FIELD,UNTREATABLE,COUNTY,0.2518822724161533,1,-0.8660254037844385,-0.5000000000000004
CAT,DOMESTIC SH,GRAY/WHITE,UNKNOWN,STRAY,OVER THE COUNTER,TREATABLE/REHAB,COUNTY,0.04106776180698152,0,-0.8660254037844385,-0.5000000000000004
CAT,DOMESTIC SH,TORTIE,FEMALE,STRAY,OVER THE COUNTER,TREATABLE/REHAB,COUNTY,0.04106776180698152,0,-0.8660254037844385,-0.5000000000000004
CAT,DOMESTIC SH,LYNX PT,UNKNOWN,STRAY,OVER THE COUNTER,TREATABLE/REHAB,COUNTY,0.04106776180698152,0,-0.8660254037844385,-0.5000000000000004
CAT,DOMESTIC SH,BUFF,UNKNOWN,STRAY,OVER THE COUNTER,TREATABLE/REHAB,COUNTY,0.04106776180698152,0,-0.8660254037844385,-0.5000000000000004
CAT,DOMESTIC SH,BUFF/WHITE,UNKNOWN,STRAY,OVER THE COUNTER,TREATABLE/REHAB,COUNTY,0.04106776180698152,0,-0.8660254037844385,-0.5000000000000004
CAT,DOMESTIC SH,BLACK/WHITE,UNKNOWN,STRAY,OVER THE COUNTER,TREATABLE/REHAB,COUNTY,0.04106776180698152,0,-0.8660254037844385,-0.5000000000000004
CAT,DOMESTIC SH,__RARE_OR_NEW__,FEMALE,STRAY,OVER THE COUNTER,TREATABLE/REHAB,COUNTY,0.04106776180698152,0,-0.8660254037844385,-0.5000000000000004
CAT,DOMESTIC SH,BRN TABBY/WHITE,UNKNOWN,STRAY,OVER THE COUNTER,TREATABLE/REHAB,COUNTY,0.04106776180698152,0,-0.8660254037844385,-0.5000000000000004
CAT,DOMESTIC SH,BLACK/WHITE,UNKNOWN,STRAY,OVER THE COUNTER,TREATABLE/REHAB,COUNTY,0.04106776180698152,0,-0.8660254037844385,-0.5000000000000004
CAT,DOMESTIC SH,BLACK/WHITE,UNKNOWN,STRAY,OVER THE COUNTER,TREATABLE/REHAB,COUNTY,0.04106776180698152,0,-0.8660254037844385,-0.5000000000000004
DOG,PIT BULL,BLACK/WHITE,MALE,STRAY,FIELD,UNKNOWN,SANTA ROSA,2.001368925393566,1,-0.8660254037844385,-0.5000000000000004
DOG,__RARE_OR_NEW__,BLACK/WHITE,MALE,STRAY,FIELD,HEALTHY,SANTA ROSA,1.538672142368241,0,-0.8660254037844385,-0.5000000000000004
DOG,AUST CATTLE DOG/MIX,__RARE_OR_NEW__,MALE,ADOPTION RETURN,OVER THE COUNTER,HEALTHY,SANTA ROSA,0.9226557152635181,0,-0.8660254037844385,-0.5000000000000004
DOG,SIBERIAN HUSKY,WHITE,MALE,ADOPTION RETURN,OVER THE COUNTER,HEALTHY,SANTA ROSA,1.1252566735112937,0,-0.8660254037844385,-0.5000000000000004
DOG,CHIHUAHUA LH/MIX,CREAM,FEMALE,STRAY,OVER THE COUNTER,HEALTHY,SANTA ROSA,4.851471594798084,0,-0.8660254037844385,-0.5000000000000004
DOG,__RARE_OR_NEW__,BROWN/TAN,FEMALE,STRAY,FLD_STRAY,HEALTHY,COUNTY,0.31759069130732376,0,-0.8660254037844385,-0.5000000000000004
DOG,__RARE_OR_NEW__,BROWN/TAN,FEMALE,STRAY,FLD_STRAY,HEALTHY,COUNTY,0.27652292950034224,0,-0.8660254037844385,-0.5000000000000004
CAT,DOMESTIC SH,GRAY/WHITE,MALE,STRAY,FIELD,UNKNOWN,COUNTY,13.429158110882957,0,-0.8660254037844385,-0.5000000000000004
DOG,PIT BULL/MIX,CHOCOLATE/WHITE,MALE,STRAY,FIELD,UNKNOWN,COUNTY,12.996577686516085,0,-0.8660254037844385,-0.5000000000000004
DOG,BOXER/MIX,BR BRINDLE/WHITE,MALE,STRAY,OVER THE COUNTER,HEALTHY,SANTA ROSA,0.33675564681724846,0,-0.8660254037844385,-0.5000000000000004
DOG,PIT BULL/MIX,BLACK,MALE,CONFISCATE,FLD_ARREST,UNKNOWN,SANTA ROSA,0.7720739219712526,0,-0.8660254037844385,-0.5000000000000004
DOG,GERM SHEPHERD,TAN/BLACK,MALE,STRAY,FIELD,UNKNOWN,COUNTY,2.001368925393566,1,-0.8660254037844385,-0.5000000000000004
DOG,GREAT PYRENEES,WHITE,FEMALE,ADOPTION RETURN,OVER THE COUNTER,TREATABLE/MANAGEABLE,COUNTY,5.065023956194388,0,-0.8660254037844385,-0.5000000000000004
DOG,PIT BULL/MIX,BLUE/WHITE,FEMALE,STRAY,FLD_STRAY,TREATABLE/REHAB,COUNTY,4.0,0,-0.8660254037844385,-0.5000000000000004
DOG,PIT BULL/LABRADOR RETR,BLACK/WHITE,MALE,CONFISCATE,FLD_HOSPTL,UNKNOWN,SANTA ROSA,0.676249144421629,0,-0.8660254037844385,-0.5000000000000004
DOG,__RARE_OR_NEW__,BLACK,MALE,CONFISCATE,FLD_HOSPTL,UNKNOWN,SANTA ROSA,0.5913757700205339,0,-0.8660254037844385,-0.5000000000000004
DOG,BELG MALINOIS,BLACK/TAN,FEMALE,STRAY,OVER THE COUNTER,UNKNOWN,COUNTY,0.9089664613278576,0,-0.8660254037844385,-0.5000000000000004
DOG,DOBERMAN PINSCH,BLACK/TAN,MALE,STRAY,FLD_STRAY,UNKNOWN,COUNTY,12.010951403148528,0,-0.8660254037844385,-0.5000000000000004
CAT,DOMESTIC SH,WHITE/BLACK,FEMALE,STRAY,PHONE,HEALTHY,COUNTY,0.12594113620807665,0,-0.8660254037844385,-0.5000000000000004
DOG,GREAT PYRENEES,WHITE,FEMALE,STRAY,FLD_STRAY,UNKNOWN,COUNTY,2.001368925393566,1,-0.8660254037844385,-0.5000000000000004
DOG,GREAT PYRENEES,WHITE,FEMALE,STRAY,FLD_STRAY,UNKNOWN,COUNTY,2.001368925393566,1,-0.8660254037844385,-0.5000000000000004
DOG,MALTESE,WHITE,FEMALE,STRAY,OVER THE COUNTER,HEALTHY,SANTA ROSA,1.4510609171800137,0,-0.8660254037844385,-0.5000000000000004
DOG,CHIHUAHUA SH,BROWN,MALE,STRAY,FLD_STRAY,UNKNOWN,SANTA ROSA,3.991786447638604,0,-0.8660254037844385,-0.5000000000000004
DOG,POMERANIAN,CREAM,MALE,STRAY,FIELD,HEALTHY,SANTA ROSA,2.543463381245722,0,-0.8660254037844385,-0.5000000000000004
DOG,CHIHUAHUA SH/MIX,TAN,MALE,CONFISCATE,FLD_ARREST,UNKNOWN,SANTA ROSA,12.27378507871321,0,-0.8660254037844385,-0.5000000000000004
DOG,CHIHUAHUA SH,TAN/WHITE,MALE,STRAY,FIELD,UNKNOWN,SANTA ROSA,9.99315537303217,0,-0.8660254037844385,-0.5000000000000004
DOG,GERM SHEPHERD,BROWN/BLACK,MALE,STRAY,FIELD,UNKNOWN,COUNTY,5.653661875427789,0,-0.8660254037844385,-0.5000000000000004
DOG,BORDER COLLIE/MIX,BLACK/WHITE,FEMALE,STRAY,FIELD,UNKNOWN,COUNTY,2.9979466119096507,0,-0.8660254037844385,-0.5000000000000004
DOG,__RARE_OR_NEW__,BL BRINDLE,MALE,STRAY,FIELD,HEALTHY,SANTA ROSA,1.998631074606434,0,-0.8660254037844385,-0.5000000000000004
DOG,__RARE_OR_NEW__,WHITE/GRAY,FEMALE,STRAY,FIELD,UNKNOWN,SANTA ROSA,1.325119780971937,0,-0.8660254037844385,-0.5000000000000004
DOG,BORDER COLLIE/MIX,BLACK/WHITE,FEMALE,STRAY,OVER THE COUNTER,UNKNOWN,COUNTY,0.9527720739219713,0,-0.8660254037844385,-0.5000000000000004
DOG,POMERANIAN,CREAM,MALE,OWNER SURRENDER,OVER THE COUNTER,HEALTHY,SANTA ROSA,2.5516769336071183,0,-0.8660254037844385,-0.5000000000000004
CAT,DOMESTIC SH,BLACK/WHITE,UNKNOWN,STRAY,OVER THE COUNTER,HEALTHY,SANTA ROSA,0.2518822724161533,1,-0.8660254037844385,-0.5000000000000004
DOG,PIT BULL/MIX,RED/WHITE,MALE,STRAY,OVER THE COUNTER,UNKNOWN,SANTA ROSA,1.894592744695414,0,-0.8660254037844385,-0.5000000000000004
DOG,PIT BULL/MIX,BR BRINDLE/WHITE,FEMALE,STRAY,OVER THE COUNTER,HEALTHY,SANTA ROSA,0.999315537303217,0,-0.8660254037844385,-0.5000000000000004
CAT,DOMESTIC SH,ORG TABBY,MALE,OWNER SURRENDER,OVER THE COUNTER,HEALTHY,SANTA ROSA,0.1697467488021903,0,-0.8660254037844385,-0.5000000000000004
CAT,DOMESTIC SH,ORG TABBY,MALE,OWNER SURRENDER,OVER THE COUNTER,HEALTHY,SANTA ROSA,0.15058179329226556,0,-0.8660254037844385,-0.5000000000000004
CAT,DOMESTIC SH,ORG TABBY,MALE,OWNER SURRENDER,OVER THE COUNTER,HEALTHY,SANTA ROSA,0.15058179329226556,0,-0.8660254037844385,-0.5000000000000004
CAT,__RARE_OR_NEW__,BRN TABBY,FEMALE,OWNER SURRENDER,OVER THE COUNTER,HEALTHY,SANTA ROSA,0.15058179329226556,0,-0.8660254037844385,-0.5000000000000004
CAT,DOMESTIC SH,BRN TABBY/TORTIE,FEMALE,OWNER SURRENDER,OVER THE COUNTER,HEALTHY,SANTA ROSA,0.15058179329226556,0,-0.8660254037844385,-0.5000000000000004
CAT,DOMESTIC SH,BRN TABBY,FEMALE,OWNER SURRENDER,OVER THE COUNTER,HEALTHY,SANTA ROSA,0.15058179329226556,0,-0.8660254037844385,-0.5000000000000004
CAT,__RARE_OR_NEW__,BRN TABBY,FEMALE,OWNER SURRENDER,OVER THE COUNTER,HEALTHY,SANTA ROSA,0.15058179329226556,0,-0.8660254037844385,-0.5000000000000004
CAT,DOMESTIC SH,BRN TABBY,FEMALE,OWNER SURRENDER,OVER THE COUNTER,HEALTHY,SANTA ROSA,0.15058179329226556,0,-0.8660254037844385,-0.5000000000000004
DOG,__RARE_OR_NEW__,BLACK/TAN,FEMALE,STRAY,OVER THE COUNTER,UNKNOWN,SANTA ROSA,0.2245037645448323,0,-0.8660254037844385,-0.5000000000000004
OTHER,BAT,BROWN,UNKNOWN,QUARANTINE,FIELD,UNKNOWN,*COTATI,1.8986995208761122,1,-0.8660254037844385,-0.5000000000000004
DOG,GERM SHEPHERD/MIX,__RARE_OR_NEW__,FEMALE,ADOPTION RETURN,OVER THE COUNTER,UNKNOWN,COUNTY,2.403832991101985,0,-0.8660254037844385,-0.5000000000000004
CAT,DOMESTIC SH,GRAY TABBY/WHITE,MALE,OWNER SURRENDER,OVER THE COUNTER,HEALTHY,SANTA ROSA,0.4188911704312115,0,-0.8660254037844385,-0.5000000000000004
CAT,DOMESTIC SH,GRAY TABBY,MALE,OWNER SURRENDER,OVER THE COUNTER,HEALTHY,SANTA ROSA,0.4188911704312115,0,-0.8660254037844385,-0.5000000000000004
CAT,DOMESTIC SH,GRAY TABBY/WHITE,MALE,OWNER SURRENDER,OVER THE COUNTER,HEALTHY,SANTA ROSA,0.4188911704312115,0,-0.8660254037844385,-0.5000000000000004
CAT,DOMESTIC SH,GRAY TABBY,MALE,OWNER SURRENDER,OVER THE COUNTER,HEALTHY,SANTA ROSA,0.4188911704312115,0,-0.8660254037844385,-0.5000000000000004
CAT,DOMESTIC SH,BLACK,FEMALE,STRAY,OVER THE COUNTER,UNKNOWN,COUNTY,1.998631074606434,0,-0.8660254037844385,-0.5000000000000004
CAT,DOMESTIC SH,BRN TABBY,MALE,STRAY,OVER THE COUNTER,UNKNOWN,COUNTY,0.09308692676249145,0,-0.8660254037844385,-0.5000000000000004
CAT,DOMESTIC SH,BLACK/WHITE,FEMALE,STRAY,OVER THE COUNTER,UNKNOWN,COUNTY,0.09308692676249145,0,-0.8660254037844385,-0.5000000000000004
CAT,DOMESTIC SH,BRN TABBY/WHITE,MALE,STRAY,OVER THE COUNTER,UNKNOWN,COUNTY,0.09308692676249145,0,-0.8660254037844385,-0.5000000000000004
CAT,DOMESTIC MH,BRN TABBY/WHITE,MALE,STRAY,OVER THE COUNTER,UNKNOWN,COUNTY,0.09308692676249145,0,-0.8660254037844385,-0.5000000000000004
CAT,DOMESTIC SH,BRN TABBY,MALE,STRAY,OVER THE COUNTER,UNKNOWN,COUNTY,0.07939767282683094,0,-0.8660254037844385,-0.5000000000000004
CAT,DOMESTIC SH,BRN TABBY,FEMALE,STRAY,OVER THE COUNTER,UNKNOWN,COUNTY,0.07939767282683094,0,-0.8660254037844385,-0.5000000000000004
CAT,DOMESTIC SH,BLACK,MALE,STRAY,OVER THE COUNTER,UNKNOWN,COUNTY,0.07939767282683094,0,-0.8660254037844385,-0.5000000000000004
CAT,DOMESTIC SH,BLACK/WHITE,MALE,STRAY,OVER THE COUNTER,UNKNOWN,COUNTY,0.07939767282683094,0,-0.8660254037844385,-0.5000000000000004
DOG,POODLE MIN,BLACK,FEMALE,STRAY,FLD_STRAY,UNKNOWN,SANTA ROSA,17.987679671457904,0,-0.8660254037844385,-0.5000000000000004
CAT,DOMESTIC SH,BLACK/WHITE,FEMALE,STRAY,OVER THE COUNTER,UNKNOWN,SANTA ROSA,2.4914442162902124,0,-0.8660254037844385,-0.5000000000000004
DOG,GERM SHEPHERD,BLACK/TAN,MALE,STRAY,FLD_STRAY,UNKNOWN,COUNTY,1.998631074606434,0,-0.8660254037844385,-0.5000000000000004
DOG,__RARE_OR_NEW__,BLACK/WHITE,FEMALE,STRAY,OVER THE COUNTER,HEALTHY,SANTA ROSA,17.21013004791239,0,-0.8660254037844385,-0.5000000000000004
CAT,DOMESTIC LH,GRAY,FEMALE,STRAY,OVER THE COUNTER,UNTREATABLE,COUNTY,18.083504449007528,0,-0.8660254037844385,-0.5000000000000004
DOG,SIBERIAN HUSKY/MIX,BLACK/WHITE,FEMALE,STRAY,OVER THE COUNTER,UNKNOWN,SANTA ROSA,1.4948665297741273,0,-0.8660254037844385,-0.5000000000000004
DOG,GERM SHEPHERD,TAN/BLACK,FEMALE,STRAY,FLD_STRAY,UNKNOWN,SANTA ROSA,2.001368925393566,1,-0.8660254037844385,-0.5000000000000004
DOG,__RARE_OR_NEW__,TAN/WHITE,MALE,STRAY,FIELD,HEALTHY,SANTA ROSA,1.3360711841204653,0,-0.8660254037844385,-0.5000000000000004
CAT,DOMESTIC SH,__RARE_OR_NEW__,MALE,STRAY,FIELD,UNKNOWN,SANTA ROSA,0.2518822724161533,1,-0.8660254037844385,-0.5000000000000004
CAT,DOMESTIC SH,BRN TABBY,MALE,STRAY,FLD_STRAY,HEALTHY,SANTA ROSA,0.13963039014373715,0,-0.8660254037844385,-0.5000000000000004
DOG,PIT BULL/MIX,BR BRINDLE/WHITE,MALE,STRAY,FIELD,UNKNOWN,SANTA ROSA,2.001368925393566,1,-0.8660254037844385,-0.5000000000000004
DOG,AUST SHEPHERD/MIX,TRICOLOR,FEMALE,STRAY,FIELD,UNKNOWN,SANTA ROSA,4.996577686516085,0,-0.8660254037844385,-0.5000000000000004
OTHER,GOAT,WHITE/BROWN,MALE,STRAY,FIELD,UNKNOWN,COUNTY,1.8986995208761122,1,-0.8660254037844385,-0.5000000000000004
OTHER,GOAT,WHITE,MALE,STRAY,FIELD,UNKNOWN,COUNTY,1.8986995208761122,1,-0.8660254037844385,-0.5000000000000004
OTHER,GOAT,BLACK/WHITE,MALE,STRAY,FIELD,UNKNOWN,COUNTY,1.8986995208761122,1,-0.8660254037844385,-0.5000000000000004
OTHER,GOAT,BLACK/WHITE,MALE,STRAY,FIELD,UNKNOWN,COUNTY,1.8986995208761122,1,-0.8660254037844385,-0.5000000000000004
OTHER,GOAT,BROWN/WHITE,MALE,STRAY,FIELD,UNKNOWN,COUNTY,1.8986995208761122,1,-0.8660254037844385,-0.5000000000000004
DOG,LABRADOR RETR,BLACK/WHITE,FEMALE,CONFISCATE,FLD_ARREST,UNKNOWN,COUNTY,2.1738535249828885,0,-0.8660254037844385,-0.5000000000000004
OTHER,BAT,GRAY,UNKNOWN,QUARANTINE,FIELD,UNKNOWN,COUNTY,1.8986995208761122,1,-0.8660254037844385,-0.5000000000000004
DOG,__RARE_OR_NEW__,GOLD,FEMALE,STRAY,OVER THE COUNTER,UNKNOWN,COUNTY,3.975359342915811,0,-0.8660254037844385,-0.5000000000000004
OTHER,__RARE_OR_NEW__,GRAY,MALE,STRAY,FIELD,UNKNOWN,SANTA ROSA,1.8986995208761122,1,-0.8660254037844385,-0.5000000000000004
DOG,CHIHUAHUA SH/MIX,BLACK/TAN,FEMALE,CONFISCATE,FLD_HOSPTL,HEALTHY,SANTA ROSA,0.2080766598220397,0,-0.8660254037844385,-0.5000000000000004
DOG,CHIHUAHUA SH/MIX,BLACK/TAN,MALE,CONFISCATE,FLD_HOSPTL,HEALTHY,SANTA ROSA,1.8562628336755647,0,-0.8660254037844385,-0.5000000000000004
CAT,DOMESTIC SH,GRAY,UNKNOWN,STRAY,OVER THE COUNTER,UNKNOWN,SANTA ROSA,0.2518822724161533,1,-0.8660254037844385,-0.5000000000000004
DOG,AUST SHEPHERD/MIX,TRICOLOR,MALE,STRAY,FLD_STRAY,UNKNOWN,COUNTY,4.0,0,-0.8660254037844385,-0.5000000000000004
DOG,ROTTWEILER/MIX,BLACK/WHITE,MALE,STRAY,FLD_STRAY,HEALTHY,COUNTY,5.9986310746064335,0,-0.8660254037844385,-0.5000000000000004
DOG,__RARE_OR_NEW__,BROWN,MALE,QUARANTINE,FIELD,UNKNOWN,COUNTY,2.9979466119096507,0,-0.8660254037844385,-0.5000000000000004
CAT,DOMESTIC SH,BLACK/WHITE,MALE,STRAY,OVER THE COUNTER,HEALTHY,COUNTY,0.9418206707734429,0,-0.8660254037844385,-0.5000000000000004
CAT,DOMESTIC MH,__RARE_OR_NEW__,FEMALE,OWNER SURRENDER,OVER THE COUNTER,HEALTHY,SANTA ROSA,0.16427104722792607,0,-0.8660254037844385,-0.5000000000000004
CAT,DOMESTIC MH,__RARE_OR_NEW__,FEMALE,OWNER SURRENDER,OVER THE COUNTER,HEALTHY,SANTA ROSA,0.16427104722792607,0,-0.8660254037844385,-0.5000000000000004
CAT,DOMESTIC MH,__RARE_OR_NEW__,FEMALE,OWNER SURRENDER,OVER THE COUNTER,HEALTHY,SANTA ROSA,0.16427104722792607,0,-0.8660254037844385,-0.5000000000000004
CAT,DOMESTIC MH,TORTIE,FEMALE,OWNER SURRENDER,OVER THE COUNTER,HEALTHY,SANTA ROSA,0.16427104722792607,0,-0.8660254037844385,-0.5000000000000004
CAT,DOMESTIC MH,BRN TABBY,MALE,OWNER SURRENDER,OVER THE COUNTER,HEALTHY,SANTA ROSA,0.16427104722792607,0,-0.8660254037844385,-0.5000000000000004
CAT,DOMESTIC MH,TORTIE,FEMALE,OWNER SURRENDER,OVER THE COUNTER,HEALTHY,SANTA ROSA,0.16427104722792607,0,-0.8660254037844385,-0.5000000000000004
CAT,DOMESTIC MH,BLACK,MALE,OWNER SURRENDER,OVER THE COUNTER,HEALTHY,SANTA ROSA,0.16427104722792607,0,-0.8660254037844385,-0.5000000000000004
CAT,DOMESTIC MH,ORG TABBY,MALE,OWNER SURRENDER,OVER THE COUNTER,HEALTHY,SANTA ROSA,0.16427104722792607,0,-0.8660254037844385,-0.5000000000000004
CAT,DOMESTIC MH,GRAY TABBY,MALE,OWNER SURRENDER,OVER THE COUNTER,HEALTHY,SANTA ROSA,0.16427104722792607,0,-0.8660254037844385,-0.5000000000000004
DOG,__RARE_OR_NEW__,WHITE,MALE,STRAY,FIELD,HEALTHY,SANTA ROSA,1.9931553730321698,0,-0.8660254037844385,-0.5000000000000004
DOG,LABRADOR RETR,YELLOW,MALE,CONFISCATE,FLD_EVICT,UNKNOWN,SANTA ROSA,3.3018480492813143,0,-0.8660254037844385,-0.5000000000000004
DOG,__RARE_OR_NEW__,TRICOLOR,MALE,OWNER SURRENDER,FIELD,UNKNOWN,*SONOMA,6.9897330595482545,0,-0.8660254037844385,-0.5000000000000004
DOG,DACHSHUND/MIX,TRICOLOR,MALE,STRAY,FIELD,UNKNOWN,SANTA ROSA,10.075290896646132,0,-0.8660254037844385,-0.5000000000000004
OTHER,__RARE_OR_NEW__,GRAY,UNKNOWN,STRAY,FLD_STRAY,UNKNOWN,SANTA ROSA,1.8986995208761122,1,-0.8660254037844385,-0.5000000000000004
DOG,BORDER COLLIE,TRICOLOR,UNKNOWN,CONFISCATE,FLD_EVICT,UNKNOWN,SANTA ROSA,2.001368925393566,1,-0.8660254037844385,-0.5000000000000004
DOG,CHIHUAHUA SH,TAN/WHITE,FEMALE,STRAY,FLD_STRAY,HEALTHY,SANTA ROSA,1.9411362080766599,0,-0.8660254037844385,-0.5000000000000004
DOG,CHIHUAHUA SH,RED/WHITE,FEMALE,STRAY,FLD_STRAY,HEALTHY,SANTA ROSA,3.920602327173169,0,-0.8660254037844385,-0.5000000000000004
DOG,ALASKAN HUSKY,BLACK/WHITE,FEMALE,CONFISCATE,FLD_ARREST,UNKNOWN,SANTA ROSA,4.39151266255989,0,-0.8660254037844385,-0.5000000000000004
DOG,FRENCH BULLDOG,__RARE_OR_NEW__,MALE,STRAY,OVER THE COUNTER,UNKNOWN,COUNTY,4.503764544832307,0,-0.8660254037844385,-0.5000000000000004
DOG,FRENCH BULLDOG,TAN,FEMALE,STRAY,OVER THE COUNTER,UNKNOWN,COUNTY,4.503764544832307,0,-0.8660254037844385,-0.5000000000000004
CAT,DOMESTIC MH,WHITE/BLACK,MALE,STRAY,OVER THE COUNTER,HEALTHY,SANTA ROSA,0.15058179329226556,0,-0.8660254037844385,-0.5000000000000004
CAT,DOMESTIC LH,BLACK/WHITE,MALE,STRAY,OVER THE COUNTER,HEALTHY,COUNTY,9.998631074606434,0,-0.8660254037844385,-0.5000000000000004
DOG,__RARE_OR_NEW__,BROWN/WHITE,FEMALE,STRAY,OVER THE COUNTER,HEALTHY,COUNTY,2.9021218343600275,0,-0.8660254037844385,-0.5000000000000004
DOG,__RARE_OR_NEW__,WHITE/TAN,MALE,STRAY,OVER THE COUNTER,HEALTHY,COUNTY,0.15605749486652978,0,-0.8660254037844385,-0.5000000000000004
CAT,DOMESTIC SH,BLACK,UNKNOWN,STRAY,OVER THE COUNTER,UNKNOWN,COUNTY,0.2518822724161533,1,-0.8660254037844385,-0.5000000000000004
CAT,DOMESTIC MH,ORANGE/WHITE,UNKNOWN,STRAY,FLD_STRAY,UNKNOWN,SANTA ROSA,0.08487337440109514,0,-0.8660254037844385,-0.5000000000000004
CAT,DOMESTIC MH,BRN TABBY,FEMALE,STRAY,OVER THE COUNTER,TREATABLE/MANAGEABLE,SANTA ROSA,15.94798083504449,0,-0.8660254037844385,-0.5000000000000004
CAT,DOMESTIC SH,BRN TABBY,MALE,STRAY,OVER THE COUNTER,UNKNOWN,COUNTY,0.12594113620807665,0,-0.8660254037844385,-0.5000000000000004
CAT,DOMESTIC SH,BRN TABBY/TORTIE,FEMALE,STRAY,OVER THE COUNTER,UNKNOWN,COUNTY,0.12594113620807665,0,-0.8660254037844385,-0.5000000000000004
CAT,DOMESTIC SH,BRN TABBY,MALE,STRAY,OVER THE COUNTER,UNKNOWN,COUNTY,0.12594113620807665,0,-0.8660254037844385,-0.5000000000000004
CAT,DOMESTIC SH,BRN TABBY,MALE,STRAY,OVER THE COUNTER,UNKNOWN,COUNTY,0.12594113620807665,0,-0.8660254037844385,-0.5000000000000004
CAT,DOMESTIC SH,BRN TABBY,MALE,STRAY,OVER THE COUNTER,UNKNOWN,COUNTY,0.12594113620807665,0,-0.8660254037844385,-0.5000000000000004
CAT,DOMESTIC SH,BRN TABBY,MALE,STRAY,OVER THE COUNTER,UNKNOWN,COUNTY,0.12594113620807665,0,-0.8660254037844385,-0.5000000000000004
CAT,DOMESTIC SH,BRN TABBY,MALE,STRAY,OVER THE COUNTER,UNKNOWN,COUNTY,0.1697467488021903,0,-0.8660254037844385,-0.5000000000000004
CAT,DOMESTIC SH,BRN TABBY/TORTIE,FEMALE,STRAY,OVER THE COUNTER,UNKNOWN,COUNTY,0.12594113620807665,0,-0.8660254037844385,-0.5000000000000004
CAT,DOMESTIC SH,BRN TABBY,MALE,STRAY,OVER THE COUNTER,UNKNOWN,COUNTY,0.12594113620807665,0,-0.8660254037844385,-0.5000000000000004
CAT,DOMESTIC SH,BRN TABBY,MALE,STRAY,OVER THE COUNTER,UNKNOWN,COUNTY,0.12594113620807665,0,-0.8660254037844385,-0.5000000000000004
CAT,DOMESTIC SH,BRN TABBY,MALE,STRAY,OVER THE COUNTER,UNKNOWN,COUNTY,0.12594113620807665,0,-0.8660254037844385,-0.5000000000000004
CAT,DOMESTIC SH,BRN TABBY/WHITE,MALE,STRAY,OVER THE COUNTER,UNKNOWN,COUNTY,0.12594113620807665,0,-0.8660254037844385,-0.5000000000000004
CAT,DOMESTIC SH,BRN TABBY,FEMALE,STRAY,OVER THE COUNTER,UNKNOWN,COUNTY,0.12594113620807665,0,-0.8660254037844385,-0.5000000000000004
DOG,LABRADOR RETR,YELLOW,MALE,STRAY,FIELD,HEALTHY,COUNTY,5.900068446269678,0,-0.8660254037844385,-0.5000000000000004
CAT,DOMESTIC SH,BRN TABBY/WHITE,FEMALE,STRAY,OVER THE COUNTER,UNKNOWN,COUNTY,0.12594113620807665,0,-0.8660254037844385,-0.5000000000000004
DOG,GERM SHEPHERD,TAN/BLACK,MALE,QUARANTINE,FIELD,HEALTHY,SANTA ROSA,0.999315537303217,0,-1.0,-1.8369701987210297e-16
DOG,__RARE_OR_NEW__,BROWN/WHITE,MALE,STRAY,FLD_STRAY,UNKNOWN,COUNTY,1.995893223819302,0,-1.0,-1.8369701987210297e-16
DOG,GERM SHEPHERD,BROWN/BLACK,FEMALE,CONFISCATE,FLD_ARREST,UNKNOWN,SANTA ROSA,2.001368925393566,1,-1.0,-1.8369701987210297e-16
DOG,__RARE_OR_NEW__,TAN/WHITE,FEMALE,STRAY,FIELD,UNKNOWN,SANTA ROSA,0.9144421629021219,0,-1.0,-1.8369701987210297e-16
DOG,__RARE_OR_NEW__,__RARE_OR_NEW__,MALE,STRAY,FIELD,UNKNOWN,SANTA ROSA,1.462012320328542,0,-1.0,-1.8369701987210297e-16
CAT,DOMESTIC SH,GRAY,MALE,STRAY,FIELD,UNKNOWN,SANTA ROSA,0.2518822724161533,1,-1.0,-1.8369701987210297e-16
CAT,DOMESTIC SH,AGOUTI,UNKNOWN,STRAY,OVER THE COUNTER,UNKNOWN,WINDSOR,0.2518822724161533,1,-1.0,-1.8369701987210297e-16
CAT,DOMESTIC SH,AGOUTI,UNKNOWN,STRAY,OVER THE COUNTER,UNKNOWN,WINDSOR,0.2518822724161533,1,-1.0,-1.8369701987210297e-16
CAT,DOMESTIC SH,AGOUTI,UNKNOWN,STRAY,OVER THE COUNTER,UNKNOWN,WINDSOR,0.2518822724161533,1,-1.0,-1.8369701987210297e-16
CAT,DOMESTIC SH,AGOUTI,UNKNOWN,STRAY,OVER THE COUNTER,UNKNOWN,WINDSOR,0.2518822724161533,1,-1.0,-1.8369701987210297e-16
CAT,DOMESTIC SH,AGOUTI,UNKNOWN,STRAY,OVER THE COUNTER,UNKNOWN,WINDSOR,0.2518822724161533,1,-1.0,-1.8369701987210297e-16
CAT,DOMESTIC SH,GRAY/WHITE,FEMALE,STRAY,OVER THE COUNTER,UNKNOWN,COUNTY,0.4188911704312115,0,-1.0,-1.8369701987210297e-16
DOG,GERM SHEPHERD,TAN/BLACK,FEMALE,OWNER SURRENDER,OVER THE COUNTER,UNKNOWN,COUNTY,2.9869952087611225,0,-1.0,-1.8369701987210297e-16
OTHER,CHICKEN,BROWN,MALE,CONFISCATE,FLD_ARREST,UNKNOWN,COUNTY,1.8986995208761122,1,-1.0,-1.8369701987210297e-16
OTHER,CHICKEN,BROWN,UNKNOWN,CONFISCATE,FLD_ARREST,UNKNOWN,COUNTY,1.8986995208761122,1,-1.0,-1.8369701987210297e-16
OTHER,CHICKEN,BROWN,UNKNOWN,CONFISCATE,FLD_ARREST,UNKNOWN,COUNTY,1.8986995208761122,1,-1.0,-1.8369701987210297e-16
DOG,GERM SHEPHERD,BLACK,MALE,CONFISCATE,FLD_ARREST,TREATABLE/MANAGEABLE,SANTA ROSA,3.167693360711841,0,-1.0,-1.8369701987210297e-16
DOG,AM PIT BULL TER/MIX,BROWN/WHITE,FEMALE,STRAY,FIELD,UNKNOWN,SANTA ROSA,5.9986310746064335,0,-1.0,-1.8369701987210297e-16
CAT,DOMESTIC SH,BRN TABBY/TORTIE,FEMALE,OWNER SURRENDER,OVER THE COUNTER,TREATABLE/MANAGEABLE,SANTA ROSA,6.997946611909651,0,-1.0,-1.8369701987210297e-16
DOG,PIT BULL/MIX,TRICOLOR,MALE,STRAY,OVER THE COUNTER,UNKNOWN,SANTA ROSA,2.001368925393566,1,-1.0,-1.8369701987210297e-16
DOG,PIT BULL,BR BRINDLE,FEMALE,STRAY,FIELD,UNKNOWN,SANTA ROSA,2.001368925393566,1,-1.0,-1.8369701987210297e-16
DOG,PIT BULL,BLACK/WHITE,MALE,STRAY,FIELD,UNKNOWN,SANTA ROSA,8.980150581793293,0,-1.0,-1.8369701987210297e-16
DOG,POODLE MIN,WHITE,FEMALE,STRAY,FIELD,UNKNOWN,SANTA ROSA,13.596167008898014,0,-1.0,-1.8369701987210297e-16
DOG,CHIHUAHUA SH/MIX,BROWN/WHITE,MALE,STRAY,OVER THE COUNTER,UNKNOWN,SANTA ROSA,8.0,0,-1.0,-1.8369701987210297e-16
DOG,DOBERMAN PINSCH,BLACK/TAN,MALE,STRAY,FIELD,UNKNOWN,COUNTY,12.062970568104038,0,-1.0,-1.8369701987210297e-16
CAT,DOMESTIC SH,TORTIE,FEMALE,STRAY,FIELD,HEALTHY,COUNTY,1.998631074606434,0,-1.0,-1.8369701987210297e-16
CAT,DOMESTIC SH,BLACK,UNKNOWN,STRAY,OVER THE COUNTER,UNTREATABLE,SANTA ROSA,0.2518822724161533,1,-1.0,-1.8369701987210297e-16
CAT,DOMESTIC SH,BRN TABBY,FEMALE,STRAY,OVER THE COUNTER,HEALTHY,SANTA ROSA,1.9603011635865846,0,-1.0,-1.8369701987210297e-16
CAT,DOMESTIC SH,BRN TABBY,FEMALE,STRAY,OVER THE COUNTER,UNKNOWN,SANTA ROSA,0.2327173169062286,0,-1.0,-1.8369701987210297e-16
CAT,DOMESTIC SH,BLACK,FEMALE,STRAY,OVER THE COUNTER,UNKNOWN,SANTA ROSA,0.2327173169062286,0,-1.0,-1.8369701987210297e-16
CAT,DOMESTIC SH,BLACK/WHITE,MALE,STRAY,OVER THE COUNTER,UNKNOWN,SANTA ROSA,0.13141683778234087,0,-1.0,-1.8369701987210297e-16
DOG,FRENCH BULLDOG,TAN,FEMALE,STRAY,PHONE,UNKNOWN,COUNTY,4.522929500342231,0,-1.0,-1.8369701987210297e-16
DOG,FRENCH BULLDOG,__RARE_OR_NEW__,MALE,STRAY,OVER THE COUNTER,UNKNOWN,COUNTY,4.522929500342231,0,-1.0,-1.8369701987210297e-16
DOG,ROTTWEILER,BLACK/TAN,MALE,STRAY,PHONE,UNKNOWN,SANTA ROSA,4.988364134154689,0,-1.0,-1.8369701987210297e-16
DOG,ROTTWEILER/MIX,TAN/BLACK,FEMALE,STRAY,PHONE,UNKNOWN,SANTA ROSA,3.7344284736481863,0,-1.0,-1.8369701987210297e-16
CAT,DOMESTIC SH,__RARE_OR_NEW__,FEMALE,STRAY,OVER THE COUNTER,UNKNOWN,SANTA ROSA,6.513347022587269,0,-1.0,-1.8369701987210297e-16
DOG,PIT BULL,RED,MALE,CONFISCATE,FLD_ABAND,UNKNOWN,COUNTY,11.945242984257359,0,-1.0,-1.8369701987210297e-16
DOG,PIT BULL,TAN,FEMALE,CONFISCATE,FLD_ABAND,UNKNOWN,COUNTY,0.9117043121149897,0,-1.0,-1.8369701987210297e-16
DOG,__RARE_OR_NEW__,TAN,FEMALE,CONFISCATE,FLD_ABAND,UNKNOWN,COUNTY,5.9958932238193015,0,-1.0,-1.8369701987210297e-16
DOG,PIT BULL,BROWN/WHITE,FEMALE,CONFISCATE,FLD_ABAND,UNKNOWN,COUNTY,5.9958932238193015,0,-1.0,-1.8369701987210297e-16
CAT,DOMESTIC SH,BLACK/WHITE,MALE,STRAY,OVER THE COUNTER,UNKNOWN,COUNTY,12.999315537303216,0,-1.0,-1.8369701987210297e-16
DOG,AUST CATTLE DOG,BLACK/TAN,MALE,STRAY,FIELD,UNKNOWN,SANTA ROSA,3.9671457905544147,0,-1.0,-1.8369701987210297e-16
CAT,DOMESTIC SH,WHITE/BLACK,MALE,ADOPTION RETURN,OVER THE COUNTER,TREATABLE/REHAB,SANTA ROSA,0.5886379192334018,0,-1.0,-1.8369701987210297e-16
DOG,ANATOL SHEPHERD,TRICOLOR,MALE,STRAY,OVER THE COUNTER,HEALTHY,SANTA ROSA,0.7474332648870636,0,-1.0,-1.8369701987210297e-16
DOG,GERM SHEPHERD,BLACK/WHITE,MALE,STRAY,OVER THE COUNTER,UNKNOWN,COUNTY,2.3956194387405887,0,-1.0,-1.8369701987210297e-16
CAT,DOMESTIC LH,WHITE/BLACK,MALE,STRAY,OVER THE COUNTER,HEALTHY,SANTA ROSA,1.5003422313483916,0,-1.0,-1.8369701987210297e-16
CAT,DOMESTIC SH,BLACK,FEMALE,STRAY,OVER THE COUNTER,HEALTHY,COUNTY,0.16700889801505817,0,-1.0,-1.8369701987210297e-16
DOG,GERM SHEPHERD,BLACK,MALE,STRAY,FIELD,UNKNOWN,COUNTY,10.765229295003422,0,-1.0,-1.8369701987210297e-16
DOG,BELG MALINOIS,TAN/BLACK,MALE,STRAY,FIELD,UNKNOWN,COUNTY,0.9911019849418207,0,-1.0,-1.8369701987210297e-16
CAT,DOMESTIC MH,TORTIE,FEMALE,STRAY,FLD_STRAY,UNKNOWN,SANTA ROSA,10.494182067077345,0,-1.0,-1.8369701987210297e-16
CAT,DOMESTIC MH,BLACK/WHITE,MALE,STRAY,FIELD,HEALTHY,COUNTY,0.12320328542094455,0,-1.0,-1.8369701987210297e-16
CAT,DOMESTIC MH,BLACK,FEMALE,STRAY,FIELD,HEALTHY,COUNTY,0.12320328542094455,0,-1.0,-1.8369701987210297e-16
CAT,DOMESTIC MH,BRN TABBY/WHITE,MALE,STRAY,FIELD,HEALTHY,COUNTY,0.12320328542094455,0,-1.0,-1.8369701987210297e-16
CAT,DOMESTIC SH,GRAY TABBY,FEMALE,STRAY,FIELD,HEALTHY,COUNTY,0.999315537303217,0,-1.0,-1.8369701987210297e-16
DOG,PIT BULL/MIX,BROWN/WHITE,FEMALE,CONFISCATE,FLD_HOSPTL,UNKNOWN,SANTA ROSA,0.8240930869267625,0,-1.0,-1.8369701987210297e-16
DOG,__RARE_OR_NEW__,TRICOLOR,FEMALE,STRAY,FLD_STRAY,UNKNOWN,SANTA ROSA,14.464065708418891,0,-1.0,-1.8369701987210297e-16
DOG,PIT BULL,BROWN/WHITE,MALE,STRAY,FLD_STRAY,HEALTHY,SANTA ROSA,2.9295003422313486,0,-1.0,-1.8369701987210297e-16
CAT,DOMESTIC SH,BRN TABBY,MALE,OWNER SURRENDER,OVER THE COUNTER,HEALTHY,COUNTY,0.3066392881587953,0,-1.0,-1.8369701987210297e-16
CAT,DOMESTIC SH,BRN TABBY,MALE,OWNER SURRENDER,OVER THE COUNTER,HEALTHY,COUNTY,0.3066392881587953,0,-1.0,-1.8369701987210297e-16
DOG,LABRADOR RETR,YELLOW,MALE,CONFISCATE,FLD_HOSPTL,HEALTHY,SANTA ROSA,3.3347022587268995,0,-1.0,-1.8369701987210297e-16
CAT,DOMESTIC SH,GRAY/WHITE,MALE,STRAY,EMAIL,HEALTHY,SANTA ROSA,0.9774127310061602,0,-1.0,-1.8369701987210297e-16
CAT,DOMESTIC SH,BLACK/WHITE,FEMALE,STRAY,FLD_STRAY,UNKNOWN,COUNTY,7.493497604380561,0,-1.0,-1.8369701987210297e-16
DOG,PIT BULL/MIX,TAN,MALE,STRAY,FIELD,UNKNOWN,SANTA ROSA,1.215605749486653,0,-1.0,-1.8369701987210297e-16
DOG,GREAT PYRENEES,WHITE,MALE,ADOPTION RETURN,OVER THE COUNTER,UNKNOWN,COUNTY,1.6427104722792607,0,-1.0,-1.8369701987210297e-16
CAT,DOMESTIC SH,__RARE_OR_NEW__,MALE,STRAY,OVER THE COUNTER,UNKNOWN,SANTA ROSA,0.08213552361396304,0,-1.0,-1.8369701987210297e-16
DOG,GERM SHEPHERD,BLACK/BROWN,MALE,STRAY,FLD_STRAY,UNKNOWN,SANTA ROSA,2.001368925393566,1,-1.0,-1.8369701987210297e-16
DOG,CHIHUAHUA SH,WHITE,FEMALE,CONFISCATE,FLD_ARREST,UNKNOWN,COUNTY,2.001368925393566,1,-1.0,-1.8369701987210297e-16
DOG,GERM SHEPHERD/MIX,BLACK/TAN,FEMALE,STRAY,OVER THE COUNTER,HEALTHY,SANTA ROSA,0.4216290212183436,0,-1.0,-1.8369701987210297e-16
DOG,GERM SHEPHERD/MIX,BLACK,FEMALE,STRAY,OVER THE COUNTER,HEALTHY,SANTA ROSA,0.4216290212183436,0,-1.0,-1.8369701987210297e-16
CAT,DOMESTIC SH,BRN TABBY,MALE,STRAY,OVER THE COUNTER,UNKNOWN,SANTA ROSA,0.1806981519507187,0,-1.0,-1.8369701987210297e-16
CAT,DOMESTIC SH,TORTIE,FEMALE,STRAY,OVER THE COUNTER,UNKNOWN,SANTA ROSA,0.1806981519507187,0,-1.0,-1.8369701987210297e-16
CAT,DOMESTIC SH,TORTIE,FEMALE,STRAY,OVER THE COUNTER,UNKNOWN,SANTA ROSA,0.1806981519507187,0,-1.0,-1.8369701987210297e-16
CAT,DOMESTIC SH,BRN TABBY,FEMALE,STRAY,OVER THE COUNTER,UNKNOWN,SANTA ROSA,0.1806981519507187,0,-1.0,-1.8369701987210297e-16
CAT,DOMESTIC SH,BLACK,MALE,STRAY,OVER THE COUNTER,UNKNOWN,SANTA ROSA,0.1806981519507187,0,-1.0,-1.8369701987210297e-16
OTHER,BAT,BROWN,UNKNOWN,QUARANTINE,PHONE,UNKNOWN,PETALUMA,1.8986995208761122,1,-1.0,-1.8369701987210297e-16
CAT,DOMESTIC SH,ORG TABBY,MALE,STRAY,OVER THE COUNTER,HEALTHY,COUNTY,0.7912388774811773,0,-1.0,-1.8369701987210297e-16
CAT,DOMESTIC SH,BRN TABBY/WHITE,FEMALE,STRAY,OVER THE COUNTER,UNKNOWN,SANTA ROSA,15.997262149212867,0,-1.0,-1.8369701987210297e-16
OTHER,CHICKEN,__RARE_OR_NEW__,UNKNOWN,STRAY,FIELD,UNKNOWN,SANTA ROSA,1.8986995208761122,1,-1.0,-1.8369701987210297e-16
DOG,__RARE_OR_NEW__,WHITE/BROWN,MALE,STRAY,FIELD,UNKNOWN,SANTA ROSA,11.288158795345653,0,-1.0,-1.8369701987210297e-16
CAT,DOMESTIC MH,ORG TABBY,FEMALE,OWNER SURRENDER,OVER THE COUNTER,UNKNOWN,COUNTY,0.14236824093086928,0,-1.0,-1.8369701987210297e-16
CAT,DOMESTIC MH,ORG TABBY,FEMALE,OWNER SURRENDER,OVER THE COUNTER,UNKNOWN,COUNTY,0.14236824093086928,0,-1.0,-1.8369701987210297e-16
CAT,DOMESTIC MH,ORG TABBY,MALE,OWNER SURRENDER,OVER THE COUNTER,UNKNOWN,COUNTY,0.14236824093086928,0,-1.0,-1.8369701987210297e-16
CAT,DOMESTIC MH,__RARE_OR_NEW__,MALE,OWNER SURRENDER,OVER THE COUNTER,UNKNOWN,COUNTY,0.14236824093086928,0,-1.0,-1.8369701987210297e-16
DOG,PARSON RUSS TER/MIX,TRICOLOR,FEMALE,STRAY,OVER THE COUNTER,HEALTHY,SANTA ROSA,1.998631074606434,0,-1.0,-1.8369701987210297e-16
DOG,__RARE_OR_NEW__,WHITE/BROWN,MALE,STRAY,FLD_STRAY,HEALTHY,HEALDSBURG,1.4455852156057496,0,-1.0,-1.8369701987210297e-16
DOG,DOBERMAN PINSCH,BLACK/BROWN,FEMALE,STRAY,FLD_STRAY,UNKNOWN,SANTA ROSA,0.4928131416837782,0,-1.0,-1.8369701987210297e-16
CAT,SIAMESE,SEAL PT,MALE,STRAY,OVER THE COUNTER,HEALTHY,SANTA ROSA,0.999315537303217,0,-1.0,-1.8369701987210297e-16
DOG,GREAT PYRENEES,WHITE,FEMALE,CONFISCATE,FLD_ABAND,UNKNOWN,COUNTY,2.001368925393566,1,-1.0,-1.8369701987210297e-16
DOG,__RARE_OR_NEW__,BLACK/TAN,FEMALE,CONFISCATE,FLD_ABAND,HEALTHY,COUNTY,0.648870636550308,0,-1.0,-1.8369701987210297e-16
DOG,AUST SHEPHERD,__RARE_OR_NEW__,MALE,CONFISCATE,FLD_ABAND,UNKNOWN,COUNTY,0.7446954140999316,0,-1.0,-1.8369701987210297e-16
OTHER,__RARE_OR_NEW__,WHITE/BROWN,UNKNOWN,CONFISCATE,FLD_ABAND,UNKNOWN,COUNTY,1.8986995208761122,1,-1.0,-1.8369701987210297e-16
DOG,LABRADOR RETR/MIX,BLACK,FEMALE,STRAY,OVER THE COUNTER,UNKNOWN,SANTA ROSA,0.6735112936344969,0,-1.0,-1.8369701987210297e-16
DOG,CHIHUAHUA SH,TAN,FEMALE,STRAY,FIELD,UNTREATABLE,COUNTY,15.994524298425736,0,-1.0,-1.8369701987210297e-16
DOG,ROTTWEILER,BLACK/TAN,FEMALE,STRAY,FIELD,UNKNOWN,SANTA ROSA,0.8678986995208761,0,-1.0,-1.8369701987210297e-16
DOG,CHIHUAHUA LH/MIX,WHITE/TAN,FEMALE,STRAY,OVER THE COUNTER,HEALTHY,SANTA ROSA,1.9411362080766599,0,-1.0,-1.8369701987210297e-16
DOG,LABRADOR RETR,BLACK,FEMALE,STRAY,FLD_STRAY,UNKNOWN,SANTA ROSA,2.001368925393566,1,-1.0,-1.8369701987210297e-16
DOG,LABRADOR RETR,BROWN,FEMALE,STRAY,FLD_STRAY,UNKNOWN,SANTA ROSA,2.001368925393566,1,-1.0,-1.8369701987210297e-16
CAT,DOMESTIC SH,GRAY TABBY,FEMALE,STRAY,OVER THE COUNTER,HEALTHY,SANTA ROSA,1.273100616016427,0,-1.0,-1.8369701987210297e-16
CAT,DOMESTIC SH,BRN TABBY/WHITE,FEMALE,STRAY,OVER THE COUNTER,HEALTHY,SANTA ROSA,0.02737850787132101,0,-1.0,-1.8369701987210297e-16
CAT,DOMESTIC SH,BRN TABBY/WHITE,MALE,STRAY,OVER THE COUNTER,HEALTHY,SANTA ROSA,0.06844626967830253,0,-1.0,-1.8369701987210297e-16
CAT,DOMESTIC SH,BRN TABBY/WHITE,FEMALE,STRAY,OVER THE COUNTER,HEALTHY,SANTA ROSA,0.02737850787132101,0,-1.0,-1.8369701987210297e-16
CAT,DOMESTIC SH,BRN TABBY/WHITE,FEMALE,STRAY,OVER THE COUNTER,HEALTHY,SANTA ROSA,0.02737850787132101,0,-1.0,-1.8369701987210297e-16
CAT,DOMESTIC SH,BLACK/WHITE,MALE,STRAY,OVER THE COUNTER,HEALTHY,COUNTY,0.999315537303217,0,-1.0,-1.8369701987210297e-16
CAT,DOMESTIC SH,WHITE/BLACK,FEMALE,STRAY,OVER THE COUNTER,UNTREATABLE,SANTA ROSA,0.09034907597535935,0,-1.0,-1.8369701987210297e-16
DOG,YORKSHIRE TERR,TAN/BLACK,MALE,CONFISCATE,FLD_HOSPTL,UNKNOWN,SANTA ROSA,16.23271731690623,0,-1.0,-1.8369701987210297e-16
CAT,DOMESTIC SH,WHITE/BLACK,MALE,CONFISCATE,FLD_HOSPTL,HEALTHY,SANTA ROSA,0.6570841889117043,0,-1.0,-1.8369701987210297e-16
DOG,PIT BULL/MIX,BROWN/WHITE,MALE,STRAY,FIELD,UNKNOWN,COUNTY,1.834360027378508,0,-1.0,-1.8369701987210297e-16
DOG,PIT BULL,TRICOLOR,FEMALE,STRAY,FIELD,UNKNOWN,SANTA ROSA,1.5003422313483916,0,-1.0,-1.8369701987210297e-16
OTHER,CHICKEN,RED,UNKNOWN,CONFISCATE,FLD_ABAND,UNTREATABLE,COUNTY,1.8986995208761122,1,-1.0,-1.8369701987210297e-16
CAT,DOMESTIC SH,__RARE_OR_NEW__,FEMALE,STRAY,OVER THE COUNTER,HEALTHY,SANTA ROSA,6.532511978097194,0,-1.0,-1.8369701987210297e-16
DOG,__RARE_OR_NEW__,BLACK/TAN,FEMALE,CONFISCATE,FLD_ARREST,UNKNOWN,SANTA ROSA,0.2874743326488706,0,-1.0,-1.8369701987210297e-16
DOG,PARSON RUSS TER,BLACK/WHITE,MALE,QUARANTINE,FIELD,UNKNOWN,SANTA ROSA,2.001368925393566,1,-1.0,-1.8369701987210297e-16
CAT,DOMESTIC SH,__RARE_OR_NEW__,FEMALE,STRAY,OVER THE COUNTER,HEALTHY,COUNTY,0.19164955509924708,0,-1.0,-1.8369701987210297e-16
DOG,LABRADOR RETR,BLACK,MALE,CONFISCATE,FLD_HOSPTL,UNKNOWN,SANTA ROSA,7.813826146475017,0,-1.0,-1.8369701987210297e-16
DOG,LABRADOR RETR,BROWN,FEMALE,CONFISCATE,FLD_HOSPTL,UNKNOWN,SANTA ROSA,7.813826146475017,0,-1.0,-1.8369701987210297e-16
DOG,CHIHUAHUA LH/MIX,WHITE,FEMALE,STRAY,FLD_STRAY,HEALTHY,*SEBASTOPOL,0.7474332648870636,0,-1.0,-1.8369701987210297e-16
DOG,CHIHUAHUA SH,TAN/WHITE,FEMALE,STRAY,FLD_STRAY,HEALTHY,COUNTY,0.7474332648870636,0,-1.0,-1.8369701987210297e-16
DOG,CHIHUAHUA SH/MIX,TAN/WHITE,MALE,STRAY,FLD_STRAY,UNKNOWN,*SEBASTOPOL,1.998631074606434,0,-1.0,-1.8369701987210297e-16
CAT,DOMESTIC SH,CALICO,FEMALE,STRAY,OVER THE COUNTER,HEALTHY,COUNTY,0.5010266940451745,0,-1.0,-1.8369701987210297e-16
DOG,SHIH TZU/MIX,WHITE/GRAY,MALE,STRAY,OVER THE COUNTER,UNKNOWN,SANTA ROSA,0.9691991786447639,0,-1.0,-1.8369701987210297e-16
DOG,PIT BULL/MIX,WHITE,MALE,STRAY,FIELD,UNKNOWN,COUNTY,0.837782340862423,0,-1.0,-1.8369701987210297e-16
DOG,PIT BULL/MIX,GRAY,MALE,STRAY,FIELD,UNKNOWN,COUNTY,2.001368925393566,1,-1.0,-1.8369701987210297e-16
OTHER,CHICKEN,__RARE_OR_NEW__,MALE,CONFISCATE,FLD_ABAND,UNKNOWN,COUNTY,1.8986995208761122,1,-1.0,-1.8369701987210297e-16
OTHER,CHICKEN,BROWN,FEMALE,CONFISCATE,FLD_ABAND,UNKNOWN,COUNTY,1.8986995208761122,1,-1.0,-1.8369701987210297e-16
OTHER,CHICKEN,GRAY,FEMALE,CONFISCATE,FLD_ABAND,UNKNOWN,COUNTY,1.8986995208761122,1,-1.0,-1.8369701987210297e-16
OTHER,__RARE_OR_NEW__,GRAY/WHITE,UNKNOWN,CONFISCATE,FLD_ABAND,UNKNOWN,COUNTY,1.8986995208761122,1,-1.0,-1.8369701987210297e-16
DOG,PIT BULL/LABRADOR RETR,TAN/WHITE,FEMALE,QUARANTINE,FIELD,UNKNOWN,COUNTY,4.591375770020534,0,-1.0,-1.8369701987210297e-16
DOG,GERM SHEPHERD/MIX,BROWN/BLACK,MALE,CONFISCATE,FLD_ABAND,UNKNOWN,SANTA ROSA,2.001368925393566,1,-1.0,-1.8369701987210297e-16
DOG,__RARE_OR_NEW__,BLACK,MALE,STRAY,FIELD,HEALTHY,SANTA ROSA,3.4962354551676933,0,-1.0,-1.8369701987210297e-16
DOG,GERM SHEPHERD,BLACK/TAN,MALE,STRAY,FIELD,HEALTHY,COUNTY,0.33401779603011633,0,-1.0,-1.8369701987210297e-16
DOG,GERM SHEPHERD,BLACK/TAN,MALE,STRAY,FIELD,UNKNOWN,COUNTY,2.001368925393566,1,-1.0,-1.8369701987210297e-16
DOG,GERM SHEPHERD/MIX,BLACK,FEMALE,STRAY,FIELD,UNKNOWN,COUNTY,2.001368925393566,1,-1.0,-1.8369701987210297e-16
DOG,CHIHUAHUA SH/MIX,BLACK/TAN,FEMALE,CONFISCATE,FLD_HOSPTL,UNKNOWN,COUNTY,0.26283367556468173,0,-1.0,-1.8369701987210297e-16
DOG,CHIHUAHUA SH/MIX,BLACK/TAN,MALE,CONFISCATE,FLD_HOSPTL,UNKNOWN,COUNTY,1.9110198494182067,0,-1.0,-1.8369701987210297e-16
CAT,DOMESTIC SH,BRN TABBY/TORTIE,FEMALE,OWNER SURRENDER,OVER THE COUNTER,HEALTHY,COUNTY,0.243668720054757,0,-1.0,-1.8369701987210297e-16
CAT,DOMESTIC SH,BRN TABBY,FEMALE,OWNER SURRENDER,OVER THE COUNTER,HEALTHY,COUNTY,0.243668720054757,0,-1.0,-1.8369701987210297e-16
CAT,DOMESTIC SH,BRN TABBY,FEMALE,OWNER SURRENDER,OVER THE COUNTER,HEALTHY,COUNTY,0.243668720054757,0,-1.0,-1.8369701987210297e-16
CAT,DOMESTIC SH,BRN TABBY/TORTIE,FEMALE,OWNER SURRENDER,OVER THE COUNTER,HEALTHY,COUNTY,0.243668720054757,0,-1.0,-1.8369701987210297e-16
DOG,__RARE_OR_NEW__,TRICOLOR,MALE,CONFISCATE,FLD_HOSPTL,UNKNOWN,COUNTY,7.79192334017796,0,-1.0,-1.8369701987210297e-16
DOG,CHIHUAHUA SH/MIX,BROWN/TAN,FEMALE,STRAY,OVER THE COUNTER,HEALTHY,COUNTY,2.9979466119096507,0,-1.0,-1.8369701987210297e-16
CAT,DOMESTIC SH,TORTIE,FEMALE,STRAY,OVER THE COUNTER,TREATABLE/MANAGEABLE,SANTA ROSA,9.976728268309378,0,-1.0,-1.8369701987210297e-16
CAT,DOMESTIC SH,ORG TABBY,FEMALE,ADOPTION RETURN,OVER THE COUNTER,HEALTHY,*ROHNERT PARK,0.5420944558521561,0,-1.0,-1.8369701987210297e-16
CAT,DOMESTIC SH,GRAY TABBY/WHITE,FEMALE,STRAY,OVER THE COUNTER,UNKNOWN,SANTA ROSA,0.12867898699520877,0,-1.0,-1.8369701987210297e-16
CAT,DOMESTIC SH,BRN TABBY,FEMALE,STRAY,OVER THE COUNTER,HEALTHY,COUNTY,0.16700889801505817,0,-1.0,-1.8369701987210297e-16
DOG,CHIHUAHUA SH,CREAM,MALE,STRAY,FLD_STRAY,UNKNOWN,COUNTY,2.001368925393566,1,-1.0,-1.8369701987210297e-16
DOG,GERM SHEPHERD,TAN/BLACK,MALE,STRAY,FLD_STRAY,UNKNOWN,COUNTY,2.001368925393566,1,-1.0,-1.8369701987210297e-16
CAT,DOMESTIC SH,BLACK,MALE,STRAY,OVER THE COUNTER,UNKNOWN,COUNTY,0.16700889801505817,0,-1.0,-1.8369701987210297e-16
CAT,DOMESTIC SH,BLACK,MALE,STRAY,OVER THE COUNTER,UNKNOWN,COUNTY,0.16700889801505817,0,-1.0,-1.8369701987210297e-16
CAT,DOMESTIC SH,BRN TABBY,MALE,STRAY,OVER THE COUNTER,HEALTHY,COUNTY,0.16700889801505817,0,-1.0,-1.8369701987210297e-16
OTHER,CHICKEN,WHITE,UNKNOWN,STRAY,FLD_STRAY,UNKNOWN,SANTA ROSA,1.8986995208761122,1,-1.0,-1.8369701987210297e-16
CAT,DOMESTIC SH,BLACK,MALE,OWNER SURRENDER,OVER THE COUNTER,HEALTHY,SANTA ROSA,0.2518822724161533,0,-1.0,-1.8369701987210297e-16
CAT,DOMESTIC SH,BLACK,MALE,OWNER SURRENDER,OVER THE COUNTER,HEALTHY,SANTA ROSA,0.2518822724161533,0,-1.0,-1.8369701987210297e-16
CAT,DOMESTIC SH,TORTIE,FEMALE,OWNER SURRENDER,OVER THE COUNTER,HEALTHY,SANTA ROSA,0.1834360027378508,0,-1.0,-1.8369701987210297e-16
CAT,DOMESTIC SH,CALICO,FEMALE,OWNER SURRENDER,OVER THE COUNTER,HEALTHY,SANTA ROSA,0.2026009582477755,0,-1.0,-1.8369701987210297e-16
CAT,DOMESTIC SH,BLACK/WHITE,MALE,OWNER SURRENDER,OVER THE COUNTER,HEALTHY,SANTA ROSA,0.2518822724161533,0,-1.0,-1.8369701987210297e-16
CAT,DOMESTIC SH,CALICO,FEMALE,OWNER SURRENDER,OVER THE COUNTER,HEALTHY,SANTA ROSA,0.2026009582477755,0,-1.0,-1.8369701987210297e-16
CAT,DOMESTIC LH,BLACK/WHITE,FEMALE,STRAY,OVER THE COUNTER,UNKNOWN,SANTA ROSA,0.999315537303217,0,-1.0,-1.8369701987210297e-16
DOG,PIT BULL,WHITE/GRAY,MALE,STRAY,FIELD,HEALTHY,SANTA ROSA,1.51129363449692,0,-1.0,-1.8369701987210297e-16
DOG,PIT BULL/MIX,WHITE/BROWN,FEMALE,STRAY,FIELD,UNKNOWN,SANTA ROSA,2.001368925393566,1,-1.0,-1.8369701987210297e-16
DOG,BELG MALINOIS/MIX,BLACK/TAN,MALE,ADOPTION RETURN,OVER THE COUNTER,HEALTHY,SANTA ROSA,0.37782340862423,0,-1.0,-1.8369701987210297e-16
DOG,PUG,BLACK,MALE,STRAY,OVER THE COUNTER,HEALTHY,COUNTY,2.915811088295688,0,-1.0,-1.8369701987210297e-16
DOG,PARSON RUSS TER,WHITE,MALE,STRAY,OVER THE COUNTER,UNKNOWN,SANTA ROSA,6.770704996577686,0,-1.0,-1.8369701987210297e-16
DOG,PARSON RUSS TER,BROWN/WHITE,FEMALE,STRAY,OVER THE COUNTER,UNKNOWN,SANTA ROSA,2.001368925393566,1,-1.0,-1.8369701987210297e-16
DOG,PIT BULL,BLACK/WHITE,FEMALE,STRAY,OVER THE COUNTER,UNKNOWN,COUNTY,4.999315537303217,0,-1.0,-1.8369701987210297e-16
CAT,DOMESTIC SH,GRAY TABBY/WHITE,FEMALE,STRAY,OVER THE COUNTER,HEALTHY,COUNTY,0.2518822724161533,0,-1.0,-1.8369701987210297e-16
CAT,DOMESTIC SH,BRN TABBY,MALE,STRAY,OVER THE COUNTER,UNKNOWN,SANTA ROSA,0.4188911704312115,0,-1.0,-1.8369701987210297e-16
DOG,__RARE_OR_NEW__,TRICOLOR,MALE,STRAY,FIELD,HEALTHY,SANTA ROSA,0.7474332648870636,0,-1.0,-1.8369701987210297e-16
DOG,PIT BULL/MIX,BLACK/WHITE,MALE,STRAY,FIELD,HEALTHY,SANTA ROSA,0.999315537303217,0,-1.0,-1.8369701987210297e-16
DOG,GERM SHEPHERD/MIX,BLACK,MALE,OWNER SURRENDER,OVER THE COUNTER,UNKNOWN,SANTA ROSA,8.695414099931554,0,-1.0,-1.8369701987210297e-16
CAT,DOMESTIC SH,WHITE/BLACK,MALE,ADOPTION RETURN,OVER THE COUNTER,TREATABLE/REHAB,SANTA ROSA,0.6269678302532512,0,-1.0,-1.8369701987210297e-16
DOG,LABRADOR RETR/MIX,BLACK/WHITE,FEMALE,STRAY,OVER THE COUNTER,UNKNOWN,SANTA ROSA,9.99315537303217,0,-1.0,-1.8369701987210297e-16
DOG,__RARE_OR_NEW__,TRICOLOR,MALE,QUARANTINE,FIELD,UNKNOWN,COUNTY,7.441478439425051,0,-1.0,-1.8369701987210297e-16
DOG,YORKSHIRE TERR,BLACK/BROWN,MALE,STRAY,PHONE,HEALTHY,SANTA ROSA,1.998631074606434,0,-1.0,-1.8369701987210297e-16
CAT,DOMESTIC SH,ORG TABBY,MALE,STRAY,OVER THE COUNTER,HEALTHY,SANTA ROSA,0.4188911704312115,0,-1.0,-1.8369701987210297e-16
CAT,DOMESTIC MH,BRN TABBY/WHITE,MALE,STRAY,OVER THE COUNTER,UNKNOWN,SANTA ROSA,1.5003422313483916,0,-1.0,-1.8369701987210297e-16
DOG,__RARE_OR_NEW__,BLACK,MALE,CONFISCATE,FIELD,UNKNOWN,SANTA ROSA,0.6926762491444216,0,-1.0,-1.8369701987210297e-16
DOG,PIT BULL/LABRADOR RETR,BLACK/WHITE,MALE,CONFISCATE,FIELD,UNKNOWN,SANTA ROSA,0.7775496235455168,0,-1.0,-1.8369701987210297e-16
DOG,ROTTWEILER/MIX,__RARE_OR_NEW__,MALE,STRAY,FLD_STRAY,UNKNOWN,SANTA ROSA,2.001368925393566,1,-1.0,-1.8369701987210297e-16
DOG,PIT BULL/MIX,BLACK/WHITE,MALE,CONFISCATE,FIELD,UNKNOWN,COUNTY,0.9938398357289527,0,-1.0,-1.8369701987210297e-16
DOG,__RARE_OR_NEW__,__RARE_OR_NEW__,FEMALE,STRAY,FLD_STRAY,UNKNOWN,COUNTY,1.998631074606434,0,-1.0,-1.8369701987210297e-16
DOG,BORDER COLLIE/MIX,BLACK/WHITE,FEMALE,STRAY,FIELD,HEALTHY,COUNTY,0.4380561259411362,0,-1.0,-1.8369701987210297e-16
DOG,GERM SHEPHERD/MIX,BLACK/TAN,FEMALE,STRAY,FIELD,HEALTHY,COUNTY,0.4380561259411362,0,-1.0,-1.8369701987210297e-16
DOG,__RARE_OR_NEW__,TRICOLOR,FEMALE,STRAY,FLD_STRAY,UNKNOWN,SANTA ROSA,2.001368925393566,1,-1.0,-1.8369701987210297e-16
DOG,GERM SHEPHERD,BROWN/BLACK,MALE,STRAY,FIELD,UNKNOWN,SANTA ROSA,2.001368925393566,1,-1.0,-1.8369701987210297e-16
DOG,GERM SHEPHERD,TAN/BLACK,MALE,STRAY,FLD_STRAY,HEALTHY,SANTA ROSA,0.840520191649555,0,-1.0,-1.8369701987210297e-16
DOG,AUST SHEPHERD,BROWN/WHITE,FEMALE,STRAY,FLD_STRAY,UNKNOWN,COUNTY,11.997262149212867,0,-1.0,-1.8369701987210297e-16
DOG,GERM SHEPHERD,TAN/BLACK,MALE,STRAY,FLD_STRAY,HEALTHY,SANTA ROSA,0.840520191649555,0,-1.0,-1.8369701987210297e-16
DOG,LABRADOR RETR/MIX,BLACK,FEMALE,STRAY,FIELD,UNKNOWN,SANTA ROSA,9.716632443531827,0,-1.0,-1.8369701987210297e-16
CAT,DOMESTIC SH,WHITE/BLACK,MALE,STRAY,FIELD,UNTREATABLE,SANTA ROSA,0.34770704996577684,0,-1.0,-1.8369701987210297e-16
CAT,DOMESTIC SH,BLACK/WHITE,MALE,STRAY,OVER THE COUNTER,UNTREATABLE,COUNTY,17.9958932238193,0,-1.0,-1.8369701987210297e-16
DOG,PIT BULL,BROWN,MALE,STRAY,FLD_STRAY,UNKNOWN,SANTA ROSA,2.001368925393566,1,-1.0,-1.8369701987210297e-16
DOG,__RARE_OR_NEW__,BLACK/TAN,MALE,STRAY,OVER THE COUNTER,UNKNOWN,COUNTY,0.8295687885010267,0,-1.0,-1.8369701987210297e-16
CAT,DOMESTIC SH,BLACK/WHITE,FEMALE,STRAY,FIELD,UNKNOWN,SANTA ROSA,16.980150581793293,0,-1.0,-1.8369701987210297e-16
CAT,DOMESTIC SH,BRN TABBY,MALE,STRAY,OVER THE COUNTER,UNKNOWN,SANTA ROSA,0.4188911704312115,0,-1.0,-1.8369701987210297e-16
DOG,PIT BULL/MIX,BLACK/WHITE,FEMALE,STRAY,OVER THE COUNTER,UNKNOWN,COUNTY,2.9979466119096507,0,-1.0,-1.8369701987210297e-16
DOG,GREAT PYRENEES,WHITE,MALE,ADOPTION RETURN,OVER THE COUNTER,UNKNOWN,OUT OF COUNTY,1.6837782340862424,0,-1.0,-1.8369701987210297e-16
DOG,__RARE_OR_NEW__,BLACK/WHITE,MALE,STRAY,OVER THE COUNTER,UNKNOWN,COUNTY,6.006844626967831,0,-1.0,-1.8369701987210297e-16
DOG,CHIHUAHUA SH,WHITE,FEMALE,STRAY,FLD_STRAY,UNKNOWN,COUNTY,2.001368925393566,1,-1.0,-1.8369701987210297e-16
DOG,CHIHUAHUA SH,TAN/WHITE,MALE,STRAY,FLD_STRAY,UNKNOWN,COUNTY,2.001368925393566,1,-1.0,-1.8369701987210297e-16
DOG,SIBERIAN HUSKY/MIX,WHITE/GRAY,MALE,STRAY,OVER THE COUNTER,UNKNOWN,COUNTY,3.997262149212868,0,-1.0,-1.8369701987210297e-16
DOG,PIT BULL,BROWN/WHITE,FEMALE,STRAY,FLD_STRAY,UNKNOWN,SANTA ROSA,2.001368925393566,1,-1.0,-1.8369701987210297e-16
DOG,PIT BULL,BROWN/WHITE,UNKNOWN,STRAY,FLD_STRAY,UNKNOWN,SANTA ROSA,2.001368925393566,1,-1.0,-1.8369701987210297e-16
DOG,PIT BULL,BROWN/WHITE,UNKNOWN,STRAY,FLD_STRAY,UNKNOWN,SANTA ROSA,2.001368925393566,1,-1.0,-1.8369701987210297e-16
DOG,PIT BULL,__RARE_OR_NEW__,MALE,STRAY,OVER THE COUNTER,TREATABLE/REHAB,COUNTY,0.12320328542094455,0,-1.0,-1.8369701987210297e-16
DOG,AUST SHEPHERD,BLUE MERLE,MALE,STRAY,FLD_STRAY,UNKNOWN,SANTA ROSA,11.214236824093087,0,-1.0,-1.8369701987210297e-16
CAT,DOMESTIC SH,GRAY/WHITE,FEMALE,STRAY,FLD_STRAY,UNTREATABLE,COUNTY,0.8323066392881588,0,-1.0,-1.8369701987210297e-16
DOG,__RARE_OR_NEW__,TAN/BLACK,MALE,QUARANTINE,FIELD,UNKNOWN,COUNTY,7.969883641341547,0,-1.0,-1.8369701987210297e-16
CAT,DOMESTIC MH,ORANGE/WHITE,MALE,STRAY,FLD_EMERGE,UNKNOWN,COUNTY,12.999315537303216,0,-1.0,-1.8369701987210297e-16
DOG,__RARE_OR_NEW__,WHITE,MALE,STRAY,PHONE,HEALTHY,SANTA ROSA,3.6084873374401094,0,-1.0,-1.8369701987210297e-16
CAT,DOMESTIC SH,CALICO,FEMALE,STRAY,OVER THE COUNTER,HEALTHY,SANTA ROSA,1.998631074606434,0,-1.0,-1.8369701987210297e-16
CAT,DOMESTIC SH,BLACK,MALE,STRAY,OVER THE COUNTER,HEALTHY,SANTA ROSA,0.2518822724161533,0,-1.0,-1.8369701987210297e-16
CAT,DOMESTIC SH,BLACK/WHITE,MALE,STRAY,OVER THE COUNTER,HEALTHY,SANTA ROSA,0.2518822724161533,0,-1.0,-1.8369701987210297e-16
CAT,__RARE_OR_NEW__,BRN TABBY,MALE,STRAY,OVER THE COUNTER,HEALTHY,COUNTY,2.9979466119096507,0,-1.0,-1.8369701987210297e-16
DOG,POODLE MIN,WHITE,MALE,STRAY,FIELD,TREATABLE/MANAGEABLE,SANTA ROSA,8.993839835728952,0,-1.0,-1.8369701987210297e-16
OTHER,RABBIT SH,TRICOLOR,MALE,STRAY,FLD_STRAY,UNKNOWN,COUNTY,1.7659137577002053,0,-1.0,-1.8369701987210297e-16
DOG,BEAGLE/MIX,TRICOLOR,MALE,STRAY,FLD_STRAY,UNKNOWN,COUNTY,2.001368925393566,1,-1.0,-1.8369701987210297e-16
CAT,DOMESTIC SH,BRN TABBY,FEMALE,STRAY,FIELD,TREATABLE/REHAB,SANTA ROSA,0.19164955509924708,0,-1.0,-1.8369701987210297e-16
OTHER,CHICKEN,BROWN,FEMALE,STRAY,FLD_STRAY,UNKNOWN,SANTA ROSA,1.8986995208761122,1,-1.0,-1.8369701987210297e-16
OTHER,CHICKEN,BROWN,FEMALE,STRAY,FLD_STRAY,UNKNOWN,SANTA ROSA,1.8986995208761122,1,-1.0,-1.8369701987210297e-16
OTHER,CHICKEN,BROWN,FEMALE,STRAY,FLD_STRAY,UNKNOWN,SANTA ROSA,1.8986995208761122,1,-1.0,-1.8369701987210297e-16
OTHER,CHICKEN,BLACK,FEMALE,STRAY,FLD_STRAY,UNKNOWN,SANTA ROSA,1.8986995208761122,1,-1.0,-1.8369701987210297e-16
OTHER,CHICKEN,BROWN,UNKNOWN,STRAY,FLD_STRAY,UNKNOWN,SANTA ROSA,1.8986995208761122,1,-1.0,-1.8369701987210297e-16
CAT,DOMESTIC LH,BLACK,MALE,STRAY,FIELD,UNTREATABLE,SANTA ROSA,14.99794661190965,0,-1.0,-1.8369701987210297e-16
DOG,__RARE_OR_NEW__,__RARE_OR_NEW__,MALE,STRAY,FLD_STRAY,UNKNOWN,COUNTY,2.001368925393566,1,-1.0,-1.8369701987210297e-16
DOG,BORDER COLLIE,BLACK/WHITE,FEMALE,STRAY,OVER THE COUNTER,UNKNOWN,SANTA ROSA,0.999315537303217,0,-1.0,-1.8369701987210297e-16
DOG,PIT BULL,GRAY/WHITE,MALE,STRAY,FLD_STRAY,UNKNOWN,COUNTY,2.001368925393566,1,-1.0,-1.8369701987210297e-16
CAT,DOMESTIC SH,BRN TABBY,FEMALE,ADOPTION RETURN,OVER THE COUNTER,HEALTHY,WINDSOR,1.0595482546201231,0,-1.0,-1.8369701987210297e-16
DOG,__RARE_OR_NEW__,__RARE_OR_NEW__,FEMALE,STRAY,OVER THE COUNTER,UNKNOWN,SANTA ROSA,6.398357289527721,0,-1.0,-1.8369701987210297e-16
CAT,DOMESTIC SH,ORG TABBY,FEMALE,OWNER SURRENDER,OVER THE COUNTER,UNKNOWN,SANTA ROSA,2.1492128678986995,0,-0.8660254037844386,0.5000000000000001
DOG,__RARE_OR_NEW__,__RARE_OR_NEW__,FEMALE,STRAY,FLD_STRAY,UNKNOWN,COUNTY,2.9979466119096507,0,-0.8660254037844386,0.5000000000000001
DOG,__RARE_OR_NEW__,BLACK/TAN,FEMALE,STRAY,FLD_STRAY,HEALTHY,SANTA ROSA,14.99794661190965,0,-0.8660254037844386,0.5000000000000001
DOG,GERM SHEPHERD,BLACK/TAN,MALE,STRAY,FIELD,UNKNOWN,COUNTY,2.518822724161533,0,-0.8660254037844386,0.5000000000000001
CAT,DOMESTIC SH,__RARE_OR_NEW__,FEMALE,STRAY,OVER THE COUNTER,UNKNOWN,COUNTY,0.16700889801505817,0,-0.8660254037844386,0.5000000000000001
CAT,DOMESTIC SH,WHITE/BLACK,FEMALE,STRAY,OVER THE COUNTER,HEALTHY,COUNTY,0.16700889801505817,0,-0.8660254037844386,0.5000000000000001
CAT,DOMESTIC SH,CALICO,FEMALE,STRAY,OVER THE COUNTER,UNKNOWN,SANTA ROSA,11.92060232717317,0,-0.8660254037844386,0.5000000000000001
CAT,DOMESTIC LH,BRN TABBY/WHITE,FEMALE,STRAY,OVER THE COUNTER,UNKNOWN,SANTA ROSA,15.441478439425051,0,-0.8660254037844386,0.5000000000000001
DOG,__RARE_OR_NEW__,__RARE_OR_NEW__,MALE,ADOPTION RETURN,OVER THE COUNTER,HEALTHY,SANTA ROSA,1.8836413415468858,0,-0.8660254037844386,0.5000000000000001
CAT,DOMESTIC SH,TORTIE,FEMALE,STRAY,OVER THE COUNTER,HEALTHY,COUNTY,1.998631074606434,0,-0.8660254037844386,0.5000000000000001
CAT,DOMESTIC SH,ORG TABBY,FEMALE,STRAY,OVER THE COUNTER,UNKNOWN,COUNTY,0.16700889801505817,0,-0.8660254037844386,0.5000000000000001
CAT,DOMESTIC MH,ORG TABBY,FEMALE,STRAY,OVER THE COUNTER,UNKNOWN,COUNTY,0.16700889801505817,0,-0.8660254037844386,0.5000000000000001
CAT,DOMESTIC SH,ORG TABBY,FEMALE,STRAY,OVER THE COUNTER,UNKNOWN,COUNTY,0.16700889801505817,0,-0.8660254037844386,0.5000000000000001
CAT,DOMESTIC SH,FLAME PT,FEMALE,STRAY,OVER THE COUNTER,UNKNOWN,COUNTY,0.16700889801505817,0,-0.8660254037844386,0.5000000000000001
CAT,DOMESTIC SH,TORTIE,FEMALE,STRAY,OVER THE COUNTER,UNKNOWN,COUNTY,0.16700889801505817,0,-0.8660254037844386,0.5000000000000001
DOG,PIT BULL,TAN,FEMALE,STRAY,OVER THE COUNTER,UNKNOWN,COUNTY,0.2026009582477755,0,-0.8660254037844386,0.5000000000000001
DOG,PIT BULL,TAN/WHITE,MALE,STRAY,OVER THE COUNTER,HEALTHY,COUNTY,0.2026009582477755,0,-0.8660254037844386,0.5000000000000001
DOG,PIT BULL,BR BRINDLE/WHITE,FEMALE,STRAY,OVER THE COUNTER,UNKNOWN,COUNTY,0.2518822724161533,0,-0.8660254037844386,0.5000000000000001
DOG,PIT BULL,TAN/WHITE,FEMALE,STRAY,OVER THE COUNTER,UNKNOWN,COUNTY,0.2518822724161533,0,-0.8660254037844386,0.5000000000000001
DOG,LABRADOR RETR/MIX,BROWN/WHITE,MALE,STRAY,FLD_STRAY,HEALTHY,COUNTY,0.2518822724161533,0,-0.8660254037844386,0.5000000000000001
CAT,SIAMESE,SEAL PT,FEMALE,STRAY,PHONE,UNKNOWN,SANTA ROSA,0.10130047912388775,0,-0.8660254037844386,0.5000000000000001
DOG,__RARE_OR_NEW__,TAN/WHITE,MALE,STRAY,FIELD,TREATABLE/REHAB,SANTA ROSA,0.33675564681724846,0,-0.8660254037844386,0.5000000000000001
DOG,LABRADOR RETR/MIX,BLACK/WHITE,FEMALE,STRAY,OVER THE COUNTER,UNKNOWN,COUNTY,0.999315537303217,0,-0.8660254037844386,0.5000000000000001
DOG,PIT BULL/MIX,BROWN,MALE,CONFISCATE,FLD_HOSPTL,UNKNOWN,SANTA ROSA,2.5708418891170433,0,-0.8660254037844386,0.5000000000000001
DOG,SIBERIAN HUSKY,BLACK/WHITE,MALE,STRAY,OVER THE COUNTER,HEALTHY,COUNTY,1.998631074606434,0,-0.8660254037844386,0.5000000000000001
DOG,CHIHUAHUA SH/MIX,BROWN/WHITE,MALE,STRAY,OVER THE COUNTER,UNKNOWN,SANTA ROSA,8.238193018480493,0,-0.8660254037844386,0.5000000000000001
CAT,DOMESTIC MH,BLUE CREAM,FEMALE,ADOPTION RETURN,OVER THE COUNTER,HEALTHY,SANTA ROSA,2.1409993155373033,0,-0.8660254037844386,0.5000000000000001
DOG,BELG MALINOIS/MIX,TAN/BLACK,MALE,STRAY,FIELD,UNKNOWN,SANTA ROSA,2.001368925393566,1,-0.8660254037844386,0.5000000000000001
DOG,ENG BULLDOG,BR BRINDLE/WHITE,MALE,STRAY,FIELD,UNKNOWN,SANTA ROSA,11.274469541409994,0,-0.8660254037844386,0.5000000000000001
DOG,__RARE_OR_NEW__,TAN,MALE,STRAY,FIELD,UNKNOWN,SANTA ROSA,3.5017111567419574,0,-0.8660254037844386,0.5000000000000001
DOG,CHIHUAHUA SH,WHITE/BROWN,FEMALE,STRAY,FIELD,UNKNOWN,SANTA ROSA,1.9931553730321698,0,-0.8660254037844386,0.5000000000000001
DOG,GERM SHEPHERD,BLACK/TAN,FEMALE,STRAY,FIELD,UNKNOWN,SANTA ROSA,0.7885010266940452,0,-0.8660254037844386,0.5000000000000001
DOG,__RARE_OR_NEW__,RED/WHITE,MALE,STRAY,FIELD,UNKNOWN,COUNTY,2.001368925393566,1,-0.8660254037844386,0.5000000000000001
OTHER,CHICKEN,__RARE_OR_NEW__,MALE,STRAY,FLD_STRAY,UNKNOWN,SANTA ROSA,1.8986995208761122,1,-0.8660254037844386,0.5000000000000001
DOG,LABRADOR RETR/MIX,GOLD,FEMALE,STRAY,FLD_STRAY,HEALTHY,HEALDSBURG,0.7118412046543463,0,-0.8660254037844386,0.5000000000000001
DOG,LABRADOR RETR/MIX,GOLD,MALE,STRAY,FLD_STRAY,HEALTHY,HEALDSBURG,0.7118412046543463,0,-0.8660254037844386,0.5000000000000001
DOG,GERM SHEPHERD,BROWN/BLACK,MALE,STRAY,FLD_STRAY,HEALTHY,SANTA ROSA,2.1546885694729636,0,-0.8660254037844386,0.5000000000000001
DOG,CHIHUAHUA SH/MIX,TAN/WHITE,MALE,STRAY,FIELD,UNKNOWN,SANTA ROSA,1.4948665297741273,0,-0.8660254037844386,0.5000000000000001
OTHER,GUINEA PIG,WHITE/BLACK,FEMALE,STRAY,FIELD,UNKNOWN,COUNTY,1.8986995208761122,1,-0.8660254037844386,0.5000000000000001
OTHER,GUINEA PIG,WHITE,UNKNOWN,STRAY,FIELD,UNKNOWN,COUNTY,1.8986995208761122,1,-0.8660254037844386,0.5000000000000001
DOG,LABRADOR RETR,WHITE,MALE,STRAY,OVER THE COUNTER,HEALTHY,SANTA ROSA,1.3360711841204653,0,-0.8660254037844386,0.5000000000000001
CAT,DOMESTIC SH,BLACK/WHITE,MALE,STRAY,FLD_STRAY,HEALTHY,COUNTY,1.9739904175222451,0,-0.8660254037844386,0.5000000000000001
DOG,PARSON RUSS TER,TAN,FEMALE,CONFISCATE,FLD_CORONR,UNKNOWN,SANTA ROSA,2.973305954825462,0,-0.8660254037844386,0.5000000000000001
DOG,CHIHUAHUA SH,WHITE/BLACK,FEMALE,OWNER SURRENDER,OVER THE COUNTER,UNKNOWN,SANTA ROSA,4.216290212183436,0,-0.8660254037844386,0.5000000000000001
DOG,CHIHUAHUA SH,__RARE_OR_NEW__,FEMALE,OWNER SURRENDER,OVER THE COUNTER,UNKNOWN,SANTA ROSA,4.216290212183436,0,-0.8660254037844386,0.5000000000000001
DOG,POMERANIAN,TAN,MALE,STRAY,OVER THE COUNTER,HEALTHY,COUNTY,2.5023956194387407,0,-0.8660254037844386,0.5000000000000001
DOG,__RARE_OR_NEW__,TAN/BLACK,FEMALE,STRAY,FLD_STRAY,UNKNOWN,COUNTY,0.5859000684462696,0,-0.8660254037844386,0.5000000000000001
DOG,BORDER COLLIE/MIX,BLACK/WHITE,MALE,STRAY,OVER THE COUNTER,UNKNOWN,SANTA ROSA,0.999315537303217,0,-0.8660254037844386,0.5000000000000001
DOG,CHIHUAHUA SH,TAN,FEMALE,STRAY,OVER THE COUNTER,UNTREATABLE,COUNTY,6.997946611909651,0,-0.8660254037844386,0.5000000000000001
DOG,YORKSHIRE TERR,BROWN/BLACK,MALE,STRAY,OVER THE COUNTER,UNTREATABLE,SANTA ROSA,2.001368925393566,1,-0.8660254037844386,0.5000000000000001
DOG,__RARE_OR_NEW__,__RARE_OR_NEW__,FEMALE,STRAY,OVER THE COUNTER,HEALTHY,SANTA ROSA,5.9986310746064335,0,-0.8660254037844386,0.5000000000000001
DOG,__RARE_OR_NEW__,BLACK,FEMALE,STRAY,FLD_STRAY,UNKNOWN,SANTA ROSA,11.978097193702943,0,-0.8660254037844386,0.5000000000000001
DOG,AUST CATTLE DOG/MIX,BLUE MERLE,FEMALE,STRAY,FLD_STRAY,UNKNOWN,SANTA ROSA,2.9979466119096507,0,-0.8660254037844386,0.5000000000000001
OTHER,DUCK,GRAY,UNKNOWN,STRAY,FLD_STRAY,UNKNOWN,SANTA ROSA,1.8986995208761122,1,-0.8660254037844386,0.5000000000000001
DOG,__RARE_OR_NEW__,BLACK/WHITE,MALE,STRAY,OVER THE COUNTER,UNKNOWN,SANTA ROSA,0.9664613278576317,0,-0.8660254037844386,0.5000000000000001
DOG,__RARE_OR_NEW__,BR BRINDLE/WHITE,MALE,STRAY,FLD_STRAY,UNKNOWN,SANTA ROSA,2.001368925393566,1,-0.8660254037844386,0.5000000000000001
DOG,CATAHOULA/MIX,BROWN/WHITE,MALE,STRAY,OVER THE COUNTER,HEALTHY,SANTA ROSA,0.5530458590006845,0,-0.8660254037844386,0.5000000000000001
CAT,DOMESTIC SH,BLACK,MALE,STRAY,FIELD,UNKNOWN,SANTA ROSA,0.2518822724161533,1,-0.8660254037844386,0.5000000000000001
DOG,LABRADOR RETR,CHOCOLATE,FEMALE,STRAY,FLD_STRAY,UNKNOWN,COUNTY,11.017111567419576,0,-0.8660254037844386,0.5000000000000001
DOG,__RARE_OR_NEW__,WHITE/BLACK,UNKNOWN,STRAY,FLD_STRAY,UNKNOWN,SANTA ROSA,2.001368925393566,1,-0.8660254037844386,0.5000000000000001
DOG,__RARE_OR_NEW__,BLACK/WHITE,MALE,QUARANTINE,FIELD,UNKNOWN,COUNTY,6.321697467488022,0,-0.8660254037844386,0.5000000000000001
DOG,LABRADOR RETR/MIX,TAN,MALE,STRAY,FLD_STRAY,UNKNOWN,COUNTY,2.001368925393566,1,-0.8660254037844386,0.5000000000000001
DOG,AUST CATTLE DOG,BLUE MERLE,MALE,STRAY,OVER THE COUNTER,HEALTHY,SANTA ROSA,1.998631074606434,0,-0.8660254037844386,0.5000000000000001
DOG,GERM SHEPHERD/MIX,WHITE/BLACK,FEMALE,STRAY,FLD_STRAY,HEALTHY,COUNTY,0.9034907597535934,0,-0.8660254037844386,0.5000000000000001
DOG,GERM SHEPHERD,TAN/BLACK,FEMALE,STRAY,FIELD,UNKNOWN,COUNTY,1.998631074606434,0,-0.8660254037844386,0.5000000000000001
DOG,GERM SHEPHERD/SIBERIAN HUSKY,TAN/BLACK,FEMALE,STRAY,OVER THE COUNTER,UNKNOWN,SANTA ROSA,2.9952087611225187,0,-0.8660254037844386,0.5000000000000001
CAT,DOMESTIC SH,GRAY,MALE,STRAY,OVER THE COUNTER,TREATABLE/MANAGEABLE,SANTA ROSA,9.998631074606434,0,-0.8660254037844386,0.5000000000000001
DOG,__RARE_OR_NEW__,TAN/WHITE,MALE,STRAY,FIELD,UNKNOWN,COUNTY,2.001368925393566,1,-0.8660254037844386,0.5000000000000001
DOG,PIT BULL,BLACK/WHITE,MALE,STRAY,FLD_STRAY,UNKNOWN,SANTA ROSA,2.001368925393566,1,-0.8660254037844386,0.5000000000000001
CAT,DOMESTIC LH,WHITE/GRAY,MALE,STRAY,FIELD,UNKNOWN,SANTA ROSA,0.2518822724161533,1,-0.8660254037844386,0.5000000000000001
DOG,__RARE_OR_NEW__,__RARE_OR_NEW__,MALE,STRAY,FLD_STRAY,UNKNOWN,COUNTY,2.001368925393566,1,-0.8660254037844386,0.5000000000000001
CAT,DOMESTIC SH,GRAY/WHITE,MALE,STRAY,FLD_STRAY,TREATABLE/MANAGEABLE,COUNTY,2.976043805612594,0,-0.8660254037844386,0.5000000000000001
OTHER,BAT,BROWN,UNKNOWN,QUARANTINE,FIELD,UNKNOWN,*ROHNERT PARK,1.8986995208761122,1,-0.8660254037844386,0.5000000000000001
DOG,SIBERIAN HUSKY/MIX,BLACK/BROWN,FEMALE,STRAY,OVER THE COUNTER,UNKNOWN,SANTA ROSA,0.5037645448323066,0,-0.8660254037844386,0.5000000000000001
DOG,SIBERIAN HUSKY/MIX,BLACK/BROWN,FEMALE,STRAY,OVER THE COUNTER,UNKNOWN,SANTA ROSA,0.5037645448323066,0,-0.8660254037844386,0.5000000000000001
DOG,PIT BULL/MIX,__RARE_OR_NEW__,FEMALE,STRAY,FLD_STRAY,HEALTHY,SANTA ROSA,0.16700889801505817,0,-0.8660254037844386,0.5000000000000001
DOG,__RARE_OR_NEW__,RED/WHITE,FEMALE,STRAY,FLD_STRAY,UNKNOWN,COUNTY,0.5338809034907598,0,-0.8660254037844386,0.5000000000000001
CAT,DOMESTIC SH,BLACK/WHITE,MALE,STRAY,FLD_STRAY,UNKNOWN,COUNTY,0.08487337440109514,0,-0.8660254037844386,0.5000000000000001
CAT,DOMESTIC SH,BLACK/WHITE,MALE,STRAY,FLD_STRAY,HEALTHY,COUNTY,0.999315537303217,0,-0.8660254037844386,0.5000000000000001
CAT,DOMESTIC SH,TORTIE,FEMALE,STRAY,FLD_STRAY,UNKNOWN,COUNTY,0.08487337440109514,0,-0.8660254037844386,0.5000000000000001
CAT,DOMESTIC SH,CALICO,FEMALE,STRAY,FLD_STRAY,HEALTHY,COUNTY,0.7611225188227242,0,-0.8660254037844386,0.5000000000000001
CAT,DOMESTIC SH,BLACK/WHITE,FEMALE,STRAY,FLD_STRAY,UNKNOWN,COUNTY,0.5859000684462696,0,-0.8660254037844386,0.5000000000000001
CAT,DOMESTIC SH,BRN TABBY,MALE,STRAY,FLD_STRAY,TREATABLE/REHAB,COUNTY,9.998631074606434,0,-0.8660254037844386,0.5000000000000001
CAT,DOMESTIC SH,GRAY/WHITE,MALE,STRAY,FLD_STRAY,HEALTHY,COUNTY,0.4188911704312115,0,-0.8660254037844386,0.5000000000000001
CAT,DOMESTIC SH,ORANGE/WHITE,FEMALE,STRAY,FLD_STRAY,UNKNOWN,COUNTY,1.998631074606434,0,-0.8660254037844386,0.5000000000000001
CAT,DOMESTIC SH,ORANGE/WHITE,MALE,STRAY,FLD_STRAY,TREATABLE/REHAB,COUNTY,0.7693360711841205,0,-0.8660254037844386,0.5000000000000001
CAT,DOMESTIC SH,FLAME PT,FEMALE,STRAY,FLD_STRAY,UNKNOWN,COUNTY,0.5859000684462696,0,-0.8660254037844386,0.5000000000000001
CAT,DOMESTIC SH,ORG TABBY,FEMALE,STRAY,FLD_STRAY,HEALTHY,COUNTY,1.8453114305270362,0,-0.8660254037844386,0.5000000000000001
CAT,DOMESTIC SH,TORTIE,FEMALE,STRAY,FLD_STRAY,HEALTHY,COUNTY,0.8459958932238193,0,-0.8660254037844386,0.5000000000000001
DOG,LABRADOR RETR,BLACK,MALE,CONFISCATE,FLD_ARREST,UNKNOWN,COUNTY,12.205338809034908,0,-0.8660254037844386,0.5000000000000001
DOG,__RARE_OR_NEW__,WHITE,FEMALE,STRAY,FLD_STRAY,UNKNOWN,COUNTY,1.998631074606434,0,-0.8660254037844386,0.5000000000000001
CAT,DOMESTIC SH,BRN TABBY/WHITE,MALE,STRAY,OVER THE COUNTER,HEALTHY,SANTA ROSA,0.999315537303217,0,-0.8660254037844386,0.5000000000000001
CAT,SIAMESE/MIX,LYNX PT,MALE,OWNER SURRENDER,OVER THE COUNTER,HEALTHY,COUNTY,0.23545516769336072,0,-0.8660254037844386,0.5000000000000001
CAT,__RARE_OR_NEW__,BLACK,FEMALE,OWNER SURRENDER,OVER THE COUNTER,HEALTHY,COUNTY,0.405201916495551,0,-0.8660254037844386,0.5000000000000001
CAT,__RARE_OR_NEW__,BLACK,MALE,OWNER SURRENDER,OVER THE COUNTER,TREATABLE/REHAB,COUNTY,0.23545516769336072,0,-0.8660254037844386,0.5000000000000001
CAT,__RARE_OR_NEW__,BRN TABBY/WHITE,FEMALE,OWNER SURRENDER,OVER THE COUNTER,HEALTHY,COUNTY,0.2026009582477755,0,-0.8660254037844386,0.5000000000000001
CAT,__RARE_OR_NEW__,BRN TABBY/WHITE,MALE,OWNER SURRENDER,OVER THE COUNTER,HEALTHY,COUNTY,0.23545516769336072,0,-0.8660254037844386,0.5000000000000001
DOG,CHIHUAHUA LH/MIX,WHITE/TAN,FEMALE,ADOPTION RETURN,OVER THE COUNTER,HEALTHY,WINDSOR,2.0314852840520192,0,-0.8660254037844386,0.5000000000000001
CAT,DOMESTIC SH,BRN TABBY,FEMALE,STRAY,PHONE,HEALTHY,SANTA ROSA,0.9911019849418207,0,-0.8660254037844386,0.5000000000000001
DOG,CHIHUAHUA SH,TRICOLOR,FEMALE,CONFISCATE,FLD_ARREST,UNKNOWN,SANTA ROSA,1.998631074606434,0,-0.8660254037844386,0.5000000000000001
CAT,DOMESTIC SH,BLACK/WHITE,MALE,STRAY,OVER THE COUNTER,UNKNOWN,SANTA ROSA,2.5023956194387407,0,-0.8660254037844386,0.5000000000000001
CAT,DOMESTIC SH,LYNX PT,FEMALE,STRAY,OVER THE COUNTER,UNKNOWN,COUNTY,4.9253935660506505,0,-0.8660254037844386,0.5000000000000001
OTHER,BAT,BROWN,UNKNOWN,QUARANTINE,FIELD,UNKNOWN,COUNTY,1.8986995208761122,1,-0.8660254037844386,0.5000000000000001
DOG,PARSON RUSS TER/MIX,WHITE,FEMALE,STRAY,FLD_STRAY,UNKNOWN,COUNTY,2.001368925393566,1,-0.8660254037844386,0.5000000000000001
DOG,ENG BULLDOG/MIX,__RARE_OR_NEW__,FEMALE,STRAY,FLD_STRAY,HEALTHY,SANTA ROSA,5.9958932238193015,0,-0.8660254037844386,0.5000000000000001
CAT,__RARE_OR_NEW__,BRN TABBY,MALE,STRAY,FIELD,HEALTHY,SANTA ROSA,1.4784394250513346,0,-0.8660254037844386,0.5000000000000001
CAT,DOMESTIC SH,BLACK,MALE,STRAY,EMAIL,UNKNOWN,COUNTY,0.2518822724161533,1,-0.8660254037844386,0.5000000000000001
CAT,DOMESTIC SH,TORTIE,FEMALE,STRAY,OVER THE COUNTER,HEALTHY,SANTA ROSA,2.965092402464066,0,-0.8660254037844386,0.5000000000000001
DOG,__RARE_OR_NEW__,BR BRINDLE,FEMALE,STRAY,OVER THE COUNTER,UNKNOWN,COUNTY,0.999315537303217,0,-0.8660254037844386,0.5000000000000001
DOG,PIT BULL/MIX,BLACK/WHITE,FEMALE,CONFISCATE,FLD_ARREST,UNKNOWN,COUNTY,1.45927446954141,0,-0.8660254037844386,0.5000000000000001
DOG,__RARE_OR_NEW__,RED,FEMALE,STRAY,OVER THE COUNTER,HEALTHY,COUNTY,6.666666666666667,0,-0.8660254037844386,0.5000000000000001
DOG,CHIHUAHUA SH/MIX,TAN,MALE,QUARANTINE,FIELD,UNKNOWN,SANTA ROSA,8.002737850787133,0,-0.8660254037844386,0.5000000000000001
OTHER,__RARE_OR_NEW__,WHITE,FEMALE,STRAY,OVER THE COUNTER,UNKNOWN,SANTA ROSA,1.8986995208761122,1,-0.8660254037844386,0.5000000000000001
OTHER,__RARE_OR_NEW__,WHITE,MALE,STRAY,OVER THE COUNTER,HEALTHY,SANTA ROSA,1.648186173853525,0,-0.8660254037844386,0.5000000000000001
DOG,PIT BULL/MIX,TAN,FEMALE,CONFISCATE,FLD_ARREST,UNKNOWN,SANTA ROSA,3.46611909650924,0,-0.8660254037844386,0.5000000000000001
DOG,SIBERIAN HUSKY,WHITE,FEMALE,STRAY,FIELD,UNKNOWN,COUNTY,2.921286789869952,0,-0.8660254037844386,0.5000000000000001
DOG,GERM SHEPHERD,BLACK/BROWN,MALE,STRAY,FIELD,UNKNOWN,COUNTY,3.6906228610540723,0,-0.8660254037844386,0.5000000000000001
CAT,DOMESTIC SH,ORG TABBY/WHITE,MALE,STRAY,FIELD,UNKNOWN,SANTA ROSA,1.998631074606434,0,-0.8660254037844386,0.5000000000000001
CAT,DOMESTIC SH,GRAY,FEMALE,STRAY,OVER THE COUNTER,UNKNOWN,COUNTY,0.33675564681724846,0,-0.8660254037844386,0.5000000000000001
DOG,GERM SHEPHERD/SIBERIAN HUSKY,BLACK/TAN,FEMALE,STRAY,FIELD,UNKNOWN,COUNTY,1.998631074606434,0,-0.8660254037844386,0.5000000000000001
DOG,GERM SHEPHERD/MIX,BLACK/WHITE,MALE,STRAY,FIELD,UNKNOWN,COUNTY,0.013689253935660506,0,-0.8660254037844386,0.5000000000000001
DOG,GERM SHEPHERD/MIX,BLACK/WHITE,FEMALE,STRAY,FIELD,UNKNOWN,COUNTY,0.013689253935660506,0,-0.8660254037844386,0.5000000000000001
DOG,GERM SHEPHERD/MIX,BLACK/WHITE,FEMALE,STRAY,FIELD,UNKNOWN,COUNTY,0.013689253935660506,0,-0.8660254037844386,0.5000000000000001
DOG,GERM SHEPHERD/MIX,__RARE_OR_NEW__,FEMALE,STRAY,FIELD,HEALTHY,COUNTY,0.013689253935660506,0,-0.8660254037844386,0.5000000000000001
DOG,GERM SHEPHERD/MIX,BLACK/WHITE,FEMALE,STRAY,FIELD,HEALTHY,COUNTY,0.013689253935660506,0,-0.8660254037844386,0.5000000000000001
DOG,GERM SHEPHERD/MIX,__RARE_OR_NEW__,FEMALE,STRAY,FIELD,HEALTHY,COUNTY,0.013689253935660506,0,-0.8660254037844386,0.5000000000000001
DOG,CHIHUAHUA LH/MIX,BLACK/WHITE,FEMALE,CONFISCATE,FLD_ARREST,UNKNOWN,SANTA ROSA,0.999315537303217,0,-0.8660254037844386,0.5000000000000001
CAT,DOMESTIC SH,BLACK,FEMALE,STRAY,FLD_STRAY,HEALTHY,SANTA ROSA,10.48870636550308,0,-0.8660254037844386,0.5000000000000001
CAT,SIAMESE,TAN,MALE,STRAY,OVER THE COUNTER,UNKNOWN,COUNTY,14.99794661190965,0,-0.8660254037844386,0.5000000000000001
DOG,CHIHUAHUA LH/MIX,WHITE,FEMALE,ADOPTION RETURN,OVER THE COUNTER,UNKNOWN,SANTA ROSA,0.8432580424366872,0,-0.8660254037844386,0.5000000000000001
OTHER,GOAT,TRICOLOR,MALE,STRAY,FIELD,HEALTHY,COUNTY,1.8986995208761122,1,-0.8660254037844386,0.5000000000000001
OTHER,GOAT,RED/WHITE,FEMALE,STRAY,FIELD,HEALTHY,COUNTY,1.8986995208761122,1,-0.8660254037844386,0.5000000000000001
OTHER,GOAT,WHITE/TAN,FEMALE,STRAY,FIELD,HEALTHY,COUNTY,1.8986995208761122,1,-0.8660254037844386,0.5000000000000001
DOG,PARSON RUSS TER,TRICOLOR,MALE,STRAY,FLD_STRAY,UNKNOWN,COUNTY,12.594113620807667,0,-0.8660254037844386,0.5000000000000001
DOG,BORDER COLLIE,BLACK/WHITE,FEMALE,CONFISCATE,FLD_CRUEL,HEALTHY,COUNTY,3.8302532511978096,0,-0.8660254037844386,0.5000000000000001
DOG,BORDER COLLIE,BLACK/WHITE,MALE,CONFISCATE,FLD_CRUEL,HEALTHY,COUNTY,4.355920602327173,0,-0.8660254037844386,0.5000000000000001
DOG,BORDER COLLIE,BLACK/WHITE,FEMALE,CONFISCATE,FLD_CRUEL,UNKNOWN,COUNTY,7.9780971937029435,0,-0.8660254037844386,0.5000000000000001
DOG,BORDER COLLIE,BLACK/WHITE,MALE,CONFISCATE,FLD_CRUEL,UNKNOWN,COUNTY,11.978097193702943,0,-0.8660254037844386,0.5000000000000001
DOG,BORDER COLLIE,TRICOLOR,FEMALE,CONFISCATE,FLD_CRUEL,UNKNOWN,COUNTY,2.97056810403833,0,-0.8660254037844386,0.5000000000000001
DOG,__RARE_OR_NEW__,WHITE/TAN,MALE,STRAY,OVER THE COUNTER,UNKNOWN,COUNTY,2.001368925393566,1,-0.8660254037844386,0.5000000000000001
DOG,BORDER COLLIE,BLACK/WHITE,MALE,CONFISCATE,FLD_CRUEL,UNKNOWN,COUNTY,1.4784394250513346,0,-0.8660254037844386,0.5000000000000001
DOG,BORDER COLLIE,BLACK/WHITE,FEMALE,CONFISCATE,FLD_CRUEL,UNKNOWN,COUNTY,7.972621492128679,0,-0.8660254037844386,0.5000000000000001
DOG,BORDER COLLIE,TRICOLOR,FEMALE,CONFISCATE,FLD_CRUEL,UNKNOWN,COUNTY,1.9712525667351128,0,-0.8660254037844386,0.5000000000000001
DOG,BORDER COLLIE,TAN/WHITE,FEMALE,CONFISCATE,FLD_CRUEL,UNKNOWN,COUNTY,12.355920602327172,0,-0.8660254037844386,0.5000000000000001
DOG,BORDER COLLIE,BLACK/WHITE,MALE,CONFISCATE,FLD_CRUEL,UNKNOWN,COUNTY,10.45037645448323,0,-0.8660254037844386,0.5000000000000001
DOG,PIT BULL,GRAY/WHITE,MALE,STRAY,OVER THE COUNTER,UNKNOWN,SANTA ROSA,4.824093086926762,0,-0.8660254037844386,0.5000000000000001
DOG,BORDER COLLIE,BLACK/WHITE,FEMALE,CONFISCATE,FLD_CRUEL,UNKNOWN,COUNTY,10.209445585215606,0,-0.8660254037844386,0.5000000000000001
DOG,BORDER COLLIE,BLACK/WHITE,FEMALE,CONFISCATE,FLD_CRUEL,UNKNOWN,COUNTY,14.99794661190965,0,-0.8660254037844386,0.5000000000000001
DOG,BORDER COLLIE,BLACK/WHITE,MALE,CONFISCATE,FLD_CRUEL,UNKNOWN,COUNTY,4.971937029431896,0,-0.8660254037844386,0.5000000000000001
DOG,BORDER COLLIE,BLACK/WHITE,MALE,CONFISCATE,FLD_CRUEL,UNKNOWN,COUNTY,13.963039014373717,0,-0.8660254037844386,0.5000000000000001
DOG,BORDER COLLIE,TRICOLOR,MALE,CONFISCATE,FLD_CRUEL,TREATABLE/MANAGEABLE,COUNTY,9.957563312799453,0,-0.8660254037844386,0.5000000000000001
DOG,BORDER COLLIE,TRICOLOR,MALE,CONFISCATE,FLD_CRUEL,UNKNOWN,COUNTY,9.95482546201232,0,-0.8660254037844386,0.5000000000000001
CAT,DOMESTIC LH,BRN TABBY,FEMALE,STRAY,OVER THE COUNTER,HEALTHY,COUNTY,0.2518822724161533,0,-0.8660254037844386,0.5000000000000001
DOG,BORDER COLLIE,BLACK/WHITE,FEMALE,CONFISCATE,FLD_CRUEL,HEALTHY,COUNTY,0.2272416153319644,0,-0.8660254037844386,0.5000000000000001
DOG,BORDER COLLIE,TRICOLOR,MALE,CONFISCATE,FLD_CRUEL,HEALTHY,COUNTY,0.2272416153319644,0,-0.8660254037844386,0.5000000000000001
DOG,BORDER COLLIE,BLACK/WHITE,FEMALE,CONFISCATE,FLD_CRUEL,UNKNOWN,COUNTY,0.2272416153319644,0,-0.8660254037844386,0.5000000000000001
DOG,BORDER COLLIE,BLACK/WHITE,FEMALE,CONFISCATE,FLD_CRUEL,UNKNOWN,COUNTY,0.2272416153319644,0,-0.8660254037844386,0.5000000000000001
DOG,BORDER COLLIE,TRICOLOR,FEMALE,CONFISCATE,FLD_CRUEL,UNKNOWN,COUNTY,0.2272416153319644,0,-0.8660254037844386,0.5000000000000001
DOG,BORDER COLLIE,TRICOLOR,FEMALE,CONFISCATE,FLD_CRUEL,HEALTHY,COUNTY,1.6043805612594113,0,-0.8660254037844386,0.5000000000000001
DOG,BORDER COLLIE,TRICOLOR,FEMALE,CONFISCATE,FLD_CRUEL,UNKNOWN,COUNTY,1.9575633127994525,0,-0.8660254037844386,0.5000000000000001
DOG,BORDER COLLIE,TRICOLOR,MALE,CONFISCATE,FLD_CRUEL,UNKNOWN,COUNTY,2.8227241615331966,0,-0.8660254037844386,0.5000000000000001
DOG,BORDER COLLIE,TRICOLOR,MALE,CONFISCATE,FLD_CRUEL,UNKNOWN,COUNTY,7.958932238193018,0,-0.8660254037844386,0.5000000000000001
CAT,DOMESTIC SH,ORG TABBY,MALE,ADOPTION RETURN,OVER THE COUNTER,UNKNOWN,*SEBASTOPOL,0.5037645448323066,0,-0.8660254037844386,0.5000000000000001
DOG,BORDER COLLIE,BLACK/WHITE,MALE,CONFISCATE,FLD_CRUEL,UNKNOWN,COUNTY,4.955509924709103,0,-0.8660254037844386,0.5000000000000001
DOG,BORDER COLLIE,BLACK/WHITE,MALE,CONFISCATE,FLD_CRUEL,UNKNOWN,COUNTY,7.956194387405886,0,-0.8660254037844386,0.5000000000000001
DOG,BORDER COLLIE,BLACK/WHITE,MALE,CONFISCATE,FLD_CRUEL,UNKNOWN,COUNTY,6.822724161533197,0,-0.8660254037844386,0.5000000000000001
DOG,BORDER COLLIE,BLACK/WHITE,MALE,CONFISCATE,FLD_CRUEL,TREATABLE/MANAGEABLE,COUNTY,7.956194387405886,0,-0.8660254037844386,0.5000000000000001
DOG,MASTIFF,BROWN/BLACK,FEMALE,CONFISCATE,FLD_CRUEL,UNKNOWN,COUNTY,6.973305954825462,0,-0.8660254037844386,0.5000000000000001
DOG,MASTIFF,TAN/WHITE,FEMALE,CONFISCATE,FLD_CRUEL,UNKNOWN,COUNTY,3.975359342915811,0,-0.8660254037844386,0.5000000000000001
DOG,MASTIFF,WHITE/BROWN,MALE,CONFISCATE,FLD_CRUEL,UNKNOWN,COUNTY,2.973305954825462,0,-0.8660254037844386,0.5000000000000001
CAT,DOMESTIC MH,BLACK/WHITE,FEMALE,CONFISCATE,FLD_CRUEL,UNKNOWN,COUNTY,0.999315537303217,0,-0.8660254037844386,0.5000000000000001
CAT,DOMESTIC SH,BLACK,FEMALE,STRAY,OVER THE COUNTER,HEALTHY,SANTA ROSA,0.12594113620807665,0,-0.8660254037844386,0.5000000000000001
DOG,__RARE_OR_NEW__,BLACK/TAN,MALE,CONFISCATE,FLD_ARREST,UNKNOWN,COUNTY,2.001368925393566,1,-0.8660254037844386,0.5000000000000001
DOG,GERM SHEPHERD,BLACK/TAN,MALE,ADOPTION RETURN,OVER THE COUNTER,HEALTHY,WINDSOR,1.7221081451060918,0,-0.8660254037844386,0.5000000000000001
DOG,LABRADOR RETR,BLACK,MALE,STRAY,OVER THE COUNTER,HEALTHY,SANTA ROSA,4.947296372347707,0,-0.8660254037844386,0.5000000000000001
CAT,DOMESTIC SH,BLACK/WHITE,FEMALE,STRAY,PHONE,HEALTHY,COUNTY,0.6324435318275154,0,-0.8660254037844386,0.5000000000000001
CAT,DOMESTIC SH,BRN TABBY/WHITE,MALE,STRAY,PHONE,UNKNOWN,COUNTY,0.2518822724161533,1,-0.8660254037844386,0.5000000000000001
DOG,__RARE_OR_NEW__,BR BRINDLE,MALE,STRAY,FIELD,UNKNOWN,SANTA ROSA,2.001368925393566,1,-0.8660254037844386,0.5000000000000001
DOG,GERM SHEPHERD,TAN/BLACK,MALE,STRAY,FIELD,UNKNOWN,SANTA ROSA,0.8240930869267625,0,-0.8660254037844386,0.5000000000000001
OTHER,GOAT,BROWN/BLACK,MALE,STRAY,FIELD,UNKNOWN,COUNTY,1.8986995208761122,1,-0.8660254037844386,0.5000000000000001
DOG,PIT BULL/MIX,BLACK/WHITE,FEMALE,CONFISCATE,FLD_HOSPTL,UNKNOWN,COUNTY,3.7344284736481863,0,-0.8660254037844386,0.5000000000000001
DOG,CHIHUAHUA SH/MIX,TAN,FEMALE,CONFISCATE,FLD_HOSPTL,UNKNOWN,COUNTY,2.001368925393566,1,-0.8660254037844386,0.5000000000000001
DOG,__RARE_OR_NEW__,BLACK/WHITE,MALE,CONFISCATE,FLD_HOSPTL,UNKNOWN,SANTA ROSA,2.001368925393566,1,-0.8660254037844386,0.5000000000000001
CAT,DOMESTIC SH,CALICO,FEMALE,STRAY,FLD_STRAY,UNTREATABLE,COUNTY,0.2518822724161533,1,-0.8660254037844386,0.5000000000000001
DOG,__RARE_OR_NEW__,BLACK/TAN,FEMALE,STRAY,FLD_STRAY,UNKNOWN,SANTA ROSA,2.001368925393566,1,-0.8660254037844386,0.5000000000000001
DOG,__RARE_OR_NEW__,BLACK/TAN,MALE,STRAY,FLD_STRAY,UNKNOWN,SANTA ROSA,2.001368925393566,1,-0.8660254037844386,0.5000000000000001
DOG,__RARE_OR_NEW__,WHITE/TAN,FEMALE,STRAY,FLD_STRAY,UNKNOWN,COUNTY,2.001368925393566,1,-0.8660254037844386,0.5000000000000001
DOG,PIT BULL,BR BRINDLE,FEMALE,CONFISCATE,FLD_ARREST,UNKNOWN,SANTA ROSA,2.001368925393566,1,-0.8660254037844386,0.5000000000000001
DOG,AUST CATTLE DOG,__RARE_OR_NEW__,MALE,STRAY,FLD_STRAY,UNKNOWN,COUNTY,3.184120465434634,0,-0.8660254037844386,0.5000000000000001
DOG,__RARE_OR_NEW__,BLACK/WHITE,FEMALE,STRAY,OVER THE COUNTER,UNKNOWN,COUNTY,2.001368925393566,1,-0.8660254037844386,0.5000000000000001
DOG,SIBERIAN HUSKY,GRAY/WHITE,FEMALE,STRAY,FLD_STRAY,UNKNOWN,COUNTY,2.001368925393566,1,-0.8660254037844386,0.5000000000000001
CAT,DOMESTIC SH,ORG TABBY,MALE,STRAY,OVER THE COUNTER,UNKNOWN,SANTA ROSA,0.37782340862423,0,-0.8660254037844386,0.5000000000000001
DOG,__RARE_OR_NEW__,__RARE_OR_NEW__,MALE,STRAY,FLD_STRAY,UNKNOWN,SANTA ROSA,0.6707734428473648,0,-0.8660254037844386,0.5000000000000001
DOG,YORKSHIRE TERR,TAN/BLACK,FEMALE,STRAY,FLD_STRAY,UNKNOWN,COUNTY,12.539356605065024,0,-0.8660254037844386,0.5000000000000001
DOG,PIT BULL,GRAY,FEMALE,STRAY,FLD_STRAY,UNKNOWN,SANTA ROSA,2.001368925393566,1,-0.8660254037844386,0.5000000000000001
DOG,__RARE_OR_NEW__,WHITE/BROWN,FEMALE,STRAY,OVER THE COUNTER,HEALTHY,COUNTY,7.994524298425736,0,-0.8660254037844386,0.5000000000000001
DOG,__RARE_OR_NEW__,WHITE,FEMALE,STRAY,OVER THE COUNTER,UNKNOWN,SANTA ROSA,2.001368925393566,1,-0.8660254037844386,0.5000000000000001
CAT,DOMESTIC SH,GRAY,MALE,STRAY,FLD_STRAY,UNKNOWN,COUNTY,0.2518822724161533,0,-0.8660254037844386,0.5000000000000001
DOG,SIBERIAN HUSKY,GRAY/WHITE,MALE,STRAY,FLD_STRAY,UNKNOWN,SANTA ROSA,1.9055441478439425,0,-0.8660254037844386,0.5000000000000001
OTHER,__RARE_OR_NEW__,SEAL PT,MALE,STRAY,PHONE,UNKNOWN,SANTA ROSA,1.8986995208761122,1,-0.8660254037844386,0.5000000000000001
DOG,__RARE_OR_NEW__,TAN/BLACK,MALE,STRAY,OVER THE COUNTER,UNKNOWN,OUT OF COUNTY,2.001368925393566,1,-0.8660254037844386,0.5000000000000001
CAT,DOMESTIC SH,ORG TABBY,MALE,STRAY,OVER THE COUNTER,HEALTHY,SANTA ROSA,0.5831622176591376,0,-0.8660254037844386,0.5000000000000001
DOG,DACHSHUND/MIX,__RARE_OR_NEW__,MALE,CONFISCATE,FLD_ARREST,UNKNOWN,COUNTY,11.266255989048597,0,-0.8660254037844386,0.5000000000000001
CAT,DOMESTIC SH,BRN TABBY/WHITE,UNKNOWN,STRAY,OVER THE COUNTER,UNKNOWN,COUNTY,0.2518822724161533,1,-0.8660254037844386,0.5000000000000001
CAT,DOMESTIC LH,BRN TABBY,MALE,STRAY,OVER THE COUNTER,HEALTHY,COUNTY,0.27652292950034224,0,-0.8660254037844386,0.5000000000000001
CAT,DOMESTIC LH,BRN TABBY/WHITE,FEMALE,STRAY,OVER THE COUNTER,HEALTHY,COUNTY,0.27652292950034224,0,-0.8660254037844386,0.5000000000000001
DOG,__RARE_OR_NEW__,FAWN,MALE,STRAY,FIELD,UNKNOWN,SANTA ROSA,12.750171115674195,0,-0.8660254037844386,0.5000000000000001
DOG,LABRADOR RETR/MIX,BLACK,FEMALE,STRAY,FIELD,UNKNOWN,SANTA ROSA,2.001368925393566,1,-0.8660254037844386,0.5000000000000001
DOG,SIBERIAN HUSKY,GRAY/WHITE,MALE,OWNER SURRENDER,OVER THE COUNTER,UNKNOWN,SANTA ROSA,1.9082819986310746,0,-0.8660254037844386,0.5000000000000001
CAT,DOMESTIC SH,BLACK/WHITE,FEMALE,STRAY,FIELD,UNKNOWN,SANTA ROSA,1.6344969199178645,0,-0.8660254037844386,0.5000000000000001
CAT,DOMESTIC SH,BLACK,MALE,STRAY,EMAIL,UNTREATABLE,SANTA ROSA,0.12046543463381246,0,-0.8660254037844386,0.5000000000000001
DOG,GERM SHEPHERD/MIX,BLACK,FEMALE,STRAY,OVER THE COUNTER,UNKNOWN,SANTA ROSA,2.4996577686516086,0,-0.5000000000000004,0.8660254037844384
DOG,GERM SHEPHERD/MIX,RED/BLACK,FEMALE,STRAY,OVER THE COUNTER,UNKNOWN,SANTA ROSA,0.12320328542094455,0,-0.5000000000000004,0.8660254037844384
DOG,GERM SHEPHERD/MIX,RED/BLACK,MALE,STRAY,OVER THE COUNTER,UNKNOWN,SANTA ROSA,0.12320328542094455,0,-0.5000000000000004,0.8660254037844384
DOG,GERM SHEPHERD/MIX,RED/BLACK,FEMALE,STRAY,OVER THE COUNTER,UNKNOWN,SANTA ROSA,0.12320328542094455,0,-0.5000000000000004,0.8660254037844384
DOG,GERM SHEPHERD/MIX,RED/BLACK,FEMALE,STRAY,OVER THE COUNTER,UNKNOWN,SANTA ROSA,0.12320328542094455,0,-0.5000000000000004,0.8660254037844384
DOG,GERM SHEPHERD,RED/BLACK,FEMALE,STRAY,OVER THE COUNTER,UNKNOWN,SANTA ROSA,0.12320328542094455,0,-0.5000000000000004,0.8660254037844384
DOG,GERM SHEPHERD/MIX,BLACK/WHITE,FEMALE,STRAY,OVER THE COUNTER,UNKNOWN,SANTA ROSA,0.12320328542094455,0,-0.5000000000000004,0.8660254037844384
DOG,CHIHUAHUA SH,BROWN,FEMALE,CONFISCATE,FLD_ARREST,HEALTHY,SANTA ROSA,6.313483915126626,0,-0.5000000000000004,0.8660254037844384
DOG,CHIHUAHUA SH,BROWN,FEMALE,CONFISCATE,FLD_ARREST,HEALTHY,SANTA ROSA,1.1553730321697468,0,-0.5000000000000004,0.8660254037844384
DOG,CHIHUAHUA SH,BLACK/WHITE,FEMALE,CONFISCATE,FLD_ARREST,HEALTHY,SANTA ROSA,8.372347707049967,0,-0.5000000000000004,0.8660254037844384
DOG,__RARE_OR_NEW__,BROWN,MALE,STRAY,FLD_STRAY,UNKNOWN,SANTA ROSA,2.001368925393566,1,-0.5000000000000004,0.8660254037844384
DOG,__RARE_OR_NEW__,BLACK,FEMALE,CONFISCATE,FLD_CRUEL,HEALTHY,SANTA ROSA,0.49555099247091033,0,-0.5000000000000004,0.8660254037844384
CAT,DOMESTIC SH,BRN TABBY,FEMALE,STRAY,OVER THE COUNTER,HEALTHY,SANTA ROSA,1.4017796030116358,0,-0.5000000000000004,0.8660254037844384
CAT,DOMESTIC SH,BRN TABBY/WHITE,FEMALE,STRAY,OVER THE COUNTER,UNKNOWN,SANTA ROSA,0.15879534565366188,0,-0.5000000000000004,0.8660254037844384
CAT,DOMESTIC SH,BRN TABBY,FEMALE,STRAY,OVER THE COUNTER,UNKNOWN,SANTA ROSA,0.15879534565366188,0,-0.5000000000000004,0.8660254037844384
CAT,DOMESTIC SH,GRAY TABBY/WHITE,MALE,STRAY,OVER THE COUNTER,HEALTHY,SANTA ROSA,0.15879534565366188,0,-0.5000000000000004,0.8660254037844384
CAT,DOMESTIC SH,GRAY TABBY/WHITE,MALE,STRAY,OVER THE COUNTER,HEALTHY,SANTA ROSA,0.15879534565366188,0,-0.5000000000000004,0.8660254037844384
CAT,DOMESTIC SH,BRN TABBY,MALE,STRAY,OVER THE COUNTER,HEALTHY,SANTA ROSA,0.15879534565366188,0,-0.5000000000000004,0.8660254037844384
DOG,PARSON RUSS TER,WHITE,MALE,STRAY,FLD_STRAY,UNKNOWN,SANTA ROSA,15.498973305954825,0,-0.5000000000000004,0.8660254037844384
DOG,PIT BULL/LABRADOR RETR,BLACK/WHITE,MALE,STRAY,FIELD,UNKNOWN,SANTA ROSA,0.2546201232032854,0,-0.5000000000000004,0.8660254037844384
DOG,PIT BULL,GRAY/WHITE,MALE,STRAY,FLD_STRAY,UNKNOWN,COUNTY,2.001368925393566,1,-0.5000000000000004,0.8660254037844384
DOG,SIBERIAN HUSKY,BLACK/WHITE,MALE,STRAY,FLD_STRAY,UNKNOWN,COUNTY,2.001368925393566,1,-0.5000000000000004,0.8660254037844384
DOG,PIT BULL,BLUE/WHITE,FEMALE,QUARANTINE,FIELD,UNKNOWN,COUNTY,2.4175222450376452,0,-0.5000000000000004,0.8660254037844384
DOG,PIT BULL,BLUE/WHITE,FEMALE,QUARANTINE,FIELD,UNKNOWN,COUNTY,5.9986310746064335,0,-0.5000000000000004,0.8660254037844384
DOG,BELG MALINOIS,BROWN/BLACK,FEMALE,STRAY,FLD_STRAY,UNKNOWN,SANTA ROSA,2.001368925393566,1,-0.5000000000000004,0.8660254037844384
DOG,__RARE_OR_NEW__,TAN,FEMALE,STRAY,FLD_STRAY,UNKNOWN,SANTA ROSA,8.996577686516085,0,-0.5000000000000004,0.8660254037844384
DOG,YORKSHIRE TERR/MIX,BROWN,MALE,STRAY,FIELD,HEALTHY,SANTA ROSA,2.001368925393566,1,-0.5000000000000004,0.8660254037844384
DOG,AUST SHEPHERD/MIX,BLACK/WHITE,UNKNOWN,STRAY,OVER THE COUNTER,UNKNOWN,SANTA ROSA,8.999315537303216,0,-0.5000000000000004,0.8660254037844384
OTHER,__RARE_OR_NEW__,__RARE_OR_NEW__,FEMALE,STRAY,FLD_STRAY,UNKNOWN,COUNTY,1.8986995208761122,1,-0.5000000000000004,0.8660254037844384
CAT,DOMESTIC SH,BLACK,MALE,STRAY,FLD_STRAY,UNKNOWN,SANTA ROSA,0.2518822724161533,1,-0.5000000000000004,0.8660254037844384
DOG,POMERANIAN,WHITE,MALE,STRAY,FLD_STRAY,UNKNOWN,SANTA ROSA,1.998631074606434,0,-0.5000000000000004,0.8660254037844384
CAT,DOMESTIC SH,BLACK,MALE,STRAY,OVER THE COUNTER,UNTREATABLE,COUNTY,1.4976043805612593,0,-0.5000000000000004,0.8660254037844384
DOG,PIT BULL,TAN/WHITE,FEMALE,STRAY,FLD_STRAY,HEALTHY,SANTA ROSA,1.3634496919917864,0,-0.5000000000000004,0.8660254037844384
DOG,__RARE_OR_NEW__,BLACK/TAN,MALE,CONFISCATE,FLD_ARREST,UNKNOWN,COUNTY,11.707049965776864,0,-0.5000000000000004,0.8660254037844384
OTHER,HORSE,TRICOLOR,FEMALE,CONFISCATE,FLD_CRUEL,UNKNOWN,COUNTY,19.99726214921287,0,-0.5000000000000004,0.8660254037844384
OTHER,__RARE_OR_NEW__,BROWN/WHITE,UNKNOWN,CONFISCATE,FLD_CRUEL,UNKNOWN,COUNTY,1.8986995208761122,1,-0.5000000000000004,0.8660254037844384
OTHER,SHEEP,WHITE,FEMALE,CONFISCATE,FLD_CRUEL,UNKNOWN,COUNTY,1.8986995208761122,1,-0.5000000000000004,0.8660254037844384
OTHER,__RARE_OR_NEW__,GRAY,FEMALE,CONFISCATE,FLD_CRUEL,UNKNOWN,COUNTY,1.8986995208761122,1,-0.5000000000000004,0.8660254037844384
OTHER,CHICKEN,WHITE,FEMALE,CONFISCATE,FLD_CRUEL,UNKNOWN,COUNTY,1.8986995208761122,1,-0.5000000000000004,0.8660254037844384
OTHER,DUCK,WHITE,FEMALE,CONFISCATE,FLD_CRUEL,UNKNOWN,COUNTY,1.8986995208761122,1,-0.5000000000000004,0.8660254037844384
OTHER,SHEEP,WHITE,MALE,CONFISCATE,FLD_CRUEL,UNKNOWN,COUNTY,1.8986995208761122,1,-0.5000000000000004,0.8660254037844384
OTHER,HORSE,RED/WHITE,MALE,CONFISCATE,FLD_CRUEL,UNKNOWN,COUNTY,13.973990417522245,0,-0.5000000000000004,0.8660254037844384
DOG,CHIHUAHUA SH/MIX,TRICOLOR,FEMALE,STRAY,FIELD,UNKNOWN,SANTA ROSA,2.001368925393566,1,-0.5000000000000004,0.8660254037844384
OTHER,__RARE_OR_NEW__,__RARE_OR_NEW__,FEMALE,STRAY,OVER THE COUNTER,HEALTHY,SANTA ROSA,0.999315537303217,0,-0.5000000000000004,0.8660254037844384
DOG,GERM SHEPHERD/MIX,__RARE_OR_NEW__,MALE,STRAY,FLD_STRAY,UNKNOWN,SANTA ROSA,2.001368925393566,1,-0.5000000000000004,0.8660254037844384
CAT,DOMESTIC SH,TORTIE,FEMALE,STRAY,OVER THE COUNTER,HEALTHY,SANTA ROSA,1.995893223819302,0,-0.5000000000000004,0.8660254037844384
CAT,DOMESTIC SH,BRN TABBY/WHITE,FEMALE,OWNER SURRENDER,OVER THE COUNTER,UNKNOWN,SANTA ROSA,0.16700889801505817,0,-0.5000000000000004,0.8660254037844384
CAT,DOMESTIC SH,BRN TABBY/WHITE,FEMALE,OWNER SURRENDER,OVER THE COUNTER,UNKNOWN,SANTA ROSA,0.16700889801505817,0,-0.5000000000000004,0.8660254037844384
CAT,DOMESTIC SH,BRN TABBY/WHITE,FEMALE,OWNER SURRENDER,OVER THE COUNTER,UNKNOWN,SANTA ROSA,0.16700889801505817,0,-0.5000000000000004,0.8660254037844384
CAT,DOMESTIC SH,BRN TABBY/WHITE,FEMALE,OWNER SURRENDER,OVER THE COUNTER,UNKNOWN,SANTA ROSA,0.16700889801505817,0,-0.5000000000000004,0.8660254037844384
CAT,DOMESTIC SH,BRN TABBY/WHITE,FEMALE,OWNER SURRENDER,OVER THE COUNTER,UNKNOWN,SANTA ROSA,0.16700889801505817,0,-0.5000000000000004,0.8660254037844384
CAT,DOMESTIC SH,CALICO,FEMALE,STRAY,OVER THE COUNTER,HEALTHY,SANTA ROSA,1.995893223819302,0,-0.5000000000000004,0.8660254037844384
CAT,DOMESTIC SH,__RARE_OR_NEW__,FEMALE,STRAY,OVER THE COUNTER,UNKNOWN,SANTA ROSA,0.24914442162902123,0,-0.5000000000000004,0.8660254037844384
CAT,DOMESTIC SH,BLACK/WHITE,MALE,STRAY,OVER THE COUNTER,HEALTHY,SANTA ROSA,0.2245037645448323,0,-0.5000000000000004,0.8660254037844384
DOG,__RARE_OR_NEW__,BLACK/TAN,MALE,STRAY,FLD_STRAY,UNKNOWN,SANTA ROSA,6.412046543463381,0,-0.5000000000000004,0.8660254037844384
DOG,__RARE_OR_NEW__,TAN,MALE,STRAY,PHONE,UNKNOWN,COUNTY,0.9500342231348392,0,-0.5000000000000004,0.8660254037844384
DOG,CHIHUAHUA SH/MIX,TAN,FEMALE,STRAY,PHONE,UNKNOWN,COUNTY,1.8261464750171115,0,-0.5000000000000004,0.8660254037844384
DOG,AUST CATTLE DOG,TRICOLOR,FEMALE,CONFISCATE,FLD_EVICT,UNKNOWN,SANTA ROSA,1.3114305270362765,0,-0.5000000000000004,0.8660254037844384
DOG,__RARE_OR_NEW__,TAN/BLACK,MALE,CONFISCATE,FLD_EVICT,UNKNOWN,SANTA ROSA,2.001368925393566,1,-0.5000000000000004,0.8660254037844384
DOG,AUST SHEPHERD,BLACK/WHITE,MALE,CONFISCATE,FLD_EVICT,UNTREATABLE,SANTA ROSA,2.001368925393566,1,-0.5000000000000004,0.8660254037844384
OTHER,RABBIT SH,BROWN/WHITE,UNKNOWN,CONFISCATE,FLD_EVICT,UNKNOWN,SANTA ROSA,1.8986995208761122,1,-0.5000000000000004,0.8660254037844384
DOG,AUST CATTLE DOG,BROWN/WHITE,MALE,CONFISCATE,FLD_EVICT,UNKNOWN,SANTA ROSA,0.019164955509924708,0,-0.5000000000000004,0.8660254037844384
DOG,AUST CATTLE DOG,BROWN/WHITE,MALE,CONFISCATE,FLD_EVICT,UNKNOWN,SANTA ROSA,0.019164955509924708,0,-0.5000000000000004,0.8660254037844384
DOG,AUST CATTLE DOG,WHITE/BROWN,MALE,CONFISCATE,FLD_EVICT,UNKNOWN,SANTA ROSA,0.019164955509924708,0,-0.5000000000000004,0.8660254037844384
DOG,PIT BULL/MIX,RED,MALE,STRAY,OVER THE COUNTER,HEALTHY,COUNTY,0.7529089664613279,0,-0.5000000000000004,0.8660254037844384
DOG,PIT BULL,BR BRINDLE,MALE,STRAY,OVER THE COUNTER,HEALTHY,COUNTY,0.758384668035592,0,-0.5000000000000004,0.8660254037844384
DOG,GERM SHEPHERD/MIX,FAWN,FEMALE,STRAY,OVER THE COUNTER,HEALTHY,SANTA ROSA,0.5010266940451745,0,-0.5000000000000004,0.8660254037844384
DOG,GERM SHEPHERD/MIX,TAN/BLACK,FEMALE,STRAY,OVER THE COUNTER,HEALTHY,SANTA ROSA,0.5010266940451745,0,-0.5000000000000004,0.8660254037844384
DOG,LABRADOR RETR/MIX,TAN/WHITE,FEMALE,STRAY,OVER THE COUNTER,HEALTHY,SANTA ROSA,0.5010266940451745,0,-0.5000000000000004,0.8660254037844384
DOG,LABRADOR RETR/MIX,YELLOW,MALE,STRAY,OVER THE COUNTER,HEALTHY,SANTA ROSA,0.5010266940451745,0,-0.5000000000000004,0.8660254037844384
DOG,LABRADOR RETR/MIX,BLACK,MALE,STRAY,FIELD,HEALTHY,*SONOMA,1.3716632443531827,0,-0.5000000000000004,0.8660254037844384
DOG,PIT BULL,BLACK/WHITE,MALE,STRAY,OVER THE COUNTER,UNKNOWN,COUNTY,12.0,0,-0.5000000000000004,0.8660254037844384
DOG,__RARE_OR_NEW__,WHITE,FEMALE,STRAY,FIELD,UNKNOWN,COUNTY,0.999315537303217,0,-0.5000000000000004,0.8660254037844384
DOG,WELSH CORGI CAR/MIX,BR BRINDLE/WHITE,MALE,STRAY,FIELD,UNKNOWN,COUNTY,0.999315537303217,0,-0.5000000000000004,0.8660254037844384
CAT,DOMESTIC SH,BRN TABBY,FEMALE,STRAY,FLD_STRAY,UNKNOWN,SANTA ROSA,0.2518822724161533,1,-0.5000000000000004,0.8660254037844384
OTHER,CHICKEN,BLACK,FEMALE,CONFISCATE,FLD_EVICT,UNKNOWN,SANTA ROSA,1.8986995208761122,1,-0.5000000000000004,0.8660254037844384
OTHER,CHICKEN,BLACK/RED,MALE,CONFISCATE,FLD_EVICT,UNKNOWN,SANTA ROSA,1.8986995208761122,1,-0.5000000000000004,0.8660254037844384
OTHER,CHICKEN,BLACK/RED,MALE,CONFISCATE,FLD_EVICT,UNKNOWN,SANTA ROSA,1.8986995208761122,1,-0.5000000000000004,0.8660254037844384
OTHER,CHICKEN,BLACK/RED,MALE,CONFISCATE,FLD_EVICT,UNKNOWN,SANTA ROSA,1.8986995208761122,1,-0.5000000000000004,0.8660254037844384
OTHER,CHICKEN,BLACK/RED,MALE,CONFISCATE,FLD_EVICT,UNKNOWN,SANTA ROSA,1.8986995208761122,1,-0.5000000000000004,0.8660254037844384
DOG,CHIHUAHUA SH/MIX,BLACK/WHITE,FEMALE,CONFISCATE,FLD_ARREST,UNKNOWN,SANTA ROSA,0.5667351129363449,0,-0.5000000000000004,0.8660254037844384
DOG,PIT BULL/MIX,RED/WHITE,FEMALE,STRAY,PHONE,HEALTHY,COUNTY,1.3360711841204653,0,-0.5000000000000004,0.8660254037844384
DOG,BELG MALINOIS,BLACK/TAN,MALE,STRAY,FLD_STRAY,UNKNOWN,SANTA ROSA,1.9055441478439425,0,-0.5000000000000004,0.8660254037844384
DOG,POODLE MIN/MIX,CREAM,MALE,STRAY,FLD_STRAY,UNKNOWN,SANTA ROSA,0.7529089664613279,0,-0.5000000000000004,0.8660254037844384
CAT,__RARE_OR_NEW__,LYNX PT,MALE,STRAY,OVER THE COUNTER,UNTREATABLE,COUNTY,0.2518822724161533,1,-0.5000000000000004,0.8660254037844384
DOG,POMERANIAN,BLACK,MALE,STRAY,FLD_STRAY,UNKNOWN,SANTA ROSA,5.415468856947296,0,-0.5000000000000004,0.8660254037844384
DOG,CHIHUAHUA SH,WHITE/TAN,FEMALE,STRAY,FLD_STRAY,HEALTHY,SANTA ROSA,6.477754962354552,0,-0.5000000000000004,0.8660254037844384
DOG,PIT BULL/MIX,RED/BLACK,FEMALE,STRAY,FLD_STRAY,UNKNOWN,SANTA ROSA,2.001368925393566,1,-0.5000000000000004,0.8660254037844384
CAT,DOMESTIC MH,__RARE_OR_NEW__,MALE,STRAY,FLD_STRAY,UNKNOWN,SANTA ROSA,0.2518822724161533,1,-0.5000000000000004,0.8660254037844384
DOG,DOGO ARGENTINO/LABRADOR RETR,WHITE,MALE,CONFISCATE,FLD_ARREST,UNKNOWN,COUNTY,0.13141683778234087,0,-0.5000000000000004,0.8660254037844384
DOG,DOGO ARGENTINO/LABRADOR RETR,BLACK/WHITE,MALE,CONFISCATE,FLD_ARREST,UNKNOWN,COUNTY,0.13141683778234087,0,-0.5000000000000004,0.8660254037844384
DOG,DOGO ARGENTINO/LABRADOR RETR,WHITE/BLACK,MALE,CONFISCATE,FLD_ARREST,UNKNOWN,COUNTY,0.13141683778234087,0,-0.5000000000000004,0.8660254037844384
DOG,DOGO ARGENTINO/LABRADOR RETR,WHITE/BLACK,MALE,CONFISCATE,FLD_ARREST,UNKNOWN,COUNTY,0.13141683778234087,0,-0.5000000000000004,0.8660254037844384
DOG,DOGO ARGENTINO/LABRADOR RETR,BLACK/WHITE,MALE,CONFISCATE,FLD_ARREST,UNKNOWN,COUNTY,0.13141683778234087,0,-0.5000000000000004,0.8660254037844384
DOG,DOGO ARGENTINO/LABRADOR RETR,WHITE/BLACK,MALE,CONFISCATE,FLD_ARREST,UNKNOWN,COUNTY,0.13141683778234087,0,-0.5000000000000004,0.8660254037844384
DOG,DOGO ARGENTINO/LABRADOR RETR,WHITE/BLACK,MALE,CONFISCATE,FLD_ARREST,UNKNOWN,COUNTY,0.13141683778234087,0,-0.5000000000000004,0.8660254037844384
DOG,DOGO ARGENTINO/LABRADOR RETR,WHITE/BLACK,FEMALE,CONFISCATE,FLD_ARREST,UNKNOWN,COUNTY,0.13141683778234087,0,-0.5000000000000004,0.8660254037844384
DOG,DOGO ARGENTINO/LABRADOR RETR,WHITE/BLACK,MALE,CONFISCATE,FLD_ARREST,UNKNOWN,COUNTY,0.13141683778234087,0,-0.5000000000000004,0.8660254037844384
DOG,DOGO ARGENTINO/LABRADOR RETR,WHITE/BLACK,FEMALE,CONFISCATE,FLD_ARREST,UNKNOWN,COUNTY,0.13141683778234087,0,-0.5000000000000004,0.8660254037844384
DOG,CHIHUAHUA SH,TAN,MALE,CONFISCATE,FLD_ARREST,HEALTHY,COUNTY,2.001368925393566,1,-0.5000000000000004,0.8660254037844384
DOG,CHIHUAHUA SH,BROWN/WHITE,MALE,CONFISCATE,FLD_ARREST,UNKNOWN,COUNTY,2.001368925393566,1,-0.5000000000000004,0.8660254037844384
DOG,CHIHUAHUA SH,TAN/WHITE,FEMALE,CONFISCATE,FLD_ARREST,UNKNOWN,COUNTY,2.001368925393566,1,-0.5000000000000004,0.8660254037844384
OTHER,BAT,__RARE_OR_NEW__,UNKNOWN,QUARANTINE,FIELD,UNKNOWN,COUNTY,1.8986995208761122,1,-0.5000000000000004,0.8660254037844384
DOG,__RARE_OR_NEW__,CREAM,FEMALE,OWNER SURRENDER,OVER THE COUNTER,UNKNOWN,SANTA ROSA,0.2272416153319644,0,-0.5000000000000004,0.8660254037844384
DOG,CHIHUAHUA SH,TAN/WHITE,MALE,CONFISCATE,FLD_HOSPTL,UNKNOWN,SANTA ROSA,12.944558521560575,0,-0.5000000000000004,0.8660254037844384
DOG,CHIHUAHUA SH/MIX,WHITE/BROWN,FEMALE,CONFISCATE,__RARE_OR_NEW__,UNKNOWN,OUT OF COUNTY,4.0657084188911705,0,-0.5000000000000004,0.8660254037844384
DOG,PIT BULL/MIX,BROWN,MALE,CONFISCATE,__RARE_OR_NEW__,UNKNOWN,OUT OF COUNTY,2.001368925393566,1,-0.5000000000000004,0.8660254037844384
DOG,GERM SHEPHERD,TAN/BLACK,MALE,CONFISCATE,__RARE_OR_NEW__,UNKNOWN,SANTA ROSA,0.9965776865160849,0,-0.5000000000000004,0.8660254037844384
DOG,CHIHUAHUA SH/MIX,WHITE,FEMALE,STRAY,OVER THE COUNTER,HEALTHY,SANTA ROSA,0.9390828199863107,0,-0.5000000000000004,0.8660254037844384
DOG,FRENCH BULLDOG,BLUE MERLE,MALE,STRAY,OVER THE COUNTER,UNKNOWN,COUNTY,0.999315537303217,0,-0.5000000000000004,0.8660254037844384
DOG,DACHSHUND,BROWN/TAN,MALE,CONFISCATE,FLD_HOSPTL,UNKNOWN,COUNTY,3.277207392197125,0,-0.5000000000000004,0.8660254037844384
DOG,POODLE MIN,BROWN,MALE,CONFISCATE,FLD_HOSPTL,UNKNOWN,COUNTY,2.001368925393566,1,-0.5000000000000004,0.8660254037844384
DOG,BELG MALINOIS,TAN/BLACK,FEMALE,STRAY,OVER THE COUNTER,UNKNOWN,SANTA ROSA,0.999315537303217,0,-0.5000000000000004,0.8660254037844384
DOG,BELG MALINOIS/MIX,RED/BLACK,FEMALE,STRAY,OVER THE COUNTER,HEALTHY,SANTA ROSA,3.7782340862423,0,-0.5000000000000004,0.8660254037844384
DOG,SHIH TZU/MIX,WHITE,MALE,CONFISCATE,FLD_HOSPTL,UNKNOWN,COUNTY,2.001368925393566,1,-0.5000000000000004,0.8660254037844384
DOG,SHIH TZU,TAN,MALE,CONFISCATE,FLD_HOSPTL,UNKNOWN,COUNTY,2.001368925393566,1,-0.5000000000000004,0.8660254037844384
DOG,SHIH TZU,GRAY/WHITE,MALE,CONFISCATE,FLD_HOSPTL,UNKNOWN,COUNTY,2.001368925393566,1,-0.5000000000000004,0.8660254037844384
DOG,SHIH TZU,BLACK/WHITE,MALE,CONFISCATE,FLD_HOSPTL,UNKNOWN,COUNTY,9.111567419575634,0,-0.5000000000000004,0.8660254037844384
DOG,SHIH TZU,BLACK/WHITE,MALE,CONFISCATE,FLD_HOSPTL,UNKNOWN,COUNTY,10.028747433264886,0,-0.5000000000000004,0.8660254037844384
DOG,GERM SHEPHERD,BLACK/TAN,MALE,STRAY,OVER THE COUNTER,UNKNOWN,SANTA ROSA,0.7446954140999316,0,-0.5000000000000004,0.8660254037844384
DOG,PIT BULL/MIX,BR BRINDLE,MALE,CONFISCATE,FLD_ABAND,UNKNOWN,SANTA ROSA,0.999315537303217,0,-0.5000000000000004,0.8660254037844384
CAT,DOMESTIC SH,BLACK,MALE,STRAY,OVER THE COUNTER,UNKNOWN,SANTA ROSA,6.940451745379876,0,-0.5000000000000004,0.8660254037844384
DOG,__RARE_OR_NEW__,CREAM/WHITE,MALE,OWNER SURRENDER,OVER THE COUNTER,HEALTHY,SANTA ROSA,0.2299794661190965,0,-0.5000000000000004,0.8660254037844384
DOG,__RARE_OR_NEW__,RED,MALE,OWNER SURRENDER,OVER THE COUNTER,HEALTHY,SANTA ROSA,0.1697467488021903,0,-0.5000000000000004,0.8660254037844384
DOG,__RARE_OR_NEW__,RED/WHITE,MALE,OWNER SURRENDER,OVER THE COUNTER,HEALTHY,SANTA ROSA,0.1697467488021903,0,-0.5000000000000004,0.8660254037844384
DOG,__RARE_OR_NEW__,__RARE_OR_NEW__,MALE,STRAY,OVER THE COUNTER,HEALTHY,SANTA ROSA,0.7665982203969883,0,-0.5000000000000004,0.8660254037844384
DOG,GERM SHEPHERD/SIBERIAN HUSKY,TAN/BLACK,FEMALE,STRAY,FLD_STRAY,UNKNOWN,SANTA ROSA,3.082819986310746,0,-0.5000000000000004,0.8660254037844384
DOG,SIBERIAN HUSKY,GRAY/WHITE,MALE,STRAY,OVER THE COUNTER,HEALTHY,SANTA ROSA,2.5626283367556466,0,-0.5000000000000004,0.8660254037844384
DOG,__RARE_OR_NEW__,WHITE,MALE,STRAY,FIELD,UNKNOWN,COUNTY,2.245037645448323,0,-0.5000000000000004,0.8660254037844384
CAT,DOMESTIC LH,BLACK/WHITE,MALE,STRAY,OVER THE COUNTER,UNKNOWN,COUNTY,1.9630390143737166,0,-0.5000000000000004,0.8660254037844384
DOG,PIT BULL,BLACK/WHITE,FEMALE,STRAY,OVER THE COUNTER,UNKNOWN,SANTA ROSA,9.59069130732375,0,-0.5000000000000004,0.8660254037844384
DOG,BORDER COLLIE,BLACK/WHITE,MALE,QUARANTINE,FIELD,UNKNOWN,SANTA ROSA,1.3689253935660506,0,-0.5000000000000004,0.8660254037844384
DOG,ALASKAN HUSKY,WHITE/BLACK,FEMALE,STRAY,FIELD,UNKNOWN,SANTA ROSA,2.001368925393566,1,-0.5000000000000004,0.8660254037844384
CAT,DOMESTIC SH,ORANGE,MALE,STRAY,OVER THE COUNTER,UNKNOWN,SANTA ROSA,10.625598904859686,0,-0.5000000000000004,0.8660254037844384
DOG,__RARE_OR_NEW__,TAN/BLACK,MALE,STRAY,FIELD,UNKNOWN,COUNTY,0.8268309377138946,0,-0.5000000000000004,0.8660254037844384
DOG,SIBERIAN HUSKY,WHITE,FEMALE,STRAY,FIELD,UNKNOWN,COUNTY,0.999315537303217,0,-0.5000000000000004,0.8660254037844384
DOG,CHIHUAHUA SH,WHITE/BROWN,FEMALE,STRAY,FIELD,UNKNOWN,SANTA ROSA,2.001368925393566,1,-0.5000000000000004,0.8660254037844384
DOG,PIT BULL/MIX,BLACK/WHITE,MALE,STRAY,OVER THE COUNTER,HEALTHY,SANTA ROSA,1.3497604380561259,0,-0.5000000000000004,0.8660254037844384
DOG,PIT BULL,TRICOLOR,MALE,STRAY,OVER THE COUNTER,UNKNOWN,COUNTY,1.5003422313483916,0,-0.5000000000000004,0.8660254037844384
DOG,PIT BULL/MIX,BLACK,MALE,CONFISCATE,FLD_ARREST,HEALTHY,SANTA ROSA,1.0239561943874058,0,-0.5000000000000004,0.8660254037844384
DOG,PIT BULL,BR BRINDLE,FEMALE,STRAY,OVER THE COUNTER,UNKNOWN,SANTA ROSA,1.5852156057494866,0,-0.5000000000000004,0.8660254037844384
DOG,POODLE MIN/MIX,GRAY/BLACK,FEMALE,STRAY,OVER THE COUNTER,UNKNOWN,SANTA ROSA,2.001368925393566,1,-0.5000000000000004,0.8660254037844384
DOG,POMERANIAN,RED,MALE,STRAY,OVER THE COUNTER,UNKNOWN,SANTA ROSA,2.9979466119096507,0,-0.5000000000000004,0.8660254037844384
DOG,PIT BULL/MIX,BROWN/WHITE,FEMALE,STRAY,OVER THE COUNTER,HEALTHY,COUNTY,1.8535249828884326,0,-0.5000000000000004,0.8660254037844384
DOG,ALASKAN HUSKY,BLACK/WHITE,FEMALE,STRAY,FIELD,UNKNOWN,SANTA ROSA,2.001368925393566,1,-0.5000000000000004,0.8660254037844384
OTHER,__RARE_OR_NEW__,GRAY,MALE,QUARANTINE,FIELD,UNKNOWN,SANTA ROSA,1.8986995208761122,1,-0.5000000000000004,0.8660254037844384
DOG,POODLE MIN,BLACK/WHITE,FEMALE,STRAY,FLD_STRAY,HEALTHY,SANTA ROSA,0.16700889801505817,0,-0.5000000000000004,0.8660254037844384
CAT,DOMESTIC SH,BRN TABBY/TORTIE,FEMALE,STRAY,OVER THE COUNTER,HEALTHY,COUNTY,0.4188911704312115,0,-0.5000000000000004,0.8660254037844384
CAT,DOMESTIC SH,BRN TABBY,FEMALE,STRAY,OVER THE COUNTER,HEALTHY,COUNTY,0.4188911704312115,0,-0.5000000000000004,0.8660254037844384
CAT,DOMESTIC SH,TORTIE,FEMALE,STRAY,OVER THE COUNTER,HEALTHY,COUNTY,0.4188911704312115,0,-0.5000000000000004,0.8660254037844384
DOG,ENG BULLDOG/MIX,__RARE_OR_NEW__,FEMALE,STRAY,OVER THE COUNTER,UNKNOWN,COUNTY,0.9144421629021219,0,-0.5000000000000004,0.8660254037844384
DOG,AM PIT BULL TER/MIX,TAN/WHITE,FEMALE,STRAY,OVER THE COUNTER,UNKNOWN,COUNTY,0.999315537303217,0,-0.5000000000000004,0.8660254037844384
CAT,DOMESTIC SH,BRN TABBY/WHITE,FEMALE,STRAY,FLD_STRAY,UNKNOWN,COUNTY,8.0,0,-0.5000000000000004,0.8660254037844384
DOG,LABRADOR RETR/MIX,BROWN/WHITE,MALE,ADOPTION RETURN,OVER THE COUNTER,HEALTHY,SANTA ROSA,0.3805612594113621,0,-0.5000000000000004,0.8660254037844384
DOG,__RARE_OR_NEW__,TAN/BLACK,MALE,STRAY,OVER THE COUNTER,UNKNOWN,SANTA ROSA,4.396988364134154,0,-0.5000000000000004,0.8660254037844384
CAT,DOMESTIC MH,BLACK,FEMALE,QUARANTINE,FIELD,UNKNOWN,COUNTY,13.040383299110198,0,-0.5000000000000004,0.8660254037844384
DOG,BORDER COLLIE,BLACK/WHITE,FEMALE,CONFISCATE,OVER THE COUNTER,UNKNOWN,OUT OF COUNTY,1.9028062970568105,0,-0.5000000000000004,0.8660254037844384
DOG,MASTIFF,TAN/BLACK,MALE,CONFISCATE,FLD_ARREST,UNKNOWN,COUNTY,9.995893223819301,0,-0.5000000000000004,0.8660254037844384
DOG,PIT BULL/MIX,TAN,FEMALE,CONFISCATE,FLD_CORONR,UNKNOWN,COUNTY,2.001368925393566,1,-0.5000000000000004,0.8660254037844384
DOG,SIBERIAN HUSKY/MIX,BLACK/TAN,FEMALE,CONFISCATE,FLD_CORONR,UNKNOWN,COUNTY,2.001368925393566,1,-0.5000000000000004,0.8660254037844384
CAT,DOMESTIC SH,BRN TABBY,MALE,STRAY,FIELD,UNKNOWN,SANTA ROSA,0.2518822724161533,1,-0.5000000000000004,0.8660254037844384
DOG,__RARE_OR_NEW__,TAN,MALE,STRAY,OVER THE COUNTER,UNKNOWN,SANTA ROSA,2.001368925393566,1,-0.5000000000000004,0.8660254037844384
CAT,DOMESTIC SH,GRAY/WHITE,FEMALE,STRAY,OVER THE COUNTER,UNKNOWN,COUNTY,6.639288158795345,0,-0.5000000000000004,0.8660254037844384
DOG,SIBERIAN HUSKY/MIX,GRAY/WHITE,MALE,STRAY,FIELD,UNKNOWN,COUNTY,0.1834360027378508,0,-0.5000000000000004,0.8660254037844384
DOG,SIBERIAN HUSKY,GRAY/WHITE,MALE,STRAY,FIELD,HEALTHY,COUNTY,0.1834360027378508,0,-0.5000000000000004,0.8660254037844384
OTHER,BAT,BROWN,UNKNOWN,QUARANTINE,FIELD,UNKNOWN,SANTA ROSA,1.8986995208761122,1,-0.5000000000000004,0.8660254037844384
DOG,LABRADOR RETR/MIX,CHOCOLATE,FEMALE,STRAY,FIELD,UNKNOWN,SANTA ROSA,2.001368925393566,1,-0.5000000000000004,0.8660254037844384
OTHER,BAT,BROWN,UNKNOWN,QUARANTINE,FIELD,UNKNOWN,COUNTY,1.8986995208761122,1,-0.5000000000000004,0.8660254037844384
DOG,SIBERIAN HUSKY,RED/WHITE,FEMALE,STRAY,FIELD,UNKNOWN,SANTA ROSA,2.001368925393566,1,-0.5000000000000004,0.8660254037844384
DOG,DOBERMAN PINSCH,BLACK/BROWN,MALE,STRAY,OVER THE COUNTER,UNKNOWN,COUNTY,1.998631074606434,0,-0.5000000000000004,0.8660254037844384
DOG,CHIHUAHUA SH,BLACK/WHITE,MALE,STRAY,OVER THE COUNTER,UNKNOWN,SANTA ROSA,0.16700889801505817,0,-0.5000000000000004,0.8660254037844384
DOG,LABRADOR RETR/MIX,BROWN/WHITE,MALE,QUARANTINE,OVER THE COUNTER,HEALTHY,SANTA ROSA,0.3887748117727584,0,-0.5000000000000004,0.8660254037844384
CAT,DOMESTIC SH,BLACK,FEMALE,STRAY,OVER THE COUNTER,HEALTHY,SANTA ROSA,0.9856262833675564,0,-0.5000000000000004,0.8660254037844384
CAT,DOMESTIC MH,BLACK,MALE,STRAY,OVER THE COUNTER,HEALTHY,SANTA ROSA,0.13689253935660506,0,-0.5000000000000004,0.8660254037844384
CAT,DOMESTIC MH,BLACK,MALE,STRAY,OVER THE COUNTER,UNKNOWN,SANTA ROSA,0.16700889801505817,0,-0.5000000000000004,0.8660254037844384
CAT,DOMESTIC SH,BLACK,MALE,STRAY,OVER THE COUNTER,HEALTHY,SANTA ROSA,0.13689253935660506,0,-0.5000000000000004,0.8660254037844384
CAT,DOMESTIC SH,BRN TABBY,MALE,STRAY,OVER THE COUNTER,UNKNOWN,SANTA ROSA,0.16700889801505817,0,-0.5000000000000004,0.8660254037844384
CAT,DOMESTIC MH,BRN TABBY,MALE,STRAY,OVER THE COUNTER,HEALTHY,SANTA ROSA,0.16700889801505817,0,-0.5000000000000004,0.8660254037844384
DOG,__RARE_OR_NEW__,RED/WHITE,MALE,ADOPTION RETURN,OVER THE COUNTER,UNKNOWN,SANTA ROSA,0.8158795345653662,0,-0.5000000000000004,0.8660254037844384
OTHER,__RARE_OR_NEW__,WHITE,FEMALE,STRAY,OVER THE COUNTER,UNKNOWN,COUNTY,0.5913757700205339,0,-0.5000000000000004,0.8660254037844384
DOG,GERM SHEPHERD,BLACK,MALE,STRAY,FLD_STRAY,UNKNOWN,SANTA ROSA,2.001368925393566,1,-0.5000000000000004,0.8660254037844384
DOG,PARSON RUSS TER/MIX,RED/WHITE,FEMALE,STRAY,FLD_STRAY,TREATABLE/REHAB,SANTA ROSA,7.920602327173169,0,-0.5000000000000004,0.8660254037844384
DOG,PIT BULL/MIX,BLACK,FEMALE,STRAY,OVER THE COUNTER,HEALTHY,COUNTY,2.001368925393566,1,-0.5000000000000004,0.8660254037844384
DOG,GERM SHEPHERD,BLACK/TAN,MALE,CONFISCATE,FLD_ARREST,UNKNOWN,SANTA ROSA,2.001368925393566,1,-0.5000000000000004,0.8660254037844384
DOG,__RARE_OR_NEW__,TRICOLOR,MALE,STRAY,OVER THE COUNTER,UNKNOWN,SANTA ROSA,1.998631074606434,0,-0.5000000000000004,0.8660254037844384
DOG,PIT BULL,TAN/WHITE,MALE,STRAY,FIELD,UNKNOWN,COUNTY,2.001368925393566,1,-0.5000000000000004,0.8660254037844384
DOG,PIT BULL/MIX,BR BRINDLE/WHITE,FEMALE,STRAY,FLD_STRAY,UNKNOWN,SANTA ROSA,9.878165639972622,0,-0.5000000000000004,0.8660254037844384
DOG,YORKSHIRE TERR/MIX,__RARE_OR_NEW__,MALE,STRAY,FLD_STRAY,UNKNOWN,SANTA ROSA,3.997262149212868,0,-0.5000000000000004,0.8660254037844384
DOG,__RARE_OR_NEW__,WHITE,FEMALE,STRAY,FIELD,UNKNOWN,COUNTY,10.297056810403832,0,-0.5000000000000004,0.8660254037844384
DOG,WELSH CORGI CAR/MIX,BLACK,MALE,STRAY,OVER THE COUNTER,UNKNOWN,SANTA ROSA,14.532511978097194,0,-0.5000000000000004,0.8660254037844384
DOG,GERM SHEPHERD,BLACK/TAN,MALE,STRAY,FIELD,UNKNOWN,SANTA ROSA,8.210814510609172,0,-0.5000000000000004,0.8660254037844384
OTHER,BAT,BROWN,UNKNOWN,QUARANTINE,FIELD,UNKNOWN,SANTA ROSA,1.8986995208761122,1,-0.5000000000000004,0.8660254037844384
DOG,__RARE_OR_NEW__,__RARE_OR_NEW__,FEMALE,STRAY,FIELD,UNKNOWN,SANTA ROSA,14.173853524982889,0,-0.5000000000000004,0.8660254037844384
DOG,POODLE MIN/MIX,CREAM,FEMALE,STRAY,FIELD,UNKNOWN,SANTA ROSA,2.001368925393566,1,-0.5000000000000004,0.8660254037844384
DOG,GERM SHEPHERD/MIX,BLACK/TAN,MALE,STRAY,FIELD,HEALTHY,SANTA ROSA,2.001368925393566,1,-0.5000000000000004,0.8660254037844384
CAT,DOMESTIC SH,ORG TABBY,MALE,STRAY,OVER THE COUNTER,UNKNOWN,COUNTY,0.999315537303217,0,-0.5000000000000004,0.8660254037844384
DOG,MALTESE,WHITE,MALE,CONFISCATE,FLD_ABAND,UNKNOWN,SANTA ROSA,3.1101984941820673,0,-0.5000000000000004,0.8660254037844384
DOG,SIBERIAN HUSKY/MIX,BLACK/WHITE,FEMALE,OWNER SURRENDER,FIELD,UNKNOWN,COUNTY,0.999315537303217,0,-0.5000000000000004,0.8660254037844384
CAT,DOMESTIC SH,BRN TABBY,MALE,OWNER SURRENDER,OVER THE COUNTER,HEALTHY,SANTA ROSA,0.35044490075290896,0,-0.5000000000000004,0.8660254037844384
CAT,DOMESTIC SH,BRN TABBY,MALE,OWNER SURRENDER,OVER THE COUNTER,HEALTHY,SANTA ROSA,0.36960985626283366,0,-0.5000000000000004,0.8660254037844384
DOG,PIT BULL/MIX,BLACK,MALE,STRAY,FLD_STRAY,UNKNOWN,SANTA ROSA,2.001368925393566,1,-0.5000000000000004,0.8660254037844384
DOG,SIBERIAN HUSKY,GRAY/WHITE,MALE,STRAY,FLD_STRAY,UNKNOWN,COUNTY,4.772073921971253,0,-0.5000000000000004,0.8660254037844384
DOG,SIBERIAN HUSKY,WHITE/BLACK,MALE,STRAY,FLD_STRAY,HEALTHY,COUNTY,2.001368925393566,1,-0.5000000000000004,0.8660254037844384
DOG,GERM SHEPHERD,BLACK/TAN,MALE,STRAY,FIELD,HEALTHY,COUNTY,2.001368925393566,1,0.0,1.0
DOG,GREAT PYRENEES/MIX,__RARE_OR_NEW__,FEMALE,STRAY,FLD_STRAY,UNKNOWN,SANTA ROSA,2.001368925393566,1,0.0,1.0
CAT,DOMESTIC SH,WHITE/BLACK,MALE,STRAY,FLD_STRAY,UNTREATABLE,COUNTY,0.2518822724161533,1,0.0,1.0
DOG,GERM SHEPHERD/MIX,TAN/BLACK,MALE,QUARANTINE,FIELD,UNKNOWN,COUNTY,2.001368925393566,1,0.0,1.0
DOG,AUST CATTLE DOG,BLUE MERLE,MALE,STRAY,OVER THE COUNTER,UNKNOWN,COUNTY,2.001368925393566,1,0.0,1.0
CAT,DOMESTIC LH,BLACK,FEMALE,STRAY,PHONE,HEALTHY,COUNTY,0.2518822724161533,1,0.0,1.0
DOG,__RARE_OR_NEW__,TAN/WHITE,FEMALE,STRAY,OVER THE COUNTER,UNKNOWN,SANTA ROSA,1.5030800821355237,0,0.0,1.0
DOG,ANATOL SHEPHERD,WHITE,MALE,STRAY,FLD_STRAY,UNKNOWN,COUNTY,10.833675564681725,0,0.0,1.0
DOG,GERM SHEPHERD,BLACK/TAN,FEMALE,STRAY,FLD_STRAY,UNKNOWN,COUNTY,2.001368925393566,1,0.0,1.0
DOG,BELG MALINOIS/MIX,BLACK/TAN,FEMALE,CONFISCATE,FLD_ARREST,UNKNOWN,SANTA ROSA,0.999315537303217,0,0.0,1.0
DOG,__RARE_OR_NEW__,FAWN,FEMALE,STRAY,OVER THE COUNTER,HEALTHY,SANTA ROSA,0.5037645448323066,0,0.0,1.0
DOG,BORDER COLLIE,TRICOLOR,MALE,CONFISCATE,FIELD,UNKNOWN,SANTA ROSA,9.81245722108145,0,0.0,1.0
DOG,__RARE_OR_NEW__,BLACK,MALE,QUARANTINE,FIELD,UNKNOWN,COUNTY,0.892539356605065,0,0.0,1.0
DOG,__RARE_OR_NEW__,BLUE,FEMALE,STRAY,OVER THE COUNTER,UNKNOWN,SANTA ROSA,10.694045174537989,0,0.0,1.0
OTHER,__RARE_OR_NEW__,BROWN,FEMALE,STRAY,FIELD,UNKNOWN,SANTA ROSA,2.965092402464066,0,0.0,1.0
OTHER,__RARE_OR_NEW__,WHITE/BROWN,FEMALE,STRAY,FIELD,HEALTHY,SANTA ROSA,2.965092402464066,0,0.0,1.0
DOG,GERM SHEPHERD,BLACK/TAN,FEMALE,STRAY,FIELD,UNKNOWN,COUNTY,4.0,0,0.0,1.0
DOG,GERM SHEPHERD/MIX,BLACK/TAN,MALE,STRAY,FIELD,UNKNOWN,SANTA ROSA,5.9986310746064335,0,0.0,1.0
DOG,CATAHOULA/MIX,__RARE_OR_NEW__,FEMALE,STRAY,OVER THE COUNTER,UNKNOWN,COUNTY,14.30800821355236,0,0.0,1.0
DOG,CHIHUAHUA SH/MIX,BROWN/WHITE,MALE,STRAY,FIELD,HEALTHY,SANTA ROSA,5.9958932238193015,0,0.0,1.0
DOG,__RARE_OR_NEW__,TAN,FEMALE,STRAY,FIELD,UNKNOWN,COUNTY,3.679671457905544,0,0.0,1.0
DOG,__RARE_OR_NEW__,BROWN/WHITE,FEMALE,STRAY,FIELD,UNKNOWN,COUNTY,2.001368925393566,1,0.0,1.0
DOG,__RARE_OR_NEW__,TRICOLOR,FEMALE,STRAY,FIELD,UNKNOWN,COUNTY,2.001368925393566,1,0.0,1.0
DOG,GERM SHEPHERD,FAWN,FEMALE,STRAY,OVER THE COUNTER,UNKNOWN,SANTA ROSA,2.5763175906913074,0,0.0,1.0
DOG,CHIHUAHUA SH,BLACK,FEMALE,STRAY,OVER THE COUNTER,UNKNOWN,SANTA ROSA,10.069815195071868,0,0.0,1.0
DOG,__RARE_OR_NEW__,BROWN,FEMALE,STRAY,OVER THE COUNTER,UNKNOWN,SANTA ROSA,2.001368925393566,1,0.0,1.0
CAT,DOMESTIC SH,BLACK/WHITE,MALE,STRAY,FIELD,HEALTHY,SANTA ROSA,1.88911704312115,0,0.0,1.0
CAT,DOMESTIC SH,BLK TABBY,MALE,STRAY,OVER THE COUNTER,HEALTHY,SANTA ROSA,1.998631074606434,0,0.0,1.0
DOG,GERM SHEPHERD,BLACK/TAN,FEMALE,STRAY,FIELD,HEALTHY,SANTA ROSA,0.9582477754962354,0,0.0,1.0
DOG,CHIHUAHUA SH,WHITE/BROWN,FEMALE,STRAY,FIELD,HEALTHY,SANTA ROSA,2.16290212183436,0,0.0,1.0
DOG,__RARE_OR_NEW__,BLACK/GRAY,FEMALE,STRAY,FLD_STRAY,UNKNOWN,COUNTY,8.558521560574949,0,0.0,1.0
DOG,SIBERIAN HUSKY,BLACK/WHITE,FEMALE,STRAY,OVER THE COUNTER,UNKNOWN,COUNTY,2.001368925393566,1,0.0,1.0
DOG,SIBERIAN HUSKY,BLACK/WHITE,FEMALE,STRAY,OVER THE COUNTER,UNKNOWN,COUNTY,2.001368925393566,1,0.0,1.0
DOG,SIBERIAN HUSKY,BLACK/WHITE,FEMALE,STRAY,OVER THE COUNTER,UNKNOWN,COUNTY,2.001368925393566,1,0.0,1.0
DOG,SIBERIAN HUSKY,WHITE,FEMALE,STRAY,OVER THE COUNTER,UNKNOWN,SANTA ROSA,1.998631074606434,0,0.0,1.0
DOG,SIBERIAN HUSKY,WHITE,MALE,STRAY,OVER THE COUNTER,UNKNOWN,SANTA ROSA,2.001368925393566,1,0.0,1.0
DOG,LABRADOR RETR,CHOCOLATE,MALE,STRAY,OVER THE COUNTER,UNKNOWN,SANTA ROSA,4.0,0,0.0,1.0
DOG,__RARE_OR_NEW__,BLACK/GRAY,FEMALE,CONFISCATE,FLD_HOSPTL,UNKNOWN,SANTA ROSA,10.929500342231348,0,0.0,1.0
DOG,CHIHUAHUA SH,BROWN/BLACK,FEMALE,STRAY,FLD_STRAY,UNKNOWN,SANTA ROSA,2.001368925393566,1,0.0,1.0
DOG,GERM SHEPHERD/SIBERIAN HUSKY,BLACK/TAN,MALE,STRAY,FIELD,TREATABLE/REHAB,COUNTY,0.6844626967830253,0,0.0,1.0
DOG,__RARE_OR_NEW__,WHITE,FEMALE,STRAY,FLD_STRAY,TREATABLE/REHAB,COUNTY,3.893223819301848,0,0.0,1.0
DOG,SIBERIAN HUSKY,BLACK/WHITE,MALE,STRAY,FLD_STRAY,UNKNOWN,UNKNOWN,8.996577686516085,0,0.0,1.0
CAT,DOMESTIC SH,__RARE_OR_NEW__,FEMALE,STRAY,FIELD,UNKNOWN,COUNTY,0.9801505817932923,0,0.0,1.0
DOG,FRENCH BULLDOG,BLACK/TAN,FEMALE,STRAY,FIELD,UNKNOWN,SANTA ROSA,1.5030800821355237,0,0.0,1.0
DOG,__RARE_OR_NEW__,BR BRINDLE/WHITE,FEMALE,STRAY,FIELD,UNKNOWN,COUNTY,1.8590006844626967,0,0.0,1.0
DOG,__RARE_OR_NEW__,__RARE_OR_NEW__,MALE,STRAY,OVER THE COUNTER,UNKNOWN,SANTA ROSA,0.4188911704312115,0,0.0,1.0
DOG,__RARE_OR_NEW__,CREAM,FEMALE,ADOPTION RETURN,OVER THE COUNTER,UNKNOWN,SANTA ROSA,0.30390143737166325,0,0.0,1.0
DOG,__RARE_OR_NEW__,WHITE/BROWN,FEMALE,STRAY,OVER THE COUNTER,UNKNOWN,SANTA ROSA,8.109514031485284,0,0.0,1.0
DOG,GERM SHEPHERD,TAN/BLACK,MALE,STRAY,FLD_STRAY,UNKNOWN,SANTA ROSA,2.001368925393566,1,0.0,1.0
DOG,SIBERIAN HUSKY/MIX,BLACK/TAN,FEMALE,STRAY,OVER THE COUNTER,UNKNOWN,SANTA ROSA,5.535934291581109,0,0.0,1.0
OTHER,BAT,BROWN,UNKNOWN,QUARANTINE,FIELD,UNKNOWN,COUNTY,1.8986995208761122,1,0.0,1.0
DOG,__RARE_OR_NEW__,GRAY,MALE,QUARANTINE,FIELD,UNKNOWN,SANTA ROSA,3.7180013689253935,0,0.0,1.0
CAT,DOMESTIC SH,ORG TABBY,MALE,STRAY,OVER THE COUNTER,UNKNOWN,COUNTY,1.9822039698836413,0,0.0,1.0
DOG,PIT BULL/MIX,TAN,FEMALE,CONFISCATE,FLD_HOSPTL,UNKNOWN,SANTA ROSA,0.24914442162902123,0,0.0,1.0
CAT,DOMESTIC SH,BRN TABBY/WHITE,FEMALE,OWNER SURRENDER,OVER THE COUNTER,HEALTHY,SANTA ROSA,13.631759069130732,0,0.0,1.0
DOG,PIT BULL,BR BRINDLE,FEMALE,STRAY,FIELD,UNKNOWN,SANTA ROSA,2.4996577686516086,0,0.0,1.0
DOG,AUST CATTLE DOG,BLUE MERLE,MALE,STRAY,FIELD,HEALTHY,SANTA ROSA,2.1711156741957565,0,0.0,1.0
DOG,CATAHOULA/MIX,__RARE_OR_NEW__,FEMALE,STRAY,OVER THE COUNTER,UNKNOWN,COUNTY,14.327173169062286,0,0.0,1.0
DOG,CHIHUAHUA SH,TAN,FEMALE,STRAY,OVER THE COUNTER,UNKNOWN,SANTA ROSA,0.999315537303217,0,0.0,1.0
CAT,DOMESTIC MH,ORG TABBY/WHITE,MALE,STRAY,OVER THE COUNTER,HEALTHY,SANTA ROSA,4.0,0,0.0,1.0
DOG,BORDER COLLIE,RED/WHITE,MALE,STRAY,FIELD,UNKNOWN,COUNTY,2.001368925393566,1,0.0,1.0
DOG,AUST CATTLE DOG,TRICOLOR,FEMALE,STRAY,FIELD,HEALTHY,COUNTY,2.8856947296372346,0,0.0,1.0
DOG,PIT BULL,BROWN/WHITE,FEMALE,STRAY,FIELD,UNKNOWN,SANTA ROSA,0.9691991786447639,0,0.0,1.0
DOG,ROTTWEILER,BLACK/BROWN,MALE,QUARANTINE,FIELD,UNKNOWN,SANTA ROSA,1.4784394250513346,0,0.0,1.0
DOG,__RARE_OR_NEW__,BROWN/WHITE,FEMALE,QUARANTINE,FIELD,UNKNOWN,SANTA ROSA,2.001368925393566,1,0.0,1.0
OTHER,RABBIT SH,WHITE,UNKNOWN,STRAY,OVER THE COUNTER,UNKNOWN,SANTA ROSA,1.8986995208761122,1,0.0,1.0
CAT,DOMESTIC SH,BLACK/WHITE,FEMALE,STRAY,PHONE,HEALTHY,SANTA ROSA,4.0,0,0.0,1.0
CAT,DOMESTIC SH,BLACK/WHITE,FEMALE,STRAY,PHONE,HEALTHY,SANTA ROSA,5.9986310746064335,0,0.0,1.0
DOG,__RARE_OR_NEW__,BLACK,MALE,STRAY,FIELD,UNKNOWN,COUNTY,2.001368925393566,1,0.0,1.0
DOG,GERM SHEPHERD/MIX,BLACK/TAN,MALE,STRAY,FIELD,UNKNOWN,COUNTY,2.8802190280629705,0,0.0,1.0
DOG,SIBERIAN HUSKY,BLACK/WHITE,MALE,ADOPTION RETURN,OVER THE COUNTER,UNKNOWN,OUT OF COUNTY,3.783709787816564,0,0.0,1.0
DOG,CHIHUAHUA LH/MIX,BLACK/WHITE,FEMALE,CONFISCATE,FLD_ARREST,UNKNOWN,*ROHNERT PARK,1.1553730321697468,0,0.0,1.0
DOG,GERM SHEPHERD,TAN/BLACK,MALE,STRAY,FLD_STRAY,HEALTHY,SANTA ROSA,0.7145790554414785,0,0.0,1.0
DOG,GERM SHEPHERD,BLACK/TAN,MALE,STRAY,FLD_STRAY,HEALTHY,SANTA ROSA,0.7337440109514032,0,0.0,1.0
DOG,PIT BULL,WHITE,MALE,CONFISCATE,FLD_ARREST,UNKNOWN,COUNTY,7.7645448323066395,0,0.0,1.0
DOG,PIT BULL,WHITE/BLACK,MALE,CONFISCATE,FLD_ARREST,UNKNOWN,COUNTY,2.4941820670773445,0,0.0,1.0
DOG,__RARE_OR_NEW__,__RARE_OR_NEW__,MALE,STRAY,OVER THE COUNTER,UNKNOWN,SANTA ROSA,3.4086242299794662,0,0.0,1.0
DOG,CHIHUAHUA SH,BUFF,FEMALE,STRAY,OVER THE COUNTER,UNKNOWN,SANTA ROSA,5.169062286105407,0,0.0,1.0
OTHER,GOAT,WHITE/TAN,FEMALE,STRAY,FIELD,UNKNOWN,SANTA ROSA,1.8986995208761122,1,0.0,1.0
DOG,PIT BULL,WHITE/BLACK,FEMALE,STRAY,FLD_STRAY,HEALTHY,SANTA ROSA,1.5030800821355237,0,0.0,1.0
DOG,PARSON RUSS TER,WHITE/BLACK,FEMALE,STRAY,OVER THE COUNTER,UNKNOWN,COUNTY,4.26009582477755,0,0.0,1.0
DOG,GERM SHEPHERD/MIX,BLACK/TAN,MALE,STRAY,FIELD,HEALTHY,SANTA ROSA,2.001368925393566,1,0.0,1.0
CAT,__RARE_OR_NEW__,__RARE_OR_NEW__,MALE,STRAY,OVER THE COUNTER,HEALTHY,COUNTY,9.902806297056811,0,0.0,1.0
DOG,__RARE_OR_NEW__,BLACK,MALE,STRAY,OVER THE COUNTER,UNKNOWN,SANTA ROSA,2.9979466119096507,0,0.0,1.0
DOG,PIT BULL,WHITE/BROWN,FEMALE,STRAY,FLD_STRAY,UNKNOWN,SANTA ROSA,0.9965776865160849,0,0.0,1.0
DOG,CHIHUAHUA LH/MIX,TAN,FEMALE,STRAY,FIELD,UNKNOWN,SANTA ROSA,2.001368925393566,1,0.0,1.0
DOG,PIT BULL/MIX,WHITE/BROWN,MALE,STRAY,FIELD,UNKNOWN,SANTA ROSA,5.478439425051334,0,0.0,1.0
CAT,DOMESTIC SH,BRN TABBY/TORTIE,FEMALE,OWNER SURRENDER,OVER THE COUNTER,UNKNOWN,WINDSOR,0.49828884325804246,0,0.0,1.0
CAT,DOMESTIC SH,BRN TABBY/TORTIE,FEMALE,OWNER SURRENDER,OVER THE COUNTER,UNKNOWN,WINDSOR,0.49828884325804246,0,0.0,1.0
DOG,POODLE MIN/MIX,BROWN,FEMALE,STRAY,OVER THE COUNTER,HEALTHY,SANTA ROSA,14.130047912388775,0,0.0,1.0
DOG,__RARE_OR_NEW__,WHITE/BLACK,FEMALE,OWNER SURRENDER,OVER THE COUNTER,HEALTHY,SANTA ROSA,0.33401779603011633,0,0.0,1.0
DOG,ROTTWEILER,BLACK/TAN,FEMALE,STRAY,FIELD,UNKNOWN,SANTA ROSA,1.1389459274469542,0,0.0,1.0
DOG,__RARE_OR_NEW__,TAN/WHITE,FEMALE,OWNER SURRENDER,OVER THE COUNTER,HEALTHY,SANTA ROSA,0.3997262149212868,0,0.0,1.0
DOG,__RARE_OR_NEW__,TAN/WHITE,FEMALE,OWNER SURRENDER,OVER THE COUNTER,HEALTHY,SANTA ROSA,0.4216290212183436,0,0.0,1.0
DOG,__RARE_OR_NEW__,TAN/WHITE,MALE,OWNER SURRENDER,OVER THE COUNTER,UNKNOWN,SANTA ROSA,0.31759069130732376,0,0.0,1.0
DOG,__RARE_OR_NEW__,TAN,MALE,OWNER SURRENDER,OVER THE COUNTER,UNKNOWN,SANTA ROSA,0.31759069130732376,0,0.0,1.0
DOG,__RARE_OR_NEW__,TAN/WHITE,MALE,OWNER SURRENDER,OVER THE COUNTER,UNKNOWN,SANTA ROSA,0.31759069130732376,0,0.0,1.0
DOG,SHIH TZU,BLACK/WHITE,MALE,STRAY,FIELD,UNKNOWN,SANTA ROSA,2.001368925393566,1,0.0,1.0
DOG,SHIH TZU,BLACK/WHITE,MALE,STRAY,FIELD,UNKNOWN,SANTA ROSA,2.001368925393566,1,0.0,1.0
CAT,DOMESTIC SH,BLUE CREAM,FEMALE,STRAY,OVER THE COUNTER,HEALTHY,SANTA ROSA,2.8008213552361396,0,0.0,1.0
CAT,DOMESTIC SH,__RARE_OR_NEW__,FEMALE,ADOPTION RETURN,OVER THE COUNTER,HEALTHY,SANTA ROSA,0.36960985626283366,0,0.0,1.0
CAT,DOMESTIC MH,BRN TABBY/WHITE,FEMALE,STRAY,OVER THE COUNTER,UNKNOWN,COUNTY,16.999315537303218,0,0.0,1.0
OTHER,__RARE_OR_NEW__,RED/WHITE,MALE,CONFISCATE,FLD_HOSPTL,HEALTHY,SANTA ROSA,1.8986995208761122,1,0.0,1.0
OTHER,BAT/MEX FREE-TAIL,BROWN,UNKNOWN,QUARANTINE,FIELD,UNKNOWN,SANTA ROSA,1.8986995208761122,1,0.0,1.0
DOG,__RARE_OR_NEW__,__RARE_OR_NEW__,MALE,STRAY,OVER THE COUNTER,UNKNOWN,COUNTY,13.998631074606434,0,0.0,1.0
OTHER,CHICKEN,RED,FEMALE,STRAY,FLD_STRAY,UNKNOWN,SANTA ROSA,1.8986995208761122,1,0.0,1.0
DOG,AUST CATTLE DOG/MIX,BLACK/WHITE,MALE,STRAY,OVER THE COUNTER,UNKNOWN,COUNTY,0.33401779603011633,0,0.0,1.0
DOG,__RARE_OR_NEW__,TRICOLOR,FEMALE,STRAY,OVER THE COUNTER,UNKNOWN,COUNTY,5.363449691991787,0,0.0,1.0
CAT,DOMESTIC SH,BRN TABBY,MALE,ADOPTION RETURN,OVER THE COUNTER,HEALTHY,COUNTY,0.4271047227926078,0,0.0,1.0
CAT,DOMESTIC SH,BLACK/WHITE,MALE,OWNER SURRENDER,OVER THE COUNTER,HEALTHY,SANTA ROSA,0.16700889801505817,0,0.0,1.0
DOG,POMERANIAN,FAWN,MALE,CONFISCATE,FLD_HOSPTL,UNKNOWN,SANTA ROSA,11.093771389459274,0,0.0,1.0
CAT,DOMESTIC SH,BLACK,FEMALE,OWNER SURRENDER,OVER THE COUNTER,HEALTHY,SANTA ROSA,0.16700889801505817,0,0.0,1.0
CAT,DOMESTIC SH,BLACK/WHITE,MALE,OWNER SURRENDER,OVER THE COUNTER,HEALTHY,SANTA ROSA,0.16700889801505817,0,0.0,1.0
DOG,YORKSHIRE TERR/MIX,TAN,FEMALE,STRAY,OVER THE COUNTER,UNKNOWN,OUT OF COUNTY,15.041752224503764,0,0.0,1.0
DOG,SIBERIAN HUSKY/MIX,BLACK/WHITE,FEMALE,STRAY,FLD_STRAY,HEALTHY,COUNTY,0.676249144421629,0,0.0,1.0
DOG,FRENCH BULLDOG,BLACK/TAN,FEMALE,ADOPTION RETURN,OVER THE COUNTER,UNKNOWN,WINDSOR,1.5331964407939767,0,0.0,1.0
DOG,GREAT PYRENEES,WHITE,MALE,STRAY,OVER THE COUNTER,UNKNOWN,SANTA ROSA,2.1574264202600957,0,0.0,1.0
DOG,AUST CATTLE DOG,BLUE MERLE,FEMALE,STRAY,FLD_STRAY,HEALTHY,COUNTY,1.3114305270362765,0,0.0,1.0
DOG,PUG,TAN/BLACK,MALE,STRAY,FIELD,UNKNOWN,SANTA ROSA,6.496919917864476,0,0.0,1.0
DOG,ENG BULLDOG,BROWN/WHITE,MALE,QUARANTINE,FIELD,UNKNOWN,COUNTY,2.001368925393566,1,0.0,1.0
DOG,PIT BULL/MIX,BLACK/WHITE,FEMALE,CONFISCATE,FLD_ARREST,UNKNOWN,SANTA ROSA,1.6427104722792607,0,0.0,1.0
DOG,__RARE_OR_NEW__,TAN/WHITE,FEMALE,STRAY,FIELD,UNKNOWN,SANTA ROSA,12.58590006844627,0,0.0,1.0
CAT,__RARE_OR_NEW__,CALICO,FEMALE,CONFISCATE,FLD_CORONR,TREATABLE/REHAB,SANTA ROSA,8.952772073921972,0,0.0,1.0
CAT,__RARE_OR_NEW__,CALICO,FEMALE,CONFISCATE,FLD_CORONR,HEALTHY,SANTA ROSA,2.951403148528405,0,0.0,1.0
DOG,PIT BULL,TRICOLOR,MALE,STRAY,FIELD,UNKNOWN,SANTA ROSA,2.001368925393566,1,0.0,1.0
DOG,__RARE_OR_NEW__,__RARE_OR_NEW__,FEMALE,CONFISCATE,FLD_HOSPTL,UNKNOWN,SANTA ROSA,5.9986310746064335,0,0.0,1.0
DOG,POODLE MIN/MIX,WHITE,MALE,STRAY,FIELD,UNKNOWN,COUNTY,0.8952772073921971,0,0.0,1.0
DOG,SHIH TZU/MIX,__RARE_OR_NEW__,FEMALE,CONFISCATE,FLD_ARREST,UNKNOWN,SANTA ROSA,1.0184804928131417,0,0.0,1.0
DOG,ROTTWEILER/MIX,RED/BLACK,MALE,STRAY,OVER THE COUNTER,UNKNOWN,SANTA ROSA,1.998631074606434,0,0.0,1.0
CAT,SIAMESE,SEAL PT,MALE,STRAY,OVER THE COUNTER,UNKNOWN,SANTA ROSA,4.999315537303217,0,0.0,1.0
DOG,GERM SHEPHERD,BLACK/BROWN,FEMALE,STRAY,OVER THE COUNTER,UNKNOWN,SANTA ROSA,2.001368925393566,1,0.0,1.0
CAT,DOMESTIC SH,BRN TABBY,MALE,STRAY,OVER THE COUNTER,UNKNOWN,SANTA ROSA,1.998631074606434,0,0.0,1.0
DOG,PIT BULL,WHITE/BLACK,FEMALE,STRAY,FLD_STRAY,UNKNOWN,SANTA ROSA,5.971252566735113,0,0.0,1.0
DOG,PIT BULL/MIX,BLACK/WHITE,MALE,STRAY,OVER THE COUNTER,HEALTHY,SANTA ROSA,0.5475701574264202,0,0.0,1.0
DOG,PIT BULL,BROWN,FEMALE,STRAY,OVER THE COUNTER,HEALTHY,SANTA ROSA,0.4216290212183436,0,0.0,1.0
DOG,PIT BULL,BROWN,MALE,CONFISCATE,FLD_ARREST,UNKNOWN,COUNTY,1.08145106091718,0,0.0,1.0
CAT,DOMESTIC SH,BLACK,MALE,STRAY,FIELD,TREATABLE/REHAB,SANTA ROSA,2.7624914442162902,0,0.0,1.0
DOG,PIT BULL/MIX,__RARE_OR_NEW__,MALE,STRAY,FIELD,UNKNOWN,COUNTY,1.998631074606434,0,0.0,1.0
CAT,DOMESTIC LH,BLACK,FEMALE,STRAY,OVER THE COUNTER,UNKNOWN,SANTA ROSA,0.5037645448323066,0,0.0,1.0
OTHER,BAT,BROWN,UNKNOWN,QUARANTINE,FIELD,UNKNOWN,SANTA ROSA,1.8986995208761122,1,0.0,1.0
OTHER,BAT/MEX FREE-TAIL,BROWN,UNKNOWN,QUARANTINE,FIELD,UNKNOWN,SANTA ROSA,1.8986995208761122,1,0.0,1.0
DOG,DOBERMAN PINSCH,BLACK/BROWN,FEMALE,STRAY,OVER THE COUNTER,UNKNOWN,SANTA ROSA,0.999315537303217,0,0.0,1.0
OTHER,BAT/MEX FREE-TAIL,BROWN,UNKNOWN,QUARANTINE,FIELD,UNKNOWN,SANTA ROSA,1.8986995208761122,1,0.0,1.0
DOG,SHIH TZU/MIX,BROWN/WHITE,MALE,STRAY,FIELD,UNKNOWN,SANTA ROSA,12.0,0,0.0,1.0
DOG,CHIHUAHUA SH/MIX,BROWN,MALE,STRAY,OVER THE COUNTER,UNKNOWN,SANTA ROSA,0.5037645448323066,0,0.0,1.0
CAT,DOMESTIC SH,BRN TABBY/WHITE,FEMALE,STRAY,OVER THE COUNTER,UNKNOWN,SANTA ROSA,0.999315537303217,0,0.0,1.0
DOG,ENG BULLDOG,BROWN/WHITE,FEMALE,CONFISCATE,FLD_ARREST,UNKNOWN,SANTA ROSA,3.249828884325804,0,0.0,1.0
OTHER,__RARE_OR_NEW__,WHITE,UNKNOWN,STRAY,OVER THE COUNTER,UNKNOWN,SANTA ROSA,1.8986995208761122,1,0.0,1.0
DOG,PIT BULL,WHITE/BROWN,FEMALE,STRAY,FLD_STRAY,UNKNOWN,COUNTY,3.8822724161533197,0,0.0,1.0
DOG,GERM SHEPHERD/MIX,BLACK/TAN,MALE,STRAY,FIELD,HEALTHY,SANTA ROSA,2.001368925393566,1,0.0,1.0
DOG,CHIHUAHUA SH,TAN,MALE,STRAY,OVER THE COUNTER,UNKNOWN,SANTA ROSA,0.999315537303217,0,0.0,1.0
CAT,DOMESTIC SH,GRAY TABBY,MALE,STRAY,OVER THE COUNTER,HEALTHY,SANTA ROSA,1.998631074606434,0,0.0,1.0
DOG,POODLE MIN/MIX,WHITE,MALE,STRAY,FLD_STRAY,UNKNOWN,SANTA ROSA,3.991786447638604,0,0.0,1.0
DOG,AUST CATTLE DOG,__RARE_OR_NEW__,FEMALE,STRAY,FLD_STRAY,HEALTHY,COUNTY,0.7501711156741958,0,0.0,1.0
DOG,AUST CATTLE DOG,BROWN,MALE,STRAY,FLD_STRAY,HEALTHY,COUNTY,0.7091033538672142,0,0.0,1.0
DOG,LABRADOR RETR/MIX,BLACK/WHITE,FEMALE,CONFISCATE,FLD_ABAND,UNKNOWN,COUNTY,2.001368925393566,1,0.0,1.0
DOG,PIT BULL,WHITE/BROWN,MALE,STRAY,FLD_STRAY,UNKNOWN,SANTA ROSA,6.992470910335387,0,0.0,1.0
DOG,SHIH TZU/MIX,BLACK/WHITE,MALE,STRAY,FLD_STRAY,UNKNOWN,SANTA ROSA,0.1998631074606434,0,0.0,1.0
DOG,SHIH TZU/MIX,WHITE/BLACK,MALE,STRAY,FLD_STRAY,UNKNOWN,SANTA ROSA,0.1998631074606434,0,0.0,1.0
DOG,SHIH TZU,WHITE,MALE,STRAY,FLD_STRAY,UNKNOWN,SANTA ROSA,0.1998631074606434,0,0.0,1.0
DOG,MALTESE,BLACK,FEMALE,STRAY,FLD_STRAY,UNKNOWN,SANTA ROSA,2.4996577686516086,0,0.0,1.0
DOG,__RARE_OR_NEW__,BLACK/TAN,MALE,STRAY,FLD_STRAY,UNKNOWN,SANTA ROSA,19.055441478439427,0,0.0,1.0
DOG,AUST CATTLE DOG/MIX,TRICOLOR,MALE,STRAY,FIELD,UNKNOWN,COUNTY,2.9952087611225187,0,0.0,1.0
DOG,PUG,TAN/BLACK,MALE,STRAY,FLD_STRAY,HEALTHY,SANTA ROSA,1.9356605065023955,0,0.0,1.0
DOG,GERM SHEPHERD/MIX,TAN/BLACK,FEMALE,STRAY,FIELD,UNKNOWN,COUNTY,0.5010266940451745,0,0.0,1.0
DOG,BORDER COLLIE/MIX,BLACK/WHITE,FEMALE,STRAY,FIELD,UNKNOWN,COUNTY,0.5010266940451745,0,0.0,1.0
OTHER,BAT,BROWN,UNKNOWN,QUARANTINE,FIELD,UNKNOWN,SANTA ROSA,1.8986995208761122,1,0.0,1.0
OTHER,BAT,BROWN,UNKNOWN,QUARANTINE,FIELD,UNKNOWN,SANTA ROSA,1.8986995208761122,1,0.0,1.0
DOG,PIT BULL,WHITE/BLACK,MALE,STRAY,FIELD,HEALTHY,COUNTY,1.998631074606434,0,0.0,1.0
OTHER,BAT,BROWN,UNKNOWN,QUARANTINE,FIELD,UNKNOWN,COUNTY,1.8986995208761122,1,0.0,1.0
DOG,PIT BULL/MIX,BR BRINDLE/WHITE,FEMALE,STRAY,FIELD,UNKNOWN,SANTA ROSA,2.001368925393566,1,0.0,1.0
CAT,SIAMESE/MIX,__RARE_OR_NEW__,FEMALE,STRAY,FLD_STRAY,TREATABLE/REHAB,SANTA ROSA,1.2511978097193703,0,0.0,1.0
DOG,SHIH TZU/MIX,__RARE_OR_NEW__,FEMALE,CONFISCATE,FLD_ARREST,HEALTHY,SANTA ROSA,1.0403832991101984,0,0.0,1.0
DOG,GERM SHEPHERD,TAN/BLACK,FEMALE,STRAY,FIELD,UNKNOWN,COUNTY,4.087611225188227,0,0.49999999999999994,0.8660254037844387
DOG,LABRADOR RETR/MIX,BLACK/TAN,FEMALE,STRAY,OVER THE COUNTER,UNKNOWN,SANTA ROSA,2.001368925393566,1,0.49999999999999994,0.8660254037844387
DOG,LABRADOR RETR/MIX,BLACK/TAN,MALE,STRAY,OVER THE COUNTER,UNKNOWN,SANTA ROSA,2.001368925393566,1,0.49999999999999994,0.8660254037844387
DOG,LABRADOR RETR,CHOCOLATE,FEMALE,STRAY,FIELD,UNKNOWN,SANTA ROSA,2.001368925393566,1,0.49999999999999994,0.8660254037844387
DOG,__RARE_OR_NEW__,BLACK/WHITE,FEMALE,STRAY,FIELD,UNKNOWN,COUNTY,14.313483915126625,0,0.49999999999999994,0.8660254037844387
DOG,__RARE_OR_NEW__,TAN,MALE,STRAY,OVER THE COUNTER,UNKNOWN,SANTA ROSA,2.001368925393566,1,0.49999999999999994,0.8660254037844387
DOG,__RARE_OR_NEW__,CHOCOLATE/WHITE,FEMALE,STRAY,OVER THE COUNTER,UNKNOWN,SANTA ROSA,2.001368925393566,1,0.49999999999999994,0.8660254037844387
DOG,GERM SHEPHERD/MIX,BROWN,MALE,STRAY,FIELD,UNKNOWN,COUNTY,11.967145790554415,0,0.49999999999999994,0.8660254037844387
DOG,__RARE_OR_NEW__,BROWN,MALE,STRAY,OVER THE COUNTER,UNKNOWN,SANTA ROSA,1.809719370294319,0,0.49999999999999994,0.8660254037844387
CAT,DOMESTIC SH,__RARE_OR_NEW__,FEMALE,STRAY,OVER THE COUNTER,UNKNOWN,SANTA ROSA,1.9685147159479808,0,0.49999999999999994,0.8660254037844387
DOG,SIBERIAN HUSKY,BLACK/WHITE,FEMALE,STRAY,OVER THE COUNTER,UNKNOWN,SANTA ROSA,0.2518822724161533,0,0.49999999999999994,0.8660254037844387
DOG,PIT BULL/MIX,BLACK/WHITE,FEMALE,STRAY,OVER THE COUNTER,UNKNOWN,SANTA ROSA,0.2108145106091718,0,0.49999999999999994,0.8660254037844387
DOG,__RARE_OR_NEW__,BLACK/TAN,FEMALE,CONFISCATE,FLD_ARREST,UNKNOWN,COUNTY,2.001368925393566,1,0.49999999999999994,0.8660254037844387
DOG,POODLE MIN/MIX,WHITE,FEMALE,STRAY,FLD_STRAY,UNKNOWN,COUNTY,9.998631074606434,0,0.49999999999999994,0.8660254037844387
DOG,PIT BULL,BR BRINDLE/WHITE,MALE,STRAY,FIELD,UNKNOWN,SANTA ROSA,11.997262149212867,0,0.49999999999999994,0.8660254037844387
CAT,DOMESTIC SH,BLACK/WHITE,MALE,STRAY,FIELD,HEALTHY,SANTA ROSA,0.999315537303217,0,0.49999999999999994,0.8660254037844387
DOG,GERM SHEPHERD,BROWN/BLACK,FEMALE,STRAY,FIELD,UNKNOWN,SANTA ROSA,0.1697467488021903,0,0.49999999999999994,0.8660254037844387
CAT,DOMESTIC SH,BLACK,MALE,STRAY,FIELD,UNKNOWN,SANTA ROSA,0.2518822724161533,1,0.49999999999999994,0.8660254037844387
DOG,CHIHUAHUA SH,TAN,FEMALE,CONFISCATE,FLD_HOSPTL,UNKNOWN,SANTA ROSA,14.234086242299794,0,0.49999999999999994,0.8660254037844387
DOG,GERM SHEPHERD,BROWN/BLACK,FEMALE,STRAY,FIELD,UNKNOWN,SANTA ROSA,3.759069130732375,0,0.49999999999999994,0.8660254037844387
DOG,GERM SHEPHERD,BLACK,MALE,STRAY,FIELD,UNKNOWN,COUNTY,3.512662559890486,0,0.49999999999999994,0.8660254037844387
DOG,SIBERIAN HUSKY/MIX,TRICOLOR,FEMALE,STRAY,OVER THE COUNTER,UNKNOWN,COUNTY,0.999315537303217,0,0.49999999999999994,0.8660254037844387
OTHER,BAT,BROWN,UNKNOWN,QUARANTINE,FIELD,UNKNOWN,PETALUMA,1.8986995208761122,1,0.49999999999999994,0.8660254037844387
DOG,GREAT PYRENEES,WHITE,MALE,QUARANTINE,FIELD,HEALTHY,COUNTY,5.973990417522245,0,0.49999999999999994,0.8660254037844387
DOG,GERM SHEPHERD,BLACK,FEMALE,CONFISCATE,FLD_ARREST,UNKNOWN,SANTA ROSA,1.998631074606434,0,0.49999999999999994,0.8660254037844387
OTHER,RABBIT SH,BLACK/BROWN,FEMALE,STRAY,FLD_STRAY,UNKNOWN,SANTA ROSA,1.8781656399726214,0,0.49999999999999994,0.8660254037844387
OTHER,BAT,BLACK/BROWN,UNKNOWN,QUARANTINE,FIELD,UNKNOWN,SANTA ROSA,1.8986995208761122,1,0.49999999999999994,0.8660254037844387
DOG,PIT BULL/MIX,CHOCOLATE/WHITE,MALE,STRAY,FIELD,HEALTHY,SANTA ROSA,1.0869267624914443,0,0.49999999999999994,0.8660254037844387
DOG,__RARE_OR_NEW__,TAN/BLACK,MALE,STRAY,FIELD,UNKNOWN,SANTA ROSA,2.001368925393566,1,0.49999999999999994,0.8660254037844387
DOG,BELG MALINOIS,BROWN/BLACK,FEMALE,STRAY,OVER THE COUNTER,UNKNOWN,SANTA ROSA,0.2518822724161533,0,0.49999999999999994,0.8660254037844387
CAT,DOMESTIC MH,BRN TABBY/WHITE,MALE,STRAY,OVER THE COUNTER,HEALTHY,SANTA ROSA,1.9794661190965093,0,0.49999999999999994,0.8660254037844387
DOG,ANATOL SHEPHERD,__RARE_OR_NEW__,FEMALE,STRAY,FLD_STRAY,UNKNOWN,COUNTY,4.999315537303217,0,0.49999999999999994,0.8660254037844387
DOG,ANATOL SHEPHERD,__RARE_OR_NEW__,FEMALE,STRAY,FLD_STRAY,UNKNOWN,COUNTY,4.999315537303217,0,0.49999999999999994,0.8660254037844387
CAT,DOMESTIC SH,BRN TABBY,FEMALE,OWNER SURRENDER,OVER THE COUNTER,UNKNOWN,SANTA ROSA,1.2265571526351813,0,0.49999999999999994,0.8660254037844387
CAT,DOMESTIC SH,BLACK/WHITE,FEMALE,CONFISCATE,FIELD,UNKNOWN,SANTA ROSA,1.998631074606434,0,0.49999999999999994,0.8660254037844387
CAT,DOMESTIC SH,BLACK/WHITE,FEMALE,CONFISCATE,FIELD,UNKNOWN,SANTA ROSA,1.998631074606434,0,0.49999999999999994,0.8660254037844387
DOG,__RARE_OR_NEW__,BLACK/WHITE,MALE,STRAY,OVER THE COUNTER,UNKNOWN,COUNTY,1.998631074606434,0,0.49999999999999994,0.8660254037844387
DOG,__RARE_OR_NEW__,WHITE/BLACK,MALE,STRAY,FIELD,UNKNOWN,SANTA ROSA,0.2135523613963039,0,0.49999999999999994,0.8660254037844387
DOG,__RARE_OR_NEW__,RED/WHITE,FEMALE,STRAY,FIELD,UNKNOWN,SANTA ROSA,2.001368925393566,1,0.49999999999999994,0.8660254037844387
CAT,DOMESTIC SH,BRN TABBY,FEMALE,CONFISCATE,FLD_EVICT,UNKNOWN,SANTA ROSA,0.75564681724846,0,0.49999999999999994,0.8660254037844387
CAT,DOMESTIC SH,BRN TABBY/WHITE,FEMALE,CONFISCATE,FLD_EVICT,UNKNOWN,SANTA ROSA,4.0,0,0.49999999999999994,0.8660254037844387
DOG,__RARE_OR_NEW__,WHITE,FEMALE,STRAY,OVER THE COUNTER,UNKNOWN,SANTA ROSA,2.001368925393566,1,0.49999999999999994,0.8660254037844387
DOG,BELG MALINOIS,TAN/BLACK,FEMALE,STRAY,FIELD,HEALTHY,SANTA ROSA,0.2135523613963039,0,0.49999999999999994,0.8660254037844387
DOG,BELG MALINOIS/MIX,TAN/BLACK,MALE,STRAY,FIELD,UNKNOWN,SANTA ROSA,0.999315537303217,0,0.49999999999999994,0.8660254037844387
CAT,DOMESTIC SH,BRN TABBY/WHITE,FEMALE,STRAY,OVER THE COUNTER,UNKNOWN,SANTA ROSA,0.75564681724846,0,0.49999999999999994,0.8660254037844387
DOG,CHIHUAHUA SH,WHITE/TAN,MALE,CONFISCATE,FLD_ARREST,UNKNOWN,COUNTY,3.997262149212868,0,0.49999999999999994,0.8660254037844387
DOG,AUST CATTLE DOG,BLACK/TAN,FEMALE,CONFISCATE,FLD_ARREST,UNKNOWN,COUNTY,3.997262149212868,0,0.49999999999999994,0.8660254037844387
DOG,CHIHUAHUA SH,TAN/WHITE,FEMALE,STRAY,FLD_STRAY,UNKNOWN,SANTA ROSA,2.001368925393566,1,0.49999999999999994,0.8660254037844387
DOG,GREAT PYRENEES,WHITE,FEMALE,STRAY,FIELD,UNKNOWN,COUNTY,0.3586584531143053,0,0.49999999999999994,0.8660254037844387
DOG,GREAT PYRENEES,WHITE,FEMALE,STRAY,FIELD,UNKNOWN,COUNTY,0.3586584531143053,0,0.49999999999999994,0.8660254037844387
DOG,PIT BULL,WHITE/BLACK,FEMALE,STRAY,OVER THE COUNTER,UNKNOWN,COUNTY,6.017796030116359,0,0.49999999999999994,0.8660254037844387
DOG,GERM SHEPHERD,BLACK,MALE,CONFISCATE,FLD_ARREST,UNKNOWN,SANTA ROSA,3.5236139630390144,0,0.49999999999999994,0.8660254037844387
DOG,DACHSHUND,BLACK/TAN,FEMALE,STRAY,OVER THE COUNTER,UNKNOWN,COUNTY,0.9883641341546886,0,0.49999999999999994,0.8660254037844387
DOG,PIT BULL/MIX,WHITE/BROWN,FEMALE,STRAY,OVER THE COUNTER,UNKNOWN,COUNTY,1.9904175222450375,0,0.49999999999999994,0.8660254037844387
DOG,PIT BULL/MIX,BR BRINDLE,MALE,STRAY,OVER THE COUNTER,UNKNOWN,COUNTY,5.990417522245037,0,0.49999999999999994,0.8660254037844387
DOG,SIBERIAN HUSKY/MIX,BLACK/WHITE,FEMALE,CONFISCATE,FIELD,HEALTHY,SANTA ROSA,8.0,0,0.49999999999999994,0.8660254037844387
CAT,DOMESTIC SH,BLACK/WHITE,MALE,CONFISCATE,FIELD,UNKNOWN,SANTA ROSA,8.0,0,0.49999999999999994,0.8660254037844387
CAT,DOMESTIC SH,__RARE_OR_NEW__,FEMALE,CONFISCATE,FLD_HOSPTL,UNKNOWN,COUNTY,8.993839835728952,0,0.49999999999999994,0.8660254037844387
CAT,SIAMESE,SEAL PT,MALE,CONFISCATE,FLD_HOSPTL,UNKNOWN,COUNTY,13.94113620807666,0,0.49999999999999994,0.8660254037844387
CAT,DOMESTIC SH,WHITE/GRAY,UNKNOWN,STRAY,FLD_STRAY,UNKNOWN,COUNTY,0.2518822724161533,1,0.49999999999999994,0.8660254037844387
DOG,PIT BULL,BLACK,MALE,STRAY,FIELD,UNKNOWN,SANTA ROSA,6.143737166324435,0,0.49999999999999994,0.8660254037844387
CAT,DOMESTIC SH,WHITE,FEMALE,STRAY,OVER THE COUNTER,UNKNOWN,SANTA ROSA,1.998631074606434,0,0.49999999999999994,0.8660254037844387
CAT,DOMESTIC SH,GRAY,UNKNOWN,STRAY,OVER THE COUNTER,TREATABLE/MANAGEABLE,SANTA ROSA,0.2518822724161533,1,0.49999999999999994,0.8660254037844387
CAT,DOMESTIC SH,SEAL PT,UNKNOWN,STRAY,OVER THE COUNTER,TREATABLE/MANAGEABLE,SANTA ROSA,0.2518822724161533,1,0.49999999999999994,0.8660254037844387
CAT,DOMESTIC SH,BUFF/WHITE,UNKNOWN,STRAY,OVER THE COUNTER,TREATABLE/MANAGEABLE,COUNTY,0.2518822724161533,1,0.49999999999999994,0.8660254037844387
DOG,LABRADOR RETR,CHOCOLATE,FEMALE,STRAY,OVER THE COUNTER,UNKNOWN,SANTA ROSA,8.0,0,0.49999999999999994,0.8660254037844387
DOG,__RARE_OR_NEW__,TAN,MALE,STRAY,FIELD,UNKNOWN,COUNTY,2.001368925393566,1,0.49999999999999994,0.8660254037844387
DOG,SIBERIAN HUSKY,RED/WHITE,MALE,ADOPTION RETURN,OVER THE COUNTER,UNKNOWN,*SEBASTOPOL,9.481177275838467,0,0.49999999999999994,0.8660254037844387
DOG,ROTTWEILER/MIX,RED/BLACK,FEMALE,STRAY,OVER THE COUNTER,UNKNOWN,COUNTY,0.10130047912388775,0,0.49999999999999994,0.8660254037844387
DOG,ROTTWEILER/MIX,RED/BLACK,FEMALE,STRAY,OVER THE COUNTER,UNKNOWN,COUNTY,0.10130047912388775,0,0.49999999999999994,0.8660254037844387
DOG,ROTTWEILER/MIX,RED/BLACK,FEMALE,STRAY,OVER THE COUNTER,UNKNOWN,COUNTY,0.10130047912388775,0,0.49999999999999994,0.8660254037844387
DOG,ROTTWEILER/MIX,RED/BLACK,FEMALE,STRAY,OVER THE COUNTER,TREATABLE/REHAB,COUNTY,0.10130047912388775,0,0.49999999999999994,0.8660254037844387
DOG,PIT BULL,WHITE,MALE,STRAY,FIELD,UNKNOWN,SANTA ROSA,10.30527036276523,0,0.49999999999999994,0.8660254037844387
DOG,LABRADOR RETR,BLACK,MALE,STRAY,FIELD,UNKNOWN,SANTA ROSA,8.635181382614647,0,0.49999999999999994,0.8660254037844387
CAT,DOMESTIC SH,BLACK/WHITE,UNKNOWN,STRAY,OVER THE COUNTER,UNKNOWN,SANTA ROSA,0.2518822724161533,1,0.49999999999999994,0.8660254037844387
DOG,POMERANIAN,FAWN,MALE,CONFISCATE,FLD_HOSPTL,UNKNOWN,SANTA ROSA,11.162217659137577,0,0.49999999999999994,0.8660254037844387
DOG,SIBERIAN HUSKY/MIX,GRAY/WHITE,MALE,STRAY,FIELD,HEALTHY,COUNTY,1.352498288843258,0,0.49999999999999994,0.8660254037844387
DOG,BORDER COLLIE/MIX,GRAY/WHITE,FEMALE,STRAY,FIELD,UNKNOWN,COUNTY,2.001368925393566,1,0.49999999999999994,0.8660254037844387
DOG,BORDER COLLIE/MIX,WHITE/BROWN,MALE,STRAY,FIELD,UNKNOWN,COUNTY,0.3723477070499658,0,0.49999999999999994,0.8660254037844387
DOG,SIBERIAN HUSKY/MIX,BLACK/TAN,FEMALE,STRAY,FIELD,UNKNOWN,SANTA ROSA,5.634496919917864,0,0.49999999999999994,0.8660254037844387
DOG,__RARE_OR_NEW__,__RARE_OR_NEW__,MALE,STRAY,FIELD,UNKNOWN,SANTA ROSA,5.993155373032169,0,0.49999999999999994,0.8660254037844387
CAT,DOMESTIC SH,BLACK,MALE,STRAY,OVER THE COUNTER,HEALTHY,COUNTY,1.998631074606434,0,0.49999999999999994,0.8660254037844387
CAT,DOMESTIC SH,BRN TABBY/WHITE,FEMALE,STRAY,OVER THE COUNTER,UNKNOWN,COUNTY,1.998631074606434,0,0.49999999999999994,0.8660254037844387
DOG,PIT BULL,TAN,MALE,STRAY,OVER THE COUNTER,UNKNOWN,SANTA ROSA,2.001368925393566,1,0.49999999999999994,0.8660254037844387
DOG,CHIHUAHUA SH,BLACK/WHITE,MALE,ADOPTION RETURN,OVER THE COUNTER,UNKNOWN,COUNTY,0.3203285420944558,0,0.49999999999999994,0.8660254037844387
DOG,__RARE_OR_NEW__,CREAM,FEMALE,CONFISCATE,FLD_ARREST,UNKNOWN,COUNTY,2.001368925393566,1,0.49999999999999994,0.8660254037844387
DOG,SIBERIAN HUSKY/MIX,BLACK/WHITE,FEMALE,STRAY,FIELD,UNKNOWN,SANTA ROSA,2.001368925393566,1,0.49999999999999994,0.8660254037844387
DOG,PIT BULL/MIX,BROWN,MALE,STRAY,OVER THE COUNTER,UNKNOWN,COUNTY,2.001368925393566,1,0.49999999999999994,0.8660254037844387
CAT,__RARE_OR_NEW__,BRN TABBY,MALE,STRAY,OVER THE COUNTER,UNKNOWN,SANTA ROSA,1.998631074606434,0,0.49999999999999994,0.8660254037844387
DOG,__RARE_OR_NEW__,WHITE/BLACK,MALE,CONFISCATE,FLD_ARREST,UNKNOWN,WINDSOR,2.001368925393566,1,0.49999999999999994,0.8660254037844387
DOG,CHIHUAHUA SH/MIX,WHITE/TAN,MALE,STRAY,FIELD,UNKNOWN,COUNTY,7.490759753593429,0,0.49999999999999994,0.8660254037844387
CAT,DOMESTIC LH,BUFF,MALE,STRAY,OVER THE COUNTER,HEALTHY,SANTA ROSA,0.75564681724846,0,0.49999999999999994,0.8660254037844387
DOG,__RARE_OR_NEW__,WHITE,MALE,STRAY,OVER THE COUNTER,UNKNOWN,SANTA ROSA,2.001368925393566,1,0.49999999999999994,0.8660254037844387
DOG,LABRADOR RETR,BLACK,FEMALE,STRAY,OVER THE COUNTER,UNKNOWN,SANTA ROSA,0.1697467488021903,0,0.49999999999999994,0.8660254037844387
DOG,__RARE_OR_NEW__,BROWN/BLACK,FEMALE,CONFISCATE,FIELD,UNKNOWN,COUNTY,3.293634496919918,0,0.49999999999999994,0.8660254037844387
DOG,GERM SHEPHERD,TAN/BLACK,MALE,STRAY,FIELD,UNKNOWN,COUNTY,3.994524298425736,0,0.49999999999999994,0.8660254037844387
DOG,__RARE_OR_NEW__,WHITE/BLACK,FEMALE,STRAY,FLD_STRAY,UNKNOWN,COUNTY,2.8747433264887063,0,0.49999999999999994,0.8660254037844387
DOG,BELG MALINOIS,BROWN/BLACK,FEMALE,STRAY,FIELD,UNKNOWN,SANTA ROSA,1.998631074606434,0,0.49999999999999994,0.8660254037844387
DOG,GERM SHEPHERD/MIX,TAN,MALE,STRAY,FIELD,UNKNOWN,SANTA ROSA,2.0506502395619437,0,0.49999999999999994,0.8660254037844387
DOG,__RARE_OR_NEW__,BROWN/WHITE,MALE,STRAY,FIELD,HEALTHY,SANTA ROSA,1.5030800821355237,0,0.49999999999999994,0.8660254037844387
DOG,GERM SHEPHERD/MIX,BLACK/TAN,MALE,STRAY,FIELD,UNKNOWN,SANTA ROSA,7.241615331964408,0,0.49999999999999994,0.8660254037844387
CAT,DOMESTIC SH,BLACK,MALE,STRAY,OVER THE COUNTER,HEALTHY,SANTA ROSA,2.9979466119096507,0,0.49999999999999994,0.8660254037844387
DOG,__RARE_OR_NEW__,__RARE_OR_NEW__,FEMALE,STRAY,OVER THE COUNTER,UNKNOWN,COUNTY,1.8754277891854894,0,0.49999999999999994,0.8660254037844387
DOG,GERM SHEPHERD/MIX,TRICOLOR,MALE,STRAY,OVER THE COUNTER,UNKNOWN,COUNTY,0.1697467488021903,0,0.49999999999999994,0.8660254037844387
DOG,GERM SHEPHERD/MIX,BROWN,FEMALE,STRAY,OVER THE COUNTER,HEALTHY,COUNTY,0.1697467488021903,0,0.49999999999999994,0.8660254037844387
DOG,GERM SHEPHERD/MIX,WHITE,MALE,STRAY,OVER THE COUNTER,UNKNOWN,COUNTY,0.1697467488021903,0,0.49999999999999994,0.8660254037844387
DOG,GERM SHEPHERD/MIX,WHITE,MALE,STRAY,OVER THE COUNTER,UNKNOWN,COUNTY,0.1697467488021903,0,0.49999999999999994,0.8660254037844387
DOG,GERM SHEPHERD/MIX,__RARE_OR_NEW__,FEMALE,STRAY,OVER THE COUNTER,UNKNOWN,COUNTY,0.12594113620807665,0,0.49999999999999994,0.8660254037844387
DOG,GERM SHEPHERD/MIX,BROWN,FEMALE,STRAY,OVER THE COUNTER,UNKNOWN,COUNTY,0.12594113620807665,0,0.49999999999999994,0.8660254037844387
DOG,GERM SHEPHERD/MIX,BROWN,FEMALE,STRAY,OVER THE COUNTER,UNKNOWN,COUNTY,0.12594113620807665,0,0.49999999999999994,0.8660254037844387
DOG,GERM SHEPHERD/MIX,__RARE_OR_NEW__,FEMALE,STRAY,OVER THE COUNTER,HEALTHY,COUNTY,0.12594113620807665,0,0.49999999999999994,0.8660254037844387
DOG,GERM SHEPHERD/MIX,__RARE_OR_NEW__,MALE,STRAY,OVER THE COUNTER,HEALTHY,COUNTY,0.13415468856947296,0,0.49999999999999994,0.8660254037844387
DOG,GERM SHEPHERD/MIX,__RARE_OR_NEW__,MALE,STRAY,OVER THE COUNTER,UNKNOWN,COUNTY,0.12594113620807665,0,0.49999999999999994,0.8660254037844387
DOG,DOBERMAN PINSCH,BROWN/TAN,FEMALE,CONFISCATE,FLD_ARREST,UNKNOWN,SANTA ROSA,2.9979466119096507,0,0.49999999999999994,0.8660254037844387
DOG,__RARE_OR_NEW__,CHOCOLATE,FEMALE,STRAY,OVER THE COUNTER,UNKNOWN,COUNTY,1.998631074606434,0,0.49999999999999994,0.8660254037844387
DOG,__RARE_OR_NEW__,BLACK,FEMALE,STRAY,OVER THE COUNTER,UNKNOWN,COUNTY,0.09308692676249145,0,0.49999999999999994,0.8660254037844387
DOG,__RARE_OR_NEW__,TAN/BLACK,MALE,STRAY,OVER THE COUNTER,UNKNOWN,COUNTY,0.09308692676249145,0,0.49999999999999994,0.8660254037844387
DOG,__RARE_OR_NEW__,YELLOW,FEMALE,STRAY,OVER THE COUNTER,UNKNOWN,COUNTY,0.09308692676249145,0,0.49999999999999994,0.8660254037844387
DOG,__RARE_OR_NEW__,BLACK,FEMALE,STRAY,OVER THE COUNTER,UNKNOWN,COUNTY,0.09308692676249145,0,0.49999999999999994,0.8660254037844387
DOG,__RARE_OR_NEW__,TAN/WHITE,MALE,CONFISCATE,FLD_CRUEL,UNKNOWN,COUNTY,1.163586584531143,0,0.49999999999999994,0.8660254037844387
DOG,PIT BULL,__RARE_OR_NEW__,MALE,STRAY,OVER THE COUNTER,UNKNOWN,COUNTY,2.001368925393566,1,0.49999999999999994,0.8660254037844387
DOG,PIT BULL/MIX,BLACK/WHITE,FEMALE,STRAY,FIELD,HEALTHY,SANTA ROSA,1.998631074606434,0,0.49999999999999994,0.8660254037844387
CAT,DOMESTIC SH,ORG TABBY,MALE,STRAY,FIELD,HEALTHY,SANTA ROSA,1.3716632443531827,0,0.49999999999999994,0.8660254037844387
DOG,__RARE_OR_NEW__,TAN/WHITE,FEMALE,STRAY,FIELD,UNKNOWN,COUNTY,8.501026694045175,0,0.49999999999999994,0.8660254037844387
DOG,CHIHUAHUA SH/MIX,BLACK/TAN,FEMALE,CONFISCATE,FLD_HOSPTL,UNKNOWN,COUNTY,2.001368925393566,1,0.49999999999999994,0.8660254037844387
DOG,YORKSHIRE TERR/MIX,TAN,FEMALE,CONFISCATE,FLD_HOSPTL,UNKNOWN,COUNTY,2.001368925393566,1,0.49999999999999994,0.8660254037844387
DOG,PIT BULL,TAN/WHITE,MALE,CONFISCATE,FLD_HOSPTL,UNKNOWN,COUNTY,2.001368925393566,1,0.49999999999999994,0.8660254037844387
OTHER,__RARE_OR_NEW__,__RARE_OR_NEW__,MALE,CONFISCATE,FLD_HOSPTL,UNKNOWN,COUNTY,1.8986995208761122,1,0.49999999999999994,0.8660254037844387
CAT,DOMESTIC SH,BLACK/WHITE,MALE,CONFISCATE,FLD_HOSPTL,UNKNOWN,COUNTY,8.0,0,0.49999999999999994,0.8660254037844387
DOG,PIT BULL/MIX,RED/WHITE,FEMALE,ADOPTION RETURN,OVER THE COUNTER,UNKNOWN,COUNTY,1.541409993155373,0,0.49999999999999994,0.8660254037844387
DOG,PIT BULL,TAN,MALE,STRAY,FIELD,UNKNOWN,COUNTY,2.001368925393566,1,0.49999999999999994,0.8660254037844387
DOG,AUST SHEPHERD,TRICOLOR,MALE,QUARANTINE,FIELD,UNKNOWN,HEALDSBURG,3.0006844626967832,0,0.49999999999999994,0.8660254037844387
DOG,__RARE_OR_NEW__,BLACK/WHITE,MALE,STRAY,OVER THE COUNTER,UNKNOWN,SANTA ROSA,10.8911704312115,0,0.49999999999999994,0.8660254037844387
OTHER,BAT,BROWN,UNKNOWN,QUARANTINE,FIELD,UNKNOWN,COUNTY,1.8986995208761122,1,0.49999999999999994,0.8660254037844387
DOG,SIBERIAN HUSKY,GRAY/WHITE,FEMALE,CONFISCATE,FLD_ARREST,UNKNOWN,SANTA ROSA,8.996577686516085,0,0.49999999999999994,0.8660254037844387
DOG,SIBERIAN HUSKY,GRAY/WHITE,FEMALE,CONFISCATE,FLD_ARREST,UNKNOWN,SANTA ROSA,1.995893223819302,0,0.49999999999999994,0.8660254037844387
DOG,CHIHUAHUA SH/MIX,WHITE/TAN,MALE,STRAY,OVER THE COUNTER,UNKNOWN,SANTA ROSA,4.999315537303217,0,0.49999999999999994,0.8660254037844387
DOG,__RARE_OR_NEW__,BLACK,FEMALE,STRAY,OVER THE COUNTER,UNKNOWN,SANTA ROSA,4.999315537303217,0,0.49999999999999994,0.8660254037844387
DOG,DOBERMAN PINSCH,__RARE_OR_NEW__,FEMALE,STRAY,OVER THE COUNTER,UNKNOWN,COUNTY,1.9822039698836413,0,0.49999999999999994,0.8660254037844387
DOG,CHIHUAHUA SH,TAN,FEMALE,STRAY,OVER THE COUNTER,UNKNOWN,SANTA ROSA,1.1197809719370295,0,0.49999999999999994,0.8660254037844387
DOG,SIBERIAN HUSKY,WHITE/TAN,FEMALE,STRAY,OVER THE COUNTER,UNKNOWN,SANTA ROSA,1.998631074606434,0,0.49999999999999994,0.8660254037844387
CAT,DOMESTIC SH,BLACK,MALE,STRAY,FLD_STRAY,HEALTHY,SANTA ROSA,0.971937029431896,0,0.49999999999999994,0.8660254037844387
DOG,AUST CATTLE DOG/MIX,TRICOLOR,MALE,QUARANTINE,FIELD,UNKNOWN,SANTA ROSA,7.422313483915127,0,0.49999999999999994,0.8660254037844387
DOG,POMERANIAN,BLACK/TAN,MALE,STRAY,OVER THE COUNTER,TREATABLE/REHAB,COUNTY,11.145790554414784,0,0.49999999999999994,0.8660254037844387
DOG,PIT BULL/MIX,BLACK/WHITE,MALE,STRAY,FIELD,UNKNOWN,COUNTY,1.352498288843258,0,0.49999999999999994,0.8660254037844387
CAT,DOMESTIC SH,BRN TABBY/WHITE,MALE,STRAY,OVER THE COUNTER,UNKNOWN,SANTA ROSA,17.727583846680357,0,0.49999999999999994,0.8660254037844387
DOG,FRENCH BULLDOG,__RARE_OR_NEW__,MALE,STRAY,FIELD,UNKNOWN,SANTA ROSA,0.5037645448323066,0,0.49999999999999994,0.8660254037844387
DOG,BORDER COLLIE,TRICOLOR,FEMALE,STRAY,FIELD,UNKNOWN,COUNTY,9.952087611225188,0,0.49999999999999994,0.8660254037844387
DOG,__RARE_OR_NEW__,BROWN/TAN,FEMALE,STRAY,OVER THE COUNTER,UNKNOWN,COUNTY,1.998631074606434,0,0.49999999999999994,0.8660254037844387
DOG,CHIHUAHUA SH,BLACK,FEMALE,CONFISCATE,FLD_HOSPTL,UNKNOWN,SANTA ROSA,7.712525667351129,0,0.49999999999999994,0.8660254037844387
OTHER,BAT,BROWN,UNKNOWN,QUARANTINE,FIELD,UNKNOWN,SANTA ROSA,1.8986995208761122,1,0.49999999999999994,0.8660254037844387
CAT,DOMESTIC MH,BLACK,UNKNOWN,STRAY,OVER THE COUNTER,UNKNOWN,COUNTY,0.2518822724161533,1,0.49999999999999994,0.8660254037844387
DOG,GERM SHEPHERD/MIX,TAN/BLACK,FEMALE,STRAY,FIELD,UNKNOWN,COUNTY,0.5831622176591376,0,0.49999999999999994,0.8660254037844387
DOG,AUST CATTLE DOG/MIX,TRICOLOR,MALE,STRAY,FIELD,UNKNOWN,COUNTY,3.077344284736482,0,0.49999999999999994,0.8660254037844387
CAT,DOMESTIC SH,BUFF,FEMALE,STRAY,OVER THE COUNTER,HEALTHY,SANTA ROSA,0.999315537303217,0,0.49999999999999994,0.8660254037844387
DOG,__RARE_OR_NEW__,__RARE_OR_NEW__,FEMALE,STRAY,FIELD,UNKNOWN,SANTA ROSA,2.001368925393566,1,0.49999999999999994,0.8660254037844387
DOG,PIT BULL/MIX,BLACK/WHITE,MALE,STRAY,OVER THE COUNTER,UNKNOWN,SANTA ROSA,0.9308692676249144,0,0.49999999999999994,0.8660254037844387
DOG,__RARE_OR_NEW__,WHITE/BROWN,MALE,STRAY,FIELD,UNKNOWN,COUNTY,2.001368925393566,1,0.49999999999999994,0.8660254037844387
CAT,DOMESTIC SH,__RARE_OR_NEW__,MALE,STRAY,OVER THE COUNTER,UNKNOWN,SANTA ROSA,7.956194387405886,0,0.49999999999999994,0.8660254037844387
OTHER,BAT,BROWN,UNKNOWN,QUARANTINE,FIELD,UNKNOWN,SANTA ROSA,1.8986995208761122,1,0.49999999999999994,0.8660254037844387
DOG,GERM SHEPHERD,BLACK/TAN,FEMALE,STRAY,OVER THE COUNTER,HEALTHY,SANTA ROSA,0.1697467488021903,0,0.49999999999999994,0.8660254037844387
OTHER,BAT,BROWN,UNKNOWN,QUARANTINE,FIELD,UNKNOWN,COUNTY,1.8986995208761122,1,0.49999999999999994,0.8660254037844387
DOG,ROTTWEILER,BLACK/TAN,MALE,STRAY,FIELD,UNKNOWN,COUNTY,6.494182067077344,0,0.49999999999999994,0.8660254037844387
DOG,ROTTWEILER,BLACK/TAN,MALE,STRAY,FIELD,UNKNOWN,COUNTY,1.998631074606434,0,0.49999999999999994,0.8660254037844387
DOG,GERM SHEPHERD/MIX,BLACK/WHITE,FEMALE,ADOPTION RETURN,OVER THE COUNTER,UNKNOWN,SANTA ROSA,0.29842573579739906,0,0.49999999999999994,0.8660254037844387
DOG,AUST SHEPHERD,BROWN,FEMALE,CONFISCATE,FLD_ARREST,UNKNOWN,COUNTY,2.217659137577002,0,0.8660254037844386,0.5000000000000001
CAT,DOMESTIC MH,BRN TABBY,MALE,STRAY,OVER THE COUNTER,HEALTHY,COUNTY,1.002053388090349,0,0.8660254037844386,0.5000000000000001
OTHER,BAT,BROWN,UNKNOWN,QUARANTINE,FIELD,UNKNOWN,PETALUMA,1.8986995208761122,1,0.8660254037844386,0.5000000000000001
DOG,GERM SHEPHERD,BLACK/TAN,FEMALE,STRAY,FLD_STRAY,UNKNOWN,COUNTY,1.4976043805612593,0,0.8660254037844386,0.5000000000000001
DOG,GERM SHEPHERD,BLACK/TAN,MALE,STRAY,FLD_STRAY,HEALTHY,COUNTY,0.8788501026694046,0,0.8660254037844386,0.5000000000000001
DOG,BORDER COLLIE/MIX,BLACK/WHITE,FEMALE,STRAY,FIELD,UNKNOWN,COUNTY,0.24914442162902123,0,0.8660254037844386,0.5000000000000001
DOG,AUST SHEPHERD/MIX,RED/WHITE,MALE,STRAY,FIELD,HEALTHY,SANTA ROSA,0.8870636550308009,0,0.8660254037844386,0.5000000000000001
CAT,DOMESTIC SH,BLACK,FEMALE,STRAY,FLD_STRAY,UNKNOWN,COUNTY,0.2518822724161533,1,0.8660254037844386,0.5000000000000001
CAT,DOMESTIC SH,BLACK,UNKNOWN,STRAY,FIELD,UNKNOWN,SANTA ROSA,0.2518822724161533,1,0.8660254037844386,0.5000000000000001
DOG,GREAT PYRENEES/MIX,WHITE,FEMALE,STRAY,FIELD,UNKNOWN,COUNTY,0.7501711156741958,0,0.8660254037844386,0.5000000000000001
DOG,PIT BULL/MIX,TAN/BLACK,MALE,STRAY,FIELD,UNKNOWN,SANTA ROSA,1.002053388090349,0,0.8660254037844386,0.5000000000000001
DOG,PIT BULL/MIX,CHOCOLATE/WHITE,FEMALE,CONFISCATE,FLD_ARREST,UNKNOWN,SANTA ROSA,0.6625598904859685,0,0.8660254037844386,0.5000000000000001
CAT,SIAMESE/MIX,__RARE_OR_NEW__,FEMALE,STRAY,OVER THE COUNTER,UNKNOWN,SANTA ROSA,0.2518822724161533,1,0.8660254037844386,0.5000000000000001
DOG,BELG MALINOIS,TAN/BLACK,FEMALE,STRAY,FIELD,UNKNOWN,SANTA ROSA,0.7446954140999316,0,0.8660254037844386,0.5000000000000001
DOG,BELG MALINOIS,TAN/BLACK,MALE,STRAY,FIELD,UNKNOWN,SANTA ROSA,0.2026009582477755,0,0.8660254037844386,0.5000000000000001
DOG,__RARE_OR_NEW__,TRICOLOR,FEMALE,STRAY,EMAIL,UNKNOWN,COUNTY,4.498288843258043,0,0.8660254037844386,0.5000000000000001
CAT,DOMESTIC SH,ORANGE,MALE,STRAY,FIELD,UNKNOWN,COUNTY,3.0006844626967832,0,0.8660254037844386,0.5000000000000001
DOG,DOBERMAN PINSCH,BLACK/TAN,FEMALE,CONFISCATE,FLD_ARREST,UNKNOWN,SANTA ROSA,4.20807665982204,0,0.8660254037844386,0.5000000000000001
DOG,BELG MALINOIS/MIX,RED/BLACK,FEMALE,ADOPTION RETURN,OVER THE COUNTER,UNKNOWN,SANTA ROSA,4.010951403148528,0,0.8660254037844386,0.5000000000000001
DOG,__RARE_OR_NEW__,BLACK/TAN,MALE,STRAY,FIELD,UNKNOWN,COUNTY,2.412046543463381,0,0.8660254037844386,0.5000000000000001
DOG,ENG BULLDOG,BROWN/WHITE,FEMALE,STRAY,EMAIL,UNKNOWN,SANTA ROSA,2.001368925393566,1,0.8660254037844386,0.5000000000000001
DOG,SIBERIAN HUSKY,WHITE,MALE,STRAY,FLD_STRAY,UNKNOWN,COUNTY,2.001368925393566,1,0.8660254037844386,0.5000000000000001
DOG,MASTIFF,BR BRINDLE/WHITE,MALE,STRAY,OVER THE COUNTER,UNKNOWN,SANTA ROSA,2.001368925393566,1,0.8660254037844386,0.5000000000000001
DOG,GERM SHEPHERD/MIX,TAN/BLACK,FEMALE,ADOPTION RETURN,OVER THE COUNTER,UNKNOWN,SANTA ROSA,0.7501711156741958,0,0.8660254037844386,0.5000000000000001
DOG,GERM SHEPHERD,BLACK/BROWN,MALE,STRAY,FIELD,UNKNOWN,COUNTY,2.001368925393566,0,0.8660254037844386,0.5000000000000001
DOG,SIBERIAN HUSKY,BLACK/WHITE,MALE,STRAY,FIELD,UNKNOWN,SANTA ROSA,1.4976043805612593,0,0.8660254037844386,0.5000000000000001
CAT,SIAMESE/MIX,__RARE_OR_NEW__,FEMALE,OWNER SURRENDER,OVER THE COUNTER,TREATABLE/REHAB,SANTA ROSA,0.2518822724161533,1,0.8660254037844386,0.5000000000000001
DOG,PIT BULL/MIX,BLACK/WHITE,FEMALE,STRAY,FIELD,UNKNOWN,COUNTY,0.7446954140999316,0,0.8660254037844386,0.5000000000000001
DOG,PIT BULL/MIX,CHOCOLATE/WHITE,FEMALE,STRAY,FIELD,HEALTHY,COUNTY,0.7501711156741958,0,0.8660254037844386,0.5000000000000001
DOG,PIT BULL/MIX,BROWN/TAN,FEMALE,STRAY,FIELD,UNKNOWN,COUNTY,0.7501711156741958,0,0.8660254037844386,0.5000000000000001
DOG,AUST SHEPHERD,RED,MALE,CONFISCATE,FLD_HOSPTL,UNKNOWN,COUNTY,4.714579055441479,0,0.8660254037844386,0.5000000000000001
DOG,AUST SHEPHERD,BLUE MERLE,FEMALE,CONFISCATE,FLD_HOSPTL,UNKNOWN,COUNTY,9.86447638603696,0,0.8660254037844386,0.5000000000000001
DOG,__RARE_OR_NEW__,BLUE,FEMALE,CONFISCATE,FLD_ABAND,UNKNOWN,SANTA ROSA,8.854209445585216,0,0.8660254037844386,0.5000000000000001
OTHER,BAT/MEX FREE-TAIL,BROWN,UNKNOWN,QUARANTINE,FIELD,UNKNOWN,SANTA ROSA,1.8986995208761122,1,0.8660254037844386,0.5000000000000001
DOG,GREAT PYRENEES,BUFF,MALE,STRAY,OVER THE COUNTER,UNKNOWN,SANTA ROSA,1.4072553045859,0,0.8660254037844386,0.5000000000000001
DOG,__RARE_OR_NEW__,WHITE,FEMALE,STRAY,FLD_STRAY,UNKNOWN,SANTA ROSA,2.001368925393566,1,0.8660254037844386,0.5000000000000001
DOG,__RARE_OR_NEW__,TRICOLOR,MALE,STRAY,FIELD,UNKNOWN,SANTA ROSA,2.001368925393566,1,0.8660254037844386,0.5000000000000001
CAT,DOMESTIC SH,GRAY TABBY,MALE,STRAY,FLD_STRAY,HEALTHY,COUNTY,4.974674880219028,0,0.8660254037844386,0.5000000000000001
DOG,FRENCH BULLDOG,WHITE,MALE,STRAY,OVER THE COUNTER,UNKNOWN,SANTA ROSA,5.002053388090349,0,0.8660254037844386,0.5000000000000001
DOG,PUG,BROWN/BLACK,FEMALE,STRAY,FIELD,UNKNOWN,SANTA ROSA,4.0,0,0.8660254037844386,0.5000000000000001
CAT,DOMESTIC MH,BLACK/WHITE,MALE,STRAY,FIELD,UNKNOWN,SANTA ROSA,1.9411362080766599,0,0.8660254037844386,0.5000000000000001
CAT,__RARE_OR_NEW__,CALICO,FEMALE,CONFISCATE,FLD_HOSPTL,UNKNOWN,COUNTY,0.2518822724161533,1,0.8660254037844386,0.5000000000000001
CAT,DOMESTIC MH,GRAY/WHITE,MALE,CONFISCATE,FLD_HOSPTL,UNKNOWN,COUNTY,0.2518822724161533,1,0.8660254037844386,0.5000000000000001
OTHER,BAT,BLACK,UNKNOWN,QUARANTINE,OVER THE COUNTER,UNKNOWN,SANTA ROSA,1.8986995208761122,1,0.8660254037844386,0.5000000000000001
DOG,PIT BULL,WHITE/BLACK,MALE,OWNER SURRENDER,FIELD,UNKNOWN,COUNTY,0.4243668720054757,0,0.8660254037844386,0.5000000000000001
DOG,SHIH TZU,CREAM,FEMALE,STRAY,OVER THE COUNTER,UNKNOWN,SANTA ROSA,7.997262149212868,0,0.8660254037844386,0.5000000000000001
DOG,__RARE_OR_NEW__,RED,MALE,STRAY,FIELD,UNKNOWN,COUNTY,3.7453798767967146,0,0.8660254037844386,0.5000000000000001
DOG,BELG MALINOIS,TAN/BLACK,FEMALE,STRAY,FIELD,UNKNOWN,SANTA ROSA,0.7638603696098563,0,0.8660254037844386,0.5000000000000001
DOG,BELG MALINOIS,TAN/BLACK,MALE,STRAY,FIELD,HEALTHY,SANTA ROSA,0.22176591375770022,0,0.8660254037844386,0.5000000000000001
CAT,DOMESTIC SH,BRN TABBY,FEMALE,STRAY,OVER THE COUNTER,HEALTHY,SANTA ROSA,0.9363449691991786,0,0.8660254037844386,0.5000000000000001
CAT,DOMESTIC SH,BRN TABBY/WHITE,MALE,STRAY,OVER THE COUNTER,HEALTHY,SANTA ROSA,0.5667351129363449,0,0.8660254037844386,0.5000000000000001
OTHER,BAT,BROWN,UNKNOWN,STRAY,FIELD,UNKNOWN,PETALUMA,1.8986995208761122,1,0.8660254037844386,0.5000000000000001
OTHER,CHICKEN,RED,FEMALE,STRAY,FIELD,UNKNOWN,SANTA ROSA,1.8986995208761122,1,0.8660254037844386,0.5000000000000001
DOG,SIBERIAN HUSKY,WHITE/BLACK,FEMALE,STRAY,FIELD,HEALTHY,COUNTY,2.001368925393566,0,0.8660254037844386,0.5000000000000001
DOG,SIBERIAN HUSKY,BLACK/BROWN,MALE,STRAY,FIELD,HEALTHY,COUNTY,0.2464065708418891,0,0.8660254037844386,0.5000000000000001
DOG,GREAT PYRENEES,WHITE,FEMALE,STRAY,FIELD,UNKNOWN,COUNTY,0.4462696783025325,0,0.8660254037844386,0.5000000000000001
DOG,GREAT PYRENEES,WHITE,FEMALE,STRAY,FIELD,UNKNOWN,COUNTY,0.4462696783025325,0,0.8660254037844386,0.5000000000000001
DOG,__RARE_OR_NEW__,RED,FEMALE,STRAY,OVER THE COUNTER,UNKNOWN,SANTA ROSA,9.00205338809035,0,0.8660254037844386,0.5000000000000001
DOG,LABRADOR RETR/MIX,BLACK/WHITE,MALE,STRAY,FIELD,UNKNOWN,SANTA ROSA,0.4654346338124572,0,0.8660254037844386,0.5000000000000001
DOG,LABRADOR RETR/MIX,BLACK/WHITE,MALE,STRAY,FIELD,UNKNOWN,SANTA ROSA,0.4654346338124572,0,0.8660254037844386,0.5000000000000001
DOG,PIT BULL/MIX,RED/WHITE,FEMALE,STRAY,FIELD,UNKNOWN,SANTA ROSA,2.001368925393566,1,0.8660254037844386,0.5000000000000001
DOG,SIBERIAN HUSKY,WHITE/BLACK,MALE,CONFISCATE,FLD_INVEST,UNKNOWN,SANTA ROSA,2.516084873374401,0,0.8660254037844386,0.5000000000000001
DOG,SIBERIAN HUSKY,WHITE/BLACK,FEMALE,CONFISCATE,FLD_INVEST,UNKNOWN,SANTA ROSA,2.3627652292950034,0,0.8660254037844386,0.5000000000000001
DOG,PIT BULL/MIX,BL BRINDLE,FEMALE,STRAY,OVER THE COUNTER,UNKNOWN,SANTA ROSA,1.002053388090349,0,0.8660254037844386,0.5000000000000001
DOG,PIT BULL/MIX,BR BRINDLE/WHITE,FEMALE,STRAY,OVER THE COUNTER,UNKNOWN,SANTA ROSA,2.001368925393566,0,0.8660254037844386,0.5000000000000001
DOG,GERM SHEPHERD,TRICOLOR,FEMALE,STRAY,OVER THE COUNTER,UNKNOWN,SANTA ROSA,1.002053388090349,0,0.8660254037844386,0.5000000000000001
DOG,PIT BULL/MIX,CHOCOLATE/WHITE,MALE,ADOPTION RETURN,OVER THE COUNTER,UNKNOWN,COUNTY,1.1827515400410678,0,0.8660254037844386,0.5000000000000001
DOG,PIT BULL,WHITE/BROWN,FEMALE,STRAY,FLD_STRAY,UNKNOWN,SANTA ROSA,2.001368925393566,1,0.8660254037844386,0.5000000000000001
DOG,PIT BULL,BLACK/WHITE,FEMALE,STRAY,FLD_STRAY,UNKNOWN,SANTA ROSA,0.0027378507871321013,0,0.8660254037844386,0.5000000000000001
DOG,PIT BULL,BLACK/WHITE,MALE,STRAY,FLD_STRAY,UNKNOWN,SANTA ROSA,2.001368925393566,1,0.8660254037844386,0.5000000000000001
DOG,PIT BULL,BLACK/WHITE,FEMALE,STRAY,FLD_STRAY,UNKNOWN,SANTA ROSA,2.001368925393566,1,0.8660254037844386,0.5000000000000001
DOG,PIT BULL,BLACK/WHITE,FEMALE,STRAY,FLD_STRAY,UNKNOWN,SANTA ROSA,2.001368925393566,1,0.8660254037844386,0.5000000000000001
DOG,PIT BULL,TAN/WHITE,MALE,STRAY,FLD_STRAY,UNKNOWN,SANTA ROSA,2.001368925393566,1,0.8660254037844386,0.5000000000000001
DOG,PIT BULL,WHITE/BLACK,MALE,STRAY,FLD_STRAY,UNKNOWN,SANTA ROSA,2.001368925393566,1,0.8660254037844386,0.5000000000000001
DOG,PIT BULL,TAN,FEMALE,STRAY,FLD_STRAY,UNKNOWN,SANTA ROSA,2.001368925393566,1,0.8660254037844386,0.5000000000000001
DOG,PIT BULL,TAN/WHITE,MALE,STRAY,FLD_STRAY,UNKNOWN,SANTA ROSA,2.001368925393566,1,0.8660254037844386,0.5000000000000001
DOG,CHIHUAHUA SH,TAN,MALE,STRAY,FIELD,UNKNOWN,SANTA ROSA,9.998631074606434,0,0.8660254037844386,0.5000000000000001
DOG,PIT BULL,WHITE/BLACK,MALE,STRAY,FLD_STRAY,UNKNOWN,SANTA ROSA,2.001368925393566,1,0.8660254037844386,0.5000000000000001
DOG,CHIHUAHUA SH,BROWN,MALE,STRAY,OVER THE COUNTER,UNKNOWN,COUNTY,15.912388774811772,0,0.8660254037844386,0.5000000000000001
DOG,PIT BULL/MIX,BROWN,MALE,CONFISCATE,FLD_ARREST,UNKNOWN,SANTA ROSA,2.9322381930184807,0,0.8660254037844386,0.5000000000000001
DOG,SIBERIAN HUSKY,BLACK/WHITE,MALE,STRAY,FIELD,UNKNOWN,SANTA ROSA,1.514031485284052,0,0.8660254037844386,0.5000000000000001
DOG,SIBERIAN HUSKY,BLACK/WHITE,MALE,STRAY,FIELD,UNKNOWN,HEALDSBURG,1.4976043805612593,0,0.8660254037844386,0.5000000000000001
CAT,SIAMESE/MIX,__RARE_OR_NEW__,MALE,STRAY,OVER THE COUNTER,HEALTHY,COUNTY,1.002053388090349,0,0.8660254037844386,0.5000000000000001
CAT,DOMESTIC SH,ORG TABBY,FEMALE,STRAY,FIELD,UNKNOWN,SANTA ROSA,1.4976043805612593,0,0.8660254037844386,0.5000000000000001
CAT,DOMESTIC SH,ORG TABBY,MALE,STRAY,FIELD,HEALTHY,SANTA ROSA,0.0,0,0.8660254037844386,0.5000000000000001
CAT,DOMESTIC SH,BRN TABBY/TORTIE,FEMALE,STRAY,FIELD,UNKNOWN,SANTA ROSA,0.0,0,0.8660254037844386,0.5000000000000001
CAT,DOMESTIC SH,__RARE_OR_NEW__,FEMALE,STRAY,FIELD,UNKNOWN,SANTA ROSA,0.0,0,0.8660254037844386,0.5000000000000001
DOG,__RARE_OR_NEW__,RED,MALE,STRAY,FIELD,UNKNOWN,COUNTY,2.001368925393566,1,0.8660254037844386,0.5000000000000001
CAT,DOMESTIC SH,__RARE_OR_NEW__,FEMALE,STRAY,OVER THE COUNTER,HEALTHY,COUNTY,2.001368925393566,0,0.8660254037844386,0.5000000000000001
CAT,DOMESTIC SH,TORTIE,FEMALE,STRAY,OVER THE COUNTER,UNKNOWN,SANTA ROSA,1.002053388090349,0,0.8660254037844386,0.5000000000000001
CAT,DOMESTIC SH,ORG TABBY,UNKNOWN,STRAY,OVER THE COUNTER,UNKNOWN,SANTA ROSA,0.010951403148528405,0,0.8660254037844386,0.5000000000000001
CAT,DOMESTIC SH,ORG TABBY,UNKNOWN,STRAY,OVER THE COUNTER,UNKNOWN,SANTA ROSA,0.010951403148528405,0,0.8660254037844386,0.5000000000000001
CAT,DOMESTIC SH,ORG TABBY,UNKNOWN,STRAY,OVER THE COUNTER,UNKNOWN,SANTA ROSA,0.010951403148528405,0,0.8660254037844386,0.5000000000000001
CAT,DOMESTIC SH,__RARE_OR_NEW__,UNKNOWN,STRAY,OVER THE COUNTER,UNKNOWN,SANTA ROSA,0.010951403148528405,0,0.8660254037844386,0.5000000000000001
DOG,GERM SHEPHERD,BLACK/BROWN,MALE,STRAY,OVER THE COUNTER,UNKNOWN,COUNTY,1.002053388090349,0,0.8660254037844386,0.5000000000000001
DOG,DOBERMAN PINSCH,BLACK/TAN,MALE,STRAY,OVER THE COUNTER,UNKNOWN,SANTA ROSA,1.002053388090349,0,0.8660254037844386,0.5000000000000001
DOG,DOBERMAN PINSCH,BLACK/TAN,MALE,STRAY,OVER THE COUNTER,UNKNOWN,SANTA ROSA,1.943874058863792,0,0.8660254037844386,0.5000000000000001
DOG,__RARE_OR_NEW__,BROWN,FEMALE,STRAY,FIELD,UNKNOWN,COUNTY,2.001368925393566,1,0.8660254037844386,0.5000000000000001
DOG,__RARE_OR_NEW__,WHITE/BLACK,MALE,STRAY,FIELD,UNKNOWN,SANTA ROSA,14.461327857631758,0,0.8660254037844386,0.5000000000000001
CAT,DOMESTIC SH,BLACK/WHITE,FEMALE,STRAY,OVER THE COUNTER,HEALTHY,COUNTY,0.2518822724161533,1,0.8660254037844386,0.5000000000000001
CAT,DOMESTIC SH,GRAY,UNKNOWN,STRAY,OVER THE COUNTER,UNKNOWN,COUNTY,0.008213552361396304,0,0.8660254037844386,0.5000000000000001
CAT,DOMESTIC SH,GRAY,UNKNOWN,STRAY,OVER THE COUNTER,UNKNOWN,COUNTY,0.008213552361396304,0,0.8660254037844386,0.5000000000000001
CAT,DOMESTIC SH,GRAY,UNKNOWN,STRAY,OVER THE COUNTER,UNKNOWN,COUNTY,0.008213552361396304,0,0.8660254037844386,0.5000000000000001
CAT,DOMESTIC SH,GRAY,UNKNOWN,STRAY,OVER THE COUNTER,UNKNOWN,COUNTY,0.008213552361396304,0,0.8660254037844386,0.5000000000000001
CAT,DOMESTIC SH,GRAY,UNKNOWN,STRAY,OVER THE COUNTER,UNKNOWN,COUNTY,0.008213552361396304,0,0.8660254037844386,0.5000000000000001
CAT,DOMESTIC SH,GRAY,UNKNOWN,STRAY,OVER THE COUNTER,UNKNOWN,COUNTY,0.008213552361396304,0,0.8660254037844386,0.5000000000000001
OTHER,BAT,BROWN,UNKNOWN,QUARANTINE,OVER THE COUNTER,UNKNOWN,COUNTY,1.8986995208761122,1,0.8660254037844386,0.5000000000000001
DOG,YORKSHIRE TERR/MIX,BLACK/TAN,FEMALE,STRAY,OVER THE COUNTER,UNKNOWN,COUNTY,16.079397672826833,0,0.8660254037844386,0.5000000000000001
DOG,__RARE_OR_NEW__,BLACK/WHITE,MALE,CONFISCATE,FLD_INVEST,UNKNOWN,COUNTY,2.8993839835728954,0,0.8660254037844386,0.5000000000000001
DOG,CHIHUAHUA SH/MIX,TRICOLOR,MALE,STRAY,OVER THE COUNTER,UNKNOWN,SANTA ROSA,15.31006160164271,0,0.8660254037844386,0.5000000000000001
DOG,YORKSHIRE TERR/MIX,BLACK/BROWN,FEMALE,CONFISCATE,FLD_HOSPTL,UNKNOWN,SANTA ROSA,4.8405201916495555,0,0.8660254037844386,0.5000000000000001
DOG,__RARE_OR_NEW__,GRAY/WHITE,FEMALE,CONFISCATE,FLD_HOSPTL,UNKNOWN,SANTA ROSA,2.001368925393566,0,0.8660254037844386,0.5000000000000001
CAT,DOMESTIC SH,TORTIE,FEMALE,CONFISCATE,FLD_HOSPTL,UNKNOWN,SANTA ROSA,1.9575633127994525,0,0.8660254037844386,0.5000000000000001
CAT,DOMESTIC SH,BLACK/WHITE,UNKNOWN,STRAY,FIELD,UNKNOWN,SANTA ROSA,0.2518822724161533,1,0.8660254037844386,0.5000000000000001
DOG,GREAT PYRENEES,WHITE,MALE,STRAY,FIELD,UNKNOWN,COUNTY,1.9931553730321698,0,0.8660254037844386,0.5000000000000001
DOG,GREAT PYRENEES,WHITE,FEMALE,STRAY,FIELD,UNKNOWN,COUNTY,1.9931553730321698,0,0.8660254037844386,0.5000000000000001
DOG,SIBERIAN HUSKY,RED/WHITE,MALE,QUARANTINE,FIELD,UNKNOWN,SANTA ROSA,2.001368925393566,1,0.8660254037844386,0.5000000000000001
DOG,GREAT PYRENEES/MIX,WHITE/CREAM,FEMALE,STRAY,FIELD,UNKNOWN,COUNTY,1.919233401779603,0,0.8660254037844386,0.5000000000000001
DOG,PARSON RUSS TER/MIX,BROWN/WHITE,MALE,STRAY,FIELD,UNKNOWN,SANTA ROSA,8.380561259411362,0,0.8660254037844386,0.5000000000000001
DOG,YORKSHIRE TERR/MIX,TAN,FEMALE,CONFISCATE,FLD_HOSPTL,UNKNOWN,COUNTY,2.001368925393566,1,0.8660254037844386,0.5000000000000001
OTHER,__RARE_OR_NEW__,__RARE_OR_NEW__,MALE,CONFISCATE,FLD_HOSPTL,UNKNOWN,COUNTY,1.8986995208761122,1,0.8660254037844386,0.5000000000000001
DOG,PIT BULL,TAN/WHITE,MALE,CONFISCATE,FLD_HOSPTL,UNKNOWN,COUNTY,2.001368925393566,1,0.8660254037844386,0.5000000000000001
DOG,CHIHUAHUA SH/MIX,BLACK/TAN,FEMALE,CONFISCATE,FLD_HOSPTL,UNKNOWN,COUNTY,2.001368925393566,1,0.8660254037844386,0.5000000000000001
CAT,DOMESTIC SH,GRAY/WHITE,FEMALE,CONFISCATE,FLD_HOSPTL,UNKNOWN,SANTA ROSA,0.2518822724161533,1,0.8660254037844386,0.5000000000000001
DOG,GERM SHEPHERD,TAN/BLACK,MALE,STRAY,FIELD,UNKNOWN,SANTA ROSA,0.3723477070499658,0,0.8660254037844386,0.5000000000000001
DOG,__RARE_OR_NEW__,GOLD,FEMALE,STRAY,FIELD,UNKNOWN,SANTA ROSA,0.3723477070499658,0,0.8660254037844386,0.5000000000000001
DOG,__RARE_OR_NEW__,BLACK/WHITE,MALE,OWNER SURRENDER,OVER THE COUNTER,UNKNOWN,COUNTY,2.9075975359342916,0,0.8660254037844386,0.5000000000000001
DOG,LABRADOR RETR/MIX,CHOCOLATE,MALE,STRAY,FIELD,UNKNOWN,COUNTY,1.5195071868583163,0,0.8660254037844386,0.5000000000000001
OTHER,GUINEA PIG,BLACK/WHITE,MALE,STRAY,FLD_STRAY,UNKNOWN,SANTA ROSA,1.8986995208761122,1,0.8660254037844386,0.5000000000000001
OTHER,GUINEA PIG,BROWN/WHITE,FEMALE,STRAY,FLD_STRAY,UNKNOWN,SANTA ROSA,1.8986995208761122,1,0.8660254037844386,0.5000000000000001
DOG,__RARE_OR_NEW__,TAN/WHITE,MALE,STRAY,FLD_STRAY,UNKNOWN,SANTA ROSA,2.91854893908282,0,0.8660254037844386,0.5000000000000001
DOG,GERM SHEPHERD,BROWN/BLACK,MALE,STRAY,FLD_STRAY,UNKNOWN,COUNTY,4.0,0,0.8660254037844386,0.5000000000000001
DOG,PIT BULL,BLACK/WHITE,MALE,STRAY,FIELD,HEALTHY,SANTA ROSA,2.2477754962354553,0,0.8660254037844386,0.5000000000000001
DOG,ROTTWEILER/MIX,__RARE_OR_NEW__,FEMALE,STRAY,FIELD,UNKNOWN,SANTA ROSA,0.33127994524298426,0,0.8660254037844386,0.5000000000000001
DOG,CHIHUAHUA SH,WHITE/BROWN,FEMALE,STRAY,OVER THE COUNTER,UNKNOWN,SANTA ROSA,2.001368925393566,1,0.8660254037844386,0.5000000000000001
CAT,DOMESTIC SH,WHITE/BLACK,UNKNOWN,STRAY,OVER THE COUNTER,UNKNOWN,COUNTY,0.2518822724161533,1,0.8660254037844386,0.5000000000000001
CAT,DOMESTIC SH,WHITE/BLACK,UNKNOWN,STRAY,OVER THE COUNTER,UNKNOWN,COUNTY,0.2518822724161533,1,0.8660254037844386,0.5000000000000001
DOG,PIT BULL/MIX,BR BRINDLE,MALE,CONFISCATE,FIELD,UNKNOWN,COUNTY,1.267624914442163,0,0.8660254037844386,0.5000000000000001
DOG,__RARE_OR_NEW__,BROWN,FEMALE,OWNER SURRENDER,FIELD,UNKNOWN,OUT OF COUNTY,2.001368925393566,1,0.8660254037844386,0.5000000000000001
CAT,DOMESTIC SH,GRAY,FEMALE,STRAY,OVER THE COUNTER,UNKNOWN,COUNTY,0.32306639288158795,0,0.8660254037844386,0.5000000000000001
DOG,PIT BULL,BLACK/WHITE,FEMALE,STRAY,OVER THE COUNTER,UNKNOWN,SANTA ROSA,2.001368925393566,0,0.8660254037844386,0.5000000000000001
DOG,PIT BULL,BLACK/WHITE,FEMALE,STRAY,OVER THE COUNTER,UNKNOWN,SANTA ROSA,2.001368925393566,0,0.8660254037844386,0.5000000000000001
DOG,PIT BULL,BROWN,MALE,CONFISCATE,FLD_ARREST,UNKNOWN,SANTA ROSA,5.136208076659822,0,0.8660254037844386,0.5000000000000001
DOG,BELG MALINOIS,TAN,MALE,STRAY,FIELD,UNKNOWN,COUNTY,2.001368925393566,1,0.8660254037844386,0.5000000000000001
DOG,LABRADOR RETR/MIX,TAN/BLACK,MALE,OWNER SURRENDER,OVER THE COUNTER,HEALTHY,SANTA ROSA,0.35044490075290896,0,0.8660254037844386,0.5000000000000001
DOG,GREAT PYRENEES,WHITE,FEMALE,ADOPTION RETURN,OVER THE COUNTER,HEALTHY,COUNTY,4.654346338124572,0,0.8660254037844386,0.5000000000000001
CAT,DOMESTIC SH,GRAY TABBY,FEMALE,STRAY,FIELD,HEALTHY,SANTA ROSA,2.2559890485968515,0,0.8660254037844386,0.5000000000000001
DOG,PIT BULL,BLACK/WHITE,MALE,STRAY,FLD_STRAY,UNKNOWN,SANTA ROSA,3.9616700889801506,0,0.8660254037844386,0.5000000000000001
DOG,PIT BULL,GRAY,FEMALE,STRAY,FLD_STRAY,UNKNOWN,SANTA ROSA,1.3579739904175223,0,0.8660254037844386,0.5000000000000001
DOG,__RARE_OR_NEW__,BLACK/WHITE,FEMALE,STRAY,OVER THE COUNTER,HEALTHY,SANTA ROSA,6.0013689253935665,0,0.8660254037844386,0.5000000000000001
CAT,SIAMESE/MIX,FLAME PT,FEMALE,STRAY,OVER THE COUNTER,HEALTHY,COUNTY,8.999315537303216,0,0.8660254037844386,0.5000000000000001
OTHER,BAT,BROWN,UNKNOWN,QUARANTINE,FIELD,UNKNOWN,COUNTY,1.8986995208761122,1,0.8660254037844386,0.5000000000000001
CAT,DOMESTIC SH,CALICO,FEMALE,STRAY,OVER THE COUNTER,UNKNOWN,COUNTY,8.0,0,0.8660254037844386,0.5000000000000001
DOG,AUST CATTLE DOG,__RARE_OR_NEW__,MALE,CONFISCATE,FIELD,UNKNOWN,COUNTY,2.9295003422313486,0,0.8660254037844386,0.5000000000000001
DOG,AUST CATTLE DOG,__RARE_OR_NEW__,MALE,CONFISCATE,FIELD,UNKNOWN,COUNTY,1.8069815195071868,0,0.8660254037844386,0.5000000000000001
DOG,__RARE_OR_NEW__,GRAY/WHITE,MALE,OWNER SURRENDER,FIELD,HEALTHY,COUNTY,1.3963039014373717,0,0.8660254037844386,0.5000000000000001
DOG,PIT BULL,GRAY/WHITE,MALE,STRAY,FIELD,UNKNOWN,SANTA ROSA,5.932922655715264,0,0.8660254037844386,0.5000000000000001
OTHER,HORSE,WHITE,MALE,CONFISCATE,FLD_CRUEL,UNKNOWN,COUNTY,1.8986995208761122,1,0.8660254037844386,0.5000000000000001
OTHER,HORSE,BROWN,MALE,CONFISCATE,FLD_CRUEL,UNKNOWN,COUNTY,9.96851471594798,0,0.8660254037844386,0.5000000000000001
OTHER,HORSE,BROWN,FEMALE,CONFISCATE,FLD_CRUEL,UNKNOWN,COUNTY,3.9671457905544147,0,0.8660254037844386,0.5000000000000001
OTHER,HORSE,BROWN/WHITE,FEMALE,CONFISCATE,FLD_CRUEL,UNKNOWN,COUNTY,1.8986995208761122,1,0.8660254037844386,0.5000000000000001
DOG,MALTESE,BLACK,FEMALE,STRAY,OVER THE COUNTER,UNKNOWN,COUNTY,2.9349760438056127,0,0.8660254037844386,0.5000000000000001
DOG,__RARE_OR_NEW__,CREAM/WHITE,MALE,STRAY,OVER THE COUNTER,UNKNOWN,COUNTY,2.951403148528405,0,0.8660254037844386,0.5000000000000001
CAT,DOMESTIC SH,BRN TABBY,MALE,STRAY,FIELD,UNKNOWN,COUNTY,0.2518822724161533,1,0.8660254037844386,0.5000000000000001
DOG,__RARE_OR_NEW__,BLACK/WHITE,MALE,STRAY,OVER THE COUNTER,UNKNOWN,COUNTY,8.908966461327857,0,0.8660254037844386,0.5000000000000001
OTHER,RABBIT SH,WHITE,MALE,STRAY,FLD_STRAY,HEALTHY,SANTA ROSA,1.1444216290212184,0,0.8660254037844386,0.5000000000000001
DOG,PIT BULL,BR BRINDLE/WHITE,MALE,STRAY,OVER THE COUNTER,UNKNOWN,COUNTY,2.001368925393566,1,0.8660254037844386,0.5000000000000001
DOG,PIT BULL,BR BRINDLE/WHITE,MALE,STRAY,FLD_STRAY,UNKNOWN,COUNTY,7.657768651608487,0,0.8660254037844386,0.5000000000000001
DOG,GERM SHEPHERD/MIX,BROWN/BLACK,FEMALE,STRAY,FLD_STRAY,HEALTHY,COUNTY,1.8535249828884326,0,0.8660254037844386,0.5000000000000001
DOG,__RARE_OR_NEW__,CREAM,FEMALE,STRAY,OVER THE COUNTER,UNKNOWN,SANTA ROSA,5.952087611225188,0,0.8660254037844386,0.5000000000000001
OTHER,BAT,BROWN,UNKNOWN,QUARANTINE,FIELD,UNKNOWN,COUNTY,1.8986995208761122,1,0.8660254037844386,0.5000000000000001
CAT,DOMESTIC SH,TORTIE/BRN TABBY,FEMALE,STRAY,FIELD,UNKNOWN,SANTA ROSA,2.001368925393566,0,0.8660254037844386,0.5000000000000001
CAT,DOMESTIC SH,ORANGE,FEMALE,STRAY,FIELD,UNKNOWN,SANTA ROSA,0.008213552361396304,0,0.8660254037844386,0.5000000000000001
CAT,DOMESTIC SH,ORANGE,MALE,STRAY,FIELD,UNKNOWN,SANTA ROSA,0.008213552361396304,0,0.8660254037844386,0.5000000000000001
CAT,DOMESTIC SH,BRN TABBY/TORTIE,FEMALE,STRAY,FIELD,UNKNOWN,SANTA ROSA,0.008213552361396304,0,0.8660254037844386,0.5000000000000001
CAT,DOMESTIC SH,BLACK,MALE,STRAY,FIELD,UNKNOWN,SANTA ROSA,0.008213552361396304,0,0.8660254037844386,0.5000000000000001
DOG,PIT BULL/MIX,BLACK/WHITE,MALE,CONFISCATE,FLD_ARREST,UNKNOWN,SANTA ROSA,4.0,0,0.8660254037844386,0.5000000000000001
DOG,PIT BULL/MIX,BLACK/WHITE,MALE,CONFISCATE,FLD_ARREST,UNKNOWN,SANTA ROSA,5.002053388090349,0,0.8660254037844386,0.5000000000000001
DOG,GERM SHEPHERD,TAN/BLACK,MALE,STRAY,FLD_STRAY,UNKNOWN,SANTA ROSA,0.6899383983572895,0,0.8660254037844386,0.5000000000000001
DOG,__RARE_OR_NEW__,WHITE/BLACK,MALE,STRAY,FLD_STRAY,UNKNOWN,COUNTY,7.342915811088296,0,0.8660254037844386,0.5000000000000001
DOG,SHIH TZU,TAN,FEMALE,STRAY,OVER THE COUNTER,UNKNOWN,COUNTY,9.834360027378509,0,0.8660254037844386,0.5000000000000001
DOG,LABRADOR RETR/MIX,TAN/WHITE,FEMALE,STRAY,OVER THE COUNTER,UNKNOWN,COUNTY,0.7501711156741958,0,0.8660254037844386,0.5000000000000001
DOG,BORDER COLLIE,BROWN/WHITE,FEMALE,STRAY,OVER THE COUNTER,UNKNOWN,SANTA ROSA,1.9164955509924708,0,0.8660254037844386,0.5000000000000001
DOG,CHIHUAHUA SH,BLACK/WHITE,FEMALE,CONFISCATE,FLD_HOSPTL,UNKNOWN,SANTA ROSA,2.3655030800821355,0,0.8660254037844386,0.5000000000000001
DOG,CHIHUAHUA SH,WHITE/TAN,FEMALE,CONFISCATE,FLD_HOSPTL,UNKNOWN,SANTA ROSA,2.3655030800821355,0,0.8660254037844386,0.5000000000000001
DOG,LABRADOR RETR/MIX,TAN/BLACK,FEMALE,OWNER SURRENDER,OVER THE COUNTER,HEALTHY,SANTA ROSA,0.46269678302532513,0,0.8660254037844386,0.5000000000000001
DOG,SIBERIAN HUSKY,WHITE,MALE,QUARANTINE,FIELD,UNKNOWN,SANTA ROSA,3.0061601642710474,0,0.8660254037844386,0.5000000000000001
DOG,CHIHUAHUA SH/MIX,WHITE/BLACK,MALE,STRAY,FLD_STRAY,UNKNOWN,SANTA ROSA,10.904859685147159,0,0.8660254037844386,0.5000000000000001
DOG,CHIHUAHUA SH/MIX,BROWN/WHITE,MALE,STRAY,FLD_STRAY,HEALTHY,SANTA ROSA,2.001368925393566,0,0.8660254037844386,0.5000000000000001
OTHER,CHICKEN,RED/BLACK,MALE,CONFISCATE,FLD_ABAND,UNKNOWN,SANTA ROSA,1.8986995208761122,1,0.8660254037844386,0.5000000000000001
OTHER,CHICKEN,BLACK,FEMALE,CONFISCATE,FLD_ABAND,UNKNOWN,SANTA ROSA,1.8986995208761122,1,0.8660254037844386,0.5000000000000001
OTHER,CHICKEN,BLACK,FEMALE,CONFISCATE,FLD_ABAND,UNKNOWN,SANTA ROSA,1.8986995208761122,1,0.8660254037844386,0.5000000000000001
OTHER,CHICKEN,BLACK,FEMALE,CONFISCATE,FLD_ABAND,UNKNOWN,SANTA ROSA,1.8986995208761122,1,0.8660254037844386,0.5000000000000001
OTHER,CHICKEN,BLACK,FEMALE,CONFISCATE,FLD_ABAND,UNKNOWN,SANTA ROSA,1.8986995208761122,1,0.8660254037844386,0.5000000000000001
DOG,__RARE_OR_NEW__,BLACK/WHITE,FEMALE,STRAY,OVER THE COUNTER,UNKNOWN,SANTA ROSA,1.1690622861054072,0,0.8660254037844386,0.5000000000000001
DOG,CHIHUAHUA SH/MIX,BROWN/BLACK,MALE,STRAY,FIELD,UNKNOWN,SANTA ROSA,10.001368925393566,0,0.8660254037844386,0.5000000000000001
CAT,DOMESTIC SH,GRAY TABBY,FEMALE,STRAY,FIELD,HEALTHY,SANTA ROSA,3.997262149212868,0,0.8660254037844386,0.5000000000000001
CAT,DOMESTIC SH,BLACK,FEMALE,STRAY,FIELD,UNKNOWN,SANTA ROSA,4.908966461327857,0,0.8660254037844386,0.5000000000000001
CAT,DOMESTIC SH,BLACK,MALE,STRAY,FIELD,HEALTHY,SANTA ROSA,1.9329226557152634,0,0.8660254037844386,0.5000000000000001
DOG,AUST CATTLE DOG,__RARE_OR_NEW__,MALE,OWNER SURRENDER,FIELD,UNKNOWN,COUNTY,1.8234086242299794,0,0.8660254037844386,0.5000000000000001
OTHER,HORSE,BROWN,MALE,OWNER SURRENDER,FIELD,UNKNOWN,COUNTY,9.984941820670773,0,0.8660254037844386,0.5000000000000001
DOG,AUST CATTLE DOG,__RARE_OR_NEW__,MALE,OWNER SURRENDER,FIELD,HEALTHY,COUNTY,2.945927446954141,0,0.8660254037844386,0.5000000000000001
OTHER,HORSE,BROWN,FEMALE,OWNER SURRENDER,FIELD,UNKNOWN,COUNTY,3.9835728952772076,0,0.8660254037844386,0.5000000000000001
OTHER,HORSE,WHITE,MALE,OWNER SURRENDER,FIELD,UNKNOWN,COUNTY,1.8986995208761122,1,0.8660254037844386,0.5000000000000001
DOG,PIT BULL,__RARE_OR_NEW__,FEMALE,STRAY,OVER THE COUNTER,UNKNOWN,COUNTY,2.001368925393566,1,0.8660254037844386,0.5000000000000001
CAT,DOMESTIC LH,GRAY,MALE,STRAY,OVER THE COUNTER,UNKNOWN,COUNTY,3.0006844626967832,0,0.8660254037844386,0.5000000000000001
DOG,AUST CATTLE DOG,BLUE MERLE,MALE,CONFISCATE,FLD_ARREST,UNKNOWN,SANTA ROSA,7.268993839835729,0,0.8660254037844386,0.5000000000000001
DOG,AUST CATTLE DOG,BROWN/BLACK,MALE,CONFISCATE,FLD_ARREST,UNKNOWN,SANTA ROSA,1.002053388090349,0,0.8660254037844386,0.5000000000000001
OTHER,BAT,BROWN,UNKNOWN,QUARANTINE,FIELD,UNKNOWN,COUNTY,1.8986995208761122,1,0.8660254037844386,0.5000000000000001
DOG,GERM SHEPHERD/MIX,TAN,MALE,STRAY,FIELD,UNKNOWN,*SONOMA,4.0,0,0.8660254037844386,0.5000000000000001
DOG,PARSON RUSS TER,WHITE/BROWN,MALE,STRAY,OVER THE COUNTER,UNKNOWN,SANTA ROSA,9.869952087611225,0,0.8660254037844386,0.5000000000000001
DOG,GERM SHEPHERD,BLACK/TAN,FEMALE,QUARANTINE,FIELD,UNKNOWN,COUNTY,11.055441478439425,0,0.8660254037844386,0.5000000000000001
CAT,DOMESTIC SH,BLACK/WHITE,FEMALE,STRAY,OVER THE COUNTER,UNTREATABLE,SANTA ROSA,0.2518822724161533,1,0.8660254037844386,0.5000000000000001
DOG,__RARE_OR_NEW__,TAN/WHITE,MALE,STRAY,FIELD,UNKNOWN,COUNTY,11.62217659137577,0,0.8660254037844386,0.5000000000000001
CAT,DOMESTIC SH,BLACK,UNKNOWN,STRAY,FIELD,UNKNOWN,COUNTY,0.2518822724161533,1,1.0,6.123233995736766e-17
DOG,GERM SHEPHERD,BLACK/BROWN,MALE,STRAY,FIELD,UNKNOWN,SANTA ROSA,10.620123203285422,0,1.0,6.123233995736766e-17
DOG,DOBERMAN PINSCH,BLACK/BROWN,FEMALE,STRAY,FIELD,UNKNOWN,SANTA ROSA,0.9691991786447639,0,1.0,6.123233995736766e-17
DOG,BORDER COLLIE,BLACK/WHITE,MALE,QUARANTINE,FIELD,UNKNOWN,*ROHNERT PARK,2.001368925393566,1,1.0,6.123233995736766e-17
DOG,__RARE_OR_NEW__,TAN,MALE,STRAY,FIELD,UNKNOWN,SANTA ROSA,2.001368925393566,1,1.0,6.123233995736766e-17
DOG,PIT BULL,RED/WHITE,MALE,STRAY,FIELD,UNKNOWN,SANTA ROSA,2.001368925393566,1,1.0,6.123233995736766e-17
DOG,GERM SHEPHERD/MIX,TRICOLOR,FEMALE,STRAY,FIELD,HEALTHY,COUNTY,0.2299794661190965,0,1.0,6.123233995736766e-17
OTHER,RABBIT SH,BLACK,FEMALE,STRAY,FIELD,HEALTHY,SANTA ROSA,1.9028062970568105,0,1.0,6.123233995736766e-17
OTHER,RABBIT SH,BLACK,MALE,STRAY,FIELD,UNKNOWN,SANTA ROSA,1.9028062970568105,0,1.0,6.123233995736766e-17
DOG,PIT BULL/MIX,WHITE/BLACK,FEMALE,STRAY,FIELD,UNKNOWN,COUNTY,4.117727583846681,0,1.0,6.123233995736766e-17
DOG,CHIHUAHUA SH,BLACK,FEMALE,CONFISCATE,FLD_HOSPTL,UNKNOWN,SANTA ROSA,7.811088295687885,0,1.0,6.123233995736766e-17
DOG,__RARE_OR_NEW__,__RARE_OR_NEW__,FEMALE,STRAY,OVER THE COUNTER,UNKNOWN,SANTA ROSA,1.002053388090349,0,1.0,6.123233995736766e-17
DOG,POODLE MIN/MIX,WHITE,FEMALE,STRAY,FLD_STRAY,UNKNOWN,COUNTY,2.001368925393566,1,1.0,6.123233995736766e-17
CAT,DOMESTIC SH,WHITE/CREAM,MALE,STRAY,OVER THE COUNTER,UNKNOWN,SANTA ROSA,0.08487337440109514,0,1.0,6.123233995736766e-17
CAT,DOMESTIC SH,LYNX PT,MALE,STRAY,OVER THE COUNTER,UNKNOWN,SANTA ROSA,0.08487337440109514,0,1.0,6.123233995736766e-17
CAT,DOMESTIC SH,BLACK/WHITE,FEMALE,STRAY,OVER THE COUNTER,UNKNOWN,SANTA ROSA,0.08487337440109514,0,1.0,6.123233995736766e-17
DOG,__RARE_OR_NEW__,TAN/WHITE,FEMALE,STRAY,OVER THE COUNTER,UNKNOWN,COUNTY,2.924024640657084,0,1.0,6.123233995736766e-17
CAT,DOMESTIC SH,__RARE_OR_NEW__,FEMALE,STRAY,OVER THE COUNTER,TREATABLE/MANAGEABLE,SANTA ROSA,0.2518822724161533,1,1.0,6.123233995736766e-17
DOG,SHIH TZU,WHITE,FEMALE,STRAY,FLD_STRAY,UNKNOWN,SANTA ROSA,12.0,0,1.0,6.123233995736766e-17
DOG,POODLE MIN/MIX,WHITE,MALE,STRAY,FLD_STRAY,UNKNOWN,COUNTY,0.7501711156741958,0,1.0,6.123233995736766e-17
CAT,DOMESTIC LH,BLACK,FEMALE,CONFISCATE,FLD_CORONR,UNKNOWN,SANTA ROSA,0.2518822724161533,1,1.0,6.123233995736766e-17
CAT,DOMESTIC SH,BRN TABBY/WHITE,MALE,STRAY,OVER THE COUNTER,HEALTHY,SANTA ROSA,0.38329911019849416,0,1.0,6.123233995736766e-17
DOG,__RARE_OR_NEW__,WHITE/BLACK,MALE,STRAY,OVER THE COUNTER,UNKNOWN,SANTA ROSA,4.0,0,1.0,6.123233995736766e-17
OTHER,CHICKEN,RED,MALE,CONFISCATE,FLD_ABAND,UNKNOWN,SANTA ROSA,1.8986995208761122,1,1.0,6.123233995736766e-17
DOG,PIT BULL/MIX,BLACK/TAN,FEMALE,STRAY,FLD_STRAY,UNKNOWN,COUNTY,2.001368925393566,1,1.0,6.123233995736766e-17
DOG,PIT BULL/MIX,BLACK,MALE,STRAY,FLD_STRAY,UNKNOWN,COUNTY,2.001368925393566,1,1.0,6.123233995736766e-17
OTHER,BAT,BROWN,UNKNOWN,QUARANTINE,FIELD,UNKNOWN,PETALUMA,1.8986995208761122,1,1.0,6.123233995736766e-17
CAT,DOMESTIC SH,BROWN,MALE,CONFISCATE,FLD_ARREST,UNKNOWN,SANTA ROSA,0.2518822724161533,1,1.0,6.123233995736766e-17
DOG,AUST CATTLE DOG/MIX,BLACK/WHITE,MALE,STRAY,OVER THE COUNTER,HEALTHY,SANTA ROSA,0.19164955509924708,0,1.0,6.123233995736766e-17
DOG,DACHSHUND/MIX,TAN/BLACK,MALE,STRAY,FLD_STRAY,UNKNOWN,COUNTY,2.001368925393566,1,1.0,6.123233995736766e-17
CAT,DOMESTIC SH,__RARE_OR_NEW__,MALE,STRAY,FLD_STRAY,UNKNOWN,SANTA ROSA,0.0054757015742642025,0,1.0,6.123233995736766e-17
CAT,DOMESTIC SH,BRN TABBY,MALE,STRAY,FLD_STRAY,UNKNOWN,SANTA ROSA,0.0054757015742642025,0,1.0,6.123233995736766e-17
DOG,__RARE_OR_NEW__,TAN/WHITE,MALE,STRAY,FLD_STRAY,UNKNOWN,SANTA ROSA,2.735112936344969,0,1.0,6.123233995736766e-17
DOG,GERM SHEPHERD/MIX,BROWN,MALE,STRAY,OVER THE COUNTER,UNKNOWN,COUNTY,2.1546885694729636,0,1.0,6.123233995736766e-17
DOG,PIT BULL,TAN,MALE,STRAY,FLD_STRAY,UNKNOWN,SANTA ROSA,2.272416153319644,0,1.0,6.123233995736766e-17
DOG,GERM SHEPHERD/MIX,TRICOLOR,FEMALE,STRAY,FLD_STRAY,HEALTHY,SANTA ROSA,0.6844626967830253,0,1.0,6.123233995736766e-17
DOG,GERM SHEPHERD/MIX,CREAM/WHITE,MALE,STRAY,FLD_STRAY,UNKNOWN,SANTA ROSA,0.6844626967830253,0,1.0,6.123233995736766e-17
DOG,GERM SHEPHERD/MIX,TRICOLOR,MALE,STRAY,FLD_STRAY,UNKNOWN,SANTA ROSA,1.9164955509924708,0,1.0,6.123233995736766e-17
DOG,ROTTWEILER,BLACK/TAN,MALE,CONFISCATE,FLD_ARREST,UNKNOWN,SANTA ROSA,6.992470910335387,0,1.0,6.123233995736766e-17
DOG,PIT BULL,BLACK,MALE,STRAY,FLD_STRAY,UNKNOWN,COUNTY,1.2457221081451062,0,1.0,6.123233995736766e-17
DOG,__RARE_OR_NEW__,TRICOLOR,FEMALE,STRAY,FLD_STRAY,UNKNOWN,SANTA ROSA,10.001368925393566,0,1.0,6.123233995736766e-17
DOG,POODLE MIN/MIX,WHITE,MALE,STRAY,FLD_STRAY,UNKNOWN,SANTA ROSA,12.0,0,1.0,6.123233995736766e-17
DOG,CHIHUAHUA SH/MIX,__RARE_OR_NEW__,MALE,STRAY,FIELD,UNKNOWN,SANTA ROSA,1.998631074606434,0,1.0,6.123233995736766e-17
DOG,SIBERIAN HUSKY,WHITE,FEMALE,CONFISCATE,FLD_ARREST,UNKNOWN,COUNTY,2.9897330595482545,0,1.0,6.123233995736766e-17
DOG,BELG MALINOIS/MIX,BLACK/BROWN,FEMALE,CONFISCATE,FIELD,UNKNOWN,COUNTY,10.075290896646132,0,1.0,6.123233995736766e-17
DOG,__RARE_OR_NEW__,BR BRINDLE/WHITE,MALE,STRAY,FIELD,UNKNOWN,COUNTY,0.459958932238193,0,1.0,6.123233995736766e-17
DOG,__RARE_OR_NEW__,BR BRINDLE/WHITE,MALE,STRAY,FIELD,UNKNOWN,COUNTY,0.459958932238193,0,1.0,6.123233995736766e-17
DOG,__RARE_OR_NEW__,GRAY,FEMALE,STRAY,FLD_STRAY,HEALTHY,SANTA ROSA,1.431895961670089,0,1.0,6.123233995736766e-17
OTHER,__RARE_OR_NEW__,BLUE,MALE,STRAY,OVER THE COUNTER,UNKNOWN,SANTA ROSA,1.8986995208761122,1,1.0,6.123233995736766e-17
DOG,DOBERMAN PINSCH,__RARE_OR_NEW__,FEMALE,STRAY,FIELD,UNKNOWN,SANTA ROSA,2.001368925393566,0,1.0,6.123233995736766e-17
DOG,CHIHUAHUA SH,BLACK/TAN,FEMALE,STRAY,FLD_STRAY,UNKNOWN,COUNTY,2.001368925393566,0,1.0,6.123233995736766e-17
DOG,CHIHUAHUA LH/MIX,BLACK/TAN,FEMALE,STRAY,FLD_STRAY,UNKNOWN,COUNTY,2.001368925393566,0,1.0,6.123233995736766e-17
CAT,DOMESTIC SH,BRN TABBY,FEMALE,OWNER SURRENDER,OVER THE COUNTER,UNKNOWN,SANTA ROSA,10.001368925393566,0,1.0,6.123233995736766e-17
OTHER,BAT,BROWN,UNKNOWN,QUARANTINE,FIELD,UNKNOWN,SANTA ROSA,1.8986995208761122,1,1.0,6.123233995736766e-17
DOG,__RARE_OR_NEW__,BLACK,MALE,CONFISCATE,FLD_ARREST,UNKNOWN,SANTA ROSA,12.438056125941136,0,1.0,6.123233995736766e-17
DOG,PUG,TAN,FEMALE,CONFISCATE,FLD_ARREST,UNKNOWN,SANTA ROSA,1.0184804928131417,0,1.0,6.123233995736766e-17
DOG,YORKSHIRE TERR,BLACK/BROWN,FEMALE,STRAY,FIELD,UNKNOWN,COUNTY,8.394250513347023,0,1.0,6.123233995736766e-17
CAT,DOMESTIC LH,BRN TABBY,MALE,STRAY,FIELD,UNKNOWN,SANTA ROSA,21.99315537303217,0,1.0,6.123233995736766e-17
DOG,__RARE_OR_NEW__,TAN/BLACK,FEMALE,STRAY,FIELD,UNKNOWN,SANTA ROSA,0.2108145106091718,0,1.0,6.123233995736766e-17
CAT,DOMESTIC SH,BRN TABBY,FEMALE,STRAY,OVER THE COUNTER,UNKNOWN,SANTA ROSA,3.0006844626967832,0,1.0,6.123233995736766e-17
CAT,DOMESTIC SH,BRN TABBY,UNKNOWN,STRAY,OVER THE COUNTER,UNKNOWN,SANTA ROSA,0.2518822724161533,1,1.0,6.123233995736766e-17
CAT,DOMESTIC SH,BRN TABBY,UNKNOWN,STRAY,OVER THE COUNTER,UNKNOWN,SANTA ROSA,0.2518822724161533,1,1.0,6.123233995736766e-17
CAT,DOMESTIC SH,ORG TABBY,UNKNOWN,STRAY,OVER THE COUNTER,UNKNOWN,SANTA ROSA,0.2518822724161533,1,1.0,6.123233995736766e-17
CAT,DOMESTIC SH,ORG TABBY,FEMALE,STRAY,OVER THE COUNTER,UNKNOWN,SANTA ROSA,2.001368925393566,0,1.0,6.123233995736766e-17
DOG,CHIHUAHUA SH,TAN,MALE,STRAY,OVER THE COUNTER,HEALTHY,SANTA ROSA,2.001368925393566,0,1.0,6.123233995736766e-17
OTHER,CHICKEN,BLACK,FEMALE,STRAY,FLD_STRAY,UNKNOWN,SANTA ROSA,1.8986995208761122,1,1.0,6.123233995736766e-17
CAT,DOMESTIC SH,GRAY/WHITE,UNKNOWN,STRAY,OVER THE COUNTER,UNKNOWN,SANTA ROSA,0.2518822724161533,1,1.0,6.123233995736766e-17
CAT,DOMESTIC LH,BLACK,UNKNOWN,STRAY,OVER THE COUNTER,UNKNOWN,SANTA ROSA,0.2518822724161533,1,1.0,6.123233995736766e-17
DOG,PIT BULL/MIX,FAWN/WHITE,FEMALE,STRAY,FLD_STRAY,HEALTHY,SANTA ROSA,4.0,0,1.0,6.123233995736766e-17
DOG,ROTTWEILER,BLACK/TAN,MALE,STRAY,FIELD,UNKNOWN,COUNTY,3.9863107460643397,0,1.0,6.123233995736766e-17
DOG,GREAT PYRENEES,BUFF,MALE,ADOPTION RETURN,OVER THE COUNTER,UNKNOWN,SANTA ROSA,1.4976043805612593,0,1.0,6.123233995736766e-17
CAT,DOMESTIC SH,ORG TABBY,FEMALE,STRAY,FIELD,HEALTHY,COUNTY,10.001368925393566,0,1.0,6.123233995736766e-17
DOG,PIT BULL,GRAY,MALE,STRAY,FIELD,HEALTHY,SANTA ROSA,1.002053388090349,0,1.0,6.123233995736766e-17
DOG,__RARE_OR_NEW__,BUFF,FEMALE,CONFISCATE,FLD_HOSPTL,UNKNOWN,COUNTY,7.060917180013689,0,1.0,6.123233995736766e-17
CAT,DOMESTIC MH,CALICO,FEMALE,STRAY,OVER THE COUNTER,HEALTHY,SANTA ROSA,0.1943874058863792,0,1.0,6.123233995736766e-17
CAT,DOMESTIC LH,CALICO,FEMALE,STRAY,OVER THE COUNTER,HEALTHY,SANTA ROSA,0.1943874058863792,0,1.0,6.123233995736766e-17
CAT,DOMESTIC LH,BLACK/WHITE,MALE,STRAY,OVER THE COUNTER,UNKNOWN,SANTA ROSA,0.1943874058863792,0,1.0,6.123233995736766e-17
CAT,DOMESTIC SH,BLACK/WHITE,MALE,STRAY,OVER THE COUNTER,HEALTHY,SANTA ROSA,0.1943874058863792,0,1.0,6.123233995736766e-17
CAT,DOMESTIC SH,BRN TABBY,MALE,STRAY,OVER THE COUNTER,HEALTHY,SANTA ROSA,0.1943874058863792,0,1.0,6.123233995736766e-17
CAT,DOMESTIC SH,BRN TABBY/TORTIE,FEMALE,STRAY,OVER THE COUNTER,HEALTHY,SANTA ROSA,0.1943874058863792,0,1.0,6.123233995736766e-17
DOG,__RARE_OR_NEW__,WHITE/BLACK,FEMALE,STRAY,FLD_STRAY,UNKNOWN,SANTA ROSA,2.001368925393566,0,1.0,6.123233995736766e-17
DOG,AUST CATTLE DOG,__RARE_OR_NEW__,MALE,OWNER SURRENDER,OVER THE COUNTER,UNKNOWN,COUNTY,2.5051334702258727,0,1.0,6.123233995736766e-17
DOG,BEAGLE/MIX,YELLOW,MALE,STRAY,FLD_STRAY,HEALTHY,SANTA ROSA,1.002053388090349,0,1.0,6.123233995736766e-17
CAT,DOMESTIC SH,BLACK/WHITE,MALE,STRAY,FLD_STRAY,TREATABLE/MANAGEABLE,COUNTY,11.835728952772074,0,1.0,6.123233995736766e-17
CAT,DOMESTIC SH,BLACK,UNKNOWN,STRAY,FLD_STRAY,UNKNOWN,SANTA ROSA,0.2518822724161533,1,1.0,6.123233995736766e-17
DOG,SIBERIAN HUSKY,__RARE_OR_NEW__,MALE,STRAY,OVER THE COUNTER,UNKNOWN,SANTA ROSA,4.0,0,1.0,6.123233995736766e-17
DOG,__RARE_OR_NEW__,TAN,MALE,STRAY,OVER THE COUNTER,UNKNOWN,SANTA ROSA,0.33401779603011633,0,1.0,6.123233995736766e-17
CAT,DOMESTIC SH,BLACK/WHITE,UNKNOWN,STRAY,FLD_STRAY,UNKNOWN,SANTA ROSA,0.2518822724161533,1,1.0,6.123233995736766e-17
DOG,SIBERIAN HUSKY,WHITE,MALE,STRAY,FLD_STRAY,UNKNOWN,COUNTY,1.4099931553730323,0,1.0,6.123233995736766e-17
DOG,GERM SHEPHERD,TAN/BLACK,MALE,STRAY,FLD_STRAY,UNKNOWN,SANTA ROSA,2.001368925393566,1,1.0,6.123233995736766e-17
DOG,BELG MALINOIS,TAN/BLACK,MALE,STRAY,FLD_STRAY,UNKNOWN,SANTA ROSA,2.001368925393566,1,1.0,6.123233995736766e-17
DOG,ROTTWEILER,BLACK/BROWN,MALE,STRAY,FLD_STRAY,UNKNOWN,SANTA ROSA,0.4517453798767967,0,1.0,6.123233995736766e-17
CAT,DOMESTIC SH,BLACK,MALE,STRAY,FLD_STRAY,UNKNOWN,SANTA ROSA,0.2518822724161533,1,1.0,6.123233995736766e-17
DOG,PIT BULL/MIX,GRAY/WHITE,MALE,STRAY,FLD_STRAY,UNKNOWN,SANTA ROSA,1.3908281998631074,0,1.0,6.123233995736766e-17
OTHER,__RARE_OR_NEW__,BLACK,UNKNOWN,BORN HERE,MOM STRAY,UNKNOWN,SANTA ROSA,1.8986995208761122,1,1.0,6.123233995736766e-17
OTHER,__RARE_OR_NEW__,BLACK,FEMALE,BORN HERE,MOM STRAY,HEALTHY,SANTA ROSA,0.0,0,1.0,6.123233995736766e-17
OTHER,__RARE_OR_NEW__,BLACK,FEMALE,BORN HERE,MOM STRAY,HEALTHY,SANTA ROSA,0.0,0,1.0,6.123233995736766e-17
OTHER,__RARE_OR_NEW__,BLACK,FEMALE,BORN HERE,MOM STRAY,HEALTHY,SANTA ROSA,0.0,0,1.0,6.123233995736766e-17
OTHER,__RARE_OR_NEW__,BLACK,FEMALE,BORN HERE,MOM STRAY,HEALTHY,SANTA ROSA,0.0,0,1.0,6.123233995736766e-17
OTHER,__RARE_OR_NEW__,BLACK,FEMALE,BORN HERE,MOM STRAY,HEALTHY,SANTA ROSA,0.0,0,1.0,6.123233995736766e-17
OTHER,__RARE_OR_NEW__,BLACK,MALE,BORN HERE,MOM STRAY,HEALTHY,SANTA ROSA,0.0,0,1.0,6.123233995736766e-17
OTHER,__RARE_OR_NEW__,BLACK,MALE,BORN HERE,MOM STRAY,HEALTHY,SANTA ROSA,0.0,0,1.0,6.123233995736766e-17
OTHER,BAT,BROWN/BLACK,UNKNOWN,QUARANTINE,FIELD,UNKNOWN,COUNTY,1.8986995208761122,1,1.0,6.123233995736766e-17
DOG,ALASKAN HUSKY,BLACK/WHITE,FEMALE,STRAY,FIELD,UNKNOWN,SANTA ROSA,6.759753593429158,0,1.0,6.123233995736766e-17
DOG,__RARE_OR_NEW__,TAN/BLACK,FEMALE,STRAY,FIELD,UNKNOWN,SANTA ROSA,0.8049281314168378,0,1.0,6.123233995736766e-17
DOG,RAT TERRIER/MIX,WHITE/BROWN,MALE,STRAY,OVER THE COUNTER,UNKNOWN,SANTA ROSA,0.9609856262833676,0,1.0,6.123233995736766e-17
DOG,RAT TERRIER/MIX,TRICOLOR,MALE,STRAY,OVER THE COUNTER,HEALTHY,SANTA ROSA,2.001368925393566,0,1.0,6.123233995736766e-17
DOG,PIT BULL,RED/WHITE,MALE,STRAY,FLD_STRAY,UNKNOWN,SANTA ROSA,1.002053388090349,0,1.0,6.123233995736766e-17
DOG,PIT BULL,RED/WHITE,MALE,STRAY,FLD_STRAY,HEALTHY,SANTA ROSA,1.002053388090349,0,1.0,6.123233995736766e-17
DOG,CHIHUAHUA SH/MIX,BROWN,MALE,STRAY,OVER THE COUNTER,UNKNOWN,COUNTY,14.754277891854894,0,1.0,6.123233995736766e-17
DOG,SIBERIAN HUSKY/MIX,GRAY/WHITE,MALE,CONFISCATE,FLD_ARREST,UNKNOWN,COUNTY,8.062970568104038,0,1.0,6.123233995736766e-17
DOG,SIBERIAN HUSKY,BLACK/WHITE,MALE,CONFISCATE,FLD_ARREST,UNKNOWN,COUNTY,7.997262149212868,0,1.0,6.123233995736766e-17
DOG,GERM SHEPHERD/MIX,BROWN/BLACK,MALE,CONFISCATE,FLD_ARREST,UNKNOWN,COUNTY,1.998631074606434,0,1.0,6.123233995736766e-17
CAT,DOMESTIC SH,WHITE,UNKNOWN,CONFISCATE,FLD_ARREST,UNKNOWN,COUNTY,0.2518822724161533,1,1.0,6.123233995736766e-17
CAT,DOMESTIC SH,SEAL PT,UNKNOWN,CONFISCATE,FLD_ARREST,UNKNOWN,COUNTY,0.2518822724161533,1,1.0,6.123233995736766e-17
CAT,DOMESTIC SH,ORANGE,UNKNOWN,CONFISCATE,FLD_ARREST,UNKNOWN,COUNTY,0.2518822724161533,1,1.0,6.123233995736766e-17
DOG,PIT BULL/MIX,TRICOLOR,MALE,CONFISCATE,FLD_ABAND,UNKNOWN,COUNTY,0.46269678302532513,0,1.0,6.123233995736766e-17
CAT,DOMESTIC SH,GRAY/WHITE,UNKNOWN,STRAY,OVER THE COUNTER,TREATABLE/MANAGEABLE,COUNTY,0.2518822724161533,1,1.0,6.123233995736766e-17
DOG,PARSON RUSS TER,WHITE/BROWN,MALE,STRAY,OVER THE COUNTER,UNKNOWN,COUNTY,14.99794661190965,0,1.0,6.123233995736766e-17
OTHER,RABBIT SH,__RARE_OR_NEW__,MALE,STRAY,FIELD,HEALTHY,COUNTY,1.943874058863792,0,1.0,6.123233995736766e-17
DOG,POODLE MIN/MIX,WHITE/CREAM,MALE,STRAY,OVER THE COUNTER,UNKNOWN,SANTA ROSA,6.412046543463381,0,1.0,6.123233995736766e-17
CAT,DOMESTIC SH,BLACK/WHITE,MALE,STRAY,OVER THE COUNTER,HEALTHY,COUNTY,1.9767282683093772,0,1.0,6.123233995736766e-17
DOG,SIBERIAN HUSKY/MIX,WHITE/TAN,FEMALE,STRAY,FLD_STRAY,UNKNOWN,COUNTY,2.001368925393566,1,1.0,6.123233995736766e-17
DOG,LABRADOR RETR/MIX,TAN/BLACK,FEMALE,OWNER SURRENDER,OVER THE COUNTER,UNKNOWN,SANTA ROSA,0.5229295003422314,0,1.0,6.123233995736766e-17
DOG,LABRADOR RETR/MIX,BR BRINDLE,FEMALE,OWNER SURRENDER,OVER THE COUNTER,UNKNOWN,SANTA ROSA,0.5229295003422314,0,1.0,6.123233995736766e-17
DOG,LABRADOR RETR/MIX,BR BRINDLE,FEMALE,OWNER SURRENDER,OVER THE COUNTER,HEALTHY,SANTA ROSA,0.5229295003422314,0,1.0,6.123233995736766e-17
DOG,LABRADOR RETR/MIX,BL BRINDLE,FEMALE,OWNER SURRENDER,OVER THE COUNTER,UNKNOWN,SANTA ROSA,0.5229295003422314,0,1.0,6.123233995736766e-17
DOG,PIT BULL/MIX,BR BRINDLE/WHITE,FEMALE,STRAY,FIELD,UNKNOWN,SANTA ROSA,1.0376454483230664,0,1.0,6.123233995736766e-17
DOG,GERM SHEPHERD/SIBERIAN HUSKY,BLACK,FEMALE,OWNER SURRENDER,FIELD,UNKNOWN,SANTA ROSA,1.4455852156057496,0,1.0,6.123233995736766e-17
CAT,DOMESTIC SH,BRN TABBY,MALE,STRAY,FLD_STRAY,TREATABLE/MANAGEABLE,SANTA ROSA,1.9822039698836413,0,1.0,6.123233995736766e-17
CAT,DOMESTIC SH,BLACK,FEMALE,STRAY,OVER THE COUNTER,HEALTHY,SANTA ROSA,1.4702258726899384,0,1.0,6.123233995736766e-17
OTHER,__RARE_OR_NEW__,BROWN,UNKNOWN,STRAY,OVER THE COUNTER,UNKNOWN,SANTA ROSA,1.8986995208761122,1,1.0,6.123233995736766e-17
CAT,DOMESTIC SH,ORANGE,UNKNOWN,OWNER SURRENDER,OVER THE COUNTER,UNKNOWN,COUNTY,0.2518822724161533,1,1.0,6.123233995736766e-17
CAT,DOMESTIC SH,SEAL PT,UNKNOWN,OWNER SURRENDER,OVER THE COUNTER,UNKNOWN,COUNTY,0.2518822724161533,1,1.0,6.123233995736766e-17
CAT,DOMESTIC SH,WHITE,UNKNOWN,OWNER SURRENDER,OVER THE COUNTER,UNKNOWN,COUNTY,0.2518822724161533,1,1.0,6.123233995736766e-17
CAT,DOMESTIC SH,ORG TABBY,FEMALE,BORN HERE,MOM STRAY,HEALTHY,SANTA ROSA,0.04106776180698152,0,1.0,6.123233995736766e-17
CAT,DOMESTIC SH,BUFF,MALE,BORN HERE,MOM STRAY,HEALTHY,SANTA ROSA,0.04106776180698152,0,1.0,6.123233995736766e-17
CAT,DOMESTIC SH,BLACK/WHITE,MALE,BORN HERE,MOM STRAY,HEALTHY,SANTA ROSA,0.04106776180698152,0,1.0,6.123233995736766e-17
DOG,__RARE_OR_NEW__,BLACK/WHITE,FEMALE,STRAY,OVER THE COUNTER,UNKNOWN,SANTA ROSA,4.0,0,1.0,6.123233995736766e-17
DOG,__RARE_OR_NEW__,BLACK/WHITE,MALE,STRAY,OVER THE COUNTER,HEALTHY,SANTA ROSA,4.0,0,1.0,6.123233995736766e-17
DOG,CHIHUAHUA SH,TAN,MALE,STRAY,FIELD,UNKNOWN,SANTA ROSA,1.002053388090349,0,1.0,6.123233995736766e-17
CAT,DOMESTIC SH,GRAY,UNKNOWN,STRAY,OVER THE COUNTER,UNKNOWN,SANTA ROSA,0.2518822724161533,1,1.0,6.123233995736766e-17
CAT,DOMESTIC SH,GRAY,UNKNOWN,STRAY,OVER THE COUNTER,UNKNOWN,SANTA ROSA,0.2518822724161533,1,1.0,6.123233995736766e-17
CAT,DOMESTIC SH,GRAY,UNKNOWN,STRAY,OVER THE COUNTER,UNKNOWN,SANTA ROSA,0.2518822724161533,1,1.0,6.123233995736766e-17
CAT,DOMESTIC SH,GRAY,UNKNOWN,STRAY,OVER THE COUNTER,UNKNOWN,SANTA ROSA,0.2518822724161533,1,1.0,6.123233995736766e-17
CAT,DOMESTIC SH,BLACK,UNKNOWN,STRAY,OVER THE COUNTER,UNKNOWN,SANTA ROSA,0.2518822724161533,1,1.0,6.123233995736766e-17
OTHER,GOAT,BROWN,MALE,STRAY,FLD_STRAY,UNKNOWN,SANTA ROSA,1.3442847364818618,0,1.0,6.123233995736766e-17
CAT,DOMESTIC LH,BRN TABBY,MALE,STRAY,FIELD,UNKNOWN,COUNTY,12.97741273100616,0,1.0,6.123233995736766e-17
CAT,DOMESTIC SH,GRAY TABBY,FEMALE,STRAY,FIELD,HEALTHY,COUNTY,0.12594113620807665,0,1.0,6.123233995736766e-17
DOG,LABRADOR RETR/MIX,BLACK,MALE,STRAY,OVER THE COUNTER,UNKNOWN,SANTA ROSA,0.24914442162902123,0,1.0,6.123233995736766e-17
DOG,__RARE_OR_NEW__,BLACK/WHITE,MALE,STRAY,FLD_STRAY,UNKNOWN,COUNTY,1.4182067077344285,0,1.0,6.123233995736766e-17
DOG,GERM SHEPHERD,BROWN/BLACK,MALE,STRAY,FIELD,UNKNOWN,COUNTY,6.245037645448323,0,1.0,6.123233995736766e-17
DOG,__RARE_OR_NEW__,TRICOLOR,MALE,OWNER SURRENDER,FIELD,UNKNOWN,COUNTY,2.001368925393566,1,1.0,6.123233995736766e-17
OTHER,BAT,BROWN,UNKNOWN,QUARANTINE,FIELD,UNKNOWN,COUNTY,1.8986995208761122,1,1.0,6.123233995736766e-17
CAT,DOMESTIC SH,BLACK,UNKNOWN,STRAY,FLD_STRAY,UNKNOWN,SANTA ROSA,0.0027378507871321013,0,1.0,6.123233995736766e-17
DOG,SCHNAUZER MIN/MIX,WHITE,MALE,STRAY,FLD_STRAY,UNKNOWN,SANTA ROSA,3.34839151266256,0,1.0,6.123233995736766e-17
DOG,SIBERIAN HUSKY/MIX,WHITE,FEMALE,STRAY,FLD_STRAY,UNKNOWN,COUNTY,10.420260095824778,0,1.0,6.123233995736766e-17
CAT,DOMESTIC SH,GRAY TABBY,FEMALE,STRAY,FLD_STRAY,UNKNOWN,SANTA ROSA,0.9883641341546886,0,1.0,6.123233995736766e-17
CAT,SIAMESE,__RARE_OR_NEW__,MALE,STRAY,OVER THE COUNTER,HEALTHY,COUNTY,0.8952772073921971,0,1.0,6.123233995736766e-17
CAT,DOMESTIC MH,GRAY/WHITE,MALE,STRAY,OVER THE COUNTER,HEALTHY,SANTA ROSA,1.5003422313483916,0,1.0,6.123233995736766e-17
CAT,DOMESTIC SH,BRN TABBY/WHITE,MALE,STRAY,OVER THE COUNTER,HEALTHY,COUNTY,1.5003422313483916,0,1.0,6.123233995736766e-17
DOG,PIT BULL/MIX,TAN/WHITE,FEMALE,STRAY,FIELD,UNKNOWN,COUNTY,5.9986310746064335,0,1.0,6.123233995736766e-17
DOG,GERM SHEPHERD,BLACK,FEMALE,STRAY,FLD_STRAY,UNKNOWN,COUNTY,4.0,0,1.0,6.123233995736766e-17
CAT,DOMESTIC SH,WHITE/BRN TABBY,MALE,OWNER SURRENDER,OVER THE COUNTER,UNKNOWN,COUNTY,6.0013689253935665,0,1.0,6.123233995736766e-17
DOG,__RARE_OR_NEW__,RED,MALE,STRAY,FIELD,UNKNOWN,SANTA ROSA,2.001368925393566,0,1.0,6.123233995736766e-17
CAT,DOMESTIC SH,GRAY TABBY,MALE,STRAY,FIELD,UNKNOWN,SANTA ROSA,1.998631074606434,0,1.0,6.123233995736766e-17
CAT,SIAMESE,__RARE_OR_NEW__,MALE,STRAY,OVER THE COUNTER,HEALTHY,SANTA ROSA,2.9924709103353866,0,1.0,6.123233995736766e-17
DOG,__RARE_OR_NEW__,BLACK/TAN,FEMALE,STRAY,OVER THE COUNTER,UNKNOWN,SANTA ROSA,3.0006844626967832,0,1.0,6.123233995736766e-17
DOG,CHIHUAHUA SH,TAN/BLACK,FEMALE,STRAY,FIELD,UNKNOWN,SANTA ROSA,11.978097193702943,0,1.0,6.123233995736766e-17
DOG,BOXER/MIX,BR BRINDLE/WHITE,MALE,CONFISCATE,FLD_ARREST,HEALTHY,SANTA ROSA,0.16427104722792607,0,1.0,6.123233995736766e-17
DOG,PIT BULL,BLACK/WHITE,MALE,STRAY,OVER THE COUNTER,UNKNOWN,COUNTY,4.314852840520191,0,1.0,6.123233995736766e-17
DOG,ROTTWEILER/MIX,BLACK/TAN,FEMALE,STRAY,FLD_STRAY,UNKNOWN,SANTA ROSA,2.001368925393566,1,1.0,6.123233995736766e-17
CAT,DOMESTIC SH,ORG TABBY,FEMALE,STRAY,FLD_STRAY,UNKNOWN,SANTA ROSA,10.35728952772074,0,1.0,6.123233995736766e-17
CAT,DOMESTIC SH,GRAY,FEMALE,STRAY,OVER THE COUNTER,UNKNOWN,SANTA ROSA,1.002053388090349,0,1.0,6.123233995736766e-17
CAT,DOMESTIC SH,GRAY,FEMALE,STRAY,OVER THE COUNTER,UNKNOWN,SANTA ROSA,0.04106776180698152,0,1.0,6.123233995736766e-17
CAT,DOMESTIC SH,GRAY,MALE,STRAY,OVER THE COUNTER,UNKNOWN,SANTA ROSA,0.04106776180698152,0,1.0,6.123233995736766e-17
CAT,DOMESTIC SH,GRAY,MALE,STRAY,OVER THE COUNTER,UNKNOWN,SANTA ROSA,0.04106776180698152,0,1.0,6.123233995736766e-17
CAT,DOMESTIC SH,GRAY,MALE,STRAY,OVER THE COUNTER,UNKNOWN,SANTA ROSA,0.04106776180698152,0,1.0,6.123233995736766e-17
CAT,DOMESTIC SH,GRAY,MALE,STRAY,OVER THE COUNTER,UNKNOWN,SANTA ROSA,0.2518822724161533,1,1.0,6.123233995736766e-17
CAT,DOMESTIC LH,BLACK,MALE,STRAY,OVER THE COUNTER,TREATABLE/MANAGEABLE,COUNTY,1.995893223819302,0,1.0,6.123233995736766e-17
DOG,CHIHUAHUA SH/MIX,BLACK/BROWN,MALE,STRAY,FIELD,UNKNOWN,SANTA ROSA,10.001368925393566,0,1.0,6.123233995736766e-17
DOG,__RARE_OR_NEW__,BLACK/WHITE,FEMALE,STRAY,OVER THE COUNTER,HEALTHY,COUNTY,0.16427104722792607,0,1.0,6.123233995736766e-17
DOG,GERM SHEPHERD/MIX,BLACK/BROWN,MALE,STRAY,FIELD,HEALTHY,COUNTY,0.24914442162902123,0,1.0,6.123233995736766e-17
DOG,CHIHUAHUA SH,BROWN,MALE,STRAY,FIELD,UNKNOWN,COUNTY,6.91854893908282,0,1.0,6.123233995736766e-17
DOG,__RARE_OR_NEW__,BR BRINDLE,MALE,STRAY,EMAIL,UNKNOWN,SANTA ROSA,0.33401779603011633,0,1.0,6.123233995736766e-17
CAT,DOMESTIC SH,WHITE,MALE,STRAY,OVER THE COUNTER,UNKNOWN,COUNTY,0.2518822724161533,1,1.0,6.123233995736766e-17
CAT,DOMESTIC SH,BRN TABBY,MALE,STRAY,FLD_STRAY,UNKNOWN,COUNTY,1.998631074606434,0,1.0,6.123233995736766e-17
DOG,SIBERIAN HUSKY,BLACK/GRAY,FEMALE,STRAY,FLD_STRAY,UNKNOWN,SANTA ROSA,2.001368925393566,1,1.0,6.123233995736766e-17
DOG,ROTTWEILER,BLACK/BROWN,FEMALE,STRAY,FLD_STRAY,UNKNOWN,SANTA ROSA,2.001368925393566,1,1.0,6.123233995736766e-17
DOG,PIT BULL/MIX,TAN/WHITE,FEMALE,STRAY,FLD_STRAY,UNKNOWN,SANTA ROSA,0.8323066392881588,0,1.0,6.123233995736766e-17
DOG,POODLE MIN/MIX,BLACK/WHITE,MALE,STRAY,FLD_STRAY,UNKNOWN,SANTA ROSA,0.5804243668720055,0,1.0,6.123233995736766e-17
CAT,DOMESTIC MH,ORANGE/WHITE,MALE,STRAY,FLD_STRAY,UNKNOWN,SANTA ROSA,13.00205338809035,0,1.0,6.123233995736766e-17
DOG,__RARE_OR_NEW__,BR BRINDLE,FEMALE,STRAY,FLD_STRAY,UNKNOWN,SANTA ROSA,2.8939082819986313,0,1.0,6.123233995736766e-17
DOG,LABRADOR RETR/MIX,TAN,MALE,STRAY,FLD_STRAY,UNKNOWN,SANTA ROSA,7.411362080766598,0,1.0,6.123233995736766e-17
DOG,DOBERMAN PINSCH,__RARE_OR_NEW__,FEMALE,STRAY,OVER THE COUNTER,UNKNOWN,COUNTY,3.162217659137577,0,1.0,6.123233995736766e-17
CAT,DOMESTIC SH,__RARE_OR_NEW__,FEMALE,STRAY,OVER THE COUNTER,HEALTHY,COUNTY,14.674880219028063,0,1.0,6.123233995736766e-17
CAT,DOMESTIC SH,GRAY/WHITE,MALE,STRAY,OVER THE COUNTER,HEALTHY,COUNTY,3.0006844626967832,0,1.0,6.123233995736766e-17
DOG,GERM SHEPHERD,TAN/BLACK,FEMALE,QUARANTINE,FIELD,UNKNOWN,COUNTY,3.978097193702943,0,1.0,6.123233995736766e-17
DOG,GERM SHEPHERD,TAN/BLACK,MALE,QUARANTINE,FIELD,UNKNOWN,COUNTY,1.4948665297741273,0,1.0,6.123233995736766e-17
DOG,PIT BULL/MIX,__RARE_OR_NEW__,FEMALE,STRAY,OVER THE COUNTER,HEALTHY,SANTA ROSA,0.487337440109514,0,1.0,6.123233995736766e-17
CAT,DOMESTIC SH,ORANGE,MALE,STRAY,OVER THE COUNTER,HEALTHY,SANTA ROSA,0.621492128678987,0,1.0,6.123233995736766e-17
CAT,DOMESTIC SH,BLACK/WHITE,FEMALE,OWNER SURRENDER,OVER THE COUNTER,HEALTHY,SANTA ROSA,0.1834360027378508,0,1.0,6.123233995736766e-17
CAT,DOMESTIC SH,BLACK/WHITE,FEMALE,OWNER SURRENDER,OVER THE COUNTER,HEALTHY,SANTA ROSA,0.1834360027378508,0,1.0,6.123233995736766e-17
CAT,DOMESTIC SH,BLACK/WHITE,FEMALE,OWNER SURRENDER,OVER THE COUNTER,HEALTHY,SANTA ROSA,0.1834360027378508,0,1.0,6.123233995736766e-17
CAT,DOMESTIC SH,BLACK,MALE,OWNER SURRENDER,OVER THE COUNTER,HEALTHY,SANTA ROSA,0.1834360027378508,0,1.0,6.123233995736766e-17
CAT,DOMESTIC SH,BLACK,MALE,OWNER SURRENDER,OVER THE COUNTER,HEALTHY,SANTA ROSA,0.1834360027378508,0,1.0,6.123233995736766e-17
DOG,SIBERIAN HUSKY,RED/WHITE,FEMALE,STRAY,FIELD,UNKNOWN,SANTA ROSA,5.9110198494182065,0,1.0,6.123233995736766e-17
DOG,BORDER COLLIE/MIX,BLACK/WHITE,FEMALE,CONFISCATE,FLD_ARREST,UNKNOWN,SANTA ROSA,0.7529089664613279,0,1.0,6.123233995736766e-17
CAT,DOMESTIC SH,WHITE/GRAY,FEMALE,STRAY,OVER THE COUNTER,UNKNOWN,SANTA ROSA,12.0,0,0.8660254037844387,-0.4999999999999998
DOG,__RARE_OR_NEW__,BROWN,MALE,STRAY,FIELD,UNKNOWN,SANTA ROSA,2.0506502395619437,0,0.8660254037844387,-0.4999999999999998
DOG,ALASKAN HUSKY,WHITE,FEMALE,STRAY,FIELD,UNKNOWN,SANTA ROSA,2.9979466119096507,0,0.8660254037844387,-0.4999999999999998
DOG,ALASKAN HUSKY,WHITE,MALE,STRAY,FIELD,UNKNOWN,SANTA ROSA,2.9979466119096507,0,0.8660254037844387,-0.4999999999999998
CAT,DOMESTIC LH,ORG TABBY,MALE,STRAY,OVER THE COUNTER,UNKNOWN,SANTA ROSA,0.2518822724161533,1,0.8660254037844387,-0.4999999999999998
CAT,DOMESTIC SH,GRAY TABBY,FEMALE,STRAY,OVER THE COUNTER,HEALTHY,COUNTY,0.8898015058179329,0,0.8660254037844387,-0.4999999999999998
DOG,__RARE_OR_NEW__,WHITE/BROWN,MALE,STRAY,OVER THE COUNTER,HEALTHY,COUNTY,0.12320328542094455,0,0.8660254037844387,-0.4999999999999998
DOG,CATAHOULA/MIX,__RARE_OR_NEW__,FEMALE,STRAY,OVER THE COUNTER,UNKNOWN,COUNTY,0.12320328542094455,0,0.8660254037844387,-0.4999999999999998
DOG,CATAHOULA/MIX,TAN/WHITE,FEMALE,STRAY,OVER THE COUNTER,UNKNOWN,COUNTY,0.12320328542094455,0,0.8660254037844387,-0.4999999999999998
DOG,CATAHOULA/MIX,__RARE_OR_NEW__,MALE,STRAY,OVER THE COUNTER,HEALTHY,COUNTY,0.12320328542094455,0,0.8660254037844387,-0.4999999999999998
CAT,DOMESTIC SH,GRAY TABBY,MALE,CONFISCATE,FIELD,TREATABLE/MANAGEABLE,COUNTY,0.2518822724161533,1,0.8660254037844387,-0.4999999999999998
DOG,PIT BULL/MIX,WHITE,FEMALE,STRAY,FIELD,HEALTHY,SANTA ROSA,0.4161533196440794,0,0.8660254037844387,-0.4999999999999998
OTHER,CHICKEN,BLACK/BROWN,MALE,STRAY,FLD_STRAY,UNKNOWN,SANTA ROSA,1.8986995208761122,1,0.8660254037844387,-0.4999999999999998
OTHER,CHICKEN,BLACK/RED,MALE,STRAY,FLD_STRAY,UNKNOWN,SANTA ROSA,1.8986995208761122,1,0.8660254037844387,-0.4999999999999998
DOG,POMERANIAN,BLACK/BROWN,MALE,STRAY,FIELD,UNKNOWN,SANTA ROSA,2.3901437371663246,0,0.8660254037844387,-0.4999999999999998
DOG,GERM SHEPHERD,TAN/BLACK,FEMALE,STRAY,FLD_STRAY,UNKNOWN,COUNTY,10.001368925393566,0,0.8660254037844387,-0.4999999999999998
CAT,DOMESTIC MH,GRAY TABBY,FEMALE,STRAY,OVER THE COUNTER,HEALTHY,SANTA ROSA,2.001368925393566,0,0.8660254037844387,-0.4999999999999998
CAT,DOMESTIC SH,GRAY,UNKNOWN,STRAY,OVER THE COUNTER,UNKNOWN,SANTA ROSA,0.008213552361396304,0,0.8660254037844387,-0.4999999999999998
CAT,DOMESTIC SH,GRAY,UNKNOWN,STRAY,OVER THE COUNTER,UNKNOWN,SANTA ROSA,0.008213552361396304,0,0.8660254037844387,-0.4999999999999998
CAT,DOMESTIC MH,GRAY/WHITE,MALE,STRAY,FIELD,UNKNOWN,SANTA ROSA,9.982203969883642,0,0.8660254037844387,-0.4999999999999998
DOG,LABRADOR RETR/MIX,BLACK,MALE,STRAY,OVER THE COUNTER,UNKNOWN,SANTA ROSA,1.4976043805612593,0,0.8660254037844387,-0.4999999999999998
DOG,CHIHUAHUA SH,BROWN/WHITE,FEMALE,STRAY,FLD_STRAY,UNKNOWN,SANTA ROSA,4.70362765229295,0,0.8660254037844387,-0.4999999999999998
DOG,__RARE_OR_NEW__,BR BRINDLE,MALE,CONFISCATE,FLD_ARREST,UNKNOWN,SANTA ROSA,2.001368925393566,1,0.8660254037844387,-0.4999999999999998
DOG,LABRADOR RETR/MIX,BLACK,FEMALE,CONFISCATE,FLD_HOSPTL,UNKNOWN,COUNTY,0.4106776180698152,0,0.8660254037844387,-0.4999999999999998
DOG,LABRADOR RETR/MIX,BLACK,FEMALE,CONFISCATE,FLD_HOSPTL,UNKNOWN,COUNTY,0.9144421629021219,0,0.8660254037844387,-0.4999999999999998
DOG,__RARE_OR_NEW__,BLACK/WHITE,MALE,CONFISCATE,FLD_CORONR,UNKNOWN,COUNTY,13.683778234086242,0,0.8660254037844387,-0.4999999999999998
CAT,DOMESTIC MH,GRAY/WHITE,MALE,STRAY,FIELD,HEALTHY,SANTA ROSA,0.10677618069815195,0,0.8660254037844387,-0.4999999999999998
CAT,DOMESTIC SH,GRAY TABBY,MALE,ADOPTION RETURN,OVER THE COUNTER,UNKNOWN,PETALUMA,5.136208076659822,0,0.8660254037844387,-0.4999999999999998
DOG,GERM SHEPHERD/SIBERIAN HUSKY,BLACK/TAN,MALE,STRAY,FLD_STRAY,UNKNOWN,SANTA ROSA,1.0130047912388775,0,0.8660254037844387,-0.4999999999999998
DOG,CHIHUAHUA SH/MIX,__RARE_OR_NEW__,FEMALE,STRAY,OVER THE COUNTER,UNKNOWN,SANTA ROSA,6.0013689253935665,0,0.8660254037844387,-0.4999999999999998
DOG,AUST CATTLE DOG,TRICOLOR,FEMALE,OWNER SURRENDER,OVER THE COUNTER,UNKNOWN,COUNTY,2.3436002737850785,0,0.8660254037844387,-0.4999999999999998
DOG,PIT BULL/MIX,BR BRINDLE/WHITE,MALE,STRAY,FIELD,UNKNOWN,SANTA ROSA,0.5831622176591376,0,0.8660254037844387,-0.4999999999999998
OTHER,RABBIT SH,WHITE/GRAY,MALE,STRAY,FIELD,UNKNOWN,SANTA ROSA,1.002053388090349,0,0.8660254037844387,-0.4999999999999998
CAT,DOMESTIC SH,BLACK/WHITE,UNKNOWN,STRAY,OVER THE COUNTER,UNKNOWN,COUNTY,1.9849418206707734,0,0.8660254037844387,-0.4999999999999998
CAT,DOMESTIC SH,GRAY TABBY,FEMALE,ADOPTION RETURN,OVER THE COUNTER,UNKNOWN,SANTA ROSA,4.1067761806981515,0,0.8660254037844387,-0.4999999999999998
DOG,__RARE_OR_NEW__,BROWN/TAN,MALE,CONFISCATE,FLD_HOSPTL,UNKNOWN,COUNTY,9.347022587268993,0,0.8660254037844387,-0.4999999999999998
DOG,SIBERIAN HUSKY/MIX,WHITE,FEMALE,STRAY,FLD_STRAY,UNKNOWN,SANTA ROSA,2.001368925393566,0,0.8660254037844387,-0.4999999999999998
DOG,GERM SHEPHERD/MIX,BLACK/BROWN,FEMALE,STRAY,FLD_STRAY,UNKNOWN,SANTA ROSA,2.001368925393566,0,0.8660254037844387,-0.4999999999999998
DOG,SIBERIAN HUSKY,WHITE,FEMALE,CONFISCATE,FLD_EVICT,UNKNOWN,COUNTY,6.116358658453114,0,0.8660254037844387,-0.4999999999999998
DOG,SIBERIAN HUSKY/MIX,BROWN/TAN,FEMALE,CONFISCATE,FLD_EVICT,UNKNOWN,COUNTY,0.16700889801505817,0,0.8660254037844387,-0.4999999999999998
DOG,SIBERIAN HUSKY/MIX,BLACK/TAN,MALE,CONFISCATE,FLD_EVICT,UNKNOWN,COUNTY,0.16700889801505817,0,0.8660254037844387,-0.4999999999999998
DOG,SIBERIAN HUSKY,BLACK/BROWN,FEMALE,CONFISCATE,FLD_EVICT,UNKNOWN,COUNTY,2.001368925393566,0,0.8660254037844387,-0.4999999999999998
DOG,SIBERIAN HUSKY,WHITE,FEMALE,CONFISCATE,FLD_EVICT,UNKNOWN,COUNTY,0.16700889801505817,0,0.8660254037844387,-0.4999999999999998
DOG,SIBERIAN HUSKY,BROWN/TAN,MALE,CONFISCATE,FLD_EVICT,UNKNOWN,COUNTY,0.16700889801505817,0,0.8660254037844387,-0.4999999999999998
DOG,SIBERIAN HUSKY,WHITE,FEMALE,CONFISCATE,FLD_EVICT,UNKNOWN,COUNTY,2.524298425735797,0,0.8660254037844387,-0.4999999999999998
DOG,SIBERIAN HUSKY/MIX,TAN/WHITE,MALE,CONFISCATE,FLD_EVICT,UNKNOWN,COUNTY,2.524298425735797,0,0.8660254037844387,-0.4999999999999998
DOG,SIBERIAN HUSKY,WHITE,MALE,CONFISCATE,FLD_EVICT,UNKNOWN,COUNTY,1.002053388090349,0,0.8660254037844387,-0.4999999999999998
DOG,SIBERIAN HUSKY/MIX,TAN,FEMALE,CONFISCATE,FLD_EVICT,UNKNOWN,COUNTY,1.002053388090349,0,0.8660254037844387,-0.4999999999999998
DOG,SIBERIAN HUSKY/MIX,WHITE,MALE,CONFISCATE,FLD_EVICT,UNKNOWN,COUNTY,1.002053388090349,0,0.8660254037844387,-0.4999999999999998
DOG,SIBERIAN HUSKY,WHITE,FEMALE,CONFISCATE,FLD_EVICT,UNKNOWN,COUNTY,1.002053388090349,0,0.8660254037844387,-0.4999999999999998
CAT,DOMESTIC SH,BLACK,FEMALE,STRAY,FIELD,UNKNOWN,SANTA ROSA,0.2518822724161533,1,0.8660254037844387,-0.4999999999999998
CAT,DOMESTIC SH,BLACK/WHITE,MALE,STRAY,FIELD,UNKNOWN,SANTA ROSA,0.2518822724161533,1,0.8660254037844387,-0.4999999999999998
DOG,FRENCH BULLDOG,BROWN/TAN,FEMALE,STRAY,FIELD,UNKNOWN,SANTA ROSA,0.917180013689254,0,0.8660254037844387,-0.4999999999999998
DOG,FRENCH BULLDOG,BLUE MERLE,MALE,STRAY,FIELD,UNKNOWN,SANTA ROSA,0.7501711156741958,0,0.8660254037844387,-0.4999999999999998
DOG,SCHNAUZER MIN/MIX,WHITE,MALE,OWNER SURRENDER,OVER THE COUNTER,HEALTHY,SANTA ROSA,3.3921971252566734,0,0.8660254037844387,-0.4999999999999998
OTHER,__RARE_OR_NEW__,ORANGE,MALE,STRAY,OVER THE COUNTER,UNKNOWN,SANTA ROSA,6.997946611909651,0,0.8660254037844387,-0.4999999999999998
DOG,__RARE_OR_NEW__,GRAY/WHITE,MALE,CONFISCATE,FLD_CORONR,UNKNOWN,COUNTY,1.9767282683093772,0,0.8660254037844387,-0.4999999999999998
DOG,PIT BULL,BR BRINDLE,MALE,OWNER SURRENDER,FIELD,UNKNOWN,COUNTY,2.6830937713894594,0,0.8660254037844387,-0.4999999999999998
DOG,PIT BULL,__RARE_OR_NEW__,MALE,OWNER SURRENDER,FIELD,UNKNOWN,COUNTY,2.6830937713894594,0,0.8660254037844387,-0.4999999999999998
DOG,GERM SHEPHERD/MIX,BLACK/TAN,MALE,STRAY,FIELD,UNKNOWN,COUNTY,2.001368925393566,1,0.8660254037844387,-0.4999999999999998
DOG,GERM SHEPHERD/MIX,TAN/BLACK,MALE,STRAY,FIELD,UNKNOWN,COUNTY,2.001368925393566,1,0.8660254037844387,-0.4999999999999998
DOG,__RARE_OR_NEW__,WHITE,MALE,STRAY,OVER THE COUNTER,UNKNOWN,COUNTY,6.620123203285421,0,0.8660254037844387,-0.4999999999999998
DOG,CHIHUAHUA SH,BROWN,MALE,STRAY,OVER THE COUNTER,UNKNOWN,COUNTY,12.999315537303216,0,0.8660254037844387,-0.4999999999999998
DOG,__RARE_OR_NEW__,WHITE,FEMALE,STRAY,OVER THE COUNTER,UNKNOWN,COUNTY,8.314852840520192,0,0.8660254037844387,-0.4999999999999998
CAT,DOMESTIC LH,BLACK,FEMALE,CONFISCATE,FLD_CORONR,UNKNOWN,COUNTY,5.984941820670773,0,0.8660254037844387,-0.4999999999999998
CAT,DOMESTIC SH,BRN TABBY,MALE,CONFISCATE,FLD_ARREST,UNKNOWN,SANTA ROSA,0.9582477754962354,0,0.8660254037844387,-0.4999999999999998
DOG,__RARE_OR_NEW__,BLACK,FEMALE,STRAY,OVER THE COUNTER,UNKNOWN,SANTA ROSA,1.4236824093086926,0,0.8660254037844387,-0.4999999999999998
DOG,__RARE_OR_NEW__,WHITE/BLACK,MALE,STRAY,FLD_STRAY,UNKNOWN,SANTA ROSA,4.0,0,0.8660254037844387,-0.4999999999999998
CAT,DOMESTIC SH,GRAY TABBY,MALE,STRAY,FLD_STRAY,HEALTHY,COUNTY,1.002053388090349,0,0.8660254037844387,-0.4999999999999998
DOG,CHIHUAHUA SH,BLACK,MALE,STRAY,OVER THE COUNTER,UNKNOWN,SANTA ROSA,5.245722108145106,0,0.8660254037844387,-0.4999999999999998
CAT,DOMESTIC LH,GRAY/WHITE,UNKNOWN,STRAY,OVER THE COUNTER,UNKNOWN,SANTA ROSA,0.2518822724161533,1,0.8660254037844387,-0.4999999999999998
CAT,DOMESTIC SH,BRN TABBY,MALE,ADOPTION RETURN,OVER THE COUNTER,HEALTHY,COUNTY,0.2683093771389459,0,0.8660254037844387,-0.4999999999999998
DOG,__RARE_OR_NEW__,BROWN/BLACK,MALE,CONFISCATE,FLD_HOSPTL,UNKNOWN,COUNTY,6.0013689253935665,0,0.8660254037844387,-0.4999999999999998
DOG,__RARE_OR_NEW__,WHITE,FEMALE,CONFISCATE,FLD_HOSPTL,UNKNOWN,COUNTY,12.0,0,0.8660254037844387,-0.4999999999999998
DOG,PIT BULL/MIX,BR BRINDLE,MALE,STRAY,FLD_STRAY,UNKNOWN,SANTA ROSA,0.70362765229295,0,0.8660254037844387,-0.4999999999999998
DOG,__RARE_OR_NEW__,BLACK/WHITE,MALE,STRAY,FLD_STRAY,UNKNOWN,SANTA ROSA,3.1211498973305956,0,0.8660254037844387,-0.4999999999999998
DOG,__RARE_OR_NEW__,WHITE/BLACK,FEMALE,STRAY,FLD_STRAY,UNKNOWN,SANTA ROSA,1.4976043805612593,0,0.8660254037844387,-0.4999999999999998
DOG,POODLE MIN,__RARE_OR_NEW__,MALE,STRAY,FLD_STRAY,UNKNOWN,SANTA ROSA,3.991786447638604,0,0.8660254037844387,-0.4999999999999998
DOG,__RARE_OR_NEW__,BROWN/BLACK,MALE,STRAY,FLD_STRAY,UNKNOWN,SANTA ROSA,0.49828884325804246,0,0.8660254037844387,-0.4999999999999998
CAT,DOMESTIC SH,BRN TABBY/WHITE,FEMALE,STRAY,OVER THE COUNTER,UNKNOWN,COUNTY,2.083504449007529,0,0.8660254037844387,-0.4999999999999998
DOG,GREAT PYRENEES,WHITE,MALE,STRAY,FLD_STRAY,UNKNOWN,COUNTY,2.4640657084188913,0,0.8660254037844387,-0.4999999999999998
DOG,AM PIT BULL TER/MIX,TAN/WHITE,MALE,STRAY,FLD_STRAY,UNKNOWN,SANTA ROSA,8.095824777549623,0,0.8660254037844387,-0.4999999999999998
DOG,PIT BULL/MIX,WHITE/BLACK,FEMALE,STRAY,FLD_STRAY,UNKNOWN,COUNTY,4.2217659137577,0,0.8660254037844387,-0.4999999999999998
CAT,DOMESTIC SH,BLACK/WHITE,MALE,STRAY,OVER THE COUNTER,HEALTHY,COUNTY,0.07392197125256673,0,0.8660254037844387,-0.4999999999999998
CAT,DOMESTIC MH,BLACK/WHITE,FEMALE,STRAY,OVER THE COUNTER,HEALTHY,COUNTY,0.07392197125256673,0,0.8660254037844387,-0.4999999999999998
CAT,DOMESTIC MH,BLACK,FEMALE,STRAY,OVER THE COUNTER,HEALTHY,COUNTY,0.08213552361396304,0,0.8660254037844387,-0.4999999999999998
CAT,DOMESTIC SH,BRN TABBY/WHITE,MALE,STRAY,OVER THE COUNTER,HEALTHY,COUNTY,0.07392197125256673,0,0.8660254037844387,-0.4999999999999998
CAT,DOMESTIC SH,BLACK/WHITE,MALE,STRAY,OVER THE COUNTER,HEALTHY,COUNTY,0.08213552361396304,0,0.8660254037844387,-0.4999999999999998
CAT,DOMESTIC SH,__RARE_OR_NEW__,FEMALE,STRAY,OVER THE COUNTER,HEALTHY,COUNTY,0.08213552361396304,0,0.8660254037844387,-0.4999999999999998
DOG,POODLE MIN,WHITE,FEMALE,STRAY,OVER THE COUNTER,UNKNOWN,SANTA ROSA,13.730321697467488,0,0.8660254037844387,-0.4999999999999998
DOG,CHIHUAHUA SH/MIX,BLACK/TAN,FEMALE,CONFISCATE,FLD_HOSPTL,UNKNOWN,SANTA ROSA,2.001368925393566,0,0.8660254037844387,-0.4999999999999998
DOG,CHIHUAHUA SH/MIX,BLACK/TAN,FEMALE,CONFISCATE,FLD_HOSPTL,UNKNOWN,SANTA ROSA,0.10130047912388775,0,0.8660254037844387,-0.4999999999999998
DOG,CHIHUAHUA SH/MIX,TAN,MALE,CONFISCATE,FLD_HOSPTL,UNKNOWN,SANTA ROSA,0.10130047912388775,0,0.8660254037844387,-0.4999999999999998
DOG,CHIHUAHUA SH/MIX,BLACK/TAN,MALE,CONFISCATE,FLD_HOSPTL,UNKNOWN,SANTA ROSA,0.10130047912388775,0,0.8660254037844387,-0.4999999999999998
DOG,__RARE_OR_NEW__,BLACK,MALE,STRAY,FIELD,UNKNOWN,COUNTY,2.001368925393566,1,0.8660254037844387,-0.4999999999999998
DOG,GERM SHEPHERD/MIX,BLACK/TAN,MALE,STRAY,FLD_STRAY,UNKNOWN,COUNTY,2.001368925393566,1,0.8660254037844387,-0.4999999999999998
DOG,GERM SHEPHERD/MIX,TAN/BLACK,MALE,STRAY,FLD_STRAY,UNKNOWN,COUNTY,2.001368925393566,1,0.8660254037844387,-0.4999999999999998
DOG,SIBERIAN HUSKY,WHITE,MALE,STRAY,FLD_STRAY,UNKNOWN,SANTA ROSA,8.971937029431896,0,0.8660254037844387,-0.4999999999999998
CAT,DOMESTIC SH,GRAY TABBY,FEMALE,STRAY,FIELD,UNKNOWN,COUNTY,5.426420260095825,0,0.8660254037844387,-0.4999999999999998
DOG,__RARE_OR_NEW__,TAN/BLACK,FEMALE,STRAY,FIELD,UNKNOWN,SANTA ROSA,0.8815879534565366,0,0.8660254037844387,-0.4999999999999998
CAT,DOMESTIC SH,__RARE_OR_NEW__,MALE,STRAY,OVER THE COUNTER,TREATABLE/MANAGEABLE,COUNTY,1.002053388090349,0,0.8660254037844387,-0.4999999999999998
CAT,DOMESTIC SH,BLACK/WHITE,MALE,STRAY,OVER THE COUNTER,TREATABLE/MANAGEABLE,SANTA ROSA,4.0,0,0.8660254037844387,-0.4999999999999998
CAT,DOMESTIC LH,BUFF,MALE,ADOPTION RETURN,OVER THE COUNTER,UNKNOWN,SANTA ROSA,0.9938398357289527,0,0.8660254037844387,-0.4999999999999998
DOG,CHIHUAHUA SH/MIX,__RARE_OR_NEW__,FEMALE,STRAY,FIELD,UNKNOWN,SANTA ROSA,2.001368925393566,0,0.8660254037844387,-0.4999999999999998
DOG,RAT TERRIER/MIX,BLACK/WHITE,MALE,STRAY,FIELD,UNKNOWN,SANTA ROSA,4.0,0,0.8660254037844387,-0.4999999999999998
CAT,DOMESTIC SH,BRN TABBY/WHITE,MALE,STRAY,FLD_STRAY,HEALTHY,COUNTY,1.9411362080766599,0,0.8660254037844387,-0.4999999999999998
DOG,PIT BULL/MIX,RED,MALE,CONFISCATE,FLD_ARREST,HEALTHY,SANTA ROSA,2.8747433264887063,0,0.8660254037844387,-0.4999999999999998
CAT,DOMESTIC SH,BLACK,UNKNOWN,STRAY,EMAIL,UNKNOWN,COUNTY,0.0054757015742642025,0,0.8660254037844387,-0.4999999999999998
OTHER,BAT,BROWN,UNKNOWN,QUARANTINE,FIELD,UNKNOWN,SANTA ROSA,1.8986995208761122,1,0.8660254037844387,-0.4999999999999998
DOG,AUST CATTLE DOG,BLACK/GRAY,MALE,CONFISCATE,FLD_ARREST,UNKNOWN,COUNTY,4.172484599589322,0,0.8660254037844387,-0.4999999999999998
CAT,DOMESTIC SH,WHITE/BLACK,FEMALE,OWNER SURRENDER,OVER THE COUNTER,HEALTHY,SANTA ROSA,0.16700889801505817,0,0.8660254037844387,-0.4999999999999998
CAT,DOMESTIC SH,WHITE/BRN TABBY,MALE,OWNER SURRENDER,OVER THE COUNTER,HEALTHY,SANTA ROSA,0.16700889801505817,0,0.8660254037844387,-0.4999999999999998
CAT,DOMESTIC SH,WHITE/BRN TABBY,MALE,OWNER SURRENDER,OVER THE COUNTER,HEALTHY,SANTA ROSA,0.16700889801505817,0,0.8660254037844387,-0.4999999999999998
CAT,DOMESTIC SH,WHITE/BRN TABBY,MALE,OWNER SURRENDER,OVER THE COUNTER,HEALTHY,SANTA ROSA,0.16700889801505817,0,0.8660254037844387,-0.4999999999999998
CAT,DOMESTIC SH,WHITE/BLACK,FEMALE,OWNER SURRENDER,OVER THE COUNTER,HEALTHY,SANTA ROSA,0.16700889801505817,0,0.8660254037844387,-0.4999999999999998
DOG,PIT BULL/MIX,TAN/WHITE,FEMALE,CONFISCATE,FLD_HOSPTL,UNKNOWN,COUNTY,2.001368925393566,1,0.8660254037844387,-0.4999999999999998
CAT,DOMESTIC SH,GRAY/WHITE,UNKNOWN,STRAY,OVER THE COUNTER,UNKNOWN,COUNTY,0.04106776180698152,0,0.8660254037844387,-0.4999999999999998
CAT,DOMESTIC SH,GRAY/WHITE,UNKNOWN,STRAY,OVER THE COUNTER,UNKNOWN,COUNTY,0.04106776180698152,0,0.8660254037844387,-0.4999999999999998
CAT,DOMESTIC SH,GRAY/WHITE,UNKNOWN,STRAY,OVER THE COUNTER,UNKNOWN,COUNTY,0.04106776180698152,0,0.8660254037844387,-0.4999999999999998
CAT,DOMESTIC SH,GRAY/WHITE,UNKNOWN,STRAY,OVER THE COUNTER,UNKNOWN,COUNTY,0.04106776180698152,0,0.8660254037844387,-0.4999999999999998
CAT,DOMESTIC SH,GRAY,FEMALE,STRAY,OVER THE COUNTER,HEALTHY,COUNTY,0.06570841889117043,0,0.8660254037844387,-0.4999999999999998
CAT,DOMESTIC SH,GRAY TABBY/WHITE,MALE,STRAY,OVER THE COUNTER,HEALTHY,COUNTY,0.06570841889117043,0,0.8660254037844387,-0.4999999999999998
CAT,DOMESTIC SH,BLUE CREAM,FEMALE,STRAY,OVER THE COUNTER,HEALTHY,COUNTY,0.11498973305954825,0,0.8660254037844387,-0.4999999999999998
CAT,DOMESTIC SH,GRAY TABBY/WHITE,FEMALE,STRAY,OVER THE COUNTER,HEALTHY,COUNTY,0.06570841889117043,0,0.8660254037844387,-0.4999999999999998
CAT,DOMESTIC SH,GRAY/WHITE,MALE,STRAY,OVER THE COUNTER,HEALTHY,COUNTY,0.08487337440109514,0,0.8660254037844387,-0.4999999999999998
CAT,DOMESTIC SH,GRAY/WHITE,FEMALE,STRAY,OVER THE COUNTER,HEALTHY,COUNTY,0.08487337440109514,0,0.8660254037844387,-0.4999999999999998
CAT,DOMESTIC SH,GRAY/WHITE,MALE,STRAY,OVER THE COUNTER,HEALTHY,COUNTY,0.08487337440109514,0,0.8660254037844387,-0.4999999999999998
CAT,DOMESTIC SH,GRAY/WHITE,FEMALE,STRAY,OVER THE COUNTER,UNKNOWN,COUNTY,0.08487337440109514,0,0.8660254037844387,-0.4999999999999998
CAT,DOMESTIC SH,GRAY/WHITE,FEMALE,STRAY,OVER THE COUNTER,HEALTHY,COUNTY,0.08487337440109514,0,0.8660254037844387,-0.4999999999999998
DOG,RAT TERRIER/MIX,TRICOLOR,MALE,STRAY,OVER THE COUNTER,UNKNOWN,SANTA ROSA,1.4976043805612593,0,0.8660254037844387,-0.4999999999999998
DOG,RAT TERRIER/MIX,TRICOLOR,FEMALE,STRAY,OVER THE COUNTER,HEALTHY,COUNTY,5.002053388090349,0,0.8660254037844387,-0.4999999999999998
CAT,DOMESTIC SH,BUFF,MALE,STRAY,OVER THE COUNTER,UNKNOWN,SANTA ROSA,0.4188911704312115,0,0.8660254037844387,-0.4999999999999998
DOG,GERM SHEPHERD/SIBERIAN HUSKY,TAN/BLACK,MALE,OWNER SURRENDER,OVER THE COUNTER,UNKNOWN,SANTA ROSA,2.001368925393566,1,0.8660254037844387,-0.4999999999999998
CAT,DOMESTIC SH,ORG TABBY/WHITE,UNKNOWN,STRAY,OVER THE COUNTER,UNKNOWN,SANTA ROSA,0.2518822724161533,1,0.8660254037844387,-0.4999999999999998
CAT,DOMESTIC SH,GRAY/WHITE,UNKNOWN,STRAY,OVER THE COUNTER,UNKNOWN,COUNTY,0.2518822724161533,1,0.8660254037844387,-0.4999999999999998
DOG,GERM SHEPHERD/MIX,CREAM,MALE,STRAY,OVER THE COUNTER,HEALTHY,SANTA ROSA,2.001368925393566,0,0.8660254037844387,-0.4999999999999998
CAT,__RARE_OR_NEW__,BRN TABBY,FEMALE,STRAY,FIELD,UNKNOWN,COUNTY,13.64271047227926,0,0.8660254037844387,-0.4999999999999998
OTHER,GUINEA PIG,TRICOLOR,MALE,STRAY,OVER THE COUNTER,UNKNOWN,COUNTY,2.861054072553046,0,0.8660254037844387,-0.4999999999999998
CAT,DOMESTIC SH,__RARE_OR_NEW__,MALE,OWNER SURRENDER,OVER THE COUNTER,UNKNOWN,SANTA ROSA,8.164271047227926,0,0.8660254037844387,-0.4999999999999998
CAT,DOMESTIC SH,GRAY/WHITE,MALE,STRAY,OVER THE COUNTER,HEALTHY,COUNTY,0.049281314168377825,0,0.8660254037844387,-0.4999999999999998
DOG,__RARE_OR_NEW__,WHITE/BROWN,MALE,STRAY,OVER THE COUNTER,UNKNOWN,COUNTY,1.4976043805612593,0,0.8660254037844387,-0.4999999999999998
CAT,DOMESTIC SH,BLACK,FEMALE,STRAY,OVER THE COUNTER,UNKNOWN,COUNTY,2.001368925393566,0,0.8660254037844387,-0.4999999999999998
DOG,CHIHUAHUA SH,RED/BLACK,MALE,STRAY,OVER THE COUNTER,UNKNOWN,SANTA ROSA,1.002053388090349,0,0.8660254037844387,-0.4999999999999998
DOG,__RARE_OR_NEW__,BLACK,FEMALE,STRAY,FIELD,UNKNOWN,SANTA ROSA,4.531143052703627,0,0.8660254037844387,-0.4999999999999998
OTHER,CHICKEN,WHITE/BLACK,MALE,STRAY,OVER THE COUNTER,UNKNOWN,COUNTY,1.8986995208761122,1,0.8660254037844387,-0.4999999999999998
DOG,PIT BULL/MIX,BROWN/WHITE,FEMALE,STRAY,FIELD,UNKNOWN,SANTA ROSA,4.210814510609172,0,0.8660254037844387,-0.4999999999999998
DOG,PARSON RUSS TER/MIX,WHITE,FEMALE,STRAY,FIELD,UNKNOWN,SANTA ROSA,1.2895277207392197,0,0.8660254037844387,-0.4999999999999998
DOG,SIBERIAN HUSKY/MIX,TAN/WHITE,MALE,OWNER SURRENDER,OVER THE COUNTER,UNKNOWN,COUNTY,2.5489390828199863,0,0.8660254037844387,-0.4999999999999998
DOG,PIT BULL/MIX,WHITE/BLACK,FEMALE,OWNER SURRENDER,OVER THE COUNTER,UNKNOWN,COUNTY,4.238193018480493,0,0.8660254037844387,-0.4999999999999998
DOG,SIBERIAN HUSKY,WHITE,FEMALE,OWNER SURRENDER,OVER THE COUNTER,UNKNOWN,COUNTY,2.5489390828199863,0,0.8660254037844387,-0.4999999999999998
DOG,SIBERIAN HUSKY/MIX,BLACK/TAN,MALE,OWNER SURRENDER,OVER THE COUNTER,UNKNOWN,COUNTY,0.19164955509924708,0,0.8660254037844387,-0.4999999999999998
DOG,SIBERIAN HUSKY,BROWN/TAN,MALE,OWNER SURRENDER,OVER THE COUNTER,UNKNOWN,COUNTY,0.19164955509924708,0,0.8660254037844387,-0.4999999999999998
DOG,SIBERIAN HUSKY/MIX,WHITE,MALE,OWNER SURRENDER,OVER THE COUNTER,UNKNOWN,COUNTY,1.0266940451745379,0,0.8660254037844387,-0.4999999999999998
DOG,SIBERIAN HUSKY/MIX,TAN,FEMALE,OWNER SURRENDER,OVER THE COUNTER,UNKNOWN,COUNTY,1.0266940451745379,0,0.8660254037844387,-0.4999999999999998
DOG,SIBERIAN HUSKY,BLACK/BROWN,FEMALE,OWNER SURRENDER,OVER THE COUNTER,UNKNOWN,COUNTY,2.026009582477755,0,0.8660254037844387,-0.4999999999999998
DOG,SIBERIAN HUSKY,WHITE,FEMALE,OWNER SURRENDER,OVER THE COUNTER,UNKNOWN,COUNTY,6.140999315537303,0,0.8660254037844387,-0.4999999999999998
DOG,SIBERIAN HUSKY/MIX,BROWN/TAN,FEMALE,OWNER SURRENDER,OVER THE COUNTER,HEALTHY,COUNTY,0.19164955509924708,0,0.8660254037844387,-0.4999999999999998
DOG,SIBERIAN HUSKY,WHITE,MALE,OWNER SURRENDER,OVER THE COUNTER,HEALTHY,COUNTY,1.0266940451745379,0,0.8660254037844387,-0.4999999999999998
DOG,SIBERIAN HUSKY,WHITE,FEMALE,OWNER SURRENDER,OVER THE COUNTER,UNKNOWN,COUNTY,0.19164955509924708,0,0.8660254037844387,-0.4999999999999998
DOG,SIBERIAN HUSKY,WHITE,FEMALE,OWNER SURRENDER,OVER THE COUNTER,HEALTHY,COUNTY,1.0266940451745379,0,0.8660254037844387,-0.4999999999999998
DOG,DOBERMAN PINSCH,__RARE_OR_NEW__,MALE,STRAY,OVER THE COUNTER,UNKNOWN,SANTA ROSA,2.001368925393566,0,0.8660254037844387,-0.4999999999999998
CAT,DOMESTIC SH,ORG TABBY/WHITE,UNKNOWN,STRAY,OVER THE COUNTER,UNKNOWN,COUNTY,0.2518822724161533,1,0.8660254037844387,-0.4999999999999998
DOG,GERM SHEPHERD/MIX,BLACK/TAN,MALE,STRAY,FLD_STRAY,UNKNOWN,COUNTY,7.4633812457221085,0,0.8660254037844387,-0.4999999999999998
CAT,DOMESTIC SH,BLACK/WHITE,FEMALE,STRAY,OVER THE COUNTER,HEALTHY,SANTA ROSA,0.12320328542094455,0,0.8660254037844387,-0.4999999999999998
DOG,AUST CATTLE DOG,BLACK/TAN,MALE,STRAY,OVER THE COUNTER,HEALTHY,COUNTY,0.16700889801505817,0,0.8660254037844387,-0.4999999999999998
DOG,AUST CATTLE DOG,WHITE/TAN,MALE,STRAY,OVER THE COUNTER,HEALTHY,COUNTY,0.16700889801505817,0,0.8660254037844387,-0.4999999999999998
DOG,POODLE MIN,CHOCOLATE,MALE,STRAY,FLD_STRAY,UNKNOWN,COUNTY,2.001368925393566,1,0.8660254037844387,-0.4999999999999998
DOG,__RARE_OR_NEW__,BROWN,MALE,STRAY,FLD_STRAY,UNKNOWN,COUNTY,2.9924709103353866,0,0.8660254037844387,-0.4999999999999998
CAT,DOMESTIC SH,GRAY,MALE,STRAY,OVER THE COUNTER,UNKNOWN,COUNTY,7.9370294318959616,0,0.8660254037844387,-0.4999999999999998
DOG,GERM SHEPHERD,BLACK/TAN,MALE,QUARANTINE,FIELD,UNKNOWN,COUNTY,2.001368925393566,1,0.8660254037844387,-0.4999999999999998
DOG,__RARE_OR_NEW__,CREAM,FEMALE,STRAY,FIELD,UNKNOWN,SANTA ROSA,1.136208076659822,0,0.8660254037844387,-0.4999999999999998
DOG,PIT BULL/MIX,GRAY/WHITE,MALE,CONFISCATE,FIELD,UNKNOWN,SANTA ROSA,7.000684462696783,0,0.8660254037844387,-0.4999999999999998
DOG,LABRADOR RETR/MIX,GOLD,MALE,STRAY,FIELD,UNKNOWN,PETALUMA,2.001368925393566,1,0.8660254037844387,-0.4999999999999998
DOG,__RARE_OR_NEW__,__RARE_OR_NEW__,FEMALE,STRAY,FIELD,UNKNOWN,COUNTY,5.9986310746064335,0,0.8660254037844387,-0.4999999999999998
DOG,PIT BULL,WHITE,MALE,STRAY,OVER THE COUNTER,UNKNOWN,SANTA ROSA,2.001368925393566,1,0.8660254037844387,-0.4999999999999998
DOG,ENG BULLDOG/MIX,__RARE_OR_NEW__,MALE,STRAY,OVER THE COUNTER,UNKNOWN,SANTA ROSA,1.404517453798768,0,0.8660254037844387,-0.4999999999999998
CAT,DOMESTIC SH,BLACK,FEMALE,STRAY,FLD_STRAY,UNKNOWN,COUNTY,3.980835044490075,0,0.8660254037844387,-0.4999999999999998
CAT,DOMESTIC SH,BLACK,UNKNOWN,STRAY,FLD_STRAY,UNKNOWN,COUNTY,0.2518822724161533,1,0.8660254037844387,-0.4999999999999998
DOG,PIT BULL/MIX,WHITE/BLACK,FEMALE,STRAY,OVER THE COUNTER,UNKNOWN,SANTA ROSA,2.5516769336071183,0,0.8660254037844387,-0.4999999999999998
CAT,DOMESTIC SH,BLACK,FEMALE,STRAY,OVER THE COUNTER,HEALTHY,SANTA ROSA,1.8042436687200547,0,0.8660254037844387,-0.4999999999999998
CAT,DOMESTIC MH,BLACK,MALE,STRAY,OVER THE COUNTER,UNKNOWN,COUNTY,2.943189596167009,0,0.8660254037844387,-0.4999999999999998
CAT,DOMESTIC SH,GRAY TABBY,UNKNOWN,STRAY,FIELD,UNKNOWN,COUNTY,0.2518822724161533,1,0.8660254037844387,-0.4999999999999998
DOG,PUG,BLACK,MALE,STRAY,FIELD,UNKNOWN,COUNTY,1.08145106091718,0,0.8660254037844387,-0.4999999999999998
DOG,__RARE_OR_NEW__,WHITE,MALE,STRAY,FIELD,UNKNOWN,COUNTY,0.49555099247091033,0,0.8660254037844387,-0.4999999999999998
DOG,__RARE_OR_NEW__,GRAY/BLACK,MALE,STRAY,FIELD,UNKNOWN,SANTA ROSA,2.001368925393566,1,0.8660254037844387,-0.4999999999999998
CAT,DOMESTIC SH,GRAY,FEMALE,STRAY,OVER THE COUNTER,HEALTHY,SANTA ROSA,0.04106776180698152,0,0.8660254037844387,-0.4999999999999998
CAT,DOMESTIC SH,GRAY/WHITE,MALE,STRAY,OVER THE COUNTER,HEALTHY,SANTA ROSA,0.04106776180698152,0,0.8660254037844387,-0.4999999999999998
CAT,DOMESTIC SH,BLACK,MALE,STRAY,OVER THE COUNTER,HEALTHY,SANTA ROSA,0.16700889801505817,0,0.8660254037844387,-0.4999999999999998
CAT,DOMESTIC SH,BLACK,FEMALE,STRAY,OVER THE COUNTER,HEALTHY,SANTA ROSA,0.2190280629705681,0,0.8660254037844387,-0.4999999999999998
CAT,DOMESTIC SH,BLACK,MALE,STRAY,OVER THE COUNTER,HEALTHY,SANTA ROSA,0.16700889801505817,0,0.8660254037844387,-0.4999999999999998
CAT,DOMESTIC SH,__RARE_OR_NEW__,FEMALE,STRAY,EMAIL,UNKNOWN,SANTA ROSA,0.2518822724161533,1,0.8660254037844387,-0.4999999999999998
CAT,DOMESTIC SH,GRAY TABBY/WHITE,MALE,STRAY,EMAIL,UNKNOWN,SANTA ROSA,0.2518822724161533,1,0.8660254037844387,-0.4999999999999998
CAT,DOMESTIC SH,GRAY TABBY/WHITE,MALE,STRAY,EMAIL,UNKNOWN,SANTA ROSA,0.2518822724161533,1,0.8660254037844387,-0.4999999999999998
CAT,DOMESTIC SH,BLACK/WHITE,FEMALE,STRAY,OVER THE COUNTER,HEALTHY,SANTA ROSA,0.010951403148528405,0,0.8660254037844387,-0.4999999999999998
CAT,DOMESTIC SH,BRN TABBY,MALE,STRAY,OVER THE COUNTER,HEALTHY,SANTA ROSA,0.010951403148528405,0,0.8660254037844387,-0.4999999999999998
CAT,DOMESTIC SH,BLACK,FEMALE,STRAY,OVER THE COUNTER,UNKNOWN,SANTA ROSA,0.010951403148528405,0,0.8660254037844387,-0.4999999999999998
CAT,DOMESTIC SH,BRN TABBY,FEMALE,STRAY,OVER THE COUNTER,UNKNOWN,SANTA ROSA,0.010951403148528405,0,0.8660254037844387,-0.4999999999999998
DOG,PIT BULL,GRAY,MALE,CONFISCATE,FLD_ARREST,UNKNOWN,SANTA ROSA,2.9979466119096507,0,0.8660254037844387,-0.4999999999999998
DOG,PIT BULL,GRAY/WHITE,FEMALE,CONFISCATE,FLD_ARREST,UNKNOWN,SANTA ROSA,8.999315537303216,0,0.8660254037844387,-0.4999999999999998
DOG,PIT BULL,GRAY,MALE,CONFISCATE,FLD_ARREST,UNKNOWN,SANTA ROSA,0.7474332648870636,0,0.8660254037844387,-0.4999999999999998
CAT,DOMESTIC SH,GRAY TABBY,UNKNOWN,STRAY,EMAIL,UNKNOWN,SANTA ROSA,0.14236824093086928,0,0.8660254037844387,-0.4999999999999998
CAT,DOMESTIC SH,BLUE,UNKNOWN,STRAY,EMAIL,UNKNOWN,SANTA ROSA,0.14236824093086928,0,0.8660254037844387,-0.4999999999999998
CAT,DOMESTIC SH,BLUE,UNKNOWN,STRAY,EMAIL,UNKNOWN,SANTA ROSA,0.14236824093086928,0,0.8660254037844387,-0.4999999999999998
CAT,DOMESTIC SH,BLUE,UNKNOWN,STRAY,EMAIL,UNKNOWN,SANTA ROSA,0.14236824093086928,0,0.8660254037844387,-0.4999999999999998
CAT,DOMESTIC SH,BLUE,UNKNOWN,STRAY,EMAIL,UNKNOWN,SANTA ROSA,0.14236824093086928,0,0.8660254037844387,-0.4999999999999998
DOG,PIT BULL/MIX,TAN/WHITE,FEMALE,CONFISCATE,FLD_HOSPTL,HEALTHY,SANTA ROSA,7.909650924024641,0,0.8660254037844387,-0.4999999999999998
DOG,__RARE_OR_NEW__,BLACK/WHITE,FEMALE,STRAY,OVER THE COUNTER,HEALTHY,SANTA ROSA,0.13141683778234087,0,0.8660254037844387,-0.4999999999999998
DOG,AM PIT BULL TER/MIX,TAN,MALE,STRAY,OVER THE COUNTER,UNKNOWN,SANTA ROSA,0.16700889801505817,0,0.8660254037844387,-0.4999999999999998
DOG,AM PIT BULL TER/MIX,TAN/WHITE,FEMALE,STRAY,OVER THE COUNTER,HEALTHY,SANTA ROSA,0.13141683778234087,0,0.8660254037844387,-0.4999999999999998
DOG,AM PIT BULL TER/MIX,BROWN,FEMALE,STRAY,OVER THE COUNTER,HEALTHY,SANTA ROSA,0.13141683778234087,0,0.8660254037844387,-0.4999999999999998
DOG,__RARE_OR_NEW__,TAN/WHITE,MALE,STRAY,OVER THE COUNTER,HEALTHY,SANTA ROSA,0.49828884325804246,0,0.8660254037844387,-0.4999999999999998
DOG,BORDER COLLIE,TRICOLOR,MALE,STRAY,FIELD,UNKNOWN,SANTA ROSA,2.001368925393566,1,0.8660254037844387,-0.4999999999999998
CAT,DOMESTIC SH,__RARE_OR_NEW__,FEMALE,STRAY,OVER THE COUNTER,UNKNOWN,SANTA ROSA,5.993155373032169,0,0.8660254037844387,-0.4999999999999998
DOG,__RARE_OR_NEW__,BROWN/BLACK,FEMALE,STRAY,OVER THE COUNTER,UNKNOWN,SANTA ROSA,0.08213552361396304,0,0.8660254037844387,-0.4999999999999998
DOG,PIT BULL,BR BRINDLE,MALE,CONFISCATE,FLD_ARREST,UNKNOWN,SANTA ROSA,2.001368925393566,1,0.8660254037844387,-0.4999999999999998
DOG,CHIHUAHUA SH/MIX,WHITE/CREAM,MALE,STRAY,OVER THE COUNTER,HEALTHY,COUNTY,1.9055441478439425,0,0.8660254037844387,-0.4999999999999998
DOG,__RARE_OR_NEW__,TAN/WHITE,MALE,STRAY,FIELD,UNKNOWN,SANTA ROSA,5.002053388090349,0,0.8660254037844387,-0.4999999999999998
DOG,PIT BULL,TAN/WHITE,MALE,STRAY,FLD_STRAY,UNKNOWN,SANTA ROSA,2.001368925393566,1,0.8660254037844387,-0.4999999999999998
CAT,DOMESTIC SH,__RARE_OR_NEW__,FEMALE,STRAY,FIELD,UNKNOWN,SANTA ROSA,0.05475701574264202,0,0.8660254037844387,-0.4999999999999998
DOG,__RARE_OR_NEW__,WHITE/BROWN,FEMALE,STRAY,FLD_STRAY,UNKNOWN,SANTA ROSA,7.644079397672827,0,0.8660254037844387,-0.4999999999999998
DOG,GERM SHEPHERD,BR BRINDLE,MALE,STRAY,FIELD,UNKNOWN,COUNTY,2.001368925393566,1,0.8660254037844387,-0.4999999999999998
CAT,DOMESTIC LH,ORG TABBY,MALE,STRAY,FIELD,UNKNOWN,*SEBASTOPOL,0.2518822724161533,1,0.8660254037844387,-0.4999999999999998
DOG,__RARE_OR_NEW__,TRICOLOR,MALE,CONFISCATE,FLD_HOSPTL,UNKNOWN,COUNTY,8.396988364134154,0,0.8660254037844387,-0.4999999999999998
CAT,DOMESTIC SH,GRAY,MALE,OWNER SURRENDER,OVER THE COUNTER,HEALTHY,COUNTY,0.12320328542094455,0,0.8660254037844387,-0.4999999999999998
CAT,DOMESTIC SH,GRAY,MALE,OWNER SURRENDER,OVER THE COUNTER,HEALTHY,COUNTY,0.12320328542094455,0,0.8660254037844387,-0.4999999999999998
CAT,DOMESTIC SH,GRAY TABBY,FEMALE,OWNER SURRENDER,OVER THE COUNTER,HEALTHY,COUNTY,0.12320328542094455,0,0.8660254037844387,-0.4999999999999998
CAT,DOMESTIC SH,GRAY TABBY,MALE,OWNER SURRENDER,OVER THE COUNTER,HEALTHY,COUNTY,0.12320328542094455,0,0.8660254037844387,-0.4999999999999998
DOG,LABRADOR RETR/MIX,YELLOW,FEMALE,STRAY,FIELD,UNKNOWN,*SEBASTOPOL,2.001368925393566,1,0.8660254037844387,-0.4999999999999998
DOG,GERM SHEPHERD/MIX,BLACK/WHITE,FEMALE,STRAY,FIELD,UNKNOWN,*SEBASTOPOL,2.001368925393566,1,0.8660254037844387,-0.4999999999999998
DOG,POODLE MIN,CREAM,MALE,STRAY,OVER THE COUNTER,UNKNOWN,SANTA ROSA,4.993839835728953,0,0.8660254037844387,-0.4999999999999998
DOG,PIT BULL/MIX,BLACK/WHITE,FEMALE,CONFISCATE,FLD_HOSPTL,UNKNOWN,COUNTY,0.49555099247091033,0,0.8660254037844387,-0.4999999999999998
DOG,LABRADOR RETR/MIX,BLACK,FEMALE,STRAY,FLD_STRAY,HEALTHY,SANTA ROSA,0.33675564681724846,0,0.8660254037844387,-0.4999999999999998
DOG,__RARE_OR_NEW__,WHITE,FEMALE,STRAY,FIELD,UNKNOWN,COUNTY,3.0006844626967832,0,0.8660254037844387,-0.4999999999999998
DOG,LABRADOR RETR/MIX,BLACK/WHITE,FEMALE,STRAY,FLD_STRAY,UNKNOWN,SANTA ROSA,6.992470910335387,0,0.8660254037844387,-0.4999999999999998
DOG,FRENCH BULLDOG,GRAY,MALE,STRAY,FIELD,UNKNOWN,COUNTY,2.001368925393566,0,0.8660254037844387,-0.4999999999999998
CAT,DOMESTIC MH,TORTIE,FEMALE,STRAY,FLD_STRAY,UNKNOWN,COUNTY,0.2518822724161533,1,0.8660254037844387,-0.4999999999999998
DOG,__RARE_OR_NEW__,WHITE,FEMALE,STRAY,FLD_STRAY,UNKNOWN,COUNTY,2.001368925393566,1,0.8660254037844387,-0.4999999999999998
DOG,__RARE_OR_NEW__,WHITE,FEMALE,STRAY,FLD_STRAY,UNKNOWN,COUNTY,2.001368925393566,1,0.8660254037844387,-0.4999999999999998
DOG,POODLE MIN,WHITE,MALE,STRAY,FIELD,UNKNOWN,COUNTY,5.002053388090349,0,0.8660254037844387,-0.4999999999999998
CAT,DOMESTIC SH,CALICO,FEMALE,CONFISCATE,FLD_HOSPTL,UNKNOWN,SANTA ROSA,0.2518822724161533,1,0.8660254037844387,-0.4999999999999998
CAT,DOMESTIC SH,BLACK,MALE,STRAY,OVER THE COUNTER,TREATABLE/MANAGEABLE,SANTA ROSA,0.11498973305954825,0,0.8660254037844387,-0.4999999999999998
CAT,DOMESTIC SH,ORG TABBY/WHITE,FEMALE,STRAY,OVER THE COUNTER,HEALTHY,SANTA ROSA,0.11498973305954825,0,0.8660254037844387,-0.4999999999999998
CAT,DOMESTIC SH,TORTIE,FEMALE,STRAY,OVER THE COUNTER,UNKNOWN,SANTA ROSA,0.11498973305954825,0,0.8660254037844387,-0.4999999999999998
CAT,DOMESTIC SH,TORTIE,FEMALE,STRAY,OVER THE COUNTER,UNKNOWN,SANTA ROSA,0.11498973305954825,0,0.8660254037844387,-0.4999999999999998
CAT,DOMESTIC SH,BLACK,UNKNOWN,STRAY,OVER THE COUNTER,UNKNOWN,SANTA ROSA,0.2518822724161533,1,0.8660254037844387,-0.4999999999999998
DOG,DACHSHUND/MIX,AGOUTI,MALE,QUARANTINE,FIELD,UNKNOWN,SANTA ROSA,15.096509240246407,0,0.8660254037844387,-0.4999999999999998
CAT,DOMESTIC SH,BLACK,MALE,STRAY,FIELD,UNKNOWN,SANTA ROSA,0.2518822724161533,1,0.8660254037844387,-0.4999999999999998
DOG,GERM SHEPHERD,TAN/BLACK,MALE,STRAY,FIELD,UNKNOWN,COUNTY,9.872689938398358,0,0.8660254037844387,-0.4999999999999998
DOG,__RARE_OR_NEW__,BLACK/WHITE,FEMALE,STRAY,FIELD,UNKNOWN,SANTA ROSA,11.148528405201917,0,0.8660254037844387,-0.4999999999999998
CAT,DOMESTIC SH,WHITE/GRAY,FEMALE,STRAY,FIELD,UNKNOWN,SANTA ROSA,1.3415468856947297,0,0.8660254037844387,-0.4999999999999998
CAT,SIAMESE,LYNX PT,FEMALE,STRAY,FIELD,HEALTHY,SANTA ROSA,0.06023271731690623,0,0.8660254037844387,-0.4999999999999998
CAT,__RARE_OR_NEW__,__RARE_OR_NEW__,MALE,STRAY,FIELD,HEALTHY,SANTA ROSA,0.057494866529774126,0,0.8660254037844387,-0.4999999999999998
CAT,DOMESTIC MH,TRICOLOR,FEMALE,STRAY,FIELD,HEALTHY,SANTA ROSA,0.019164955509924708,0,0.8660254037844387,-0.4999999999999998
CAT,DOMESTIC SH,BRN TABBY/WHITE,FEMALE,STRAY,FIELD,HEALTHY,SANTA ROSA,0.019164955509924708,0,0.8660254037844387,-0.4999999999999998
CAT,DOMESTIC SH,GRAY TABBY/WHITE,FEMALE,STRAY,FIELD,UNTREATABLE,SANTA ROSA,0.2518822724161533,1,0.8660254037844387,-0.4999999999999998
CAT,DOMESTIC SH,BLACK,UNKNOWN,STRAY,OVER THE COUNTER,TREATABLE/REHAB,COUNTY,0.2518822724161533,1,0.8660254037844387,-0.4999999999999998
CAT,DOMESTIC SH,__RARE_OR_NEW__,UNKNOWN,STRAY,OVER THE COUNTER,TREATABLE/REHAB,COUNTY,0.2518822724161533,1,0.8660254037844387,-0.4999999999999998
CAT,DOMESTIC SH,__RARE_OR_NEW__,UNKNOWN,STRAY,OVER THE COUNTER,TREATABLE/REHAB,COUNTY,0.2518822724161533,1,0.8660254037844387,-0.4999999999999998
CAT,DOMESTIC SH,BLACK,UNKNOWN,STRAY,OVER THE COUNTER,TREATABLE/REHAB,COUNTY,0.2518822724161533,1,0.8660254037844387,-0.4999999999999998
CAT,DOMESTIC SH,BLACK,UNKNOWN,STRAY,OVER THE COUNTER,TREATABLE/REHAB,COUNTY,0.2518822724161533,1,0.8660254037844387,-0.4999999999999998
DOG,LABRADOR RETR,BLACK,MALE,CONFISCATE,FLD_ABAND,UNKNOWN,COUNTY,6.959616700889802,0,0.8660254037844387,-0.4999999999999998
DOG,PIT BULL,TAN/WHITE,FEMALE,STRAY,EMAIL,UNKNOWN,SANTA ROSA,2.001368925393566,1,0.8660254037844387,-0.4999999999999998
DOG,LABRADOR RETR,BLACK,FEMALE,CONFISCATE,FLD_ABAND,UNKNOWN,COUNTY,6.959616700889802,0,0.8660254037844387,-0.4999999999999998
DOG,POMERANIAN,TAN/WHITE,MALE,STRAY,OVER THE COUNTER,UNKNOWN,SANTA ROSA,1.002053388090349,0,0.8660254037844387,-0.4999999999999998
DOG,GREAT PYRENEES/MIX,WHITE/BLACK,FEMALE,STRAY,OVER THE COUNTER,UNKNOWN,SANTA ROSA,0.16700889801505817,0,0.8660254037844387,-0.4999999999999998
DOG,GERM SHEPHERD,BLACK/BROWN,MALE,STRAY,FIELD,TREATABLE/REHAB,COUNTY,1.002053388090349,0,0.8660254037844387,-0.4999999999999998
CAT,DOMESTIC SH,BRN TABBY,MALE,STRAY,FIELD,HEALTHY,COUNTY,2.001368925393566,0,0.8660254037844387,-0.4999999999999998
DOG,GREAT PYRENEES,BUFF,MALE,STRAY,FIELD,UNKNOWN,COUNTY,1.6344969199178645,0,0.8660254037844387,-0.4999999999999998
CAT,DOMESTIC SH,TORTIE,FEMALE,STRAY,EMAIL,UNKNOWN,SANTA ROSA,0.2518822724161533,1,0.8660254037844387,-0.4999999999999998
CAT,DOMESTIC SH,TORTIE,FEMALE,STRAY,EMAIL,UNKNOWN,SANTA ROSA,0.2518822724161533,1,0.8660254037844387,-0.4999999999999998
CAT,DOMESTIC SH,BLACK,FEMALE,STRAY,EMAIL,UNKNOWN,SANTA ROSA,0.2518822724161533,1,0.8660254037844387,-0.4999999999999998
CAT,DOMESTIC SH,BLACK,FEMALE,STRAY,EMAIL,UNKNOWN,SANTA ROSA,0.2518822724161533,1,0.8660254037844387,-0.4999999999999998
OTHER,__RARE_OR_NEW__,WHITE/BROWN,UNKNOWN,STRAY,OVER THE COUNTER,UNKNOWN,COUNTY,1.8986995208761122,1,0.8660254037844387,-0.4999999999999998
DOG,__RARE_OR_NEW__,BLACK/TAN,FEMALE,CONFISCATE,FLD_CORONR,UNKNOWN,SANTA ROSA,2.97056810403833,0,0.8660254037844387,-0.4999999999999998
DOG,CHIHUAHUA SH/MIX,TRICOLOR,FEMALE,CONFISCATE,FLD_CORONR,UNKNOWN,SANTA ROSA,1.9712525667351128,0,0.8660254037844387,-0.4999999999999998
DOG,__RARE_OR_NEW__,CREAM,MALE,CONFISCATE,FLD_CORONR,UNKNOWN,SANTA ROSA,0.47091033538672145,0,0.8660254037844387,-0.4999999999999998
DOG,__RARE_OR_NEW__,TRICOLOR,MALE,STRAY,FIELD,UNKNOWN,SANTA ROSA,13.960301163586584,0,0.49999999999999994,-0.8660254037844387
DOG,YORKSHIRE TERR/MIX,TAN/WHITE,MALE,STRAY,FIELD,UNKNOWN,SANTA ROSA,5.002053388090349,0,0.49999999999999994,-0.8660254037844387
DOG,PARSON RUSS TER/MIX,TAN/WHITE,FEMALE,STRAY,FIELD,HEALTHY,SANTA ROSA,5.002053388090349,0,0.49999999999999994,-0.8660254037844387
DOG,PIT BULL,BR BRINDLE,FEMALE,CONFISCATE,FLD_ARREST,UNKNOWN,*SONOMA,5.839835728952772,0,0.49999999999999994,-0.8660254037844387
DOG,__RARE_OR_NEW__,BLACK/TAN,FEMALE,STRAY,FLD_STRAY,UNKNOWN,COUNTY,2.001368925393566,0,0.49999999999999994,-0.8660254037844387
DOG,GERM SHEPHERD/MIX,BLACK,MALE,STRAY,FLD_STRAY,UNKNOWN,COUNTY,1.002053388090349,0,0.49999999999999994,-0.8660254037844387
DOG,BEAGLE/MIX,BLACK/TAN,FEMALE,STRAY,FIELD,UNKNOWN,SANTA ROSA,1.995893223819302,0,0.49999999999999994,-0.8660254037844387
DOG,__RARE_OR_NEW__,TAN/BLACK,MALE,STRAY,FIELD,UNKNOWN,SANTA ROSA,0.25735797399041754,0,0.49999999999999994,-0.8660254037844387
CAT,DOMESTIC SH,GRAY TABBY,MALE,STRAY,FIELD,UNKNOWN,SANTA ROSA,7.997262149212868,0,0.49999999999999994,-0.8660254037844387
DOG,SHIH TZU/MIX,WHITE/GRAY,FEMALE,STRAY,FIELD,UNKNOWN,SANTA ROSA,3.813826146475017,0,0.49999999999999994,-0.8660254037844387
DOG,__RARE_OR_NEW__,TAN/BLACK,FEMALE,STRAY,FIELD,UNKNOWN,COUNTY,2.001368925393566,1,0.49999999999999994,-0.8660254037844387
OTHER,BAT,BROWN,UNKNOWN,QUARANTINE,FIELD,UNKNOWN,SANTA ROSA,1.8986995208761122,1,0.49999999999999994,-0.8660254037844387
CAT,DOMESTIC SH,BLACK,FEMALE,STRAY,FLD_STRAY,UNKNOWN,SANTA ROSA,0.0054757015742642025,0,0.49999999999999994,-0.8660254037844387
CAT,DOMESTIC LH,ORG TABBY,FEMALE,QUARANTINE,FIELD,UNKNOWN,SANTA ROSA,16.421629021218344,0,0.49999999999999994,-0.8660254037844387
DOG,CHIHUAHUA SH/MIX,BLACK,MALE,CONFISCATE,FLD_HOSPTL,UNKNOWN,COUNTY,2.001368925393566,1,0.49999999999999994,-0.8660254037844387
DOG,CHIHUAHUA SH,TAN/WHITE,FEMALE,STRAY,FLD_STRAY,UNKNOWN,SANTA ROSA,6.0013689253935665,0,0.49999999999999994,-0.8660254037844387
DOG,CHIHUAHUA SH/MIX,BLACK/BROWN,MALE,STRAY,OVER THE COUNTER,UNKNOWN,SANTA ROSA,9.00205338809035,0,0.49999999999999994,-0.8660254037844387
DOG,__RARE_OR_NEW__,WHITE/BLACK,FEMALE,STRAY,FIELD,UNKNOWN,SANTA ROSA,10.001368925393566,0,0.49999999999999994,-0.8660254037844387
DOG,POODLE MIN/MIX,WHITE,MALE,STRAY,OVER THE COUNTER,TREATABLE/REHAB,SANTA ROSA,0.917180013689254,0,0.49999999999999994,-0.8660254037844387
DOG,PIT BULL/MIX,BLACK/WHITE,FEMALE,STRAY,OVER THE COUNTER,UNKNOWN,COUNTY,0.5174537987679672,0,0.49999999999999994,-0.8660254037844387
CAT,DOMESTIC SH,BRN TABBY,FEMALE,STRAY,OVER THE COUNTER,HEALTHY,SANTA ROSA,0.12594113620807665,0,0.49999999999999994,-0.8660254037844387
CAT,DOMESTIC SH,BRN TABBY,MALE,STRAY,OVER THE COUNTER,HEALTHY,SANTA ROSA,0.12594113620807665,0,0.49999999999999994,-0.8660254037844387
CAT,DOMESTIC SH,BLACK,FEMALE,STRAY,OVER THE COUNTER,HEALTHY,SANTA ROSA,0.12594113620807665,0,0.49999999999999994,-0.8660254037844387
CAT,DOMESTIC SH,BRN TABBY,MALE,STRAY,OVER THE COUNTER,HEALTHY,SANTA ROSA,0.12594113620807665,0,0.49999999999999994,-0.8660254037844387
CAT,DOMESTIC SH,BRN TABBY,FEMALE,STRAY,OVER THE COUNTER,HEALTHY,SANTA ROSA,0.12594113620807665,0,0.49999999999999994,-0.8660254037844387
CAT,DOMESTIC SH,BRN TABBY,FEMALE,STRAY,OVER THE COUNTER,HEALTHY,SANTA ROSA,0.12594113620807665,0,0.49999999999999994,-0.8660254037844387
CAT,DOMESTIC SH,BRN TABBY,FEMALE,STRAY,OVER THE COUNTER,HEALTHY,SANTA ROSA,0.12594113620807665,0,0.49999999999999994,-0.8660254037844387
CAT,DOMESTIC SH,BRN TABBY,FEMALE,STRAY,OVER THE COUNTER,HEALTHY,SANTA ROSA,0.12594113620807665,0,0.49999999999999994,-0.8660254037844387
CAT,DOMESTIC SH,BRN TABBY,FEMALE,STRAY,OVER THE COUNTER,HEALTHY,SANTA ROSA,0.12594113620807665,0,0.49999999999999994,-0.8660254037844387
CAT,DOMESTIC SH,BRN TABBY,MALE,STRAY,OVER THE COUNTER,HEALTHY,SANTA ROSA,0.12594113620807665,0,0.49999999999999994,-0.8660254037844387
DOG,GERM SHEPHERD/SIBERIAN HUSKY,BLACK/TAN,MALE,STRAY,FLD_STRAY,HEALTHY,SANTA ROSA,1.0924024640657084,0,0.49999999999999994,-0.8660254037844387
DOG,DOBERMAN PINSCH,BROWN/TAN,FEMALE,STRAY,FLD_STRAY,UNKNOWN,SANTA ROSA,3.8439425051334704,0,0.49999999999999994,-0.8660254037844387
DOG,CHIHUAHUA SH,WHITE,MALE,STRAY,FLD_STRAY,UNKNOWN,SANTA ROSA,6.965092402464066,0,0.49999999999999994,-0.8660254037844387
DOG,PIT BULL,BLACK/WHITE,MALE,CONFISCATE,FLD_HOSPTL,UNKNOWN,SANTA ROSA,11.980835044490075,0,0.49999999999999994,-0.8660254037844387
DOG,FRENCH BULLDOG,BL BRINDLE,MALE,CONFISCATE,FLD_CRUEL,UNKNOWN,SANTA ROSA,2.001368925393566,0,0.49999999999999994,-0.8660254037844387
DOG,BORDER COLLIE,BLACK/WHITE,MALE,STRAY,FLD_STRAY,UNKNOWN,COUNTY,4.0,0,0.49999999999999994,-0.8660254037844387
OTHER,BAT,BROWN,UNKNOWN,QUARANTINE,FIELD,UNKNOWN,SANTA ROSA,1.8986995208761122,1,0.49999999999999994,-0.8660254037844387
CAT,DOMESTIC SH,BRN TABBY,FEMALE,STRAY,FIELD,UNKNOWN,SANTA ROSA,2.9842573579739904,0,0.49999999999999994,-0.8660254037844387
DOG,GERM SHEPHERD/MIX,BR BRINDLE/WHITE,FEMALE,STRAY,OVER THE COUNTER,UNKNOWN,SANTA ROSA,0.16700889801505817,0,0.49999999999999994,-0.8660254037844387
DOG,PIT BULL/MIX,BLACK/WHITE,MALE,STRAY,OVER THE COUNTER,UNKNOWN,COUNTY,0.7446954140999316,0,0.49999999999999994,-0.8660254037844387
CAT,DOMESTIC SH,GRAY/WHITE,FEMALE,STRAY,EMAIL,UNKNOWN,SANTA ROSA,0.16700889801505817,0,0.49999999999999994,-0.8660254037844387
OTHER,__RARE_OR_NEW__,TAN/WHITE,MALE,STRAY,OVER THE COUNTER,UNKNOWN,SANTA ROSA,1.946611909650924,0,0.49999999999999994,-0.8660254037844387
CAT,DOMESTIC SH,BLACK,MALE,STRAY,FIELD,UNKNOWN,SANTA ROSA,5.965776865160849,0,0.49999999999999994,-0.8660254037844387
DOG,POODLE MIN/MIX,GRAY,MALE,STRAY,OVER THE COUNTER,UNKNOWN,COUNTY,3.8576317590691307,0,0.49999999999999994,-0.8660254037844387
DOG,PARSON RUSS TER/MIX,TAN,MALE,STRAY,OVER THE COUNTER,UNKNOWN,SANTA ROSA,1.002053388090349,0,0.49999999999999994,-0.8660254037844387
CAT,DOMESTIC SH,BLACK/WHITE,FEMALE,STRAY,FLD_EMERGE,UNKNOWN,COUNTY,0.2518822724161533,1,0.49999999999999994,-0.8660254037844387
DOG,AUST SHEPHERD,TRICOLOR,FEMALE,STRAY,OVER THE COUNTER,UNKNOWN,COUNTY,1.5003422313483916,0,0.49999999999999994,-0.8660254037844387
DOG,PIT BULL,WHITE,MALE,STRAY,OVER THE COUNTER,UNKNOWN,COUNTY,2.001368925393566,1,0.49999999999999994,-0.8660254037844387
DOG,CHIHUAHUA SH/MIX,BROWN,FEMALE,CONFISCATE,FLD_CORONR,UNKNOWN,COUNTY,2.020533880903491,0,0.49999999999999994,-0.8660254037844387
OTHER,BAT,BROWN,UNKNOWN,QUARANTINE,FIELD,UNKNOWN,SANTA ROSA,1.8986995208761122,1,0.49999999999999994,-0.8660254037844387
DOG,SHIH TZU,RED,FEMALE,STRAY,FLD_STRAY,UNKNOWN,COUNTY,2.4969199178644765,0,0.49999999999999994,-0.8660254037844387
DOG,SHIH TZU,WHITE/BROWN,MALE,STRAY,FLD_STRAY,UNKNOWN,COUNTY,3.4962354551676933,0,0.49999999999999994,-0.8660254037844387
DOG,SIBERIAN HUSKY,WHITE,FEMALE,STRAY,FLD_STRAY,UNKNOWN,SANTA ROSA,2.001368925393566,1,0.49999999999999994,-0.8660254037844387
DOG,PIT BULL/MIX,BLACK/WHITE,MALE,STRAY,OVER THE COUNTER,HEALTHY,SANTA ROSA,1.3415468856947297,0,0.49999999999999994,-0.8660254037844387
DOG,__RARE_OR_NEW__,GRAY,MALE,STRAY,FIELD,UNKNOWN,SANTA ROSA,2.001368925393566,1,0.49999999999999994,-0.8660254037844387
CAT,DOMESTIC SH,__RARE_OR_NEW__,UNKNOWN,STRAY,FIELD,UNKNOWN,SANTA ROSA,0.2518822724161533,1,0.49999999999999994,-0.8660254037844387
CAT,DOMESTIC SH,BLACK,FEMALE,STRAY,FIELD,UNKNOWN,SANTA ROSA,0.2518822724161533,1,0.49999999999999994,-0.8660254037844387
DOG,__RARE_OR_NEW__,BLACK/WHITE,FEMALE,STRAY,OVER THE COUNTER,UNKNOWN,SANTA ROSA,2.8966461327857633,0,0.49999999999999994,-0.8660254037844387
CAT,SIAMESE,GRAY/WHITE,MALE,STRAY,FIELD,HEALTHY,COUNTY,4.993839835728953,0,0.49999999999999994,-0.8660254037844387
OTHER,BAT,BROWN,UNKNOWN,QUARANTINE,FIELD,UNKNOWN,COUNTY,1.8986995208761122,1,0.49999999999999994,-0.8660254037844387
DOG,POODLE MIN/MIX,WHITE,MALE,STRAY,FIELD,UNKNOWN,SANTA ROSA,1.002053388090349,0,0.49999999999999994,-0.8660254037844387
CAT,DOMESTIC SH,__RARE_OR_NEW__,FEMALE,STRAY,OVER THE COUNTER,HEALTHY,SANTA ROSA,0.12867898699520877,0,0.49999999999999994,-0.8660254037844387
CAT,DOMESTIC LH,GRAY,FEMALE,STRAY,OVER THE COUNTER,HEALTHY,SANTA ROSA,4.0,0,0.49999999999999994,-0.8660254037844387
CAT,DOMESTIC SH,BLACK,FEMALE,STRAY,OVER THE COUNTER,HEALTHY,SANTA ROSA,0.06570841889117043,0,0.49999999999999994,-0.8660254037844387
CAT,DOMESTIC SH,GRAY,MALE,STRAY,OVER THE COUNTER,HEALTHY,SANTA ROSA,0.06570841889117043,0,0.49999999999999994,-0.8660254037844387
CAT,DOMESTIC SH,GRAY,FEMALE,STRAY,OVER THE COUNTER,HEALTHY,SANTA ROSA,0.06570841889117043,0,0.49999999999999994,-0.8660254037844387
CAT,DOMESTIC SH,__RARE_OR_NEW__,UNKNOWN,STRAY,FIELD,UNKNOWN,COUNTY,0.2518822724161533,1,0.49999999999999994,-0.8660254037844387
DOG,ENG BULLDOG/MIX,TAN/WHITE,FEMALE,STRAY,OVER THE COUNTER,UNKNOWN,COUNTY,9.00205338809035,0,0.49999999999999994,-0.8660254037844387
OTHER,GUINEA PIG,BLACK/WHITE,MALE,STRAY,OVER THE COUNTER,HEALTHY,COUNTY,3.9370294318959616,0,0.49999999999999994,-0.8660254037844387
DOG,CHIHUAHUA SH/MIX,TAN,MALE,STRAY,VET_HOSP,HEALTHY,SANTA ROSA,1.995893223819302,0,0.49999999999999994,-0.8660254037844387
CAT,DOMESTIC SH,GRAY/WHITE,MALE,STRAY,OVER THE COUNTER,HEALTHY,SANTA ROSA,0.16700889801505817,0,0.49999999999999994,-0.8660254037844387
CAT,DOMESTIC SH,BLACK/WHITE,MALE,STRAY,OVER THE COUNTER,HEALTHY,SANTA ROSA,0.16700889801505817,0,0.49999999999999994,-0.8660254037844387
CAT,DOMESTIC SH,BLACK/WHITE,MALE,STRAY,OVER THE COUNTER,HEALTHY,SANTA ROSA,0.16700889801505817,0,0.49999999999999994,-0.8660254037844387
CAT,DOMESTIC SH,TORTIE,FEMALE,STRAY,OVER THE COUNTER,HEALTHY,SANTA ROSA,0.16700889801505817,0,0.49999999999999994,-0.8660254037844387
CAT,DOMESTIC SH,CALICO,FEMALE,STRAY,OVER THE COUNTER,HEALTHY,SANTA ROSA,0.16700889801505817,0,0.49999999999999994,-0.8660254037844387
DOG,PIT BULL,__RARE_OR_NEW__,MALE,STRAY,FIELD,UNKNOWN,COUNTY,5.002053388090349,0,0.49999999999999994,-0.8660254037844387
DOG,PIT BULL/MIX,__RARE_OR_NEW__,MALE,STRAY,FIELD,UNKNOWN,COUNTY,2.001368925393566,1,0.49999999999999994,-0.8660254037844387
CAT,DOMESTIC SH,CALICO,FEMALE,STRAY,OVER THE COUNTER,TREATABLE/MANAGEABLE,SANTA ROSA,3.0006844626967832,0,0.49999999999999994,-0.8660254037844387
CAT,DOMESTIC SH,GRAY TABBY/WHITE,MALE,STRAY,OVER THE COUNTER,UNKNOWN,SANTA ROSA,0.16700889801505817,0,0.49999999999999994,-0.8660254037844387
CAT,DOMESTIC SH,GRAY TABBY/WHITE,MALE,STRAY,OVER THE COUNTER,UNKNOWN,SANTA ROSA,0.16700889801505817,0,0.49999999999999994,-0.8660254037844387
CAT,DOMESTIC SH,GRAY TABBY/WHITE,MALE,STRAY,OVER THE COUNTER,UNKNOWN,SANTA ROSA,0.16700889801505817,0,0.49999999999999994,-0.8660254037844387
OTHER,DUCK,BROWN/WHITE,MALE,STRAY,FIELD,UNKNOWN,SANTA ROSA,1.8986995208761122,1,0.49999999999999994,-0.8660254037844387
OTHER,DUCK,BROWN/WHITE,MALE,STRAY,FIELD,UNKNOWN,SANTA ROSA,1.8986995208761122,1,0.49999999999999994,-0.8660254037844387
DOG,PARSON RUSS TER/MIX,WHITE/TAN,MALE,STRAY,FLD_STRAY,UNKNOWN,SANTA ROSA,1.002053388090349,0,0.49999999999999994,-0.8660254037844387
CAT,DOMESTIC SH,BRN TABBY,UNKNOWN,STRAY,VET_HOSP,UNKNOWN,SANTA ROSA,0.2518822724161533,1,0.49999999999999994,-0.8660254037844387
CAT,DOMESTIC SH,GRAY TABBY,FEMALE,STRAY,OVER THE COUNTER,UNKNOWN,SANTA ROSA,0.16700889801505817,0,0.49999999999999994,-0.8660254037844387
CAT,DOMESTIC LH,ORG TABBY/WHITE,MALE,STRAY,OVER THE COUNTER,UNKNOWN,COUNTY,2.001368925393566,0,0.49999999999999994,-0.8660254037844387
DOG,GERM SHEPHERD,BLACK/TAN,MALE,STRAY,FLD_STRAY,UNKNOWN,COUNTY,0.9582477754962354,0,0.49999999999999994,-0.8660254037844387
CAT,DOMESTIC SH,BLACK,FEMALE,STRAY,OVER THE COUNTER,UNKNOWN,COUNTY,0.2518822724161533,1,0.49999999999999994,-0.8660254037844387
DOG,LABRADOR RETR/MIX,TAN/WHITE,MALE,STRAY,OVER THE COUNTER,UNKNOWN,SANTA ROSA,1.002053388090349,0,0.49999999999999994,-0.8660254037844387
OTHER,GOAT,WHITE/BROWN,MALE,STRAY,FLD_STRAY,UNKNOWN,COUNTY,1.8986995208761122,1,0.49999999999999994,-0.8660254037844387
OTHER,GOAT,WHITE/TAN,MALE,STRAY,FLD_STRAY,UNKNOWN,COUNTY,1.8986995208761122,1,0.49999999999999994,-0.8660254037844387
CAT,DOMESTIC SH,BLACK,UNKNOWN,STRAY,OVER THE COUNTER,UNKNOWN,SANTA ROSA,0.2518822724161533,1,0.49999999999999994,-0.8660254037844387
CAT,DOMESTIC SH,GRAY TABBY,UNKNOWN,STRAY,OVER THE COUNTER,UNKNOWN,SANTA ROSA,0.2518822724161533,1,0.49999999999999994,-0.8660254037844387
DOG,__RARE_OR_NEW__,TRICOLOR,FEMALE,STRAY,FLD_STRAY,UNKNOWN,COUNTY,2.001368925393566,1,0.49999999999999994,-0.8660254037844387
CAT,DOMESTIC LH,ORANGE/WHITE,MALE,STRAY,FIELD,UNKNOWN,SANTA ROSA,2.976043805612594,0,0.49999999999999994,-0.8660254037844387
CAT,DOMESTIC SH,BLACK/WHITE,FEMALE,STRAY,FIELD,UNKNOWN,SANTA ROSA,10.967830253251197,0,0.49999999999999994,-0.8660254037844387
DOG,CHIHUAHUA SH,BLACK/BROWN,MALE,STRAY,FIELD,UNKNOWN,SANTA ROSA,2.001368925393566,1,0.49999999999999994,-0.8660254037844387
OTHER,BAT,BROWN,UNKNOWN,QUARANTINE,FIELD,UNKNOWN,COUNTY,1.8986995208761122,1,0.49999999999999994,-0.8660254037844387
DOG,SIBERIAN HUSKY,WHITE,MALE,STRAY,FIELD,UNKNOWN,COUNTY,3.0006844626967832,0,0.49999999999999994,-0.8660254037844387
DOG,BELG MALINOIS/MIX,TAN/BLACK,MALE,STRAY,FIELD,HEALTHY,SANTA ROSA,1.002053388090349,0,0.49999999999999994,-0.8660254037844387
DOG,SIBERIAN HUSKY,WHITE,MALE,STRAY,OVER THE COUNTER,UNKNOWN,SANTA ROSA,6.0013689253935665,0,0.49999999999999994,-0.8660254037844387
OTHER,BAT,BROWN,UNKNOWN,QUARANTINE,FIELD,UNKNOWN,COUNTY,1.8986995208761122,1,0.49999999999999994,-0.8660254037844387
OTHER,BAT,BROWN,UNKNOWN,QUARANTINE,FIELD,UNKNOWN,COUNTY,1.8986995208761122,1,0.49999999999999994,-0.8660254037844387
DOG,CHIHUAHUA SH/MIX,BROWN/WHITE,MALE,ADOPTION RETURN,OVER THE COUNTER,UNKNOWN,COUNTY,2.2258726899383983,0,0.49999999999999994,-0.8660254037844387
CAT,DOMESTIC SH,BLACK/WHITE,UNKNOWN,STRAY,EMAIL,UNKNOWN,SANTA ROSA,0.12594113620807665,0,0.49999999999999994,-0.8660254037844387
DOG,__RARE_OR_NEW__,BLACK/WHITE,FEMALE,CONFISCATE,FLD_HOSPTL,UNKNOWN,SANTA ROSA,2.001368925393566,1,0.49999999999999994,-0.8660254037844387
DOG,AUST CATTLE DOG,BLACK/WHITE,FEMALE,STRAY,OVER THE COUNTER,UNKNOWN,SANTA ROSA,2.3901437371663246,0,0.49999999999999994,-0.8660254037844387
DOG,__RARE_OR_NEW__,BL BRINDLE,MALE,STRAY,FLD_STRAY,UNKNOWN,SANTA ROSA,8.388774811772759,0,0.49999999999999994,-0.8660254037844387
DOG,__RARE_OR_NEW__,BR BRINDLE/WHITE,MALE,OWNER SURRENDER,FIELD,UNKNOWN,SANTA ROSA,0.6680355920602327,0,0.49999999999999994,-0.8660254037844387
CAT,DOMESTIC LH,GRAY/WHITE,FEMALE,STRAY,OVER THE COUNTER,HEALTHY,SANTA ROSA,0.15058179329226556,0,0.49999999999999994,-0.8660254037844387
CAT,DOMESTIC LH,GRAY/WHITE,MALE,STRAY,OVER THE COUNTER,UNKNOWN,SANTA ROSA,0.15058179329226556,0,0.49999999999999994,-0.8660254037844387
CAT,DOMESTIC LH,BRN TABBY/WHITE,FEMALE,STRAY,OVER THE COUNTER,UNKNOWN,SANTA ROSA,0.15058179329226556,0,0.49999999999999994,-0.8660254037844387
CAT,DOMESTIC LH,BRN TABBY/WHITE,MALE,STRAY,OVER THE COUNTER,UNKNOWN,SANTA ROSA,0.15058179329226556,0,0.49999999999999994,-0.8660254037844387
CAT,DOMESTIC SH,GRAY TABBY,FEMALE,STRAY,OVER THE COUNTER,UNKNOWN,SANTA ROSA,4.224503764544832,0,0.49999999999999994,-0.8660254037844387
DOG,__RARE_OR_NEW__,RED/WHITE,MALE,CONFISCATE,FLD_ARREST,UNKNOWN,COUNTY,2.001368925393566,1,0.49999999999999994,-0.8660254037844387
OTHER,BAT,BLACK,UNKNOWN,QUARANTINE,OVER THE COUNTER,UNKNOWN,COUNTY,1.8986995208761122,1,0.49999999999999994,-0.8660254037844387
OTHER,BAT,BLACK,UNKNOWN,QUARANTINE,OVER THE COUNTER,UNKNOWN,COUNTY,1.8986995208761122,1,0.49999999999999994,-0.8660254037844387
OTHER,BAT,BLACK,UNKNOWN,QUARANTINE,OVER THE COUNTER,UNKNOWN,COUNTY,1.8986995208761122,1,0.49999999999999994,-0.8660254037844387
CAT,DOMESTIC SH,ORANGE,MALE,STRAY,OVER THE COUNTER,UNKNOWN,SANTA ROSA,0.947296372347707,0,0.49999999999999994,-0.8660254037844387
DOG,GERM SHEPHERD,TAN/BLACK,MALE,STRAY,FLD_STRAY,UNKNOWN,COUNTY,1.834360027378508,0,0.49999999999999994,-0.8660254037844387
DOG,LABRADOR RETR,WHITE,FEMALE,STRAY,FLD_STRAY,HEALTHY,COUNTY,0.919917864476386,0,0.49999999999999994,-0.8660254037844387
DOG,__RARE_OR_NEW__,GOLD,FEMALE,STRAY,FLD_STRAY,UNKNOWN,SANTA ROSA,12.0,0,0.49999999999999994,-0.8660254037844387
DOG,__RARE_OR_NEW__,WHITE,MALE,STRAY,FLD_STRAY,UNKNOWN,COUNTY,5.757700205338809,0,0.49999999999999994,-0.8660254037844387
CAT,DOMESTIC SH,BLACK/BROWN,FEMALE,STRAY,OVER THE COUNTER,UNKNOWN,SANTA ROSA,1.2320328542094456,0,0.49999999999999994,-0.8660254037844387
DOG,FRENCH BULLDOG,__RARE_OR_NEW__,FEMALE,STRAY,OVER THE COUNTER,UNKNOWN,SANTA ROSA,1.998631074606434,0,0.49999999999999994,-0.8660254037844387
DOG,SIBERIAN HUSKY,GRAY/WHITE,MALE,STRAY,FLD_STRAY,UNKNOWN,COUNTY,13.973990417522245,0,0.49999999999999994,-0.8660254037844387
DOG,GERM SHEPHERD,TAN/BLACK,MALE,OWNER SURRENDER,OVER THE COUNTER,UNKNOWN,COUNTY,0.6324435318275154,0,0.49999999999999994,-0.8660254037844387
CAT,DOMESTIC SH,GRAY,UNKNOWN,STRAY,OVER THE COUNTER,UNKNOWN,COUNTY,4.0,0,0.49999999999999994,-0.8660254037844387
DOG,PIT BULL/MIX,BLACK,FEMALE,STRAY,OVER THE COUNTER,HEALTHY,SANTA ROSA,0.2518822724161533,0,0.49999999999999994,-0.8660254037844387
DOG,LABRADOR RETR/PIT BULL,BLACK,MALE,STRAY,OVER THE COUNTER,UNKNOWN,SANTA ROSA,0.2518822724161533,0,0.49999999999999994,-0.8660254037844387
DOG,CHIHUAHUA SH,BROWN,FEMALE,STRAY,OVER THE COUNTER,UNKNOWN,SANTA ROSA,3.0006844626967832,0,0.49999999999999994,-0.8660254037844387
DOG,GERM SHEPHERD,TAN/BLACK,MALE,OWNER SURRENDER,OVER THE COUNTER,UNKNOWN,COUNTY,1.83709787816564,0,0.49999999999999994,-0.8660254037844387
CAT,DOMESTIC SH,TORTIE,FEMALE,STRAY,OVER THE COUNTER,UNKNOWN,COUNTY,1.002053388090349,0,0.49999999999999994,-0.8660254037844387
DOG,PIT BULL/LABRADOR RETR,TAN,FEMALE,QUARANTINE,FIELD,UNKNOWN,SANTA ROSA,8.0,0,0.49999999999999994,-0.8660254037844387
CAT,DOMESTIC SH,TORTIE,FEMALE,STRAY,EMAIL,UNKNOWN,COUNTY,2.001368925393566,0,0.49999999999999994,-0.8660254037844387
CAT,DOMESTIC SH,ORG TABBY,FEMALE,ADOPTION RETURN,OVER THE COUNTER,HEALTHY,WINDSOR,0.2190280629705681,0,0.49999999999999994,-0.8660254037844387
DOG,CHIHUAHUA SH,TAN,MALE,STRAY,OVER THE COUNTER,UNKNOWN,SANTA ROSA,1.8672142368240932,0,0.49999999999999994,-0.8660254037844387
DOG,__RARE_OR_NEW__,__RARE_OR_NEW__,MALE,STRAY,OVER THE COUNTER,HEALTHY,SANTA ROSA,2.869267624914442,0,0.49999999999999994,-0.8660254037844387
DOG,PIT BULL/MIX,BROWN/TAN,MALE,STRAY,OVER THE COUNTER,HEALTHY,SANTA ROSA,0.16700889801505817,0,0.49999999999999994,-0.8660254037844387
DOG,PIT BULL/MIX,WHITE,MALE,STRAY,FLD_STRAY,UNKNOWN,SANTA ROSA,9.065023956194388,0,0.49999999999999994,-0.8660254037844387
DOG,PIT BULL/MIX,WHITE/BROWN,FEMALE,STRAY,FLD_STRAY,UNKNOWN,SANTA ROSA,3.3976728268309375,0,0.49999999999999994,-0.8660254037844387
CAT,DOMESTIC MH,ORANGE,FEMALE,STRAY,VET_HOSP,UNKNOWN,SANTA ROSA,0.08487337440109514,0,0.49999999999999994,-0.8660254037844387
CAT,DOMESTIC MH,BLUE CREAM,FEMALE,STRAY,VET_HOSP,UNKNOWN,SANTA ROSA,0.08487337440109514,0,0.49999999999999994,-0.8660254037844387
CAT,DOMESTIC MH,BLUE CREAM,FEMALE,STRAY,VET_HOSP,HEALTHY,SANTA ROSA,0.08487337440109514,0,0.49999999999999994,-0.8660254037844387
CAT,DOMESTIC MH,TORTIE,FEMALE,STRAY,VET_HOSP,UNKNOWN,SANTA ROSA,0.08487337440109514,0,0.49999999999999994,-0.8660254037844387
DOG,LABRADOR RETR,BLACK,MALE,STRAY,FIELD,UNKNOWN,SANTA ROSA,3.4140999315537304,0,0.49999999999999994,-0.8660254037844387
DOG,LABRADOR RETR,YELLOW,FEMALE,STRAY,FIELD,UNKNOWN,SANTA ROSA,2.4996577686516086,0,0.49999999999999994,-0.8660254037844387
OTHER,CHICKEN,YELLOW,UNKNOWN,CONFISCATE,FIELD,UNKNOWN,SANTA ROSA,1.8986995208761122,1,0.49999999999999994,-0.8660254037844387
OTHER,CHICKEN,YELLOW,UNKNOWN,CONFISCATE,FIELD,UNKNOWN,SANTA ROSA,1.8986995208761122,1,0.49999999999999994,-0.8660254037844387
OTHER,CHICKEN,YELLOW,UNKNOWN,CONFISCATE,FIELD,UNKNOWN,SANTA ROSA,1.8986995208761122,1,0.49999999999999994,-0.8660254037844387
OTHER,CHICKEN,__RARE_OR_NEW__,UNKNOWN,CONFISCATE,FIELD,UNKNOWN,SANTA ROSA,1.8986995208761122,1,0.49999999999999994,-0.8660254037844387
OTHER,CHICKEN,__RARE_OR_NEW__,UNKNOWN,CONFISCATE,FIELD,UNKNOWN,SANTA ROSA,1.8986995208761122,1,0.49999999999999994,-0.8660254037844387
CAT,DOMESTIC SH,GRAY/WHITE,MALE,STRAY,FIELD,UNKNOWN,SANTA ROSA,0.2518822724161533,1,0.49999999999999994,-0.8660254037844387
OTHER,BAT,BROWN,UNKNOWN,QUARANTINE,FIELD,UNKNOWN,COUNTY,1.8986995208761122,1,0.49999999999999994,-0.8660254037844387
DOG,__RARE_OR_NEW__,BROWN/BLACK,MALE,STRAY,OVER THE COUNTER,UNKNOWN,SANTA ROSA,15.047227926078028,0,0.49999999999999994,-0.8660254037844387
DOG,GERM SHEPHERD/MIX,TAN/BLACK,MALE,STRAY,FLD_STRAY,UNKNOWN,SANTA ROSA,1.002053388090349,0,0.49999999999999994,-0.8660254037844387
DOG,CHIHUAHUA SH,TAN,FEMALE,STRAY,FIELD,UNKNOWN,SANTA ROSA,1.5003422313483916,0,0.49999999999999994,-0.8660254037844387
OTHER,BAT,BROWN,UNKNOWN,QUARANTINE,FIELD,UNKNOWN,SANTA ROSA,1.8986995208761122,1,0.49999999999999994,-0.8660254037844387
DOG,CHIHUAHUA SH/MIX,BLACK/TAN,FEMALE,ADOPTION RETURN,OVER THE COUNTER,UNKNOWN,*COTATI,0.2190280629705681,0,0.49999999999999994,-0.8660254037844387
CAT,DOMESTIC LH,BRN TABBY,UNKNOWN,STRAY,OVER THE COUNTER,UNKNOWN,COUNTY,0.2518822724161533,1,0.49999999999999994,-0.8660254037844387
DOG,PIT BULL/MIX,BROWN/WHITE,FEMALE,STRAY,FIELD,UNKNOWN,SANTA ROSA,2.001368925393566,1,0.49999999999999994,-0.8660254037844387
DOG,CHIHUAHUA SH,TAN,MALE,STRAY,FLD_STRAY,UNKNOWN,COUNTY,2.001368925393566,1,0.49999999999999994,-0.8660254037844387
CAT,DOMESTIC SH,BRN TABBY,FEMALE,STRAY,OVER THE COUNTER,UNKNOWN,SANTA ROSA,8.65160848733744,0,0.49999999999999994,-0.8660254037844387
DOG,PIT BULL,WHITE/BROWN,FEMALE,CONFISCATE,FLD_INVEST,UNKNOWN,SANTA ROSA,1.4401095140314852,0,0.49999999999999994,-0.8660254037844387
CAT,DOMESTIC SH,BLACK/WHITE,MALE,STRAY,OVER THE COUNTER,UNKNOWN,COUNTY,6.0013689253935665,0,0.49999999999999994,-0.8660254037844387
OTHER,BAT,BROWN,UNKNOWN,QUARANTINE,FIELD,UNKNOWN,COUNTY,1.8986995208761122,1,0.49999999999999994,-0.8660254037844387
DOG,__RARE_OR_NEW__,__RARE_OR_NEW__,MALE,STRAY,FLD_STRAY,UNKNOWN,SANTA ROSA,1.002053388090349,0,0.49999999999999994,-0.8660254037844387
DOG,__RARE_OR_NEW__,CREAM,MALE,STRAY,OVER THE COUNTER,HEALTHY,SANTA ROSA,0.5475701574264202,0,0.49999999999999994,-0.8660254037844387
DOG,CHIHUAHUA SH/MIX,TRICOLOR,FEMALE,STRAY,OVER THE COUNTER,UNKNOWN,SANTA ROSA,2.0479123887748116,0,0.49999999999999994,-0.8660254037844387
DOG,__RARE_OR_NEW__,BLACK/TAN,FEMALE,STRAY,OVER THE COUNTER,UNKNOWN,SANTA ROSA,3.047227926078029,0,0.49999999999999994,-0.8660254037844387
DOG,__RARE_OR_NEW__,BLACK/WHITE,MALE,CONFISCATE,FLD_ARREST,UNKNOWN,SANTA ROSA,7.572895277207392,0,0.49999999999999994,-0.8660254037844387
DOG,__RARE_OR_NEW__,TAN/WHITE,MALE,STRAY,FLD_STRAY,HEALTHY,SANTA ROSA,1.0321697467488022,0,0.49999999999999994,-0.8660254037844387
DOG,MALTESE,WHITE,FEMALE,STRAY,OVER THE COUNTER,UNKNOWN,SANTA ROSA,4.678986995208761,0,0.49999999999999994,-0.8660254037844387
CAT,DOMESTIC SH,BRN TABBY,MALE,STRAY,OVER THE COUNTER,HEALTHY,SANTA ROSA,2.001368925393566,0,0.49999999999999994,-0.8660254037844387
DOG,PIT BULL,__RARE_OR_NEW__,FEMALE,STRAY,OVER THE COUNTER,UNKNOWN,SANTA ROSA,9.404517453798768,0,0.49999999999999994,-0.8660254037844387
DOG,PIT BULL,TAN/WHITE,FEMALE,STRAY,OVER THE COUNTER,UNKNOWN,SANTA ROSA,7.403148528405202,0,0.49999999999999994,-0.8660254037844387
DOG,PIT BULL,BLACK,FEMALE,CONFISCATE,FIELD,UNKNOWN,COUNTY,0.865160848733744,0,0.49999999999999994,-0.8660254037844387
DOG,PIT BULL,BLACK/WHITE,MALE,CONFISCATE,FIELD,UNKNOWN,COUNTY,10.072553045859001,0,0.49999999999999994,-0.8660254037844387
CAT,DOMESTIC LH,CALICO,FEMALE,STRAY,OVER THE COUNTER,UNKNOWN,COUNTY,3.997262149212868,0,0.49999999999999994,-0.8660254037844387
CAT,DOMESTIC SH,BRN TABBY,FEMALE,STRAY,OVER THE COUNTER,HEALTHY,SANTA ROSA,0.08487337440109514,0,0.49999999999999994,-0.8660254037844387
DOG,__RARE_OR_NEW__,TAN,MALE,STRAY,OVER THE COUNTER,UNKNOWN,SANTA ROSA,0.7501711156741958,0,0.49999999999999994,-0.8660254037844387
CAT,DOMESTIC SH,BRN TABBY,MALE,STRAY,OVER THE COUNTER,HEALTHY,SANTA ROSA,0.08487337440109514,0,0.49999999999999994,-0.8660254037844387
CAT,DOMESTIC SH,BRN TABBY,MALE,STRAY,OVER THE COUNTER,HEALTHY,SANTA ROSA,0.08487337440109514,0,0.49999999999999994,-0.8660254037844387
DOG,PIT BULL/MIX,TAN/WHITE,MALE,CONFISCATE,FLD_HOSPTL,UNKNOWN,COUNTY,2.9897330595482545,0,0.49999999999999994,-0.8660254037844387
OTHER,SHEEP,TAN/BLACK,FEMALE,STRAY,FLD_STRAY,UNKNOWN,COUNTY,1.8986995208761122,1,0.49999999999999994,-0.8660254037844387
OTHER,DUCK,WHITE,UNKNOWN,STRAY,OVER THE COUNTER,UNKNOWN,COUNTY,1.8986995208761122,1,0.49999999999999994,-0.8660254037844387
CAT,DOMESTIC SH,BRN TABBY,MALE,STRAY,OVER THE COUNTER,HEALTHY,SANTA ROSA,3.0006844626967832,0,0.49999999999999994,-0.8660254037844387
CAT,DOMESTIC SH,TORTIE,FEMALE,STRAY,OVER THE COUNTER,HEALTHY,COUNTY,9.859000684462696,0,0.49999999999999994,-0.8660254037844387
CAT,DOMESTIC SH,BLACK,FEMALE,STRAY,FIELD,HEALTHY,SANTA ROSA,0.09856262833675565,0,0.49999999999999994,-0.8660254037844387
CAT,DOMESTIC SH,BLACK/WHITE,FEMALE,STRAY,FIELD,HEALTHY,SANTA ROSA,0.2929500342231348,0,0.49999999999999994,-0.8660254037844387
DOG,CHIHUAHUA SH,BLACK/WHITE,FEMALE,STRAY,FIELD,UNKNOWN,SANTA ROSA,4.996577686516085,0,0.49999999999999994,-0.8660254037844387
DOG,__RARE_OR_NEW__,BROWN/WHITE,MALE,STRAY,FIELD,UNKNOWN,SANTA ROSA,7.006160164271047,0,0.49999999999999994,-0.8660254037844387
DOG,PIT BULL,BLACK/WHITE,MALE,STRAY,FIELD,UNKNOWN,SANTA ROSA,1.3278576317590691,0,0.49999999999999994,-0.8660254037844387
DOG,POMERANIAN,CREAM,MALE,STRAY,FIELD,UNKNOWN,SANTA ROSA,4.889801505817933,0,0.49999999999999994,-0.8660254037844387
DOG,GERM SHEPHERD/MIX,TAN,MALE,STRAY,FIELD,UNKNOWN,SANTA ROSA,6.7323750855578375,0,1.2246467991473532e-16,-1.0
DOG,PIT BULL,BLACK/WHITE,MALE,STRAY,FLD_STRAY,HEALTHY,COUNTY,1.3278576317590691,0,1.2246467991473532e-16,-1.0
CAT,DOMESTIC MH,BLACK/WHITE,MALE,STRAY,OVER THE COUNTER,HEALTHY,SANTA ROSA,0.13141683778234087,0,1.2246467991473532e-16,-1.0
CAT,DOMESTIC SH,ORG TABBY,FEMALE,STRAY,EMAIL,UNKNOWN,SANTA ROSA,0.2518822724161533,1,1.2246467991473532e-16,-1.0
CAT,DOMESTIC SH,ORG TABBY/WHITE,FEMALE,STRAY,EMAIL,UNKNOWN,SANTA ROSA,0.2518822724161533,1,1.2246467991473532e-16,-1.0
CAT,DOMESTIC SH,ORG TABBY/WHITE,FEMALE,STRAY,EMAIL,UNKNOWN,SANTA ROSA,0.2518822724161533,1,1.2246467991473532e-16,-1.0
CAT,DOMESTIC SH,ORG TABBY,MALE,STRAY,EMAIL,UNKNOWN,SANTA ROSA,0.2518822724161533,1,1.2246467991473532e-16,-1.0
DOG,__RARE_OR_NEW__,WHITE/BROWN,MALE,CONFISCATE,FLD_ARREST,UNKNOWN,SANTA ROSA,0.2518822724161533,0,1.2246467991473532e-16,-1.0
DOG,PIT BULL/MIX,BLACK/WHITE,MALE,STRAY,FIELD,UNKNOWN,SANTA ROSA,2.001368925393566,1,1.2246467991473532e-16,-1.0
CAT,DOMESTIC SH,BLACK,UNKNOWN,STRAY,OVER THE COUNTER,UNKNOWN,SANTA ROSA,0.2518822724161533,1,1.2246467991473532e-16,-1.0
OTHER,BAT,BLACK,UNKNOWN,QUARANTINE,OVER THE COUNTER,UNKNOWN,COUNTY,1.8986995208761122,1,1.2246467991473532e-16,-1.0
DOG,YORKSHIRE TERR,BLACK/TAN,MALE,STRAY,OVER THE COUNTER,UNKNOWN,COUNTY,6.86652977412731,0,1.2246467991473532e-16,-1.0
DOG,CHIHUAHUA SH,BLACK,UNKNOWN,BORN HERE,MOM STRAY,UNKNOWN,SANTA ROSA,0.0,0,1.2246467991473532e-16,-1.0
DOG,CHIHUAHUA SH,BLACK/WHITE,UNKNOWN,BORN HERE,MOM STRAY,UNKNOWN,SANTA ROSA,0.0,0,1.2246467991473532e-16,-1.0
DOG,CHIHUAHUA SH,BLACK,UNKNOWN,BORN HERE,MOM STRAY,UNKNOWN,SANTA ROSA,0.0,0,1.2246467991473532e-16,-1.0
DOG,CHIHUAHUA SH,BLACK,UNKNOWN,BORN HERE,MOM STRAY,UNKNOWN,SANTA ROSA,0.0,0,1.2246467991473532e-16,-1.0
DOG,CHIHUAHUA SH,BLACK,UNKNOWN,BORN HERE,MOM STRAY,UNKNOWN,SANTA ROSA,0.0,0,1.2246467991473532e-16,-1.0
DOG,CHIHUAHUA SH,BLACK,UNKNOWN,BORN HERE,MOM STRAY,UNKNOWN,SANTA ROSA,0.0,0,1.2246467991473532e-16,-1.0
DOG,CHIHUAHUA SH,TAN,FEMALE,CONFISCATE,FLD_HOSPTL,UNKNOWN,SANTA ROSA,2.836413415468857,0,1.2246467991473532e-16,-1.0
CAT,DOMESTIC MH,CALICO,FEMALE,OWNER SURRENDER,OVER THE COUNTER,HEALTHY,COUNTY,5.002053388090349,0,1.2246467991473532e-16,-1.0
CAT,DOMESTIC MH,GRAY,FEMALE,OWNER SURRENDER,OVER THE COUNTER,UNKNOWN,COUNTY,4.0,0,1.2246467991473532e-16,-1.0
OTHER,BAT,BROWN,UNKNOWN,QUARANTINE,FIELD,UNKNOWN,COUNTY,1.8986995208761122,1,1.2246467991473532e-16,-1.0
DOG,LABRADOR RETR/MIX,RED,MALE,CONFISCATE,FLD_HOSPTL,UNKNOWN,SANTA ROSA,4.435318275154004,0,1.2246467991473532e-16,-1.0
DOG,PUG,TAN,MALE,STRAY,FIELD,UNKNOWN,COUNTY,6.997946611909651,0,1.2246467991473532e-16,-1.0
DOG,__RARE_OR_NEW__,WHITE,FEMALE,STRAY,FLD_STRAY,UNKNOWN,SANTA ROSA,8.0,0,1.2246467991473532e-16,-1.0
DOG,__RARE_OR_NEW__,BLACK/BROWN,MALE,STRAY,FLD_STRAY,UNKNOWN,SANTA ROSA,5.002053388090349,0,1.2246467991473532e-16,-1.0
DOG,FRENCH BULLDOG,GRAY/WHITE,MALE,STRAY,OVER THE COUNTER,UNKNOWN,SANTA ROSA,3.0006844626967832,0,1.2246467991473532e-16,-1.0
CAT,DOMESTIC SH,BLACK/WHITE,UNKNOWN,STRAY,FLD_STRAY,UNKNOWN,SANTA ROSA,0.16700889801505817,0,1.2246467991473532e-16,-1.0
CAT,DOMESTIC SH,BLACK/WHITE,UNKNOWN,STRAY,FLD_STRAY,UNKNOWN,SANTA ROSA,0.16700889801505817,0,1.2246467991473532e-16,-1.0
CAT,DOMESTIC SH,BLACK/WHITE,UNKNOWN,STRAY,FLD_STRAY,UNKNOWN,SANTA ROSA,0.16427104722792607,0,1.2246467991473532e-16,-1.0
CAT,DOMESTIC SH,BLACK/WHITE,UNKNOWN,STRAY,FLD_STRAY,UNKNOWN,SANTA ROSA,0.16700889801505817,0,1.2246467991473532e-16,-1.0
CAT,DOMESTIC SH,ORANGE,MALE,OWNER SURRENDER,OVER THE COUNTER,HEALTHY,SANTA ROSA,1.9794661190965093,0,1.2246467991473532e-16,-1.0
DOG,PIT BULL/MIX,__RARE_OR_NEW__,MALE,STRAY,OVER THE COUNTER,UNKNOWN,COUNTY,0.12320328542094455,0,1.2246467991473532e-16,-1.0
DOG,PIT BULL/MIX,__RARE_OR_NEW__,MALE,STRAY,OVER THE COUNTER,UNKNOWN,COUNTY,0.12320328542094455,0,1.2246467991473532e-16,-1.0
DOG,PIT BULL/MIX,BL BRINDLE,MALE,STRAY,OVER THE COUNTER,UNKNOWN,COUNTY,0.12320328542094455,0,1.2246467991473532e-16,-1.0
DOG,PIT BULL/MIX,TAN,MALE,STRAY,OVER THE COUNTER,UNKNOWN,COUNTY,0.12320328542094455,0,1.2246467991473532e-16,-1.0
DOG,PIT BULL/MIX,BL BRINDLE,MALE,STRAY,OVER THE COUNTER,UNKNOWN,COUNTY,0.12320328542094455,0,1.2246467991473532e-16,-1.0
DOG,PIT BULL/MIX,TAN/WHITE,FEMALE,STRAY,OVER THE COUNTER,UNKNOWN,COUNTY,0.12320328542094455,0,1.2246467991473532e-16,-1.0
DOG,PIT BULL/MIX,__RARE_OR_NEW__,FEMALE,STRAY,OVER THE COUNTER,UNKNOWN,COUNTY,0.12320328542094455,0,1.2246467991473532e-16,-1.0
DOG,PIT BULL/MIX,TAN,MALE,STRAY,OVER THE COUNTER,UNKNOWN,COUNTY,0.12320328542094455,0,1.2246467991473532e-16,-1.0
DOG,PIT BULL/MIX,BR BRINDLE,MALE,STRAY,OVER THE COUNTER,UNKNOWN,COUNTY,0.12046543463381246,0,1.2246467991473532e-16,-1.0
DOG,PIT BULL/MIX,BL BRINDLE,FEMALE,STRAY,OVER THE COUNTER,UNKNOWN,COUNTY,0.12046543463381246,0,1.2246467991473532e-16,-1.0
DOG,PIT BULL,TAN/WHITE,MALE,STRAY,OVER THE COUNTER,UNKNOWN,SANTA ROSA,7.575633127994524,0,1.2246467991473532e-16,-1.0
DOG,GERM SHEPHERD,BLACK,FEMALE,STRAY,FLD_STRAY,HEALTHY,SANTA ROSA,6.0013689253935665,0,1.2246467991473532e-16,-1.0
DOG,BORDER COLLIE,BLACK/WHITE,FEMALE,STRAY,FLD_STRAY,UNKNOWN,SANTA ROSA,8.0,0,1.2246467991473532e-16,-1.0
DOG,__RARE_OR_NEW__,BL BRINDLE,MALE,STRAY,FLD_STRAY,UNKNOWN,COUNTY,2.001368925393566,1,1.2246467991473532e-16,-1.0
DOG,CHIHUAHUA SH,CREAM/WHITE,MALE,STRAY,FLD_STRAY,UNKNOWN,SANTA ROSA,2.001368925393566,1,1.2246467991473532e-16,-1.0
DOG,SIBERIAN HUSKY/MIX,WHITE,FEMALE,STRAY,FLD_STRAY,UNKNOWN,SANTA ROSA,2.4914442162902124,0,1.2246467991473532e-16,-1.0
DOG,__RARE_OR_NEW__,TAN/BLACK,MALE,STRAY,FLD_STRAY,UNKNOWN,COUNTY,2.001368925393566,1,1.2246467991473532e-16,-1.0
DOG,__RARE_OR_NEW__,BLACK/BROWN,MALE,STRAY,FLD_STRAY,UNKNOWN,COUNTY,2.9952087611225187,0,1.2246467991473532e-16,-1.0
DOG,__RARE_OR_NEW__,WHITE,MALE,STRAY,FIELD,UNKNOWN,COUNTY,0.4681724845995893,0,1.2246467991473532e-16,-1.0
DOG,PIT BULL,BLACK/WHITE,MALE,STRAY,FLD_STRAY,UNKNOWN,SANTA ROSA,1.002053388090349,0,1.2246467991473532e-16,-1.0
DOG,CHIHUAHUA SH,BLACK,UNKNOWN,BORN HERE,MOM STRAY,UNKNOWN,SANTA ROSA,0.0,0,1.2246467991473532e-16,-1.0
DOG,CHIHUAHUA SH,BLACK,UNKNOWN,BORN HERE,MOM STRAY,UNKNOWN,SANTA ROSA,0.0,0,1.2246467991473532e-16,-1.0
DOG,PIT BULL/MIX,RED/WHITE,MALE,STRAY,FLD_STRAY,UNKNOWN,SANTA ROSA,2.9897330595482545,0,1.2246467991473532e-16,-1.0
DOG,CHIHUAHUA SH,TAN,UNKNOWN,BORN HERE,MOM STRAY,UNKNOWN,SANTA ROSA,0.0,0,1.2246467991473532e-16,-1.0
DOG,CHIHUAHUA SH,TAN,UNKNOWN,BORN HERE,MOM STRAY,UNKNOWN,SANTA ROSA,0.0,0,1.2246467991473532e-16,-1.0
DOG,CHIHUAHUA SH,BROWN,UNKNOWN,BORN HERE,MOM STRAY,UNKNOWN,SANTA ROSA,0.0,0,1.2246467991473532e-16,-1.0
DOG,PIT BULL,BLACK/TAN,MALE,CONFISCATE,FLD_CORONR,UNKNOWN,COUNTY,1.4948665297741273,0,1.2246467991473532e-16,-1.0
DOG,PIT BULL/MIX,BLACK/WHITE,MALE,STRAY,OVER THE COUNTER,UNKNOWN,SANTA ROSA,1.002053388090349,0,1.2246467991473532e-16,-1.0
CAT,DOMESTIC SH,BLK TABBY,MALE,STRAY,OVER THE COUNTER,UNKNOWN,*SONOMA,7.000684462696783,0,1.2246467991473532e-16,-1.0
CAT,DOMESTIC SH,BLACK/WHITE,FEMALE,STRAY,FIELD,UNKNOWN,SANTA ROSA,0.2518822724161533,1,1.2246467991473532e-16,-1.0
DOG,__RARE_OR_NEW__,BROWN,FEMALE,CONFISCATE,FIELD,UNKNOWN,SANTA ROSA,5.49760438056126,0,1.2246467991473532e-16,-1.0
DOG,__RARE_OR_NEW__,__RARE_OR_NEW__,FEMALE,STRAY,FIELD,UNKNOWN,SANTA ROSA,14.99794661190965,0,1.2246467991473532e-16,-1.0
OTHER,BAT,BROWN,UNKNOWN,QUARANTINE,FIELD,UNKNOWN,SANTA ROSA,1.8986995208761122,1,1.2246467991473532e-16,-1.0
OTHER,BAT,BROWN,UNKNOWN,QUARANTINE,FIELD,UNKNOWN,SANTA ROSA,1.8986995208761122,1,1.2246467991473532e-16,-1.0
CAT,DOMESTIC MH,__RARE_OR_NEW__,FEMALE,STRAY,FLD_STRAY,UNKNOWN,COUNTY,0.2518822724161533,1,1.2246467991473532e-16,-1.0
DOG,GERM SHEPHERD/MIX,BLACK/WHITE,MALE,QUARANTINE,FIELD,UNKNOWN,COUNTY,3.994524298425736,0,1.2246467991473532e-16,-1.0
CAT,DOMESTIC SH,GRAY TABBY,MALE,STRAY,FLD_STRAY,HEALTHY,SANTA ROSA,3.997262149212868,0,1.2246467991473532e-16,-1.0
DOG,PIT BULL,WHITE/BROWN,MALE,STRAY,FLD_STRAY,UNKNOWN,SANTA ROSA,5.002053388090349,0,1.2246467991473532e-16,-1.0
DOG,PIT BULL,WHITE/BROWN,FEMALE,STRAY,FLD_STRAY,UNKNOWN,SANTA ROSA,3.0006844626967832,0,1.2246467991473532e-16,-1.0
CAT,DOMESTIC SH,GRAY,MALE,STRAY,OVER THE COUNTER,UNKNOWN,SANTA ROSA,7.000684462696783,0,1.2246467991473532e-16,-1.0
CAT,DOMESTIC SH,GRAY/BLACK,UNKNOWN,STRAY,FLD_STRAY,UNKNOWN,SANTA ROSA,0.2518822724161533,1,1.2246467991473532e-16,-1.0
DOG,BORDER COLLIE,TRICOLOR,FEMALE,STRAY,OVER THE COUNTER,UNKNOWN,SANTA ROSA,2.943189596167009,0,1.2246467991473532e-16,-1.0
DOG,GERM SHEPHERD/MIX,BLACK/WHITE,MALE,QUARANTINE,FIELD,UNKNOWN,COUNTY,0.7501711156741958,0,1.2246467991473532e-16,-1.0
DOG,GERM SHEPHERD/MIX,BROWN/WHITE,FEMALE,STRAY,FIELD,UNKNOWN,COUNTY,4.1943874058863795,0,1.2246467991473532e-16,-1.0
DOG,ANATOL SHEPHERD,BLACK/TAN,MALE,STRAY,OVER THE COUNTER,UNKNOWN,SANTA ROSA,4.566735112936345,0,1.2246467991473532e-16,-1.0
DOG,__RARE_OR_NEW__,BLUE,FEMALE,STRAY,OVER THE COUNTER,UNKNOWN,SANTA ROSA,3.2087611225188226,0,1.2246467991473532e-16,-1.0
CAT,DOMESTIC SH,BLACK,MALE,STRAY,FLD_STRAY,UNTREATABLE,SANTA ROSA,12.0,0,1.2246467991473532e-16,-1.0
DOG,__RARE_OR_NEW__,BLACK,FEMALE,CONFISCATE,FLD_ARREST,UNKNOWN,*SONOMA,3.0006844626967832,0,1.2246467991473532e-16,-1.0
DOG,GERM SHEPHERD,TAN/BLACK,MALE,QUARANTINE,FIELD,UNKNOWN,SANTA ROSA,2.001368925393566,1,1.2246467991473532e-16,-1.0
DOG,GERM SHEPHERD,TAN/BLACK,MALE,QUARANTINE,FIELD,UNKNOWN,SANTA ROSA,2.001368925393566,1,1.2246467991473532e-16,-1.0
DOG,GERM SHEPHERD,BLACK/TAN,FEMALE,QUARANTINE,FIELD,UNKNOWN,SANTA ROSA,2.001368925393566,1,1.2246467991473532e-16,-1.0
DOG,GERM SHEPHERD/MIX,TAN,MALE,STRAY,FLD_STRAY,UNKNOWN,SANTA ROSA,2.001368925393566,1,1.2246467991473532e-16,-1.0
DOG,GERM SHEPHERD/MIX,BLACK/TAN,FEMALE,OWNER SURRENDER,FIELD,HEALTHY,SANTA ROSA,0.11498973305954825,0,1.2246467991473532e-16,-1.0
DOG,GERM SHEPHERD/MIX,BLACK/WHITE,FEMALE,OWNER SURRENDER,FIELD,HEALTHY,SANTA ROSA,0.11498973305954825,0,1.2246467991473532e-16,-1.0
DOG,GERM SHEPHERD/MIX,TAN/BLACK,MALE,OWNER SURRENDER,FIELD,HEALTHY,SANTA ROSA,0.11498973305954825,0,1.2246467991473532e-16,-1.0
DOG,__RARE_OR_NEW__,BLACK/WHITE,MALE,CONFISCATE,FIELD,UNKNOWN,SANTA ROSA,2.9979466119096507,0,1.2246467991473532e-16,-1.0
CAT,DOMESTIC SH,WHITE,MALE,OWNER SURRENDER,OVER THE COUNTER,HEALTHY,SANTA ROSA,0.2080766598220397,0,1.2246467991473532e-16,-1.0
CAT,DOMESTIC SH,WHITE,MALE,OWNER SURRENDER,OVER THE COUNTER,HEALTHY,SANTA ROSA,0.2080766598220397,0,1.2246467991473532e-16,-1.0
CAT,DOMESTIC SH,WHITE,MALE,OWNER SURRENDER,OVER THE COUNTER,HEALTHY,SANTA ROSA,0.2080766598220397,0,1.2246467991473532e-16,-1.0
DOG,PIT BULL,TAN/WHITE,MALE,STRAY,FLD_STRAY,UNKNOWN,COUNTY,2.001368925393566,0,1.2246467991473532e-16,-1.0
DOG,FRENCH BULLDOG,BLUE MERLE,MALE,STRAY,OVER THE COUNTER,UNKNOWN,SANTA ROSA,1.4976043805612593,0,1.2246467991473532e-16,-1.0
DOG,PIT BULL/MIX,TAN/WHITE,MALE,STRAY,FLD_STRAY,UNKNOWN,COUNTY,5.002053388090349,0,1.2246467991473532e-16,-1.0
CAT,DOMESTIC MH,BLACK,FEMALE,STRAY,OVER THE COUNTER,UNKNOWN,SANTA ROSA,0.06570841889117043,0,1.2246467991473532e-16,-1.0
CAT,DOMESTIC MH,BLACK,FEMALE,STRAY,OVER THE COUNTER,UNKNOWN,SANTA ROSA,2.001368925393566,0,1.2246467991473532e-16,-1.0
CAT,DOMESTIC SH,BLACK,FEMALE,STRAY,OVER THE COUNTER,UNKNOWN,SANTA ROSA,0.06570841889117043,0,1.2246467991473532e-16,-1.0
CAT,__RARE_OR_NEW__,BLACK,MALE,STRAY,OVER THE COUNTER,HEALTHY,SANTA ROSA,0.06570841889117043,0,1.2246467991473532e-16,-1.0
CAT,DOMESTIC SH,BLACK,FEMALE,STRAY,OVER THE COUNTER,HEALTHY,SANTA ROSA,0.12867898699520877,0,1.2246467991473532e-16,-1.0
CAT,DOMESTIC SH,BLACK,FEMALE,STRAY,OVER THE COUNTER,HEALTHY,SANTA ROSA,0.12867898699520877,0,1.2246467991473532e-16,-1.0
CAT,DOMESTIC SH,BLACK,MALE,STRAY,OVER THE COUNTER,HEALTHY,SANTA ROSA,0.12867898699520877,0,1.2246467991473532e-16,-1.0
CAT,DOMESTIC MH,BLACK,FEMALE,STRAY,OVER THE COUNTER,HEALTHY,SANTA ROSA,2.001368925393566,0,1.2246467991473532e-16,-1.0
DOG,__RARE_OR_NEW__,BLACK,MALE,STRAY,OVER THE COUNTER,HEALTHY,COUNTY,0.917180013689254,0,1.2246467991473532e-16,-1.0
DOG,PIT BULL/MIX,BR BRINDLE,MALE,STRAY,OVER THE COUNTER,UNKNOWN,SANTA ROSA,0.29021218343600275,0,1.2246467991473532e-16,-1.0
CAT,DOMESTIC SH,BLACK/WHITE,MALE,STRAY,FLD_STRAY,HEALTHY,SANTA ROSA,0.13141683778234087,0,1.2246467991473532e-16,-1.0
DOG,SIBERIAN HUSKY/MIX,WHITE,MALE,STRAY,FLD_STRAY,UNKNOWN,SANTA ROSA,1.002053388090349,0,1.2246467991473532e-16,-1.0
DOG,CHIHUAHUA SH/MIX,TRICOLOR,FEMALE,CONFISCATE,FLD_ARREST,UNKNOWN,SANTA ROSA,2.001368925393566,0,1.2246467991473532e-16,-1.0
DOG,ENG BULLDOG/MIX,__RARE_OR_NEW__,FEMALE,STRAY,FIELD,UNKNOWN,COUNTY,1.4893908281998631,0,1.2246467991473532e-16,-1.0
DOG,AM PIT BULL TER/MIX,TAN/WHITE,FEMALE,STRAY,FIELD,UNKNOWN,COUNTY,1.5742642026009583,0,1.2246467991473532e-16,-1.0
DOG,ENG BULLDOG,BLUE MERLE,FEMALE,STRAY,FIELD,UNKNOWN,COUNTY,2.2888432580424367,0,1.2246467991473532e-16,-1.0
DOG,__RARE_OR_NEW__,WHITE,MALE,STRAY,FIELD,UNKNOWN,COUNTY,8.88432580424367,0,1.2246467991473532e-16,-1.0
CAT,DOMESTIC SH,BRN TABBY/WHITE,FEMALE,STRAY,OVER THE COUNTER,HEALTHY,SANTA ROSA,0.6926762491444216,0,1.2246467991473532e-16,-1.0
DOG,GERM SHEPHERD,BLACK/TAN,MALE,CONFISCATE,FLD_CRUEL,UNKNOWN,COUNTY,2.001368925393566,1,1.2246467991473532e-16,-1.0
DOG,GERM SHEPHERD,TAN/BLACK,FEMALE,CONFISCATE,FLD_CRUEL,UNKNOWN,COUNTY,2.001368925393566,1,1.2246467991473532e-16,-1.0
OTHER,BAT,BROWN,UNKNOWN,QUARANTINE,FIELD,UNKNOWN,COUNTY,1.8986995208761122,1,1.2246467991473532e-16,-1.0
CAT,DOMESTIC SH,BRN TABBY,FEMALE,STRAY,OVER THE COUNTER,UNKNOWN,SANTA ROSA,10.001368925393566,0,1.2246467991473532e-16,-1.0
DOG,__RARE_OR_NEW__,WHITE/BLACK,FEMALE,CONFISCATE,FLD_ARREST,UNKNOWN,SANTA ROSA,12.013689253935661,0,1.2246467991473532e-16,-1.0
CAT,DOMESTIC SH,GRAY/WHITE,UNKNOWN,QUARANTINE,FIELD,UNKNOWN,PETALUMA,0.33401779603011633,0,1.2246467991473532e-16,-1.0
DOG,GERM SHEPHERD,BLACK/TAN,FEMALE,STRAY,FIELD,UNKNOWN,COUNTY,4.0,0,1.2246467991473532e-16,-1.0
DOG,GERM SHEPHERD,BLACK/TAN,MALE,STRAY,FIELD,HEALTHY,COUNTY,3.0006844626967832,0,1.2246467991473532e-16,-1.0
DOG,PIT BULL,BLACK/WHITE,MALE,STRAY,FIELD,UNKNOWN,SANTA ROSA,4.180698151950718,0,1.2246467991473532e-16,-1.0
DOG,PIT BULL,BR BRINDLE,FEMALE,STRAY,FIELD,UNKNOWN,SANTA ROSA,2.001368925393566,1,1.2246467991473532e-16,-1.0
DOG,__RARE_OR_NEW__,BLACK,FEMALE,STRAY,VET_HOSP,UNKNOWN,SANTA ROSA,0.2245037645448323,0,1.2246467991473532e-16,-1.0
DOG,PIT BULL,BLACK/WHITE,FEMALE,CONFISCATE,FLD_ARREST,UNKNOWN,COUNTY,0.16427104722792607,0,1.2246467991473532e-16,-1.0
DOG,PIT BULL,BLACK/TAN,FEMALE,CONFISCATE,FLD_ARREST,UNKNOWN,COUNTY,4.829568788501026,0,1.2246467991473532e-16,-1.0
CAT,DOMESTIC SH,GRAY/WHITE,FEMALE,STRAY,OVER THE COUNTER,HEALTHY,SANTA ROSA,1.9685147159479808,0,1.2246467991473532e-16,-1.0
DOG,PIT BULL,GRAY,MALE,STRAY,OVER THE COUNTER,UNKNOWN,SANTA ROSA,2.001368925393566,1,1.2246467991473532e-16,-1.0
DOG,LABRADOR RETR,BLACK,MALE,CONFISCATE,FLD_ARREST,UNKNOWN,COUNTY,3.6057494866529773,0,1.2246467991473532e-16,-1.0
DOG,PIT BULL,WHITE/BLACK,MALE,STRAY,OVER THE COUNTER,UNKNOWN,SANTA ROSA,3.9561943874058865,0,1.2246467991473532e-16,-1.0
OTHER,BAT,BROWN,UNKNOWN,QUARANTINE,FIELD,UNKNOWN,COUNTY,1.8986995208761122,1,1.2246467991473532e-16,-1.0
DOG,CHIHUAHUA SH,BLACK/TAN,FEMALE,STRAY,FIELD,UNTREATABLE,SANTA ROSA,0.9691991786447639,0,1.2246467991473532e-16,-1.0
DOG,__RARE_OR_NEW__,BROWN,MALE,STRAY,OVER THE COUNTER,UNKNOWN,COUNTY,2.001368925393566,1,1.2246467991473532e-16,-1.0
CAT,SIAMESE,LYNX PT,FEMALE,STRAY,FLD_STRAY,UNKNOWN,SANTA ROSA,0.2518822724161533,1,1.2246467991473532e-16,-1.0
CAT,SIAMESE,SEAL PT,MALE,STRAY,FLD_STRAY,HEALTHY,SANTA ROSA,0.6187542778918549,0,1.2246467991473532e-16,-1.0
DOG,PIT BULL/MIX,BLACK/TAN,MALE,CONFISCATE,FLD_ARREST,UNKNOWN,SANTA ROSA,2.001368925393566,1,1.2246467991473532e-16,-1.0
CAT,DOMESTIC SH,GRAY,MALE,STRAY,FLD_EMERGE,UNKNOWN,SANTA ROSA,3.266255989048597,0,1.2246467991473532e-16,-1.0
DOG,PIT BULL/MIX,GRAY/WHITE,MALE,STRAY,FLD_STRAY,UNKNOWN,SANTA ROSA,1.6509240246406571,0,1.2246467991473532e-16,-1.0
DOG,GERM SHEPHERD/MIX,BROWN,FEMALE,STRAY,FLD_STRAY,HEALTHY,*SEBASTOPOL,0.14236824093086928,0,1.2246467991473532e-16,-1.0
OTHER,CHICKEN,RED,FEMALE,STRAY,FLD_STRAY,UNKNOWN,COUNTY,1.8986995208761122,1,1.2246467991473532e-16,-1.0
DOG,LABRADOR RETR/MIX,BROWN,MALE,STRAY,FIELD,UNKNOWN,SANTA ROSA,1.002053388090349,0,1.2246467991473532e-16,-1.0
DOG,LABRADOR RETR,BLACK,FEMALE,ADOPTION RETURN,OVER THE COUNTER,HEALTHY,COUNTY,7.096509240246407,0,1.2246467991473532e-16,-1.0
DOG,GERM SHEPHERD,BLACK/BROWN,FEMALE,CONFISCATE,FLD_ARREST,UNKNOWN,SANTA ROSA,2.001368925393566,1,1.2246467991473532e-16,-1.0
CAT,DOMESTIC SH,BLACK,UNKNOWN,STRAY,FLD_STRAY,UNKNOWN,COUNTY,0.2518822724161533,1,1.2246467991473532e-16,-1.0
DOG,PIT BULL/MIX,BLACK/WHITE,FEMALE,STRAY,FIELD,UNKNOWN,SANTA ROSA,2.001368925393566,0,1.2246467991473532e-16,-1.0
DOG,GREAT PYRENEES,WHITE,FEMALE,STRAY,FLD_STRAY,UNKNOWN,SANTA ROSA,1.4921286789869952,0,1.2246467991473532e-16,-1.0
DOG,GREAT PYRENEES,WHITE,FEMALE,STRAY,FLD_STRAY,UNKNOWN,SANTA ROSA,0.6598220396988365,0,1.2246467991473532e-16,-1.0
DOG,GREAT PYRENEES,WHITE,FEMALE,STRAY,FLD_STRAY,UNKNOWN,SANTA ROSA,0.9117043121149897,0,1.2246467991473532e-16,-1.0
DOG,__RARE_OR_NEW__,BROWN/WHITE,MALE,STRAY,FLD_STRAY,UNKNOWN,SANTA ROSA,2.001368925393566,1,1.2246467991473532e-16,-1.0
DOG,CHIHUAHUA SH,BROWN,FEMALE,STRAY,FLD_STRAY,UNKNOWN,SANTA ROSA,9.859000684462696,0,1.2246467991473532e-16,-1.0
OTHER,GOAT,BROWN,MALE,STRAY,FLD_STRAY,UNKNOWN,SANTA ROSA,1.8986995208761122,1,1.2246467991473532e-16,-1.0
OTHER,GOAT,RED,UNKNOWN,STRAY,FLD_STRAY,UNKNOWN,SANTA ROSA,1.8986995208761122,1,1.2246467991473532e-16,-1.0
DOG,LABRADOR RETR/MIX,BLACK,FEMALE,OWNER SURRENDER,FIELD,UNKNOWN,SANTA ROSA,0.6652977412731006,0,1.2246467991473532e-16,-1.0
DOG,CHIHUAHUA SH,TAN,MALE,STRAY,FLD_STRAY,UNKNOWN,SANTA ROSA,2.001368925393566,1,1.2246467991473532e-16,-1.0
DOG,__RARE_OR_NEW__,TAN/WHITE,MALE,STRAY,FLD_STRAY,UNKNOWN,SANTA ROSA,0.459958932238193,0,1.2246467991473532e-16,-1.0
DOG,__RARE_OR_NEW__,WHITE/BROWN,MALE,STRAY,FIELD,UNKNOWN,COUNTY,2.001368925393566,1,1.2246467991473532e-16,-1.0
CAT,DOMESTIC SH,BROWN,FEMALE,CONFISCATE,FLD_CORONR,HEALTHY,SANTA ROSA,0.4134154688569473,0,1.2246467991473532e-16,-1.0
DOG,FRENCH BULLDOG,WHITE/BROWN,FEMALE,STRAY,FLD_STRAY,UNKNOWN,SANTA ROSA,2.001368925393566,1,1.2246467991473532e-16,-1.0
CAT,DOMESTIC SH,GRAY,UNKNOWN,STRAY,OVER THE COUNTER,TREATABLE/REHAB,COUNTY,0.06023271731690623,0,1.2246467991473532e-16,-1.0
CAT,DOMESTIC SH,GRAY,UNKNOWN,STRAY,OVER THE COUNTER,TREATABLE/REHAB,COUNTY,0.06023271731690623,0,1.2246467991473532e-16,-1.0
CAT,DOMESTIC SH,GRAY,UNKNOWN,STRAY,OVER THE COUNTER,TREATABLE/REHAB,COUNTY,0.06023271731690623,0,1.2246467991473532e-16,-1.0
CAT,DOMESTIC SH,BUFF/WHITE,MALE,STRAY,FIELD,HEALTHY,COUNTY,0.4134154688569473,0,1.2246467991473532e-16,-1.0
CAT,DOMESTIC SH,WHITE/BRN TABBY,MALE,STRAY,FIELD,HEALTHY,COUNTY,0.4134154688569473,0,1.2246467991473532e-16,-1.0
CAT,DOMESTIC SH,__RARE_OR_NEW__,FEMALE,STRAY,FIELD,HEALTHY,COUNTY,0.4134154688569473,0,1.2246467991473532e-16,-1.0
CAT,DOMESTIC SH,GRAY TABBY,UNKNOWN,STRAY,FLD_STRAY,UNKNOWN,COUNTY,0.2518822724161533,1,1.2246467991473532e-16,-1.0
CAT,DOMESTIC SH,BRN TABBY,FEMALE,STRAY,OVER THE COUNTER,HEALTHY,SANTA ROSA,0.2272416153319644,0,1.2246467991473532e-16,-1.0
CAT,DOMESTIC SH,WHITE/BROWN,MALE,STRAY,OVER THE COUNTER,TREATABLE/MANAGEABLE,SANTA ROSA,0.4271047227926078,0,1.2246467991473532e-16,-1.0
DOG,__RARE_OR_NEW__,TRICOLOR,FEMALE,STRAY,FLD_STRAY,UNKNOWN,SANTA ROSA,15.63586584531143,0,1.2246467991473532e-16,-1.0
CAT,DOMESTIC SH,GRAY,MALE,STRAY,OVER THE COUNTER,HEALTHY,SANTA ROSA,0.2272416153319644,0,1.2246467991473532e-16,-1.0
CAT,DOMESTIC SH,GRAY,FEMALE,STRAY,OVER THE COUNTER,HEALTHY,SANTA ROSA,0.2272416153319644,0,1.2246467991473532e-16,-1.0
CAT,DOMESTIC SH,GRAY,FEMALE,STRAY,OVER THE COUNTER,HEALTHY,SANTA ROSA,0.2272416153319644,0,1.2246467991473532e-16,-1.0
CAT,DOMESTIC SH,GRAY,MALE,STRAY,OVER THE COUNTER,HEALTHY,SANTA ROSA,0.2272416153319644,0,1.2246467991473532e-16,-1.0
CAT,DOMESTIC SH,GRAY,MALE,STRAY,OVER THE COUNTER,HEALTHY,SANTA ROSA,0.2272416153319644,0,1.2246467991473532e-16,-1.0
DOG,CHIHUAHUA SH,TAN,MALE,STRAY,FIELD,UNKNOWN,COUNTY,2.001368925393566,1,1.2246467991473532e-16,-1.0
CAT,DOMESTIC SH,GRAY/WHITE,MALE,STRAY,OVER THE COUNTER,HEALTHY,SANTA ROSA,0.2080766598220397,0,1.2246467991473532e-16,-1.0
CAT,DOMESTIC MH,BRN TABBY,MALE,STRAY,OVER THE COUNTER,HEALTHY,SANTA ROSA,0.2080766598220397,0,1.2246467991473532e-16,-1.0
CAT,DOMESTIC SH,BLACK,MALE,STRAY,OVER THE COUNTER,HEALTHY,SANTA ROSA,0.2080766598220397,0,1.2246467991473532e-16,-1.0
CAT,DOMESTIC SH,ORG TABBY/WHITE,MALE,STRAY,OVER THE COUNTER,UNKNOWN,SANTA ROSA,0.24914442162902123,0,1.2246467991473532e-16,-1.0
CAT,DOMESTIC SH,ORG TABBY,MALE,STRAY,OVER THE COUNTER,UNKNOWN,SANTA ROSA,0.24914442162902123,0,1.2246467991473532e-16,-1.0
CAT,DOMESTIC SH,GRAY,FEMALE,STRAY,OVER THE COUNTER,UNKNOWN,SANTA ROSA,2.001368925393566,0,1.2246467991473532e-16,-1.0
CAT,DOMESTIC SH,GRAY TABBY,FEMALE,STRAY,OVER THE COUNTER,HEALTHY,SANTA ROSA,2.001368925393566,0,1.2246467991473532e-16,-1.0
DOG,PARSON RUSS TER/MIX,BLACK/WHITE,FEMALE,STRAY,FIELD,UNKNOWN,SANTA ROSA,6.286105407255304,0,1.2246467991473532e-16,-1.0
DOG,__RARE_OR_NEW__,APRICOT,UNKNOWN,STRAY,OVER THE COUNTER,UNKNOWN,SANTA ROSA,2.001368925393566,1,1.2246467991473532e-16,-1.0
DOG,__RARE_OR_NEW__,__RARE_OR_NEW__,FEMALE,STRAY,OVER THE COUNTER,UNKNOWN,SANTA ROSA,0.09034907597535935,0,1.2246467991473532e-16,-1.0
DOG,__RARE_OR_NEW__,__RARE_OR_NEW__,MALE,STRAY,OVER THE COUNTER,UNKNOWN,SANTA ROSA,0.09034907597535935,0,1.2246467991473532e-16,-1.0
DOG,__RARE_OR_NEW__,__RARE_OR_NEW__,FEMALE,STRAY,OVER THE COUNTER,UNKNOWN,SANTA ROSA,0.09034907597535935,0,1.2246467991473532e-16,-1.0
DOG,CHIHUAHUA SH,TAN,FEMALE,CONFISCATE,FLD_HOSPTL,UNKNOWN,SANTA ROSA,2.8939082819986313,0,1.2246467991473532e-16,-1.0
DOG,GERM SHEPHERD,TAN/BLACK,MALE,CONFISCATE,FLD_INVEST,UNKNOWN,SANTA ROSA,2.001368925393566,1,1.2246467991473532e-16,-1.0
DOG,GERM SHEPHERD,TAN/BLACK,MALE,CONFISCATE,FLD_INVEST,UNKNOWN,SANTA ROSA,2.001368925393566,1,1.2246467991473532e-16,-1.0
DOG,GERM SHEPHERD,BLACK/TAN,FEMALE,CONFISCATE,FLD_INVEST,UNKNOWN,SANTA ROSA,2.001368925393566,1,1.2246467991473532e-16,-1.0
DOG,__RARE_OR_NEW__,BROWN,UNKNOWN,CONFISCATE,FLD_INVEST,UNKNOWN,SANTA ROSA,2.001368925393566,1,1.2246467991473532e-16,-1.0
DOG,__RARE_OR_NEW__,BROWN,UNKNOWN,CONFISCATE,FLD_INVEST,UNKNOWN,SANTA ROSA,2.001368925393566,1,1.2246467991473532e-16,-1.0
DOG,__RARE_OR_NEW__,BLACK,MALE,CONFISCATE,FLD_HOSPTL,UNKNOWN,SANTA ROSA,12.31211498973306,0,1.2246467991473532e-16,-1.0
DOG,__RARE_OR_NEW__,WHITE/BROWN,MALE,STRAY,FIELD,HEALTHY,COUNTY,2.847364818617385,0,1.2246467991473532e-16,-1.0
DOG,CHIHUAHUA LH/MIX,BLACK,FEMALE,STRAY,FIELD,UNKNOWN,SANTA ROSA,8.66255989048597,0,1.2246467991473532e-16,-1.0
DOG,CHIHUAHUA SH/MIX,BLACK,FEMALE,STRAY,FIELD,UNKNOWN,SANTA ROSA,9.790554414784394,0,1.2246467991473532e-16,-1.0
DOG,YORKSHIRE TERR,BLACK/TAN,FEMALE,STRAY,FIELD,UNKNOWN,SANTA ROSA,12.676249144421629,0,1.2246467991473532e-16,-1.0
DOG,LABRADOR RETR,BLACK,FEMALE,ADOPTION RETURN,OVER THE COUNTER,UNKNOWN,OUT OF COUNTY,7.112936344969199,0,1.2246467991473532e-16,-1.0
CAT,DOMESTIC LH,GRAY TABBY,UNKNOWN,STRAY,OVER THE COUNTER,UNKNOWN,SANTA ROSA,0.2518822724161533,1,1.2246467991473532e-16,-1.0
CAT,DOMESTIC SH,GRAY,UNKNOWN,STRAY,OVER THE COUNTER,UNKNOWN,SANTA ROSA,0.2518822724161533,1,1.2246467991473532e-16,-1.0
DOG,DACHSHUND/MIX,__RARE_OR_NEW__,MALE,STRAY,OVER THE COUNTER,HEALTHY,SANTA ROSA,5.905544147843942,0,1.2246467991473532e-16,-1.0
DOG,CHIHUAHUA SH/MIX,TAN/BLACK,FEMALE,STRAY,OVER THE COUNTER,HEALTHY,SANTA ROSA,1.4127310061601643,0,1.2246467991473532e-16,-1.0
DOG,__RARE_OR_NEW__,GRAY/BLACK,MALE,CONFISCATE,FLD_HOSPTL,UNKNOWN,SANTA ROSA,2.001368925393566,1,1.2246467991473532e-16,-1.0
CAT,SIAMESE/MIX,SEAL PT,FEMALE,CONFISCATE,FLD_HOSPTL,UNKNOWN,SANTA ROSA,11.906913073237508,0,1.2246467991473532e-16,-1.0
CAT,DOMESTIC SH,GRAY TABBY,FEMALE,CONFISCATE,FLD_HOSPTL,UNKNOWN,SANTA ROSA,0.2518822724161533,1,1.2246467991473532e-16,-1.0
DOG,PIT BULL/MIX,WHITE/BLACK,FEMALE,CONFISCATE,FLD_ARREST,UNKNOWN,COUNTY,3.594798083504449,0,1.2246467991473532e-16,-1.0
OTHER,CHICKEN,WHITE,FEMALE,STRAY,OVER THE COUNTER,UNKNOWN,SANTA ROSA,1.8986995208761122,1,1.2246467991473532e-16,-1.0
DOG,CHIHUAHUA SH/MIX,BR BRINDLE,FEMALE,STRAY,FLD_STRAY,UNKNOWN,SANTA ROSA,2.001368925393566,1,1.2246467991473532e-16,-1.0
DOG,CHIHUAHUA SH/MIX,RED/WHITE,MALE,STRAY,FLD_STRAY,HEALTHY,SANTA ROSA,1.4127310061601643,0,1.2246467991473532e-16,-1.0
DOG,LABRADOR RETR,CHOCOLATE,FEMALE,STRAY,FLD_STRAY,UNKNOWN,SANTA ROSA,5.002053388090349,0,1.2246467991473532e-16,-1.0
DOG,LABRADOR RETR/MIX,BROWN,MALE,STRAY,OVER THE COUNTER,UNKNOWN,COUNTY,0.5639972621492129,0,1.2246467991473532e-16,-1.0
DOG,PIT BULL/MIX,TAN/WHITE,FEMALE,CONFISCATE,FIELD,UNKNOWN,SANTA ROSA,1.0212183436002737,0,1.2246467991473532e-16,-1.0
DOG,DOBERMAN PINSCH,BROWN/BLACK,FEMALE,CONFISCATE,FLD_ARREST,UNKNOWN,COUNTY,0.36413415468856947,0,1.2246467991473532e-16,-1.0
DOG,__RARE_OR_NEW__,BROWN,FEMALE,CONFISCATE,FLD_ARREST,UNKNOWN,COUNTY,5.073237508555784,0,1.2246467991473532e-16,-1.0
CAT,DOMESTIC SH,BRN TABBY,FEMALE,STRAY,OVER THE COUNTER,HEALTHY,SANTA ROSA,3.885010266940452,0,1.2246467991473532e-16,-1.0
CAT,DOMESTIC SH,GRAY TABBY/WHITE,MALE,STRAY,OVER THE COUNTER,HEALTHY,SANTA ROSA,0.024640657084188913,0,1.2246467991473532e-16,-1.0
CAT,DOMESTIC SH,BRN TABBY/WHITE,MALE,STRAY,OVER THE COUNTER,HEALTHY,SANTA ROSA,0.024640657084188913,0,1.2246467991473532e-16,-1.0
CAT,DOMESTIC SH,GRAY,MALE,STRAY,OVER THE COUNTER,HEALTHY,SANTA ROSA,0.024640657084188913,0,1.2246467991473532e-16,-1.0
CAT,DOMESTIC SH,GRAY/WHITE,MALE,STRAY,OVER THE COUNTER,HEALTHY,SANTA ROSA,0.024640657084188913,0,1.2246467991473532e-16,-1.0
CAT,DOMESTIC SH,GRAY TABBY,FEMALE,STRAY,OVER THE COUNTER,HEALTHY,SANTA ROSA,0.024640657084188913,0,1.2246467991473532e-16,-1.0
CAT,DOMESTIC SH,GRAY TABBY,MALE,STRAY,OVER THE COUNTER,HEALTHY,SANTA ROSA,0.024640657084188913,0,1.2246467991473532e-16,-1.0
DOG,BORDER COLLIE,BLACK/WHITE,FEMALE,CONFISCATE,FLD_INVEST,UNKNOWN,*SONOMA,1.9548254620123204,0,1.2246467991473532e-16,-1.0
CAT,DOMESTIC SH,GRAY TABBY/WHITE,UNKNOWN,STRAY,FIELD,UNKNOWN,COUNTY,0.2518822724161533,1,1.2246467991473532e-16,-1.0
DOG,DACHSHUND,RED/WHITE,MALE,CONFISCATE,FLD_ARREST,UNKNOWN,COUNTY,0.865160848733744,0,1.2246467991473532e-16,-1.0
DOG,__RARE_OR_NEW__,BLUE/WHITE,FEMALE,STRAY,FIELD,UNKNOWN,COUNTY,2.9979466119096507,0,1.2246467991473532e-16,-1.0
DOG,LABRADOR RETR,BROWN,MALE,STRAY,FLD_STRAY,UNKNOWN,COUNTY,6.997946611909651,0,1.2246467991473532e-16,-1.0
DOG,PIT BULL/MIX,WHITE/BLACK,MALE,CONFISCATE,FLD_ARREST,UNKNOWN,COUNTY,0.243668720054757,0,1.2246467991473532e-16,-1.0
CAT,DOMESTIC MH,ORANGE/WHITE,MALE,STRAY,FIELD,UNKNOWN,SANTA ROSA,0.2518822724161533,1,1.2246467991473532e-16,-1.0
DOG,CHIHUAHUA SH/MIX,BLACK/WHITE,FEMALE,STRAY,FLD_STRAY,UNKNOWN,COUNTY,2.001368925393566,1,1.2246467991473532e-16,-1.0
OTHER,BAT,BROWN,UNKNOWN,QUARANTINE,FIELD,UNKNOWN,SANTA ROSA,1.8986995208761122,1,1.2246467991473532e-16,-1.0
CAT,DOMESTIC SH,GRAY/WHITE,MALE,STRAY,FIELD,UNTREATABLE,SANTA ROSA,0.2518822724161533,1,1.2246467991473532e-16,-1.0
DOG,SIBERIAN HUSKY,GRAY/WHITE,MALE,STRAY,FIELD,HEALTHY,COUNTY,1.3470225872689938,0,1.2246467991473532e-16,-1.0
DOG,SIBERIAN HUSKY,WHITE,FEMALE,STRAY,FLD_STRAY,UNKNOWN,COUNTY,2.001368925393566,1,1.2246467991473532e-16,-1.0
CAT,DOMESTIC MH,BLACK,UNKNOWN,STRAY,FLD_STRAY,UNKNOWN,SANTA ROSA,0.06570841889117043,0,1.2246467991473532e-16,-1.0
CAT,DOMESTIC MH,BLACK,UNKNOWN,STRAY,FLD_STRAY,UNKNOWN,SANTA ROSA,0.08213552361396304,0,1.2246467991473532e-16,-1.0
CAT,DOMESTIC MH,BLACK/WHITE,UNKNOWN,STRAY,FLD_STRAY,UNKNOWN,SANTA ROSA,0.06570841889117043,0,1.2246467991473532e-16,-1.0
CAT,DOMESTIC MH,TRICOLOR,UNKNOWN,STRAY,FLD_STRAY,UNKNOWN,SANTA ROSA,0.06570841889117043,0,1.2246467991473532e-16,-1.0
CAT,DOMESTIC SH,GRAY TABBY,FEMALE,STRAY,OVER THE COUNTER,HEALTHY,COUNTY,0.2080766598220397,0,1.2246467991473532e-16,-1.0
CAT,DOMESTIC SH,BRN TABBY,FEMALE,STRAY,OVER THE COUNTER,HEALTHY,COUNTY,0.2080766598220397,0,1.2246467991473532e-16,-1.0
CAT,DOMESTIC SH,BLACK,FEMALE,STRAY,OVER THE COUNTER,HEALTHY,COUNTY,0.2080766598220397,0,1.2246467991473532e-16,-1.0
CAT,DOMESTIC LH,BRN TABBY,FEMALE,STRAY,OVER THE COUNTER,HEALTHY,COUNTY,0.2080766598220397,0,1.2246467991473532e-16,-1.0
DOG,GERM SHEPHERD,TAN/BLACK,MALE,CONFISCATE,FLD_ABAND,UNKNOWN,COUNTY,4.4435318275154,0,1.2246467991473532e-16,-1.0
DOG,PIT BULL,BROWN/WHITE,FEMALE,CONFISCATE,FLD_ABAND,UNKNOWN,COUNTY,6.0013689253935665,0,1.2246467991473532e-16,-1.0
DOG,CHIHUAHUA SH,TAN,FEMALE,STRAY,FIELD,UNKNOWN,SANTA ROSA,12.996577686516085,0,1.2246467991473532e-16,-1.0
DOG,PIT BULL/MIX,BROWN/WHITE,FEMALE,STRAY,FIELD,HEALTHY,SANTA ROSA,4.906228610540725,0,1.2246467991473532e-16,-1.0
CAT,DOMESTIC SH,BRN TABBY/TORTIE,FEMALE,STRAY,OVER THE COUNTER,HEALTHY,SANTA ROSA,0.24914442162902123,0,1.2246467991473532e-16,-1.0
DOG,BORDER COLLIE/MIX,BLACK/WHITE,MALE,CONFISCATE,FLD_ARREST,UNKNOWN,SANTA ROSA,2.001368925393566,1,-0.4999999999999997,-0.8660254037844388
CAT,DOMESTIC LH,LYNX PT,FEMALE,STRAY,OVER THE COUNTER,UNKNOWN,COUNTY,13.00205338809035,0,-0.4999999999999997,-0.8660254037844388
OTHER,__RARE_OR_NEW__,BLACK/RED,MALE,STRAY,FLD_STRAY,UNKNOWN,SANTA ROSA,1.8986995208761122,1,-0.4999999999999997,-0.8660254037844388
OTHER,__RARE_OR_NEW__,BLACK/RED,MALE,STRAY,FLD_STRAY,UNKNOWN,SANTA ROSA,1.8986995208761122,1,-0.4999999999999997,-0.8660254037844388
DOG,GREAT PYRENEES,WHITE,MALE,STRAY,FLD_STRAY,HEALTHY,SANTA ROSA,0.4188911704312115,0,-0.4999999999999997,-0.8660254037844388
DOG,ALASKAN HUSKY,WHITE,FEMALE,STRAY,FIELD,HEALTHY,COUNTY,0.9089664613278576,0,-0.4999999999999997,-0.8660254037844388
DOG,__RARE_OR_NEW__,BROWN/BLACK,MALE,QUARANTINE,FIELD,UNKNOWN,COUNTY,4.358658453114305,0,-0.4999999999999997,-0.8660254037844388
DOG,GERM SHEPHERD,TAN,MALE,STRAY,FLD_STRAY,UNKNOWN,SANTA ROSA,11.822039698836413,0,-0.4999999999999997,-0.8660254037844388
DOG,__RARE_OR_NEW__,BLACK/WHITE,MALE,CONFISCATE,FLD_ARREST,UNKNOWN,SANTA ROSA,7.665982203969883,0,-0.4999999999999997,-0.8660254037844388
DOG,__RARE_OR_NEW__,__RARE_OR_NEW__,MALE,STRAY,OVER THE COUNTER,UNKNOWN,SANTA ROSA,2.001368925393566,0,-0.4999999999999997,-0.8660254037844388
DOG,__RARE_OR_NEW__,WHITE,FEMALE,STRAY,FLD_STRAY,UNKNOWN,COUNTY,0.49828884325804246,0,-0.4999999999999997,-0.8660254037844388
DOG,AUST CATTLE DOG,__RARE_OR_NEW__,FEMALE,STRAY,FLD_STRAY,UNKNOWN,COUNTY,1.4154688569472964,0,-0.4999999999999997,-0.8660254037844388
OTHER,SHEEP,WHITE,UNKNOWN,STRAY,FLD_STRAY,UNKNOWN,COUNTY,1.8986995208761122,1,-0.4999999999999997,-0.8660254037844388
OTHER,SHEEP,WHITE,UNKNOWN,STRAY,FLD_STRAY,UNKNOWN,COUNTY,1.8986995208761122,1,-0.4999999999999997,-0.8660254037844388
DOG,GERM SHEPHERD,TAN/BLACK,FEMALE,STRAY,FLD_STRAY,UNKNOWN,SANTA ROSA,3.0006844626967832,0,-0.4999999999999997,-0.8660254037844388
DOG,PIT BULL,GRAY/WHITE,MALE,STRAY,FLD_STRAY,UNKNOWN,SANTA ROSA,0.6680355920602327,0,-0.4999999999999997,-0.8660254037844388
CAT,DOMESTIC SH,BRN TABBY/WHITE,FEMALE,STRAY,FLD_STRAY,UNKNOWN,SANTA ROSA,0.06023271731690623,0,-0.4999999999999997,-0.8660254037844388
CAT,DOMESTIC SH,BRN TABBY/WHITE,FEMALE,STRAY,FLD_STRAY,UNKNOWN,SANTA ROSA,0.06023271731690623,0,-0.4999999999999997,-0.8660254037844388
CAT,DOMESTIC SH,BRN TABBY/WHITE,MALE,STRAY,FLD_STRAY,UNKNOWN,SANTA ROSA,0.06023271731690623,0,-0.4999999999999997,-0.8660254037844388
CAT,DOMESTIC SH,BRN TABBY,FEMALE,STRAY,FLD_STRAY,UNKNOWN,SANTA ROSA,0.06023271731690623,0,-0.4999999999999997,-0.8660254037844388
CAT,DOMESTIC SH,GRAY TABBY/WHITE,MALE,STRAY,FLD_STRAY,UNKNOWN,SANTA ROSA,0.06023271731690623,0,-0.4999999999999997,-0.8660254037844388
CAT,DOMESTIC SH,BRN TABBY,FEMALE,STRAY,FLD_STRAY,UNKNOWN,SANTA ROSA,0.06023271731690623,0,-0.4999999999999997,-0.8660254037844388
DOG,WELSH CORGI CAR/MIX,TAN/WHITE,FEMALE,STRAY,FLD_STRAY,UNKNOWN,SANTA ROSA,2.001368925393566,1,-0.4999999999999997,-0.8660254037844388
DOG,__RARE_OR_NEW__,__RARE_OR_NEW__,FEMALE,STRAY,FLD_STRAY,UNKNOWN,SANTA ROSA,5.138945927446954,0,-0.4999999999999997,-0.8660254037844388
DOG,PIT BULL/MIX,BLACK/WHITE,MALE,CONFISCATE,FLD_ARREST,UNKNOWN,SANTA ROSA,2.001368925393566,1,-0.4999999999999997,-0.8660254037844388
DOG,AUST CATTLE DOG,BROWN/WHITE,MALE,STRAY,FLD_STRAY,UNKNOWN,COUNTY,1.9876796714579055,0,-0.4999999999999997,-0.8660254037844388
DOG,PIT BULL,BLUE,MALE,CONFISCATE,FLD_ARREST,UNKNOWN,SANTA ROSA,7.008898015058179,0,-0.4999999999999997,-0.8660254037844388
DOG,PIT BULL,BLACK,FEMALE,CONFISCATE,FLD_ARREST,UNKNOWN,SANTA ROSA,0.405201916495551,0,-0.4999999999999997,-0.8660254037844388
CAT,DOMESTIC SH,GRAY,FEMALE,STRAY,OVER THE COUNTER,UNKNOWN,COUNTY,0.2518822724161533,0,-0.4999999999999997,-0.8660254037844388
CAT,DOMESTIC SH,BLACK,MALE,STRAY,FLD_STRAY,HEALTHY,SANTA ROSA,2.001368925393566,0,-0.4999999999999997,-0.8660254037844388
CAT,DOMESTIC SH,GRAY TABBY,FEMALE,STRAY,FLD_STRAY,UNKNOWN,SANTA ROSA,0.2518822724161533,1,-0.4999999999999997,-0.8660254037844388
DOG,__RARE_OR_NEW__,BROWN/TAN,MALE,STRAY,FLD_STRAY,UNKNOWN,COUNTY,9.596167008898014,0,-0.4999999999999997,-0.8660254037844388
CAT,DOMESTIC SH,BLACK,MALE,STRAY,FLD_STRAY,UNKNOWN,COUNTY,0.2518822724161533,1,-0.4999999999999997,-0.8660254037844388
DOG,YORKSHIRE TERR/MIX,BROWN/TAN,MALE,STRAY,FLD_STRAY,UNKNOWN,SANTA ROSA,0.5804243668720055,0,-0.4999999999999997,-0.8660254037844388
DOG,PARSON RUSS TER/MIX,BLACK/WHITE,MALE,STRAY,FLD_STRAY,UNKNOWN,SANTA ROSA,0.5804243668720055,0,-0.4999999999999997,-0.8660254037844388
CAT,DOMESTIC SH,ORG TABBY,MALE,STRAY,FLD_STRAY,UNKNOWN,SANTA ROSA,0.2518822724161533,1,-0.4999999999999997,-0.8660254037844388
DOG,CHIHUAHUA SH/MIX,BLACK/TAN,FEMALE,CONFISCATE,FLD_HOSPTL,UNKNOWN,SANTA ROSA,1.0704996577686516,0,-0.4999999999999997,-0.8660254037844388
DOG,CHIHUAHUA SH/MIX,BLACK/TAN,MALE,CONFISCATE,FLD_HOSPTL,UNKNOWN,SANTA ROSA,2.7186858316221767,0,-0.4999999999999997,-0.8660254037844388
CAT,DOMESTIC MH,BLACK,UNKNOWN,STRAY,OVER THE COUNTER,UNKNOWN,COUNTY,0.33401779603011633,0,-0.4999999999999997,-0.8660254037844388
CAT,DOMESTIC MH,BRN TABBY,MALE,STRAY,OVER THE COUNTER,UNKNOWN,COUNTY,0.33401779603011633,0,-0.4999999999999997,-0.8660254037844388
CAT,DOMESTIC SH,BLACK,MALE,STRAY,OVER THE COUNTER,HEALTHY,SANTA ROSA,3.0006844626967832,0,-0.4999999999999997,-0.8660254037844388
DOG,LABRADOR RETR/MIX,WHITE/BROWN,MALE,STRAY,FLD_STRAY,HEALTHY,COUNTY,0.33127994524298426,0,-0.4999999999999997,-0.8660254037844388
DOG,LABRADOR RETR/MIX,WHITE/BROWN,FEMALE,STRAY,FLD_STRAY,UNKNOWN,COUNTY,0.33127994524298426,0,-0.4999999999999997,-0.8660254037844388
DOG,__RARE_OR_NEW__,RED,MALE,STRAY,FLD_STRAY,UNKNOWN,COUNTY,2.291581108829569,0,-0.4999999999999997,-0.8660254037844388
DOG,GERM SHEPHERD/MIX,BLACK/TAN,MALE,STRAY,FIELD,HEALTHY,SANTA ROSA,2.001368925393566,1,-0.4999999999999997,-0.8660254037844388
DOG,GERM SHEPHERD/MIX,TAN/BLACK,MALE,STRAY,FLD_STRAY,UNKNOWN,SANTA ROSA,6.0013689253935665,0,-0.4999999999999997,-0.8660254037844388
CAT,DOMESTIC LH,BRN TABBY/WHITE,FEMALE,STRAY,OVER THE COUNTER,UNKNOWN,SANTA ROSA,1.998631074606434,0,-0.4999999999999997,-0.8660254037844388
CAT,DOMESTIC SH,GRAY TABBY,UNKNOWN,STRAY,OVER THE COUNTER,UNKNOWN,SANTA ROSA,0.2518822724161533,1,-0.4999999999999997,-0.8660254037844388
DOG,BORDER COLLIE,BLACK/WHITE,MALE,CONFISCATE,FLD_ARREST,UNKNOWN,SANTA ROSA,1.998631074606434,0,-0.4999999999999997,-0.8660254037844388
CAT,__RARE_OR_NEW__,BLUE,MALE,STRAY,FLD_STRAY,HEALTHY,SANTA ROSA,6.0013689253935665,0,-0.4999999999999997,-0.8660254037844388
DOG,AUST CATTLE DOG/MIX,RED/WHITE,MALE,QUARANTINE,FIELD,UNKNOWN,COUNTY,8.049281314168377,0,-0.4999999999999997,-0.8660254037844388
DOG,LABRADOR RETR/MIX,BLACK/WHITE,MALE,STRAY,FLD_STRAY,UNKNOWN,COUNTY,0.33127994524298426,0,-0.4999999999999997,-0.8660254037844388
CAT,DOMESTIC SH,BLACK/WHITE,MALE,STRAY,OVER THE COUNTER,HEALTHY,SANTA ROSA,2.001368925393566,0,-0.4999999999999997,-0.8660254037844388
CAT,DOMESTIC SH,BRN TABBY/WHITE,FEMALE,STRAY,OVER THE COUNTER,UNKNOWN,SANTA ROSA,2.8501026694045173,0,-0.4999999999999997,-0.8660254037844388
CAT,DOMESTIC SH,ORG TABBY/WHITE,MALE,STRAY,FLD_EMERGE,UNKNOWN,SANTA ROSA,8.999315537303216,0,-0.4999999999999997,-0.8660254037844388
CAT,DOMESTIC MH,BLACK,MALE,STRAY,OVER THE COUNTER,HEALTHY,COUNTY,0.05201916495550993,0,-0.4999999999999997,-0.8660254037844388
CAT,DOMESTIC MH,BLACK/WHITE,MALE,STRAY,OVER THE COUNTER,HEALTHY,COUNTY,0.05201916495550993,0,-0.4999999999999997,-0.8660254037844388
CAT,DOMESTIC MH,BLACK,FEMALE,STRAY,OVER THE COUNTER,HEALTHY,COUNTY,0.05201916495550993,0,-0.4999999999999997,-0.8660254037844388
CAT,DOMESTIC SH,BLACK/WHITE,FEMALE,STRAY,OVER THE COUNTER,HEALTHY,COUNTY,0.05201916495550993,0,-0.4999999999999997,-0.8660254037844388
CAT,DOMESTIC MH,BLACK/WHITE,MALE,STRAY,OVER THE COUNTER,HEALTHY,COUNTY,0.05201916495550993,0,-0.4999999999999997,-0.8660254037844388
CAT,DOMESTIC SH,BLACK,FEMALE,STRAY,OVER THE COUNTER,HEALTHY,COUNTY,0.05201916495550993,0,-0.4999999999999997,-0.8660254037844388
DOG,LABRADOR RETR/MIX,WHITE,FEMALE,STRAY,OVER THE COUNTER,HEALTHY,COUNTY,0.6926762491444216,0,-0.4999999999999997,-0.8660254037844388
CAT,DOMESTIC SH,ORG TABBY,FEMALE,STRAY,OVER THE COUNTER,UNKNOWN,SANTA ROSA,0.09034907597535935,0,-0.4999999999999997,-0.8660254037844388
DOG,__RARE_OR_NEW__,BROWN/BLACK,FEMALE,OWNER SURRENDER,OVER THE COUNTER,UNKNOWN,COUNTY,5.002053388090349,0,-0.4999999999999997,-0.8660254037844388
DOG,YORKSHIRE TERR,BLACK/BROWN,MALE,OWNER SURRENDER,OVER THE COUNTER,HEALTHY,COUNTY,7.000684462696783,0,-0.4999999999999997,-0.8660254037844388
OTHER,CHICKEN,BROWN,FEMALE,CONFISCATE,FLD_ABAND,UNKNOWN,COUNTY,1.8986995208761122,1,-0.4999999999999997,-0.8660254037844388
OTHER,CHICKEN,GRAY,FEMALE,CONFISCATE,FLD_ABAND,UNKNOWN,COUNTY,1.8986995208761122,1,-0.4999999999999997,-0.8660254037844388
OTHER,CHICKEN,BLACK,FEMALE,CONFISCATE,FLD_ABAND,UNKNOWN,COUNTY,1.8986995208761122,1,-0.4999999999999997,-0.8660254037844388
OTHER,CHICKEN,BLACK,FEMALE,CONFISCATE,FLD_ABAND,UNKNOWN,COUNTY,1.8986995208761122,1,-0.4999999999999997,-0.8660254037844388
OTHER,CHICKEN,BROWN,FEMALE,CONFISCATE,FLD_ABAND,UNKNOWN,COUNTY,1.8986995208761122,1,-0.4999999999999997,-0.8660254037844388
OTHER,CHICKEN,GRAY,FEMALE,CONFISCATE,FLD_ABAND,UNKNOWN,COUNTY,1.8986995208761122,1,-0.4999999999999997,-0.8660254037844388
OTHER,CHICKEN,BROWN,FEMALE,CONFISCATE,FLD_ABAND,UNKNOWN,COUNTY,1.8986995208761122,1,-0.4999999999999997,-0.8660254037844388
DOG,LABRADOR RETR/MIX,__RARE_OR_NEW__,MALE,STRAY,VET_HOSP,HEALTHY,SANTA ROSA,0.4188911704312115,0,-0.4999999999999997,-0.8660254037844388
OTHER,CHICKEN,GRAY,FEMALE,CONFISCATE,FLD_ABAND,UNKNOWN,COUNTY,1.8986995208761122,1,-0.4999999999999997,-0.8660254037844388
CAT,DOMESTIC SH,BLACK,MALE,STRAY,FLD_STRAY,HEALTHY,SANTA ROSA,0.12594113620807665,0,-0.4999999999999997,-0.8660254037844388
CAT,DOMESTIC SH,BRN TABBY,MALE,STRAY,FLD_STRAY,HEALTHY,SANTA ROSA,0.12594113620807665,0,-0.4999999999999997,-0.8660254037844388
OTHER,CHICKEN,WHITE,FEMALE,CONFISCATE,FLD_ABAND,UNKNOWN,COUNTY,1.8986995208761122,1,-0.4999999999999997,-0.8660254037844388
OTHER,CHICKEN,RED,FEMALE,CONFISCATE,FLD_ABAND,UNKNOWN,COUNTY,1.8986995208761122,1,-0.4999999999999997,-0.8660254037844388
DOG,CHIHUAHUA SH,BLACK/TAN,FEMALE,CONFISCATE,FLD_HOSPTL,UNKNOWN,COUNTY,3.0006844626967832,0,-0.4999999999999997,-0.8660254037844388
OTHER,GOAT,TRICOLOR,FEMALE,CONFISCATE,FLD_ARREST,UNKNOWN,COUNTY,1.8986995208761122,1,-0.4999999999999997,-0.8660254037844388
DOG,SIBERIAN HUSKY,WHITE,MALE,STRAY,FLD_STRAY,UNKNOWN,SANTA ROSA,0.9226557152635181,0,-0.4999999999999997,-0.8660254037844388
OTHER,GUINEA PIG,__RARE_OR_NEW__,FEMALE,STRAY,FLD_STRAY,UNKNOWN,SANTA ROSA,1.8986995208761122,1,-0.4999999999999997,-0.8660254037844388
CAT,DOMESTIC MH,GRAY/WHITE,MALE,STRAY,FLD_STRAY,UNKNOWN,SANTA ROSA,0.2518822724161533,1,-0.4999999999999997,-0.8660254037844388
DOG,LABRADOR RETR/MIX,WHITE,FEMALE,STRAY,FLD_STRAY,UNKNOWN,SANTA ROSA,0.4188911704312115,0,-0.4999999999999997,-0.8660254037844388
CAT,DOMESTIC MH,GRAY,FEMALE,STRAY,FLD_STRAY,UNKNOWN,COUNTY,0.08487337440109514,0,-0.4999999999999997,-0.8660254037844388
CAT,DOMESTIC SH,__RARE_OR_NEW__,FEMALE,STRAY,FLD_STRAY,UNKNOWN,COUNTY,0.2518822724161533,1,-0.4999999999999997,-0.8660254037844388
DOG,PIT BULL,__RARE_OR_NEW__,FEMALE,STRAY,OVER THE COUNTER,UNKNOWN,COUNTY,3.0006844626967832,0,-0.4999999999999997,-0.8660254037844388
DOG,GERM SHEPHERD,BLACK/BROWN,MALE,STRAY,FLD_STRAY,UNKNOWN,SANTA ROSA,10.494182067077345,0,-0.4999999999999997,-0.8660254037844388
DOG,__RARE_OR_NEW__,TAN/WHITE,MALE,STRAY,FLD_STRAY,UNKNOWN,COUNTY,5.993155373032169,0,-0.4999999999999997,-0.8660254037844388
DOG,BORDER COLLIE/MIX,BLACK/WHITE,MALE,CONFISCATE,FLD_HOSPTL,UNKNOWN,SANTA ROSA,2.001368925393566,1,-0.4999999999999997,-0.8660254037844388
DOG,__RARE_OR_NEW__,WHITE/BROWN,FEMALE,STRAY,FLD_STRAY,UNKNOWN,SANTA ROSA,4.525667351129363,0,-0.4999999999999997,-0.8660254037844388
CAT,__RARE_OR_NEW__,__RARE_OR_NEW__,FEMALE,STRAY,FLD_STRAY,HEALTHY,COUNTY,7.797399041752224,0,-0.4999999999999997,-0.8660254037844388
DOG,AUST CATTLE DOG,BLACK/WHITE,MALE,STRAY,FLD_STRAY,UNKNOWN,SANTA ROSA,6.143737166324435,0,-0.4999999999999997,-0.8660254037844388
OTHER,__RARE_OR_NEW__,BROWN,MALE,STRAY,OVER THE COUNTER,HEALTHY,SANTA ROSA,1.9055441478439425,0,-0.4999999999999997,-0.8660254037844388
DOG,PIT BULL,BROWN/WHITE,FEMALE,STRAY,OVER THE COUNTER,UNKNOWN,SANTA ROSA,4.867898699520876,0,-0.4999999999999997,-0.8660254037844388
CAT,DOMESTIC SH,BLACK,UNKNOWN,STRAY,OVER THE COUNTER,UNKNOWN,COUNTY,0.03559206023271732,0,-0.4999999999999997,-0.8660254037844388
CAT,DOMESTIC SH,BLACK,UNKNOWN,STRAY,OVER THE COUNTER,UNKNOWN,COUNTY,0.03559206023271732,0,-0.4999999999999997,-0.8660254037844388
DOG,__RARE_OR_NEW__,WHITE/BROWN,FEMALE,STRAY,FLD_STRAY,UNKNOWN,SANTA ROSA,4.531143052703627,0,-0.4999999999999997,-0.8660254037844388
DOG,DACHSHUND,BLACK/BROWN,FEMALE,STRAY,OVER THE COUNTER,UNKNOWN,COUNTY,2.001368925393566,1,-0.4999999999999997,-0.8660254037844388
DOG,CHIHUAHUA SH,WHITE,MALE,STRAY,FLD_STRAY,UNKNOWN,COUNTY,2.001368925393566,1,-0.4999999999999997,-0.8660254037844388
CAT,DOMESTIC SH,ORANGE,MALE,STRAY,OVER THE COUNTER,UNKNOWN,SANTA ROSA,5.002053388090349,0,-0.4999999999999997,-0.8660254037844388
DOG,SIBERIAN HUSKY,RED/WHITE,MALE,STRAY,VET_HOSP,UNKNOWN,SANTA ROSA,6.469541409993155,0,-0.4999999999999997,-0.8660254037844388
DOG,GERM SHEPHERD/MIX,TAN/WHITE,FEMALE,STRAY,FLD_STRAY,UNKNOWN,SANTA ROSA,2.001368925393566,1,-0.4999999999999997,-0.8660254037844388
DOG,PIT BULL,BROWN/WHITE,FEMALE,STRAY,OVER THE COUNTER,UNKNOWN,SANTA ROSA,2.001368925393566,1,-0.4999999999999997,-0.8660254037844388
DOG,PIT BULL,BROWN,FEMALE,STRAY,OVER THE COUNTER,UNKNOWN,SANTA ROSA,2.001368925393566,1,-0.4999999999999997,-0.8660254037844388
DOG,AUST CATTLE DOG,WHITE/TAN,MALE,STRAY,OVER THE COUNTER,UNKNOWN,SANTA ROSA,2.001368925393566,1,-0.4999999999999997,-0.8660254037844388
CAT,DOMESTIC SH,BRN TABBY,MALE,STRAY,EMAIL,UNKNOWN,SANTA ROSA,0.08487337440109514,0,-0.4999999999999997,-0.8660254037844388
DOG,__RARE_OR_NEW__,BL BRINDLE,FEMALE,STRAY,FLD_STRAY,UNKNOWN,COUNTY,2.001368925393566,1,-0.4999999999999997,-0.8660254037844388
DOG,__RARE_OR_NEW__,TRICOLOR,MALE,CONFISCATE,FLD_ARREST,UNKNOWN,SANTA ROSA,1.4976043805612593,0,-0.4999999999999997,-0.8660254037844388
DOG,__RARE_OR_NEW__,TAN/BLACK,FEMALE,STRAY,FLD_STRAY,UNKNOWN,SANTA ROSA,2.001368925393566,1,-0.4999999999999997,-0.8660254037844388
DOG,CHIHUAHUA SH,TAN,FEMALE,STRAY,OVER THE COUNTER,HEALTHY,SANTA ROSA,2.001368925393566,1,-0.4999999999999997,-0.8660254037844388
OTHER,CHICKEN,WHITE,FEMALE,CONFISCATE,FLD_ARREST,UNKNOWN,COUNTY,1.8986995208761122,1,-0.4999999999999997,-0.8660254037844388
OTHER,CHICKEN,WHITE,FEMALE,CONFISCATE,FLD_ARREST,UNKNOWN,COUNTY,1.8986995208761122,1,-0.4999999999999997,-0.8660254037844388
OTHER,CHICKEN,WHITE,FEMALE,CONFISCATE,FLD_ARREST,UNKNOWN,COUNTY,1.8986995208761122,1,-0.4999999999999997,-0.8660254037844388
OTHER,CHICKEN,BROWN,FEMALE,CONFISCATE,FLD_ARREST,UNKNOWN,COUNTY,1.8986995208761122,1,-0.4999999999999997,-0.8660254037844388
OTHER,CHICKEN,BROWN,FEMALE,CONFISCATE,FLD_ARREST,UNKNOWN,COUNTY,1.8986995208761122,1,-0.4999999999999997,-0.8660254037844388
OTHER,CHICKEN,BROWN,FEMALE,CONFISCATE,FLD_ARREST,UNKNOWN,COUNTY,1.8986995208761122,1,-0.4999999999999997,-0.8660254037844388
OTHER,CHICKEN,BLACK,FEMALE,CONFISCATE,FLD_ARREST,UNKNOWN,COUNTY,1.8986995208761122,1,-0.4999999999999997,-0.8660254037844388
CAT,DOMESTIC SH,BLACK/WHITE,UNKNOWN,STRAY,OVER THE COUNTER,UNKNOWN,SANTA ROSA,0.2518822724161533,1,-0.4999999999999997,-0.8660254037844388
CAT,DOMESTIC SH,BLACK/WHITE,UNKNOWN,STRAY,OVER THE COUNTER,UNKNOWN,SANTA ROSA,0.2518822724161533,1,-0.4999999999999997,-0.8660254037844388
DOG,POODLE MIN,BROWN/WHITE,FEMALE,STRAY,FLD_STRAY,UNKNOWN,SANTA ROSA,15.000684462696784,0,-0.4999999999999997,-0.8660254037844388
CAT,DOMESTIC SH,GRAY,UNKNOWN,STRAY,FLD_STRAY,UNKNOWN,SANTA ROSA,0.14236824093086928,0,-0.4999999999999997,-0.8660254037844388
DOG,__RARE_OR_NEW__,APRICOT,FEMALE,STRAY,OVER THE COUNTER,UNKNOWN,SANTA ROSA,12.881587953456537,0,-0.4999999999999997,-0.8660254037844388
CAT,DOMESTIC SH,BLACK/WHITE,FEMALE,STRAY,OVER THE COUNTER,UNKNOWN,SANTA ROSA,0.2518822724161533,1,-0.4999999999999997,-0.8660254037844388
CAT,DOMESTIC SH,BLACK/WHITE,UNKNOWN,STRAY,OVER THE COUNTER,UNKNOWN,SANTA ROSA,0.2518822724161533,1,-0.4999999999999997,-0.8660254037844388
CAT,DOMESTIC MH,BLACK,MALE,STRAY,FLD_STRAY,UNKNOWN,SANTA ROSA,0.2518822724161533,1,-0.4999999999999997,-0.8660254037844388
DOG,LABRADOR RETR/MIX,GOLD,MALE,STRAY,FLD_STRAY,UNKNOWN,SANTA ROSA,2.001368925393566,1,-0.4999999999999997,-0.8660254037844388
OTHER,CHICKEN,BLACK,UNKNOWN,STRAY,FLD_STRAY,UNKNOWN,SANTA ROSA,1.8986995208761122,1,-0.4999999999999997,-0.8660254037844388
OTHER,CHICKEN,RED/BLACK,UNKNOWN,STRAY,FLD_STRAY,UNKNOWN,SANTA ROSA,1.8986995208761122,1,-0.4999999999999997,-0.8660254037844388
DOG,PIT BULL,TAN,FEMALE,STRAY,OVER THE COUNTER,UNKNOWN,SANTA ROSA,2.001368925393566,1,-0.4999999999999997,-0.8660254037844388
CAT,DOMESTIC SH,ORG TABBY,MALE,STRAY,OVER THE COUNTER,HEALTHY,SANTA ROSA,2.951403148528405,0,-0.4999999999999997,-0.8660254037844388
CAT,SIAMESE/MIX,__RARE_OR_NEW__,FEMALE,STRAY,OVER THE COUNTER,HEALTHY,COUNTY,1.9520876112251881,0,-0.4999999999999997,-0.8660254037844388
DOG,__RARE_OR_NEW__,TAN/WHITE,MALE,STRAY,FLD_STRAY,UNKNOWN,COUNTY,2.001368925393566,1,-0.4999999999999997,-0.8660254037844388
DOG,PIT BULL,BLACK/WHITE,MALE,STRAY,FLD_STRAY,UNKNOWN,SANTA ROSA,4.369609856262834,0,-0.4999999999999997,-0.8660254037844388
DOG,PIT BULL,GRAY,FEMALE,STRAY,FLD_STRAY,UNKNOWN,SANTA ROSA,1.7659137577002053,0,-0.4999999999999997,-0.8660254037844388
DOG,POMERANIAN,TAN/WHITE,MALE,STRAY,FLD_STRAY,UNKNOWN,SANTA ROSA,10.001368925393566,0,-0.4999999999999997,-0.8660254037844388
CAT,DOMESTIC SH,GRAY/WHITE,MALE,STRAY,OVER THE COUNTER,HEALTHY,SANTA ROSA,0.13963039014373715,0,-0.4999999999999997,-0.8660254037844388
DOG,POODLE MIN,BLACK,MALE,STRAY,OVER THE COUNTER,UNKNOWN,SANTA ROSA,1.4017796030116358,0,-0.4999999999999997,-0.8660254037844388
DOG,PIT BULL,WHITE,FEMALE,CONFISCATE,FLD_ARREST,UNKNOWN,CLOVERDALE,7.129363449691992,0,-0.4999999999999997,-0.8660254037844388
DOG,PIT BULL/MIX,__RARE_OR_NEW__,FEMALE,STRAY,FLD_STRAY,UNKNOWN,COUNTY,2.001368925393566,1,-0.4999999999999997,-0.8660254037844388
CAT,DOMESTIC SH,BLACK/WHITE,MALE,STRAY,FLD_STRAY,UNKNOWN,SANTA ROSA,0.2518822724161533,1,-0.4999999999999997,-0.8660254037844388
DOG,__RARE_OR_NEW__,GRAY/BLACK,FEMALE,CONFISCATE,FLD_ARREST,UNKNOWN,SANTA ROSA,2.001368925393566,1,-0.4999999999999997,-0.8660254037844388
DOG,FRENCH BULLDOG,FAWN,MALE,STRAY,FLD_STRAY,UNKNOWN,SANTA ROSA,1.4921286789869952,0,-0.4999999999999997,-0.8660254037844388
DOG,PIT BULL,BROWN/WHITE,MALE,STRAY,FLD_STRAY,HEALTHY,COUNTY,2.001368925393566,0,-0.4999999999999997,-0.8660254037844388
OTHER,CHICKEN,WHITE,MALE,CONFISCATE,FLD_ARREST,UNKNOWN,SANTA ROSA,1.8986995208761122,1,-0.4999999999999997,-0.8660254037844388
OTHER,CHICKEN,RED/BLACK,MALE,CONFISCATE,FLD_ARREST,UNKNOWN,SANTA ROSA,1.8986995208761122,1,-0.4999999999999997,-0.8660254037844388
OTHER,CHICKEN,WHITE,MALE,CONFISCATE,FLD_ARREST,UNKNOWN,SANTA ROSA,1.8986995208761122,1,-0.4999999999999997,-0.8660254037844388
OTHER,CHICKEN,WHITE/BLACK,MALE,CONFISCATE,FLD_ARREST,UNKNOWN,SANTA ROSA,1.8986995208761122,1,-0.4999999999999997,-0.8660254037844388
OTHER,CHICKEN,BROWN,MALE,CONFISCATE,FLD_ARREST,UNKNOWN,SANTA ROSA,1.8986995208761122,1,-0.4999999999999997,-0.8660254037844388
OTHER,CHICKEN,BROWN,MALE,CONFISCATE,FLD_ARREST,UNKNOWN,SANTA ROSA,1.8986995208761122,1,-0.4999999999999997,-0.8660254037844388
OTHER,CHICKEN,BROWN,MALE,CONFISCATE,FLD_ARREST,UNKNOWN,SANTA ROSA,1.8986995208761122,1,-0.4999999999999997,-0.8660254037844388
OTHER,CHICKEN,BROWN,MALE,CONFISCATE,FLD_ARREST,UNKNOWN,SANTA ROSA,1.8986995208761122,1,-0.4999999999999997,-0.8660254037844388
OTHER,CHICKEN,BROWN,MALE,CONFISCATE,FLD_ARREST,UNKNOWN,SANTA ROSA,1.8986995208761122,1,-0.4999999999999997,-0.8660254037844388
OTHER,CHICKEN,BROWN,MALE,CONFISCATE,FLD_ARREST,UNKNOWN,SANTA ROSA,1.8986995208761122,1,-0.4999999999999997,-0.8660254037844388
OTHER,CHICKEN,WHITE,MALE,CONFISCATE,FLD_ARREST,UNKNOWN,SANTA ROSA,1.8986995208761122,1,-0.4999999999999997,-0.8660254037844388
OTHER,CHICKEN,BLACK,MALE,CONFISCATE,FLD_ARREST,UNKNOWN,SANTA ROSA,1.8986995208761122,1,-0.4999999999999997,-0.8660254037844388
CAT,DOMESTIC SH,GRAY/WHITE,MALE,STRAY,OVER THE COUNTER,UNKNOWN,SANTA ROSA,0.5530458590006845,0,-0.4999999999999997,-0.8660254037844388
CAT,DOMESTIC LH,BLACK/WHITE,MALE,OWNER SURRENDER,OVER THE COUNTER,TREATABLE/REHAB,*ROHNERT PARK,6.945927446954141,0,-0.4999999999999997,-0.8660254037844388
DOG,__RARE_OR_NEW__,TAN,MALE,STRAY,OVER THE COUNTER,UNKNOWN,SANTA ROSA,2.001368925393566,1,-0.4999999999999997,-0.8660254037844388
DOG,__RARE_OR_NEW__,TAN,FEMALE,CONFISCATE,FLD_HOSPTL,UNKNOWN,COUNTY,4.073921971252567,0,-0.4999999999999997,-0.8660254037844388
DOG,FRENCH BULLDOG,__RARE_OR_NEW__,FEMALE,STRAY,OVER THE COUNTER,UNKNOWN,SANTA ROSA,0.8459958932238193,0,-0.4999999999999997,-0.8660254037844388
DOG,SIBERIAN HUSKY,WHITE,FEMALE,STRAY,FLD_STRAY,UNKNOWN,SANTA ROSA,2.001368925393566,1,-0.4999999999999997,-0.8660254037844388
DOG,GREAT PYRENEES/MIX,CREAM/WHITE,FEMALE,STRAY,OVER THE COUNTER,UNKNOWN,SANTA ROSA,0.7008898015058179,0,-0.4999999999999997,-0.8660254037844388
DOG,SIBERIAN HUSKY,GRAY/BLACK,MALE,STRAY,FLD_STRAY,UNKNOWN,SANTA ROSA,8.941820670773442,0,-0.4999999999999997,-0.8660254037844388
DOG,SIBERIAN HUSKY,WHITE,MALE,STRAY,FLD_STRAY,UNKNOWN,SANTA ROSA,3.4140999315537304,0,-0.4999999999999997,-0.8660254037844388
DOG,SIBERIAN HUSKY,WHITE,FEMALE,STRAY,FLD_STRAY,UNKNOWN,SANTA ROSA,1.995893223819302,0,-0.4999999999999997,-0.8660254037844388
DOG,SIBERIAN HUSKY,WHITE,MALE,STRAY,FLD_STRAY,UNKNOWN,SANTA ROSA,0.49828884325804246,0,-0.4999999999999997,-0.8660254037844388
DOG,SIBERIAN HUSKY,WHITE,FEMALE,STRAY,FLD_STRAY,UNKNOWN,SANTA ROSA,5.90280629705681,0,-0.4999999999999997,-0.8660254037844388
DOG,__RARE_OR_NEW__,BROWN/BLACK,MALE,STRAY,FLD_STRAY,UNKNOWN,SANTA ROSA,0.487337440109514,0,-0.4999999999999997,-0.8660254037844388
DOG,PIT BULL,BLACK/WHITE,MALE,CONFISCATE,FLD_ARREST,UNKNOWN,COUNTY,4.386036960985626,0,-0.4999999999999997,-0.8660254037844388
DOG,DACHSHUND,BLACK/BROWN,FEMALE,STRAY,OVER THE COUNTER,UNKNOWN,COUNTY,3.0006844626967832,0,-0.4999999999999997,-0.8660254037844388
DOG,__RARE_OR_NEW__,BR BRINDLE,MALE,QUARANTINE,FIELD,UNKNOWN,COUNTY,1.002053388090349,0,-0.4999999999999997,-0.8660254037844388
DOG,DACHSHUND/MIX,BLACK/TAN,MALE,CONFISCATE,FLD_ARREST,UNKNOWN,COUNTY,2.001368925393566,1,-0.4999999999999997,-0.8660254037844388
DOG,PIT BULL,BLACK,FEMALE,STRAY,FLD_STRAY,UNKNOWN,COUNTY,1.0184804928131417,0,-0.4999999999999997,-0.8660254037844388
CAT,DOMESTIC SH,GRAY TABBY,MALE,STRAY,FLD_STRAY,HEALTHY,SANTA ROSA,0.16700889801505817,0,-0.4999999999999997,-0.8660254037844388
CAT,DOMESTIC SH,BRN TABBY/TORTIE,FEMALE,STRAY,FLD_STRAY,UNKNOWN,SANTA ROSA,0.16700889801505817,0,-0.4999999999999997,-0.8660254037844388
CAT,DOMESTIC SH,__RARE_OR_NEW__,MALE,STRAY,FLD_STRAY,HEALTHY,SANTA ROSA,0.16700889801505817,0,-0.4999999999999997,-0.8660254037844388
CAT,DOMESTIC SH,GRAY,MALE,STRAY,FLD_STRAY,HEALTHY,SANTA ROSA,0.6680355920602327,0,-0.4999999999999997,-0.8660254037844388
CAT,DOMESTIC SH,WHITE/BLACK,FEMALE,STRAY,FLD_STRAY,UNKNOWN,SANTA ROSA,0.49828884325804246,0,-0.4999999999999997,-0.8660254037844388
CAT,DOMESTIC SH,BRN TABBY/TORTIE,FEMALE,STRAY,FLD_STRAY,UNKNOWN,SANTA ROSA,0.16700889801505817,0,-0.4999999999999997,-0.8660254037844388
DOG,SIBERIAN HUSKY,BLACK/WHITE,FEMALE,STRAY,FLD_STRAY,UNKNOWN,SANTA ROSA,2.704996577686516,0,-0.4999999999999997,-0.8660254037844388
OTHER,BAT,BROWN,UNKNOWN,STRAY,OVER THE COUNTER,UNKNOWN,COUNTY,1.8986995208761122,1,-0.4999999999999997,-0.8660254037844388
DOG,__RARE_OR_NEW__,__RARE_OR_NEW__,MALE,CONFISCATE,FLD_ARREST,UNKNOWN,SANTA ROSA,0.9938398357289527,0,-0.4999999999999997,-0.8660254037844388
DOG,PIT BULL,WHITE/BLACK,MALE,STRAY,OVER THE COUNTER,UNKNOWN,SANTA ROSA,3.0006844626967832,0,-0.4999999999999997,-0.8660254037844388
CAT,DOMESTIC MH,BLACK,FEMALE,STRAY,EMAIL,UNKNOWN,COUNTY,0.16700889801505817,0,-0.4999999999999997,-0.8660254037844388
DOG,PUG,__RARE_OR_NEW__,FEMALE,STRAY,OVER THE COUNTER,UNKNOWN,COUNTY,0.49828884325804246,0,-0.4999999999999997,-0.8660254037844388
DOG,PUG,__RARE_OR_NEW__,FEMALE,STRAY,OVER THE COUNTER,UNKNOWN,COUNTY,0.49828884325804246,0,-0.4999999999999997,-0.8660254037844388
DOG,PUG,__RARE_OR_NEW__,MALE,STRAY,OVER THE COUNTER,UNKNOWN,COUNTY,0.49828884325804246,0,-0.4999999999999997,-0.8660254037844388
DOG,BORDER COLLIE,BROWN/WHITE,MALE,CONFISCATE,FLD_CORONR,UNKNOWN,COUNTY,2.001368925393566,1,-0.4999999999999997,-0.8660254037844388
DOG,ALASKAN HUSKY,BLACK/WHITE,MALE,STRAY,FLD_STRAY,UNKNOWN,SANTA ROSA,2.001368925393566,1,-0.4999999999999997,-0.8660254037844388
DOG,BELG MALINOIS/MIX,RED/BLACK,FEMALE,OWNER SURRENDER,FIELD,UNKNOWN,SANTA ROSA,4.484599589322382,0,-0.4999999999999997,-0.8660254037844388
DOG,GERM SHEPHERD,BLACK/TAN,FEMALE,STRAY,FLD_STRAY,UNKNOWN,SANTA ROSA,3.8275154004106775,0,-0.4999999999999997,-0.8660254037844388
DOG,GERM SHEPHERD/MIX,WHITE,FEMALE,STRAY,FLD_STRAY,TREATABLE/MANAGEABLE,SANTA ROSA,3.8165639972621492,0,-0.4999999999999997,-0.8660254037844388
DOG,CHIHUAHUA SH,BLACK,MALE,STRAY,FLD_STRAY,UNKNOWN,SANTA ROSA,5.541409993155373,0,-0.4999999999999997,-0.8660254037844388
DOG,__RARE_OR_NEW__,BROWN/BLACK,FEMALE,STRAY,FLD_STRAY,HEALTHY,SANTA ROSA,1.8562628336755647,0,-0.4999999999999997,-0.8660254037844388
DOG,__RARE_OR_NEW__,BROWN/TAN,MALE,CONFISCATE,FLD_HOSPTL,UNKNOWN,COUNTY,9.653661875427789,0,-0.4999999999999997,-0.8660254037844388
DOG,LABRADOR RETR,BR BRINDLE,FEMALE,STRAY,OVER THE COUNTER,UNKNOWN,COUNTY,0.758384668035592,0,-0.4999999999999997,-0.8660254037844388
DOG,__RARE_OR_NEW__,TRICOLOR,FEMALE,STRAY,OVER THE COUNTER,UNKNOWN,COUNTY,0.758384668035592,0,-0.4999999999999997,-0.8660254037844388
DOG,AUST CATTLE DOG,BROWN/BLACK,FEMALE,STRAY,FLD_STRAY,UNKNOWN,SANTA ROSA,2.001368925393566,1,-0.4999999999999997,-0.8660254037844388
DOG,LABRADOR RETR,WHITE/TAN,MALE,STRAY,OVER THE COUNTER,UNKNOWN,SANTA ROSA,2.001368925393566,1,-0.4999999999999997,-0.8660254037844388
CAT,DOMESTIC SH,TORTIE,FEMALE,STRAY,OVER THE COUNTER,UNKNOWN,SANTA ROSA,4.0,0,-0.4999999999999997,-0.8660254037844388
CAT,DOMESTIC SH,BRN TABBY,FEMALE,STRAY,OVER THE COUNTER,UNKNOWN,SANTA ROSA,0.08487337440109514,0,-0.4999999999999997,-0.8660254037844388
CAT,DOMESTIC SH,TORTIE,FEMALE,STRAY,OVER THE COUNTER,UNKNOWN,SANTA ROSA,0.08487337440109514,0,-0.4999999999999997,-0.8660254037844388
CAT,DOMESTIC SH,ORG TABBY,MALE,STRAY,OVER THE COUNTER,UNKNOWN,SANTA ROSA,0.08487337440109514,0,-0.4999999999999997,-0.8660254037844388
CAT,DOMESTIC SH,ORG TABBY,MALE,STRAY,OVER THE COUNTER,UNKNOWN,SANTA ROSA,0.08487337440109514,0,-0.4999999999999997,-0.8660254037844388
CAT,DOMESTIC SH,ORG TABBY,MALE,STRAY,OVER THE COUNTER,UNKNOWN,SANTA ROSA,0.08487337440109514,0,-0.4999999999999997,-0.8660254037844388
CAT,DOMESTIC SH,ORG TABBY,FEMALE,STRAY,OVER THE COUNTER,UNKNOWN,SANTA ROSA,0.08487337440109514,0,-0.4999999999999997,-0.8660254037844388
DOG,PIT BULL,TAN/WHITE,FEMALE,STRAY,FLD_STRAY,HEALTHY,SANTA ROSA,1.9082819986310746,0,-0.4999999999999997,-0.8660254037844388
OTHER,RABBIT SH,BLACK,MALE,STRAY,OVER THE COUNTER,HEALTHY,SANTA ROSA,1.8234086242299794,0,-0.4999999999999997,-0.8660254037844388
CAT,DOMESTIC SH,BLACK,FEMALE,STRAY,OVER THE COUNTER,HEALTHY,SANTA ROSA,0.08487337440109514,0,-0.4999999999999997,-0.8660254037844388
CAT,DOMESTIC SH,BLACK,MALE,STRAY,OVER THE COUNTER,UNKNOWN,SANTA ROSA,0.08487337440109514,0,-0.4999999999999997,-0.8660254037844388
CAT,DOMESTIC SH,BLACK/WHITE,MALE,STRAY,OVER THE COUNTER,UNKNOWN,SANTA ROSA,0.08487337440109514,0,-0.4999999999999997,-0.8660254037844388
CAT,DOMESTIC SH,GRAY/WHITE,FEMALE,STRAY,OVER THE COUNTER,UNKNOWN,SANTA ROSA,0.16700889801505817,0,-0.4999999999999997,-0.8660254037844388
CAT,DOMESTIC MH,GRAY/WHITE,UNKNOWN,STRAY,FLD_STRAY,UNKNOWN,COUNTY,0.2518822724161533,1,-0.4999999999999997,-0.8660254037844388
CAT,DOMESTIC SH,BRN TABBY,FEMALE,STRAY,OVER THE COUNTER,HEALTHY,SANTA ROSA,2.001368925393566,0,-0.4999999999999997,-0.8660254037844388
DOG,__RARE_OR_NEW__,BLACK/WHITE,FEMALE,STRAY,FIELD,UNKNOWN,SANTA ROSA,4.0,0,-0.4999999999999997,-0.8660254037844388
DOG,PIT BULL/MIX,WHITE/TAN,FEMALE,STRAY,FIELD,UNKNOWN,COUNTY,3.0006844626967832,0,-0.4999999999999997,-0.8660254037844388
DOG,__RARE_OR_NEW__,BLACK,FEMALE,OWNER SURRENDER,OVER THE COUNTER,UNKNOWN,HEALDSBURG,1.730321697467488,0,-0.4999999999999997,-0.8660254037844388
DOG,LABRADOR RETR/PIT BULL,BLACK,MALE,ADOPTION RETURN,OVER THE COUNTER,UNKNOWN,SANTA ROSA,0.4407939767282683,0,-0.4999999999999997,-0.8660254037844388
DOG,__RARE_OR_NEW__,BLACK,MALE,STRAY,FLD_STRAY,UNKNOWN,SANTA ROSA,0.4188911704312115,0,-0.4999999999999997,-0.8660254037844388
DOG,__RARE_OR_NEW__,BLACK,FEMALE,STRAY,FLD_STRAY,UNKNOWN,SANTA ROSA,0.4188911704312115,0,-0.4999999999999997,-0.8660254037844388
DOG,__RARE_OR_NEW__,BLACK/WHITE,MALE,STRAY,FLD_STRAY,UNKNOWN,SANTA ROSA,0.4188911704312115,0,-0.4999999999999997,-0.8660254037844388
DOG,__RARE_OR_NEW__,BLACK/WHITE,FEMALE,STRAY,FLD_STRAY,UNKNOWN,SANTA ROSA,0.4188911704312115,0,-0.4999999999999997,-0.8660254037844388
CAT,DOMESTIC SH,ORG TABBY,UNKNOWN,STRAY,OVER THE COUNTER,UNKNOWN,SANTA ROSA,0.2518822724161533,1,-0.4999999999999997,-0.8660254037844388
CAT,DOMESTIC SH,__RARE_OR_NEW__,UNKNOWN,STRAY,OVER THE COUNTER,UNKNOWN,SANTA ROSA,0.33401779603011633,0,-0.4999999999999997,-0.8660254037844388
CAT,DOMESTIC MH,ORANGE/WHITE,MALE,STRAY,FLD_STRAY,UNKNOWN,COUNTY,0.2518822724161533,1,-0.4999999999999997,-0.8660254037844388
DOG,SIBERIAN HUSKY/MIX,TRICOLOR,FEMALE,STRAY,FLD_STRAY,UNKNOWN,COUNTY,2.9979466119096507,0,-0.4999999999999997,-0.8660254037844388
DOG,__RARE_OR_NEW__,WHITE/BLACK,FEMALE,STRAY,FLD_STRAY,UNKNOWN,COUNTY,2.001368925393566,1,-0.4999999999999997,-0.8660254037844388
OTHER,BAT,BLACK,UNKNOWN,STRAY,OVER THE COUNTER,UNKNOWN,COUNTY,1.8986995208761122,1,-0.4999999999999997,-0.8660254037844388
DOG,FRENCH BULLDOG,BR BRINDLE/WHITE,FEMALE,STRAY,OVER THE COUNTER,UNKNOWN,SANTA ROSA,7.000684462696783,0,-0.4999999999999997,-0.8660254037844388
DOG,__RARE_OR_NEW__,BR BRINDLE/WHITE,MALE,STRAY,FIELD,HEALTHY,COUNTY,1.2046543463381245,0,-0.8660254037844385,-0.5000000000000004
DOG,PIT BULL/MIX,BLACK/WHITE,FEMALE,STRAY,OVER THE COUNTER,UNKNOWN,SANTA ROSA,0.5037645448323066,0,-0.8660254037844385,-0.5000000000000004
CAT,DOMESTIC SH,WHITE,MALE,STRAY,OVER THE COUNTER,HEALTHY,SANTA ROSA,0.08487337440109514,0,-0.8660254037844385,-0.5000000000000004
CAT,DOMESTIC SH,__RARE_OR_NEW__,MALE,STRAY,OVER THE COUNTER,HEALTHY,SANTA ROSA,0.057494866529774126,0,-0.8660254037844385,-0.5000000000000004
CAT,DOMESTIC SH,__RARE_OR_NEW__,FEMALE,STRAY,OVER THE COUNTER,HEALTHY,SANTA ROSA,0.08487337440109514,0,-0.8660254037844385,-0.5000000000000004
CAT,DOMESTIC SH,__RARE_OR_NEW__,FEMALE,STRAY,OVER THE COUNTER,HEALTHY,SANTA ROSA,0.08487337440109514,0,-0.8660254037844385,-0.5000000000000004
CAT,DOMESTIC SH,__RARE_OR_NEW__,FEMALE,STRAY,OVER THE COUNTER,HEALTHY,SANTA ROSA,0.08487337440109514,0,-0.8660254037844385,-0.5000000000000004
DOG,DACHSHUND/MIX,BR BRINDLE,MALE,STRAY,FLD_STRAY,UNKNOWN,SANTA ROSA,1.998631074606434,0,-0.8660254037844385,-0.5000000000000004
CAT,DOMESTIC SH,GRAY TABBY,FEMALE,STRAY,OVER THE COUNTER,UNKNOWN,SANTA ROSA,1.9000684462696784,0,-0.8660254037844385,-0.5000000000000004
DOG,__RARE_OR_NEW__,BLACK,FEMALE,STRAY,OVER THE COUNTER,UNKNOWN,COUNTY,0.5037645448323066,0,-0.8660254037844385,-0.5000000000000004
DOG,__RARE_OR_NEW__,BLACK,FEMALE,STRAY,OVER THE COUNTER,UNKNOWN,COUNTY,0.5037645448323066,0,-0.8660254037844385,-0.5000000000000004
CAT,DOMESTIC SH,GRAY/WHITE,MALE,STRAY,FLD_STRAY,UNKNOWN,SANTA ROSA,0.2518822724161533,1,-0.8660254037844385,-0.5000000000000004
DOG,GERM SHEPHERD/MIX,BLACK/TAN,MALE,STRAY,FIELD,HEALTHY,SANTA ROSA,2.001368925393566,1,-0.8660254037844385,-0.5000000000000004
DOG,PIT BULL/MIX,TAN,FEMALE,STRAY,FLD_STRAY,UNKNOWN,SANTA ROSA,2.001368925393566,1,-0.8660254037844385,-0.5000000000000004
CAT,DOMESTIC SH,GRAY/WHITE,FEMALE,STRAY,EMAIL,UNKNOWN,SANTA ROSA,0.2518822724161533,1,-0.8660254037844385,-0.5000000000000004
CAT,DOMESTIC SH,WHITE/GRAY,UNKNOWN,STRAY,EMAIL,UNKNOWN,SANTA ROSA,0.2518822724161533,1,-0.8660254037844385,-0.5000000000000004
OTHER,CHICKEN,RED/BLACK,MALE,STRAY,FLD_STRAY,UNKNOWN,SANTA ROSA,1.8986995208761122,1,-0.8660254037844385,-0.5000000000000004
OTHER,CHICKEN,RED/BLACK,MALE,STRAY,FLD_STRAY,UNKNOWN,SANTA ROSA,1.8986995208761122,1,-0.8660254037844385,-0.5000000000000004
OTHER,CHICKEN,RED/BLACK,MALE,STRAY,FLD_STRAY,UNKNOWN,SANTA ROSA,1.8986995208761122,1,-0.8660254037844385,-0.5000000000000004
OTHER,CHICKEN,RED/BLACK,MALE,STRAY,FLD_STRAY,UNKNOWN,SANTA ROSA,1.8986995208761122,1,-0.8660254037844385,-0.5000000000000004
OTHER,CHICKEN,WHITE/BLACK,MALE,STRAY,FLD_STRAY,UNKNOWN,SANTA ROSA,1.8986995208761122,1,-0.8660254037844385,-0.5000000000000004
OTHER,CHICKEN,WHITE,FEMALE,STRAY,FLD_STRAY,UNKNOWN,SANTA ROSA,1.8986995208761122,1,-0.8660254037844385,-0.5000000000000004
DOG,PIT BULL,BR BRINDLE/WHITE,MALE,STRAY,FLD_STRAY,UNKNOWN,COUNTY,2.001368925393566,0,-0.8660254037844385,-0.5000000000000004
CAT,DOMESTIC SH,BLACK/WHITE,MALE,CONFISCATE,FLD_HOSPTL,UNKNOWN,SANTA ROSA,6.0013689253935665,0,-0.8660254037844385,-0.5000000000000004
CAT,DOMESTIC SH,BRN TABBY,FEMALE,CONFISCATE,FLD_HOSPTL,UNKNOWN,SANTA ROSA,5.9958932238193015,0,-0.8660254037844385,-0.5000000000000004
DOG,FRENCH BULLDOG,CHOCOLATE,MALE,STRAY,OVER THE COUNTER,UNKNOWN,COUNTY,2.5598904859685145,0,-0.8660254037844385,-0.5000000000000004
OTHER,__RARE_OR_NEW__,BLACK,MALE,STRAY,OVER THE COUNTER,HEALTHY,SANTA ROSA,1.8986995208761122,1,-0.8660254037844385,-0.5000000000000004
DOG,POMERANIAN,BLACK,MALE,STRAY,FLD_STRAY,UNKNOWN,SANTA ROSA,13.957563312799453,0,-0.8660254037844385,-0.5000000000000004
DOG,__RARE_OR_NEW__,BLACK/WHITE,MALE,STRAY,FLD_STRAY,UNKNOWN,SANTA ROSA,8.728268309377139,0,-0.8660254037844385,-0.5000000000000004
OTHER,GOAT,BROWN/BLACK,FEMALE,STRAY,FLD_STRAY,UNKNOWN,SANTA ROSA,0.4353182751540041,0,-0.8660254037844385,-0.5000000000000004
DOG,GERM SHEPHERD,BROWN/BLACK,MALE,STRAY,OVER THE COUNTER,UNKNOWN,SANTA ROSA,4.0,0,-0.8660254037844385,-0.5000000000000004
DOG,__RARE_OR_NEW__,RED/BLACK,MALE,STRAY,OVER THE COUNTER,UNKNOWN,SANTA ROSA,0.2874743326488706,0,-0.8660254037844385,-0.5000000000000004
DOG,__RARE_OR_NEW__,BLACK/RED,MALE,STRAY,OVER THE COUNTER,UNKNOWN,SANTA ROSA,0.2874743326488706,0,-0.8660254037844385,-0.5000000000000004
DOG,__RARE_OR_NEW__,RED,MALE,STRAY,OVER THE COUNTER,UNKNOWN,SANTA ROSA,0.2874743326488706,0,-0.8660254037844385,-0.5000000000000004
DOG,__RARE_OR_NEW__,BLACK/TAN,MALE,STRAY,OVER THE COUNTER,UNKNOWN,SANTA ROSA,0.2874743326488706,0,-0.8660254037844385,-0.5000000000000004
DOG,__RARE_OR_NEW__,RED/BLACK,MALE,STRAY,OVER THE COUNTER,UNKNOWN,SANTA ROSA,0.2874743326488706,0,-0.8660254037844385,-0.5000000000000004
CAT,DOMESTIC SH,BRN TABBY/WHITE,MALE,CONFISCATE,FLD_HOSPTL,HEALTHY,SANTA ROSA,9.00205338809035,0,-0.8660254037844385,-0.5000000000000004
DOG,FRENCH BULLDOG,FAWN,MALE,OWNER SURRENDER,FIELD,UNKNOWN,*SONOMA,2.001368925393566,0,-0.8660254037844385,-0.5000000000000004
CAT,DOMESTIC SH,GRAY TABBY,FEMALE,STRAY,OVER THE COUNTER,HEALTHY,SANTA ROSA,1.374401095140315,0,-0.8660254037844385,-0.5000000000000004
DOG,DOBERMAN PINSCH,BLACK/BROWN,MALE,OWNER SURRENDER,FIELD,UNKNOWN,COUNTY,1.9794661190965093,0,-0.8660254037844385,-0.5000000000000004
DOG,__RARE_OR_NEW__,BLACK/WHITE,MALE,STRAY,OVER THE COUNTER,UNKNOWN,COUNTY,2.732375085557837,0,-0.8660254037844385,-0.5000000000000004
DOG,__RARE_OR_NEW__,TRICOLOR,MALE,CONFISCATE,FLD_ARREST,UNKNOWN,SANTA ROSA,1.5578370978781657,0,-0.8660254037844385,-0.5000000000000004
CAT,DOMESTIC SH,BRN TABBY,FEMALE,OWNER SURRENDER,OVER THE COUNTER,HEALTHY,SANTA ROSA,0.1998631074606434,0,-0.8660254037844385,-0.5000000000000004
CAT,DOMESTIC SH,BRN TABBY,FEMALE,OWNER SURRENDER,OVER THE COUNTER,HEALTHY,SANTA ROSA,0.1998631074606434,0,-0.8660254037844385,-0.5000000000000004
CAT,DOMESTIC SH,__RARE_OR_NEW__,MALE,OWNER SURRENDER,OVER THE COUNTER,HEALTHY,SANTA ROSA,0.1697467488021903,0,-0.8660254037844385,-0.5000000000000004
CAT,DOMESTIC SH,LYNX PT,FEMALE,OWNER SURRENDER,OVER THE COUNTER,HEALTHY,SANTA ROSA,0.1998631074606434,0,-0.8660254037844385,-0.5000000000000004
CAT,DOMESTIC SH,LYNX PT,FEMALE,OWNER SURRENDER,OVER THE COUNTER,HEALTHY,SANTA ROSA,0.1998631074606434,0,-0.8660254037844385,-0.5000000000000004
CAT,DOMESTIC SH,LYNX PT,FEMALE,OWNER SURRENDER,OVER THE COUNTER,HEALTHY,SANTA ROSA,0.1998631074606434,0,-0.8660254037844385,-0.5000000000000004
CAT,DOMESTIC SH,LYNX PT,FEMALE,OWNER SURRENDER,OVER THE COUNTER,HEALTHY,SANTA ROSA,0.1998631074606434,0,-0.8660254037844385,-0.5000000000000004
CAT,DOMESTIC SH,LYNX PT,FEMALE,OWNER SURRENDER,OVER THE COUNTER,HEALTHY,SANTA ROSA,0.1998631074606434,0,-0.8660254037844385,-0.5000000000000004
CAT,DOMESTIC SH,LYNX PT,MALE,OWNER SURRENDER,OVER THE COUNTER,HEALTHY,SANTA ROSA,0.1697467488021903,0,-0.8660254037844385,-0.5000000000000004
OTHER,BAT,BROWN,UNKNOWN,QUARANTINE,FIELD,UNKNOWN,COUNTY,1.8986995208761122,1,-0.8660254037844385,-0.5000000000000004
OTHER,CHICKEN,BLACK,UNKNOWN,CONFISCATE,FLD_INVEST,UNKNOWN,SANTA ROSA,1.8986995208761122,1,-0.8660254037844385,-0.5000000000000004
OTHER,CHICKEN,BLACK/BROWN,MALE,CONFISCATE,FLD_INVEST,UNKNOWN,SANTA ROSA,1.8986995208761122,1,-0.8660254037844385,-0.5000000000000004
OTHER,CHICKEN,WHITE,UNKNOWN,CONFISCATE,FLD_INVEST,UNKNOWN,SANTA ROSA,1.8986995208761122,1,-0.8660254037844385,-0.5000000000000004
OTHER,CHICKEN,WHITE/BROWN,UNKNOWN,CONFISCATE,FLD_INVEST,UNKNOWN,SANTA ROSA,1.8986995208761122,1,-0.8660254037844385,-0.5000000000000004
OTHER,CHICKEN,BROWN/WHITE,UNKNOWN,CONFISCATE,FLD_INVEST,UNKNOWN,SANTA ROSA,1.8986995208761122,1,-0.8660254037844385,-0.5000000000000004
OTHER,CHICKEN,BROWN,UNKNOWN,CONFISCATE,FLD_INVEST,UNKNOWN,SANTA ROSA,1.8986995208761122,1,-0.8660254037844385,-0.5000000000000004
DOG,LABRADOR RETR,BLACK,MALE,STRAY,FLD_STRAY,UNKNOWN,SANTA ROSA,0.11498973305954825,0,-0.8660254037844385,-0.5000000000000004
DOG,LABRADOR RETR/MIX,BLACK,FEMALE,STRAY,FLD_STRAY,UNKNOWN,SANTA ROSA,0.11498973305954825,0,-0.8660254037844385,-0.5000000000000004
DOG,LABRADOR RETR,BROWN,FEMALE,STRAY,FLD_STRAY,UNKNOWN,SANTA ROSA,0.11498973305954825,0,-0.8660254037844385,-0.5000000000000004
DOG,LABRADOR RETR/MIX,GRAY/WHITE,MALE,STRAY,FLD_STRAY,UNKNOWN,SANTA ROSA,0.11498973305954825,0,-0.8660254037844385,-0.5000000000000004
DOG,__RARE_OR_NEW__,BLACK/WHITE,MALE,STRAY,FLD_STRAY,UNKNOWN,*SONOMA,0.6844626967830253,0,-0.8660254037844385,-0.5000000000000004
OTHER,__RARE_OR_NEW__,__RARE_OR_NEW__,MALE,STRAY,FLD_STRAY,UNKNOWN,SANTA ROSA,1.9767282683093772,0,-0.8660254037844385,-0.5000000000000004
DOG,GERM SHEPHERD,BLACK/BROWN,FEMALE,STRAY,FLD_STRAY,UNKNOWN,SANTA ROSA,1.894592744695414,0,-0.8660254037844385,-0.5000000000000004
CAT,SIAMESE,__RARE_OR_NEW__,FEMALE,STRAY,FLD_STRAY,UNKNOWN,SANTA ROSA,0.8788501026694046,0,-0.8660254037844385,-0.5000000000000004
CAT,DOMESTIC SH,TORTIE,FEMALE,STRAY,FLD_STRAY,HEALTHY,SANTA ROSA,1.5058179329226558,0,-0.8660254037844385,-0.5000000000000004
DOG,__RARE_OR_NEW__,BLACK,FEMALE,STRAY,FIELD,UNKNOWN,SANTA ROSA,0.33675564681724846,0,-0.8660254037844385,-0.5000000000000004
DOG,PARSON RUSS TER/MIX,WHITE,MALE,STRAY,FLD_STRAY,UNKNOWN,SANTA ROSA,2.5023956194387407,0,-0.8660254037844385,-0.5000000000000004
DOG,GERM SHEPHERD,TAN/BLACK,MALE,STRAY,FLD_STRAY,UNKNOWN,SANTA ROSA,2.433949349760438,0,-0.8660254037844385,-0.5000000000000004
DOG,ENG BULLDOG,GRAY/WHITE,FEMALE,STRAY,FLD_STRAY,UNKNOWN,COUNTY,2.948665297741273,0,-0.8660254037844385,-0.5000000000000004
CAT,DOMESTIC SH,GRAY/WHITE,FEMALE,ADOPTION RETURN,OVER THE COUNTER,UNKNOWN,SANTA ROSA,2.116358658453114,0,-0.8660254037844385,-0.5000000000000004
DOG,__RARE_OR_NEW__,TAN,FEMALE,STRAY,FIELD,UNKNOWN,COUNTY,2.001368925393566,1,-0.8660254037844385,-0.5000000000000004
CAT,DOMESTIC SH,GRAY,FEMALE,STRAY,OVER THE COUNTER,HEALTHY,SANTA ROSA,0.1943874058863792,0,-0.8660254037844385,-0.5000000000000004
CAT,DOMESTIC SH,GRAY TABBY,MALE,STRAY,OVER THE COUNTER,HEALTHY,SANTA ROSA,0.36960985626283366,0,-0.8660254037844385,-0.5000000000000004
CAT,DOMESTIC SH,GRAY TABBY,MALE,STRAY,OVER THE COUNTER,HEALTHY,SANTA ROSA,0.36960985626283366,0,-0.8660254037844385,-0.5000000000000004
CAT,DOMESTIC SH,GRAY TABBY,FEMALE,STRAY,OVER THE COUNTER,HEALTHY,SANTA ROSA,1.8617385352498288,0,-0.8660254037844385,-0.5000000000000004
CAT,DOMESTIC MH,GRAY TABBY,MALE,STRAY,OVER THE COUNTER,HEALTHY,SANTA ROSA,0.12594113620807665,0,-0.8660254037844385,-0.5000000000000004
CAT,DOMESTIC MH,GRAY TABBY,MALE,STRAY,OVER THE COUNTER,HEALTHY,SANTA ROSA,0.12594113620807665,0,-0.8660254037844385,-0.5000000000000004
CAT,DOMESTIC SH,GRAY TABBY,FEMALE,STRAY,OVER THE COUNTER,HEALTHY,SANTA ROSA,0.216290212183436,0,-0.8660254037844385,-0.5000000000000004
CAT,DOMESTIC SH,GRAY TABBY,MALE,STRAY,OVER THE COUNTER,HEALTHY,SANTA ROSA,0.12594113620807665,0,-0.8660254037844385,-0.5000000000000004
CAT,DOMESTIC SH,GRAY TABBY,MALE,STRAY,OVER THE COUNTER,HEALTHY,SANTA ROSA,0.12594113620807665,0,-0.8660254037844385,-0.5000000000000004
CAT,DOMESTIC MH,GRAY TABBY,MALE,STRAY,OVER THE COUNTER,HEALTHY,SANTA ROSA,0.12594113620807665,0,-0.8660254037844385,-0.5000000000000004
CAT,DOMESTIC SH,BRN TABBY,FEMALE,STRAY,OVER THE COUNTER,HEALTHY,SANTA ROSA,0.216290212183436,0,-0.8660254037844385,-0.5000000000000004
OTHER,__RARE_OR_NEW__,WHITE,FEMALE,STRAY,OVER THE COUNTER,HEALTHY,SANTA ROSA,2.724161533196441,0,-0.8660254037844385,-0.5000000000000004
OTHER,RABBIT SH,__RARE_OR_NEW__,FEMALE,STRAY,OVER THE COUNTER,UNKNOWN,SANTA ROSA,1.8986995208761122,1,-0.8660254037844385,-0.5000000000000004
CAT,DOMESTIC SH,BRN TABBY/WHITE,MALE,STRAY,OVER THE COUNTER,UNKNOWN,SANTA ROSA,0.2518822724161533,1,-0.8660254037844385,-0.5000000000000004
OTHER,CHICKEN,RED,UNKNOWN,STRAY,FLD_STRAY,UNKNOWN,SANTA ROSA,1.8986995208761122,1,-0.8660254037844385,-0.5000000000000004
OTHER,__RARE_OR_NEW__,RED,UNKNOWN,STRAY,FLD_STRAY,UNKNOWN,SANTA ROSA,1.8986995208761122,1,-0.8660254037844385,-0.5000000000000004
CAT,DOMESTIC SH,BLACK,MALE,STRAY,OVER THE COUNTER,UNKNOWN,SANTA ROSA,0.2518822724161533,1,-0.8660254037844385,-0.5000000000000004
CAT,DOMESTIC SH,BLK TABBY,MALE,STRAY,OVER THE COUNTER,UNKNOWN,SANTA ROSA,0.2518822724161533,1,-0.8660254037844385,-0.5000000000000004
DOG,CHIHUAHUA SH,TAN,FEMALE,STRAY,FIELD,UNKNOWN,SANTA ROSA,2.001368925393566,1,-0.8660254037844385,-0.5000000000000004
CAT,DOMESTIC SH,BLACK/WHITE,MALE,STRAY,OVER THE COUNTER,HEALTHY,SANTA ROSA,4.0,0,-0.8660254037844385,-0.5000000000000004
CAT,DOMESTIC SH,BRN TABBY,MALE,STRAY,FIELD,HEALTHY,SANTA ROSA,0.08487337440109514,0,-0.8660254037844385,-0.5000000000000004
CAT,DOMESTIC SH,BRN TABBY,FEMALE,STRAY,FIELD,HEALTHY,SANTA ROSA,0.08487337440109514,0,-0.8660254037844385,-0.5000000000000004
CAT,DOMESTIC SH,BLK TABBY,MALE,STRAY,FIELD,HEALTHY,SANTA ROSA,0.08487337440109514,0,-0.8660254037844385,-0.5000000000000004
CAT,DOMESTIC SH,BLACK,MALE,STRAY,FIELD,HEALTHY,SANTA ROSA,0.08487337440109514,0,-0.8660254037844385,-0.5000000000000004
CAT,DOMESTIC LH,BLACK,FEMALE,STRAY,FIELD,HEALTHY,SANTA ROSA,0.07665982203969883,0,-0.8660254037844385,-0.5000000000000004
DOG,PARSON RUSS TER/MIX,WHITE,MALE,STRAY,FIELD,UNKNOWN,SANTA ROSA,1.8480492813141685,0,-0.8660254037844385,-0.5000000000000004
CAT,DOMESTIC SH,GRAY TABBY,MALE,STRAY,OVER THE COUNTER,UNKNOWN,SANTA ROSA,0.2518822724161533,1,-0.8660254037844385,-0.5000000000000004
CAT,DOMESTIC SH,GRAY TABBY,FEMALE,STRAY,OVER THE COUNTER,UNKNOWN,SANTA ROSA,0.2518822724161533,1,-0.8660254037844385,-0.5000000000000004
CAT,DOMESTIC SH,ORG TABBY/WHITE,MALE,STRAY,OVER THE COUNTER,UNKNOWN,SANTA ROSA,0.06023271731690623,0,-0.8660254037844385,-0.5000000000000004
CAT,DOMESTIC SH,BRN TABBY,MALE,STRAY,EMAIL,UNKNOWN,SANTA ROSA,0.13415468856947296,0,-0.8660254037844385,-0.5000000000000004
DOG,SIBERIAN HUSKY,WHITE,FEMALE,STRAY,FIELD,HEALTHY,COUNTY,3.0006844626967832,0,-0.8660254037844385,-0.5000000000000004
DOG,POODLE MIN,WHITE,MALE,STRAY,OVER THE COUNTER,UNKNOWN,SANTA ROSA,4.0,0,-0.8660254037844385,-0.5000000000000004
DOG,__RARE_OR_NEW__,CREAM,MALE,STRAY,FLD_STRAY,UNKNOWN,SANTA ROSA,2.9979466119096507,0,-0.8660254037844385,-0.5000000000000004
DOG,__RARE_OR_NEW__,GOLD,FEMALE,OWNER SURRENDER,OVER THE COUNTER,UNKNOWN,*ROHNERT PARK,0.8596851471594799,0,-0.8660254037844385,-0.5000000000000004
CAT,DOMESTIC SH,ORG TABBY,MALE,STRAY,EMAIL,UNKNOWN,SANTA ROSA,0.5037645448323066,0,-0.8660254037844385,-0.5000000000000004
CAT,DOMESTIC SH,GRAY TABBY,FEMALE,STRAY,FLD_STRAY,HEALTHY,SANTA ROSA,2.001368925393566,0,-0.8660254037844385,-0.5000000000000004
CAT,DOMESTIC SH,BRN TABBY,MALE,STRAY,OVER THE COUNTER,UNKNOWN,SANTA ROSA,0.2108145106091718,0,-0.8660254037844385,-0.5000000000000004
CAT,DOMESTIC SH,BLACK/GRAY,FEMALE,STRAY,OVER THE COUNTER,UNKNOWN,SANTA ROSA,0.2108145106091718,0,-0.8660254037844385,-0.5000000000000004
CAT,DOMESTIC SH,BLACK/GRAY,FEMALE,STRAY,OVER THE COUNTER,UNKNOWN,SANTA ROSA,0.2108145106091718,0,-0.8660254037844385,-0.5000000000000004
DOG,GREAT PYRENEES,WHITE/TAN,MALE,STRAY,FIELD,UNKNOWN,COUNTY,2.001368925393566,1,-0.8660254037844385,-0.5000000000000004
DOG,GREAT PYRENEES,WHITE/TAN,MALE,STRAY,FIELD,UNKNOWN,COUNTY,2.001368925393566,1,-0.8660254037844385,-0.5000000000000004
DOG,SIBERIAN HUSKY/MIX,WHITE,MALE,STRAY,OVER THE COUNTER,HEALTHY,COUNTY,1.374401095140315,0,-0.8660254037844385,-0.5000000000000004
DOG,PIT BULL,BLACK,MALE,STRAY,FLD_STRAY,UNKNOWN,SANTA ROSA,7.997262149212868,0,-0.8660254037844385,-0.5000000000000004
DOG,LABRADOR RETR/MIX,BLACK,FEMALE,STRAY,OVER THE COUNTER,UNKNOWN,SANTA ROSA,1.002053388090349,0,-0.8660254037844385,-0.5000000000000004
DOG,CHIHUAHUA SH,BLACK/TAN,FEMALE,CONFISCATE,FLD_HOSPTL,UNKNOWN,SANTA ROSA,5.987679671457905,0,-0.8660254037844385,-0.5000000000000004
DOG,__RARE_OR_NEW__,CREAM,MALE,STRAY,OVER THE COUNTER,UNKNOWN,SANTA ROSA,2.001368925393566,0,-0.8660254037844385,-0.5000000000000004
DOG,LABRADOR RETR/PIT BULL,BROWN/WHITE,MALE,STRAY,FLD_STRAY,UNKNOWN,COUNTY,3.696098562628337,0,-0.8660254037844385,-0.5000000000000004
DOG,LABRADOR RETR/MIX,WHITE,MALE,STRAY,OVER THE COUNTER,UNKNOWN,SANTA ROSA,3.912388774811773,0,-0.8660254037844385,-0.5000000000000004
CAT,DOMESTIC SH,__RARE_OR_NEW__,FEMALE,STRAY,OVER THE COUNTER,HEALTHY,SANTA ROSA,3.0006844626967832,0,-0.8660254037844385,-0.5000000000000004
DOG,PIT BULL/MIX,TAN/WHITE,MALE,CONFISCATE,FLD_HOSPTL,UNKNOWN,COUNTY,3.2032854209445585,0,-0.8660254037844385,-0.5000000000000004
DOG,__RARE_OR_NEW__,WHITE/BROWN,FEMALE,STRAY,FLD_STRAY,UNKNOWN,SANTA ROSA,13.995893223819301,0,-0.8660254037844385,-0.5000000000000004
DOG,CHIHUAHUA LH/MIX,BROWN,MALE,STRAY,FLD_STRAY,UNKNOWN,SANTA ROSA,9.957563312799453,0,-0.8660254037844385,-0.5000000000000004
DOG,__RARE_OR_NEW__,BR BRINDLE/WHITE,MALE,QUARANTINE,FIELD,UNKNOWN,SANTA ROSA,1.5058179329226558,0,-0.8660254037844385,-0.5000000000000004
DOG,DACHSHUND,BLACK/TAN,MALE,CONFISCATE,FLD_ARREST,UNKNOWN,COUNTY,0.8761122518822724,0,-0.8660254037844385,-0.5000000000000004
OTHER,CHICKEN,BLACK,MALE,STRAY,FLD_STRAY,UNKNOWN,SANTA ROSA,1.8986995208761122,1,-0.8660254037844385,-0.5000000000000004
DOG,BORDER COLLIE/MIX,BLACK/WHITE,FEMALE,STRAY,FLD_STRAY,HEALTHY,COUNTY,3.9315537303216974,0,-0.8660254037844385,-0.5000000000000004
DOG,PUG,CREAM,MALE,STRAY,FLD_STRAY,UNKNOWN,COUNTY,2.9979466119096507,0,-0.8660254037844385,-0.5000000000000004
DOG,__RARE_OR_NEW__,BR BRINDLE,FEMALE,STRAY,FLD_STRAY,UNKNOWN,COUNTY,1.8069815195071868,0,-0.8660254037844385,-0.5000000000000004
DOG,SIBERIAN HUSKY,WHITE,MALE,STRAY,FLD_STRAY,UNKNOWN,COUNTY,1.9603011635865846,0,-0.8660254037844385,-0.5000000000000004
OTHER,BAT,BROWN,UNKNOWN,QUARANTINE,FIELD,UNKNOWN,SANTA ROSA,1.8986995208761122,1,-0.8660254037844385,-0.5000000000000004
CAT,DOMESTIC SH,BRN TABBY/TORTIE,FEMALE,STRAY,OVER THE COUNTER,HEALTHY,SANTA ROSA,1.9630390143737166,0,-0.8660254037844385,-0.5000000000000004
DOG,PIT BULL,GRAY/WHITE,FEMALE,STRAY,FLD_STRAY,UNKNOWN,SANTA ROSA,2.001368925393566,1,-0.8660254037844385,-0.5000000000000004
CAT,DOMESTIC SH,GRAY TABBY,UNKNOWN,STRAY,FLD_STRAY,UNKNOWN,SANTA ROSA,0.2518822724161533,1,-0.8660254037844385,-0.5000000000000004
CAT,DOMESTIC SH,GRAY,UNKNOWN,STRAY,FLD_STRAY,UNKNOWN,SANTA ROSA,0.2518822724161533,1,-0.8660254037844385,-0.5000000000000004
CAT,DOMESTIC SH,GRAY TABBY,UNKNOWN,STRAY,FLD_STRAY,UNKNOWN,SANTA ROSA,0.2518822724161533,1,-0.8660254037844385,-0.5000000000000004
CAT,DOMESTIC SH,GRAY,UNKNOWN,STRAY,FLD_STRAY,UNKNOWN,SANTA ROSA,0.2518822724161533,1,-0.8660254037844385,-0.5000000000000004
CAT,DOMESTIC SH,BLACK/WHITE,MALE,STRAY,FLD_STRAY,UNKNOWN,SANTA ROSA,0.2518822724161533,1,-0.8660254037844385,-0.5000000000000004
DOG,LABRADOR RETR,BLACK,UNKNOWN,STRAY,FLD_STRAY,UNKNOWN,SANTA ROSA,2.001368925393566,1,-0.8660254037844385,-0.5000000000000004
CAT,DOMESTIC SH,CALICO,FEMALE,STRAY,FLD_STRAY,UNKNOWN,SANTA ROSA,0.2546201232032854,0,-0.8660254037844385,-0.5000000000000004
CAT,DOMESTIC MH,GRAY,MALE,STRAY,OVER THE COUNTER,HEALTHY,SANTA ROSA,4.0,0,-0.8660254037844385,-0.5000000000000004
DOG,__RARE_OR_NEW__,BLACK/WHITE,FEMALE,OWNER SURRENDER,OVER THE COUNTER,HEALTHY,SANTA ROSA,5.519507186858316,0,-0.8660254037844385,-0.5000000000000004
DOG,GERM SHEPHERD,BROWN,FEMALE,STRAY,OVER THE COUNTER,HEALTHY,SANTA ROSA,0.8295687885010267,0,-0.8660254037844385,-0.5000000000000004
DOG,GREAT PYRENEES,WHITE,FEMALE,STRAY,FLD_STRAY,UNKNOWN,COUNTY,0.9637234770704997,0,-0.8660254037844385,-0.5000000000000004
DOG,GREAT PYRENEES,WHITE,FEMALE,STRAY,FLD_STRAY,UNKNOWN,COUNTY,0.9637234770704997,0,-0.8660254037844385,-0.5000000000000004
CAT,DOMESTIC SH,ORG TABBY,MALE,STRAY,OVER THE COUNTER,UNKNOWN,SANTA ROSA,0.2737850787132101,0,-0.8660254037844385,-0.5000000000000004
DOG,PIT BULL/MIX,RED/WHITE,MALE,STRAY,FLD_STRAY,UNKNOWN,COUNTY,3.0006844626967832,0,-0.8660254037844385,-0.5000000000000004
CAT,DOMESTIC MH,BUFF/WHITE,MALE,STRAY,EMAIL,UNKNOWN,SANTA ROSA,0.2518822724161533,1,-0.8660254037844385,-0.5000000000000004
CAT,DOMESTIC SH,TORTIE,FEMALE,BORN HERE,MOM STRAY,UNKNOWN,SANTA ROSA,0.0,0,-0.8660254037844385,-0.5000000000000004
CAT,DOMESTIC SH,TORTIE,FEMALE,BORN HERE,MOM STRAY,UNKNOWN,SANTA ROSA,0.0,0,-0.8660254037844385,-0.5000000000000004
CAT,DOMESTIC SH,BLACK,UNKNOWN,BORN HERE,MOM STRAY,UNKNOWN,SANTA ROSA,0.0,0,-0.8660254037844385,-0.5000000000000004
CAT,DOMESTIC SH,ORG TABBY,UNKNOWN,BORN HERE,MOM STRAY,UNKNOWN,SANTA ROSA,0.0,0,-0.8660254037844385,-0.5000000000000004
CAT,DOMESTIC SH,ORG TABBY,UNKNOWN,BORN HERE,MOM STRAY,UNKNOWN,SANTA ROSA,0.0,0,-0.8660254037844385,-0.5000000000000004
DOG,PIT BULL,BR BRINDLE/WHITE,FEMALE,STRAY,FLD_STRAY,UNKNOWN,SANTA ROSA,12.8870636550308,0,-0.8660254037844385,-0.5000000000000004
DOG,PIT BULL/MIX,BR BRINDLE/WHITE,MALE,STRAY,FLD_STRAY,UNKNOWN,SANTA ROSA,7.649555099247091,0,-0.8660254037844385,-0.5000000000000004
CAT,DOMESTIC LH,GRAY/WHITE,FEMALE,STRAY,FIELD,UNKNOWN,SANTA ROSA,0.06297056810403832,0,-0.8660254037844385,-0.5000000000000004
DOG,__RARE_OR_NEW__,BLACK/TAN,FEMALE,STRAY,OVER THE COUNTER,UNKNOWN,COUNTY,3.0006844626967832,0,-0.8660254037844385,-0.5000000000000004
DOG,WELSH CORGI CAR/MIX,TAN/WHITE,MALE,STRAY,FLD_STRAY,HEALTHY,COUNTY,1.002053388090349,0,-0.8660254037844385,-0.5000000000000004
DOG,__RARE_OR_NEW__,BLACK/WHITE,FEMALE,STRAY,FLD_STRAY,UNKNOWN,COUNTY,1.002053388090349,0,-0.8660254037844385,-0.5000000000000004
DOG,__RARE_OR_NEW__,BLACK/WHITE,FEMALE,STRAY,FLD_STRAY,UNKNOWN,COUNTY,1.002053388090349,0,-0.8660254037844385,-0.5000000000000004
DOG,GERM SHEPHERD,TAN,MALE,CONFISCATE,FLD_ARREST,UNKNOWN,SANTA ROSA,7.559206023271732,0,-0.8660254037844385,-0.5000000000000004
CAT,DOMESTIC SH,BLACK,MALE,STRAY,OVER THE COUNTER,HEALTHY,SANTA ROSA,0.4188911704312115,0,-0.8660254037844385,-0.5000000000000004
CAT,DOMESTIC SH,BLACK,MALE,STRAY,OVER THE COUNTER,HEALTHY,SANTA ROSA,0.4188911704312115,0,-0.8660254037844385,-0.5000000000000004
CAT,DOMESTIC LH,BRN TABBY,FEMALE,STRAY,FLD_STRAY,HEALTHY,SANTA ROSA,7.000684462696783,0,-0.8660254037844385,-0.5000000000000004
CAT,DOMESTIC SH,GRAY TABBY,MALE,STRAY,FLD_STRAY,UNKNOWN,SANTA ROSA,0.2929500342231348,0,-0.8660254037844385,-0.5000000000000004
CAT,DOMESTIC SH,TORTIE,FEMALE,STRAY,FIELD,UNKNOWN,COUNTY,0.5831622176591376,0,-0.8660254037844385,-0.5000000000000004
CAT,DOMESTIC SH,TORTIE,FEMALE,STRAY,FIELD,UNKNOWN,COUNTY,5.002053388090349,0,-0.8660254037844385,-0.5000000000000004
CAT,DOMESTIC SH,BRN TABBY,FEMALE,STRAY,OVER THE COUNTER,UNKNOWN,COUNTY,0.10130047912388775,0,-0.8660254037844385,-0.5000000000000004
CAT,DOMESTIC SH,BRN TABBY,FEMALE,STRAY,OVER THE COUNTER,UNKNOWN,COUNTY,0.10130047912388775,0,-0.8660254037844385,-0.5000000000000004
CAT,DOMESTIC SH,BRN TABBY,MALE,STRAY,OVER THE COUNTER,HEALTHY,COUNTY,0.10130047912388775,0,-0.8660254037844385,-0.5000000000000004
CAT,DOMESTIC SH,BRN TABBY,MALE,STRAY,OVER THE COUNTER,HEALTHY,COUNTY,0.10130047912388775,0,-0.8660254037844385,-0.5000000000000004
CAT,DOMESTIC SH,BLACK,FEMALE,STRAY,OVER THE COUNTER,UNKNOWN,COUNTY,0.10130047912388775,0,-0.8660254037844385,-0.5000000000000004
CAT,DOMESTIC SH,BLACK,FEMALE,STRAY,OVER THE COUNTER,HEALTHY,COUNTY,0.10130047912388775,0,-0.8660254037844385,-0.5000000000000004
CAT,DOMESTIC SH,BLACK,MALE,STRAY,OVER THE COUNTER,HEALTHY,COUNTY,0.10130047912388775,0,-0.8660254037844385,-0.5000000000000004
CAT,DOMESTIC SH,SEAL PT,MALE,STRAY,OVER THE COUNTER,HEALTHY,COUNTY,0.10130047912388775,0,-0.8660254037844385,-0.5000000000000004
CAT,DOMESTIC SH,SEAL PT,MALE,STRAY,OVER THE COUNTER,HEALTHY,COUNTY,0.10130047912388775,0,-0.8660254037844385,-0.5000000000000004
CAT,DOMESTIC SH,BRN TABBY,MALE,STRAY,FIELD,UNKNOWN,SANTA ROSA,10.001368925393566,0,-0.8660254037844385,-0.5000000000000004
DOG,DACHSHUND/MIX,BROWN/WHITE,FEMALE,CONFISCATE,FLD_CORONR,UNKNOWN,SANTA ROSA,9.96851471594798,0,-0.8660254037844385,-0.5000000000000004
DOG,GREAT PYRENEES,WHITE,FEMALE,STRAY,FLD_STRAY,UNKNOWN,COUNTY,0.8295687885010267,0,-0.8660254037844385,-0.5000000000000004
DOG,GREAT PYRENEES,WHITE,FEMALE,STRAY,FLD_STRAY,UNKNOWN,COUNTY,1.08145106091718,0,-0.8660254037844385,-0.5000000000000004
DOG,__RARE_OR_NEW__,BLACK/TAN,FEMALE,STRAY,FLD_STRAY,UNKNOWN,SANTA ROSA,2.001368925393566,1,-0.8660254037844385,-0.5000000000000004
OTHER,BAT,BROWN,UNKNOWN,QUARANTINE,FIELD,UNKNOWN,COUNTY,1.8986995208761122,1,-0.8660254037844385,-0.5000000000000004
CAT,DOMESTIC MH,BRN TABBY/WHITE,FEMALE,STRAY,FLD_STRAY,UNKNOWN,SANTA ROSA,0.3394934976043806,0,-0.8660254037844385,-0.5000000000000004
DOG,__RARE_OR_NEW__,RED/WHITE,FEMALE,STRAY,FLD_STRAY,UNKNOWN,SANTA ROSA,14.559890485968515,0,-0.8660254037844385,-0.5000000000000004
OTHER,__RARE_OR_NEW__,GRAY,UNKNOWN,QUARANTINE,FIELD,UNKNOWN,PETALUMA,1.8986995208761122,1,-0.8660254037844385,-0.5000000000000004
DOG,__RARE_OR_NEW__,BLACK/WHITE,MALE,STRAY,OVER THE COUNTER,HEALTHY,SANTA ROSA,3.8357289527720737,0,-0.8660254037844385,-0.5000000000000004
DOG,POODLE MIN/MIX,WHITE/GRAY,MALE,STRAY,FLD_STRAY,UNKNOWN,SANTA ROSA,2.001368925393566,1,-0.8660254037844385,-0.5000000000000004
DOG,FRENCH BULLDOG,GRAY,MALE,STRAY,FIELD,UNKNOWN,SANTA ROSA,2.754277891854894,0,-0.8660254037844385,-0.5000000000000004
DOG,CHIHUAHUA SH,TAN/WHITE,MALE,STRAY,FIELD,UNKNOWN,SANTA ROSA,6.976043805612594,0,-0.8660254037844385,-0.5000000000000004
DOG,__RARE_OR_NEW__,BLACK/WHITE,MALE,STRAY,FLD_STRAY,UNKNOWN,COUNTY,0.39698836413415467,0,-0.8660254037844385,-0.5000000000000004
DOG,PIT BULL,TAN/WHITE,MALE,STRAY,FIELD,UNKNOWN,SANTA ROSA,1.0704996577686516,0,-0.8660254037844385,-0.5000000000000004
DOG,GERM SHEPHERD,BLACK/TAN,MALE,STRAY,FIELD,UNKNOWN,SANTA ROSA,2.001368925393566,1,-0.8660254037844385,-0.5000000000000004
DOG,WELSH CORGI CAR/MIX,WHITE,FEMALE,STRAY,FIELD,TREATABLE/MANAGEABLE,SANTA ROSA,3.378507871321013,0,-0.8660254037844385,-0.5000000000000004
DOG,SIBERIAN HUSKY,BLACK/WHITE,FEMALE,STRAY,OVER THE COUNTER,UNKNOWN,COUNTY,3.969883641341547,0,-0.8660254037844385,-0.5000000000000004
DOG,LABRADOR RETR,BLACK,FEMALE,STRAY,OVER THE COUNTER,UNKNOWN,COUNTY,2.001368925393566,1,-0.8660254037844385,-0.5000000000000004
CAT,DOMESTIC SH,BLACK,FEMALE,STRAY,OVER THE COUNTER,UNKNOWN,COUNTY,3.0006844626967832,0,-0.8660254037844385,-0.5000000000000004
OTHER,BAT,BROWN,UNKNOWN,QUARANTINE,FIELD,UNKNOWN,SANTA ROSA,1.8986995208761122,1,-0.8660254037844385,-0.5000000000000004
CAT,DOMESTIC SH,GRAY/WHITE,FEMALE,STRAY,OVER THE COUNTER,UNKNOWN,SANTA ROSA,6.349075975359343,0,-0.8660254037844385,-0.5000000000000004
CAT,DOMESTIC LH,GRAY TABBY,MALE,STRAY,OVER THE COUNTER,HEALTHY,COUNTY,0.1943874058863792,0,-0.8660254037844385,-0.5000000000000004
CAT,DOMESTIC SH,GRAY,FEMALE,STRAY,OVER THE COUNTER,HEALTHY,SANTA ROSA,13.924709103353868,0,-0.8660254037844385,-0.5000000000000004
DOG,PIT BULL/MIX,BLACK,FEMALE,OWNER SURRENDER,FIELD,UNKNOWN,COUNTY,2.001368925393566,1,-0.8660254037844385,-0.5000000000000004
DOG,LABRADOR RETR/MIX,WHITE/BLACK,FEMALE,OWNER SURRENDER,FIELD,UNKNOWN,SANTA ROSA,0.02190280629705681,0,-0.8660254037844385,-0.5000000000000004
DOG,LABRADOR RETR/MIX,WHITE/BROWN,FEMALE,OWNER SURRENDER,FIELD,UNKNOWN,SANTA ROSA,0.02190280629705681,0,-0.8660254037844385,-0.5000000000000004
DOG,LABRADOR RETR/MIX,WHITE/BROWN,MALE,OWNER SURRENDER,FIELD,HEALTHY,SANTA ROSA,0.02190280629705681,0,-0.8660254037844385,-0.5000000000000004
DOG,LABRADOR RETR/MIX,BROWN/WHITE,MALE,OWNER SURRENDER,FIELD,HEALTHY,SANTA ROSA,0.02190280629705681,0,-0.8660254037844385,-0.5000000000000004
DOG,LABRADOR RETR/MIX,BROWN/BLACK,FEMALE,OWNER SURRENDER,FIELD,UNKNOWN,SANTA ROSA,0.02190280629705681,0,-0.8660254037844385,-0.5000000000000004
DOG,LABRADOR RETR/MIX,BLACK/WHITE,MALE,OWNER SURRENDER,FIELD,HEALTHY,SANTA ROSA,0.02190280629705681,0,-0.8660254037844385,-0.5000000000000004
DOG,LABRADOR RETR/MIX,__RARE_OR_NEW__,FEMALE,OWNER SURRENDER,FIELD,UNKNOWN,SANTA ROSA,0.02190280629705681,0,-0.8660254037844385,-0.5000000000000004
DOG,LABRADOR RETR/MIX,__RARE_OR_NEW__,FEMALE,OWNER SURRENDER,FIELD,UNKNOWN,SANTA ROSA,0.02190280629705681,0,-0.8660254037844385,-0.5000000000000004
DOG,LABRADOR RETR/MIX,BLACK/WHITE,FEMALE,OWNER SURRENDER,FIELD,UNKNOWN,SANTA ROSA,0.02190280629705681,0,-0.8660254037844385,-0.5000000000000004
DOG,LABRADOR RETR/MIX,BR BRINDLE/WHITE,MALE,OWNER SURRENDER,FIELD,HEALTHY,SANTA ROSA,0.02190280629705681,0,-0.8660254037844385,-0.5000000000000004
DOG,PIT BULL/MIX,BROWN/WHITE,MALE,OWNER SURRENDER,FIELD,UNKNOWN,COUNTY,2.001368925393566,1,-0.8660254037844385,-0.5000000000000004
DOG,LABRADOR RETR/MIX,TAN,FEMALE,OWNER SURRENDER,FIELD,HEALTHY,COUNTY,2.937713894592745,0,-0.8660254037844385,-0.5000000000000004
DOG,PIT BULL/MIX,BLACK/WHITE,MALE,OWNER SURRENDER,FIELD,UNKNOWN,COUNTY,2.001368925393566,1,-0.8660254037844385,-0.5000000000000004
DOG,PIT BULL/MIX,BLACK,MALE,OWNER SURRENDER,FIELD,UNKNOWN,COUNTY,2.001368925393566,1,-0.8660254037844385,-0.5000000000000004
OTHER,__RARE_OR_NEW__,BLUE/WHITE,UNKNOWN,CONFISCATE,FLD_HOSPTL,UNKNOWN,SANTA ROSA,1.8986995208761122,1,-0.8660254037844385,-0.5000000000000004
OTHER,BAT,BROWN,UNKNOWN,QUARANTINE,FIELD,UNKNOWN,COUNTY,1.8986995208761122,1,-0.8660254037844385,-0.5000000000000004
CAT,DOMESTIC SH,TORTIE/BRN TABBY,FEMALE,STRAY,OVER THE COUNTER,HEALTHY,COUNTY,3.0006844626967832,0,-0.8660254037844385,-0.5000000000000004
CAT,DOMESTIC SH,FLAME PT,FEMALE,STRAY,OVER THE COUNTER,UNKNOWN,COUNTY,0.1697467488021903,0,-0.8660254037844385,-0.5000000000000004
CAT,DOMESTIC SH,FLAME PT,MALE,STRAY,OVER THE COUNTER,HEALTHY,COUNTY,0.1697467488021903,0,-0.8660254037844385,-0.5000000000000004
CAT,DOMESTIC SH,ORG TABBY,MALE,STRAY,OVER THE COUNTER,HEALTHY,COUNTY,0.1697467488021903,0,-0.8660254037844385,-0.5000000000000004
CAT,DOMESTIC SH,ORG TABBY,MALE,STRAY,OVER THE COUNTER,HEALTHY,COUNTY,0.1697467488021903,0,-0.8660254037844385,-0.5000000000000004
CAT,DOMESTIC SH,ORG TABBY,FEMALE,STRAY,OVER THE COUNTER,UNKNOWN,COUNTY,0.1697467488021903,0,-0.8660254037844385,-0.5000000000000004
CAT,DOMESTIC SH,TORTIE,FEMALE,STRAY,OVER THE COUNTER,UNKNOWN,COUNTY,0.1697467488021903,0,-0.8660254037844385,-0.5000000000000004
CAT,DOMESTIC SH,BRN TABBY,MALE,STRAY,OVER THE COUNTER,HEALTHY,COUNTY,0.1697467488021903,0,-0.8660254037844385,-0.5000000000000004
DOG,PIT BULL,TAN,FEMALE,CONFISCATE,FLD_ARREST,UNKNOWN,SANTA ROSA,2.0095824777549622,0,-0.8660254037844385,-0.5000000000000004
DOG,PIT BULL/MIX,BR BRINDLE/WHITE,FEMALE,CONFISCATE,FLD_ARREST,UNKNOWN,SANTA ROSA,7.597535934291581,0,-0.8660254037844385,-0.5000000000000004
DOG,PIT BULL/MIX,BLACK/WHITE,FEMALE,CONFISCATE,FLD_ARREST,UNKNOWN,SANTA ROSA,2.598220396988364,0,-0.8660254037844385,-0.5000000000000004
DOG,PIT BULL/MIX,BLACK/WHITE,FEMALE,CONFISCATE,FLD_ARREST,UNKNOWN,SANTA ROSA,2.598220396988364,0,-0.8660254037844385,-0.5000000000000004
CAT,DOMESTIC SH,GRAY TABBY,FEMALE,STRAY,OVER THE COUNTER,HEALTHY,SANTA ROSA,0.15605749486652978,0,-0.8660254037844385,-0.5000000000000004
OTHER,BAT,BLACK,UNKNOWN,STRAY,OVER THE COUNTER,UNKNOWN,*SEBASTOPOL,1.8986995208761122,1,-0.8660254037844385,-0.5000000000000004
CAT,DOMESTIC SH,GRAY TABBY/WHITE,FEMALE,STRAY,OVER THE COUNTER,UNKNOWN,SANTA ROSA,2.001368925393566,0,-0.8660254037844385,-0.5000000000000004
CAT,DOMESTIC LH,LYNX PT,FEMALE,STRAY,OVER THE COUNTER,UNKNOWN,SANTA ROSA,0.07392197125256673,0,-0.8660254037844385,-0.5000000000000004
CAT,DOMESTIC MH,GRAY TABBY/WHITE,MALE,STRAY,OVER THE COUNTER,UNKNOWN,SANTA ROSA,0.08487337440109514,0,-0.8660254037844385,-0.5000000000000004
CAT,DOMESTIC SH,LYNX PT,MALE,STRAY,OVER THE COUNTER,UNKNOWN,SANTA ROSA,0.08487337440109514,0,-0.8660254037844385,-0.5000000000000004
CAT,DOMESTIC LH,GRAY TABBY/WHITE,FEMALE,STRAY,OVER THE COUNTER,UNKNOWN,SANTA ROSA,0.08487337440109514,0,-0.8660254037844385,-0.5000000000000004
CAT,DOMESTIC SH,LYNX PT,FEMALE,STRAY,OVER THE COUNTER,UNKNOWN,SANTA ROSA,0.08487337440109514,0,-0.8660254037844385,-0.5000000000000004
DOG,GERM SHEPHERD,BROWN/BLACK,MALE,STRAY,FLD_STRAY,UNKNOWN,COUNTY,0.7364818617385352,0,-0.8660254037844385,-0.5000000000000004
DOG,GERM SHEPHERD,BLACK,FEMALE,STRAY,FLD_STRAY,UNKNOWN,COUNTY,3.567419575633128,0,-0.8660254037844385,-0.5000000000000004
DOG,RAT TERRIER/MIX,TRICOLOR,FEMALE,CONFISCATE,FLD_HOSPTL,UNKNOWN,COUNTY,5.002053388090349,0,-0.8660254037844385,-0.5000000000000004
DOG,GERM SHEPHERD,TAN/BLACK,FEMALE,STRAY,FIELD,HEALTHY,SANTA ROSA,2.951403148528405,0,-0.8660254037844385,-0.5000000000000004
DOG,PIT BULL/MIX,BL BRINDLE,FEMALE,STRAY,FIELD,UNKNOWN,SANTA ROSA,2.001368925393566,1,-0.8660254037844385,-0.5000000000000004
DOG,__RARE_OR_NEW__,WHITE,MALE,STRAY,OVER THE COUNTER,UNKNOWN,COUNTY,2.001368925393566,1,-0.8660254037844385,-0.5000000000000004
DOG,LABRADOR RETR,BLACK,MALE,STRAY,OVER THE COUNTER,UNKNOWN,SANTA ROSA,10.234086242299794,0,-0.8660254037844385,-0.5000000000000004
OTHER,RABBIT SH,WHITE,UNKNOWN,STRAY,OVER THE COUNTER,UNKNOWN,SANTA ROSA,1.8986995208761122,1,-0.8660254037844385,-0.5000000000000004
CAT,DOMESTIC SH,GRAY TABBY,MALE,ADOPTION RETURN,OVER THE COUNTER,UNKNOWN,SANTA ROSA,0.2655715263518138,0,-0.8660254037844385,-0.5000000000000004
DOG,AUST SHEPHERD,__RARE_OR_NEW__,FEMALE,STRAY,FIELD,UNKNOWN,SANTA ROSA,0.4161533196440794,0,-0.8660254037844385,-0.5000000000000004
DOG,PIT BULL/MIX,__RARE_OR_NEW__,FEMALE,STRAY,FIELD,UNKNOWN,COUNTY,2.001368925393566,1,-0.8660254037844385,-0.5000000000000004
DOG,__RARE_OR_NEW__,CREAM,MALE,STRAY,FIELD,UNKNOWN,SANTA ROSA,2.001368925393566,1,-0.8660254037844385,-0.5000000000000004
DOG,PIT BULL/MIX,BLACK/WHITE,FEMALE,CONFISCATE,FLD_ARREST,UNKNOWN,SANTA ROSA,2.3353867214236823,0,-1.0,-1.8369701987210297e-16
CAT,DOMESTIC SH,BLACK,FEMALE,STRAY,OVER THE COUNTER,UNKNOWN,SANTA ROSA,0.5010266940451745,0,-1.0,-1.8369701987210297e-16
CAT,DOMESTIC SH,__RARE_OR_NEW__,FEMALE,STRAY,OVER THE COUNTER,UNKNOWN,SANTA ROSA,0.5010266940451745,0,-1.0,-1.8369701987210297e-16
DOG,GERM SHEPHERD/MIX,BROWN/BLACK,MALE,STRAY,FLD_STRAY,UNKNOWN,SANTA ROSA,1.1690622861054072,0,-1.0,-1.8369701987210297e-16
DOG,YORKSHIRE TERR/MIX,__RARE_OR_NEW__,FEMALE,STRAY,OVER THE COUNTER,UNKNOWN,SANTA ROSA,4.999315537303217,0,-1.0,-1.8369701987210297e-16
DOG,GREAT PYRENEES,WHITE,MALE,ADOPTION RETURN,OVER THE COUNTER,UNKNOWN,SANTA ROSA,0.5859000684462696,0,-1.0,-1.8369701987210297e-16
CAT,DOMESTIC SH,ORG TABBY,MALE,STRAY,FLD_STRAY,UNKNOWN,SANTA ROSA,0.16700889801505817,0,-1.0,-1.8369701987210297e-16
CAT,DOMESTIC SH,WHITE,MALE,STRAY,FLD_STRAY,UNKNOWN,SANTA ROSA,0.16700889801505817,0,-1.0,-1.8369701987210297e-16
OTHER,GUINEA PIG,WHITE/BROWN,MALE,STRAY,OVER THE COUNTER,HEALTHY,SANTA ROSA,2.9815195071868583,0,-1.0,-1.8369701987210297e-16
OTHER,GUINEA PIG,TRICOLOR,MALE,STRAY,OVER THE COUNTER,HEALTHY,SANTA ROSA,2.9815195071868583,0,-1.0,-1.8369701987210297e-16
OTHER,GUINEA PIG,WHITE/BROWN,FEMALE,STRAY,OVER THE COUNTER,HEALTHY,SANTA ROSA,0.48186173853524983,0,-1.0,-1.8369701987210297e-16
DOG,GERM SHEPHERD/MIX,WHITE/TAN,MALE,STRAY,FIELD,UNKNOWN,SANTA ROSA,8.301163586584531,0,-1.0,-1.8369701987210297e-16
DOG,BORDER COLLIE/MIX,BLACK/WHITE,MALE,STRAY,FLD_STRAY,UNKNOWN,COUNTY,2.9568788501026693,0,-1.0,-1.8369701987210297e-16
DOG,GREAT PYRENEES,WHITE,MALE,STRAY,FLD_STRAY,UNKNOWN,COUNTY,2.9568788501026693,0,-1.0,-1.8369701987210297e-16
OTHER,BAT,BROWN,UNKNOWN,QUARANTINE,FIELD,UNKNOWN,PETALUMA,1.8986995208761122,1,-1.0,-1.8369701987210297e-16
DOG,LABRADOR RETR,YELLOW,MALE,CONFISCATE,FLD_ARREST,UNKNOWN,SANTA ROSA,2.5023956194387407,0,-1.0,-1.8369701987210297e-16
DOG,ROTTWEILER/MIX,BLACK/TAN,MALE,STRAY,FIELD,UNKNOWN,SANTA ROSA,2.001368925393566,1,-1.0,-1.8369701987210297e-16
DOG,__RARE_OR_NEW__,BLACK/WHITE,FEMALE,STRAY,OVER THE COUNTER,UNKNOWN,SANTA ROSA,6.50239561943874,0,-1.0,-1.8369701987210297e-16
OTHER,GUINEA PIG,BROWN,FEMALE,STRAY,OVER THE COUNTER,HEALTHY,SANTA ROSA,0.8213552361396304,0,-1.0,-1.8369701987210297e-16
OTHER,GUINEA PIG,BROWN,FEMALE,STRAY,OVER THE COUNTER,HEALTHY,SANTA ROSA,0.8350444900752909,0,-1.0,-1.8369701987210297e-16
OTHER,GUINEA PIG,BLACK,MALE,STRAY,OVER THE COUNTER,HEALTHY,SANTA ROSA,0.8350444900752909,0,-1.0,-1.8369701987210297e-16
DOG,FRENCH BULLDOG,WHITE,FEMALE,STRAY,FLD_STRAY,UNKNOWN,COUNTY,2.001368925393566,1,-1.0,-1.8369701987210297e-16
CAT,DOMESTIC SH,GRAY TABBY,MALE,STRAY,FLD_STRAY,UNKNOWN,SANTA ROSA,16.0,0,-1.0,-1.8369701987210297e-16
DOG,CHIHUAHUA SH/MIX,BROWN/WHITE,FEMALE,STRAY,OVER THE COUNTER,HEALTHY,SANTA ROSA,1.434633812457221,0,-1.0,-1.8369701987210297e-16
DOG,PIT BULL/MIX,CREAM/WHITE,MALE,STRAY,OVER THE COUNTER,UNKNOWN,SANTA ROSA,1.002053388090349,0,-1.0,-1.8369701987210297e-16
DOG,PIT BULL,WHITE/BROWN,MALE,STRAY,FLD_STRAY,UNKNOWN,SANTA ROSA,2.001368925393566,1,-1.0,-1.8369701987210297e-16
OTHER,RABBIT SH,BLACK/WHITE,MALE,STRAY,OVER THE COUNTER,UNKNOWN,SANTA ROSA,8.0,0,-1.0,-1.8369701987210297e-16
DOG,__RARE_OR_NEW__,WHITE,FEMALE,STRAY,FLD_STRAY,UNKNOWN,COUNTY,1.002053388090349,0,-1.0,-1.8369701987210297e-16
DOG,PIT BULL,GRAY/WHITE,MALE,STRAY,FLD_STRAY,UNKNOWN,COUNTY,2.001368925393566,1,-1.0,-1.8369701987210297e-16
CAT,DOMESTIC SH,BRN TABBY,MALE,STRAY,FLD_STRAY,HEALTHY,SANTA ROSA,0.12320328542094455,0,-1.0,-1.8369701987210297e-16
DOG,POODLE MIN,CREAM,MALE,STRAY,FLD_STRAY,UNKNOWN,SANTA ROSA,5.360711841204655,0,-1.0,-1.8369701987210297e-16
OTHER,GUINEA PIG,BLACK/WHITE,FEMALE,STRAY,FLD_STRAY,HEALTHY,SANTA ROSA,1.9794661190965093,0,-1.0,-1.8369701987210297e-16
OTHER,GUINEA PIG,WHITE/BROWN,FEMALE,STRAY,FLD_STRAY,HEALTHY,SANTA ROSA,1.9794661190965093,0,-1.0,-1.8369701987210297e-16
DOG,__RARE_OR_NEW__,WHITE,MALE,STRAY,FLD_STRAY,UNKNOWN,SANTA ROSA,2.001368925393566,1,-1.0,-1.8369701987210297e-16
DOG,__RARE_OR_NEW__,BROWN,MALE,STRAY,FLD_STRAY,UNKNOWN,SANTA ROSA,0.8049281314168378,0,-1.0,-1.8369701987210297e-16
DOG,YORKSHIRE TERR,GRAY/BLACK,FEMALE,STRAY,FLD_STRAY,UNKNOWN,SANTA ROSA,0.999315537303217,0,-1.0,-1.8369701987210297e-16
DOG,BELG MALINOIS,BLACK/BROWN,MALE,STRAY,FLD_STRAY,UNKNOWN,SANTA ROSA,0.9938398357289527,0,-1.0,-1.8369701987210297e-16
DOG,__RARE_OR_NEW__,BROWN/BLACK,MALE,STRAY,FLD_STRAY,UNKNOWN,SANTA ROSA,15.3347022587269,0,-1.0,-1.8369701987210297e-16
DOG,PIT BULL/MIX,TAN/WHITE,MALE,STRAY,OVER THE COUNTER,UNKNOWN,SANTA ROSA,0.7501711156741958,0,-1.0,-1.8369701987210297e-16
DOG,__RARE_OR_NEW__,BLACK,MALE,STRAY,OVER THE COUNTER,HEALTHY,SANTA ROSA,1.5030800821355237,0,-1.0,-1.8369701987210297e-16
DOG,BORDER COLLIE,BLACK/WHITE,FEMALE,STRAY,FLD_STRAY,HEALTHY,SANTA ROSA,0.7501711156741958,0,-1.0,-1.8369701987210297e-16
OTHER,GUINEA PIG,WHITE/BROWN,FEMALE,STRAY,FLD_STRAY,HEALTHY,SANTA ROSA,1.9822039698836413,0,-1.0,-1.8369701987210297e-16
DOG,PIT BULL/MIX,BROWN/BLACK,FEMALE,STRAY,FLD_STRAY,UNKNOWN,SANTA ROSA,7.975359342915811,0,-1.0,-1.8369701987210297e-16
CAT,DOMESTIC SH,BRN TABBY,FEMALE,STRAY,OVER THE COUNTER,UNKNOWN,SANTA ROSA,0.14784394250513347,0,-1.0,-1.8369701987210297e-16
DOG,BELG MALINOIS,TAN/BLACK,FEMALE,STRAY,FLD_STRAY,UNKNOWN,COUNTY,1.8069815195071868,0,-1.0,-1.8369701987210297e-16
DOG,__RARE_OR_NEW__,BLACK,MALE,STRAY,FLD_STRAY,UNKNOWN,COUNTY,0.3723477070499658,0,-1.0,-1.8369701987210297e-16
DOG,YORKSHIRE TERR/MIX,CREAM,FEMALE,STRAY,OVER THE COUNTER,UNKNOWN,SANTA ROSA,1.9548254620123204,0,-1.0,-1.8369701987210297e-16
DOG,AUST CATTLE DOG,WHITE/BLACK,MALE,STRAY,FLD_STRAY,UNKNOWN,SANTA ROSA,0.4188911704312115,0,-1.0,-1.8369701987210297e-16
DOG,CHIHUAHUA SH,WHITE,FEMALE,STRAY,PHONE,UNKNOWN,SANTA ROSA,7.997262149212868,0,-1.0,-1.8369701987210297e-16
DOG,AUST SHEPHERD,BLUE MERLE,FEMALE,STRAY,FIELD,HEALTHY,COUNTY,1.9000684462696784,0,-1.0,-1.8369701987210297e-16
DOG,AUST SHEPHERD,BROWN/WHITE,FEMALE,STRAY,FIELD,HEALTHY,COUNTY,0.9007529089664613,0,-1.0,-1.8369701987210297e-16
DOG,YORKSHIRE TERR,__RARE_OR_NEW__,FEMALE,STRAY,FIELD,UNKNOWN,UNKNOWN,2.001368925393566,1,-1.0,-1.8369701987210297e-16
DOG,PIT BULL/MIX,TAN/WHITE,MALE,STRAY,OVER THE COUNTER,UNKNOWN,COUNTY,2.001368925393566,1,-1.0,-1.8369701987210297e-16
CAT,DOMESTIC SH,CALICO,FEMALE,STRAY,OVER THE COUNTER,UNKNOWN,COUNTY,0.08213552361396304,0,-1.0,-1.8369701987210297e-16
CAT,DOMESTIC SH,BLACK/WHITE,MALE,STRAY,OVER THE COUNTER,UNKNOWN,SANTA ROSA,0.31485284052019163,0,-1.0,-1.8369701987210297e-16
DOG,CHIHUAHUA SH,BLACK,MALE,STRAY,FLD_STRAY,UNKNOWN,COUNTY,10.830937713894592,0,-1.0,-1.8369701987210297e-16
DOG,GERM SHEPHERD/MIX,CREAM/WHITE,MALE,OWNER SURRENDER,OVER THE COUNTER,UNKNOWN,SANTA ROSA,1.1964407939767283,0,-1.0,-1.8369701987210297e-16
DOG,__RARE_OR_NEW__,BROWN/BLACK,MALE,STRAY,FIELD,UNKNOWN,SANTA ROSA,15.342915811088295,0,-1.0,-1.8369701987210297e-16
DOG,GERM SHEPHERD/MIX,BLACK,FEMALE,STRAY,FIELD,UNKNOWN,SANTA ROSA,5.002053388090349,0,-1.0,-1.8369701987210297e-16
DOG,BORDER COLLIE,BLACK/WHITE,MALE,STRAY,FIELD,UNKNOWN,SANTA ROSA,5.002053388090349,0,-1.0,-1.8369701987210297e-16
DOG,FRENCH BULLDOG,TAN/WHITE,FEMALE,STRAY,OVER THE COUNTER,UNKNOWN,SANTA ROSA,0.7227926078028748,0,-1.0,-1.8369701987210297e-16
DOG,POODLE MIN/MIX,CREAM,MALE,STRAY,FIELD,UNKNOWN,SANTA ROSA,10.001368925393566,0,-1.0,-1.8369701987210297e-16
CAT,DOMESTIC SH,BRN TABBY,MALE,STRAY,VET_HOSP,HEALTHY,SANTA ROSA,1.5195071868583163,0,-1.0,-1.8369701987210297e-16
DOG,ROTTWEILER,BLACK/BROWN,FEMALE,STRAY,FLD_STRAY,UNKNOWN,COUNTY,0.9117043121149897,0,-1.0,-1.8369701987210297e-16
CAT,DOMESTIC SH,BLACK,MALE,STRAY,FLD_STRAY,HEALTHY,SANTA ROSA,3.0006844626967832,0,-1.0,-1.8369701987210297e-16
DOG,__RARE_OR_NEW__,BROWN/BLACK,MALE,STRAY,OVER THE COUNTER,UNKNOWN,COUNTY,15.345653661875428,0,-1.0,-1.8369701987210297e-16
DOG,__RARE_OR_NEW__,CHOCOLATE/WHITE,MALE,STRAY,FIELD,HEALTHY,SANTA ROSA,4.1971252566735116,0,-1.0,-1.8369701987210297e-16
DOG,__RARE_OR_NEW__,BLACK/WHITE,MALE,STRAY,OVER THE COUNTER,UNKNOWN,SANTA ROSA,0.37782340862423,0,-1.0,-1.8369701987210297e-16
DOG,__RARE_OR_NEW__,CREAM,MALE,STRAY,OVER THE COUNTER,UNKNOWN,SANTA ROSA,0.37782340862423,0,-1.0,-1.8369701987210297e-16
DOG,__RARE_OR_NEW__,CREAM,FEMALE,STRAY,OVER THE COUNTER,UNKNOWN,SANTA ROSA,0.37782340862423,0,-1.0,-1.8369701987210297e-16
DOG,PIT BULL/MIX,BR BRINDLE,MALE,STRAY,OVER THE COUNTER,UNKNOWN,SANTA ROSA,3.578370978781656,0,-1.0,-1.8369701987210297e-16
DOG,__RARE_OR_NEW__,TAN,FEMALE,STRAY,OVER THE COUNTER,UNKNOWN,SANTA ROSA,12.971937029431896,0,-1.0,-1.8369701987210297e-16
DOG,AUST CATTLE DOG,__RARE_OR_NEW__,MALE,STRAY,OVER THE COUNTER,UNKNOWN,COUNTY,8.36413415468857,0,-1.0,-1.8369701987210297e-16
DOG,POMERANIAN,RED/WHITE,MALE,STRAY,FLD_STRAY,HEALTHY,COUNTY,12.996577686516085,0,-1.0,-1.8369701987210297e-16
OTHER,GOAT,BROWN/BLACK,FEMALE,STRAY,FLD_STRAY,UNKNOWN,SANTA ROSA,0.999315537303217,0,-1.0,-1.8369701987210297e-16
CAT,DOMESTIC SH,BLACK,MALE,STRAY,FIELD,HEALTHY,SANTA ROSA,0.13415468856947296,0,-1.0,-1.8369701987210297e-16
DOG,__RARE_OR_NEW__,__RARE_OR_NEW__,MALE,STRAY,FLD_STRAY,UNKNOWN,COUNTY,0.7501711156741958,0,-1.0,-1.8369701987210297e-16
DOG,GREAT PYRENEES,WHITE,MALE,ADOPTION RETURN,OVER THE COUNTER,UNKNOWN,COUNTY,0.6242299794661191,0,-1.0,-1.8369701987210297e-16
CAT,DOMESTIC SH,BLACK/WHITE,FEMALE,STRAY,OVER THE COUNTER,UNKNOWN,COUNTY,0.15605749486652978,0,-1.0,-1.8369701987210297e-16
CAT,DOMESTIC SH,WHITE,MALE,STRAY,OVER THE COUNTER,HEALTHY,COUNTY,0.15605749486652978,0,-1.0,-1.8369701987210297e-16
CAT,DOMESTIC SH,__RARE_OR_NEW__,FEMALE,STRAY,OVER THE COUNTER,UNKNOWN,COUNTY,0.15605749486652978,0,-1.0,-1.8369701987210297e-16
CAT,DOMESTIC SH,ORANGE,MALE,STRAY,OVER THE COUNTER,UNKNOWN,COUNTY,4.974674880219028,0,-1.0,-1.8369701987210297e-16
CAT,DOMESTIC SH,ORG TABBY,FEMALE,STRAY,OVER THE COUNTER,UNKNOWN,SANTA ROSA,4.988364134154689,0,-1.0,-1.8369701987210297e-16
DOG,LABRADOR RETR,BLACK/WHITE,MALE,STRAY,FLD_STRAY,UNKNOWN,SANTA ROSA,1.9849418206707734,0,-1.0,-1.8369701987210297e-16
DOG,PIT BULL/MIX,BR BRINDLE/WHITE,FEMALE,STRAY,FLD_STRAY,UNKNOWN,SANTA ROSA,2.001368925393566,1,-1.0,-1.8369701987210297e-16
OTHER,CHICKEN,__RARE_OR_NEW__,MALE,STRAY,OVER THE COUNTER,UNKNOWN,SANTA ROSA,1.8986995208761122,1,-1.0,-1.8369701987210297e-16
DOG,SCHNAUZER MIN/MIX,GRAY/WHITE,MALE,STRAY,FLD_STRAY,UNKNOWN,SANTA ROSA,2.001368925393566,0,-1.0,-1.8369701987210297e-16
CAT,DOMESTIC SH,CALICO,FEMALE,STRAY,OVER THE COUNTER,UNKNOWN,SANTA ROSA,0.2518822724161533,1,-1.0,-1.8369701987210297e-16
CAT,DOMESTIC SH,BLACK,FEMALE,OWNER SURRENDER,FIELD,UNKNOWN,SANTA ROSA,5.661875427789186,0,-1.0,-1.8369701987210297e-16
CAT,DOMESTIC SH,BLACK,FEMALE,OWNER SURRENDER,FIELD,UNKNOWN,SANTA ROSA,0.2518822724161533,1,-1.0,-1.8369701987210297e-16
DOG,__RARE_OR_NEW__,BLACK/WHITE,MALE,CONFISCATE,FLD_HOSPTL,UNKNOWN,SANTA ROSA,7.871321013004791,0,-1.0,-1.8369701987210297e-16
DOG,PIT BULL,FAWN/WHITE,FEMALE,CONFISCATE,FIELD,UNKNOWN,SANTA ROSA,8.479123887748118,0,-1.0,-1.8369701987210297e-16
DOG,PIT BULL,FAWN/WHITE,MALE,CONFISCATE,FIELD,UNKNOWN,SANTA ROSA,2.1820670773442847,0,-1.0,-1.8369701987210297e-16
DOG,PIT BULL/MIX,BR BRINDLE/WHITE,FEMALE,OWNER SURRENDER,FIELD,HEALTHY,COUNTY,4.832306639288158,0,-1.0,-1.8369701987210297e-16
OTHER,CHICKEN,BLACK/WHITE,UNKNOWN,STRAY,FLD_STRAY,UNKNOWN,SANTA ROSA,1.8986995208761122,1,-1.0,-1.8369701987210297e-16
OTHER,CHICKEN,BLACK/WHITE,UNKNOWN,STRAY,FLD_STRAY,UNKNOWN,SANTA ROSA,1.8986995208761122,1,-1.0,-1.8369701987210297e-16
OTHER,CHICKEN,GOLD,UNKNOWN,STRAY,FLD_STRAY,UNKNOWN,SANTA ROSA,1.8986995208761122,1,-1.0,-1.8369701987210297e-16
CAT,DOMESTIC SH,BLACK,UNKNOWN,OWNER SURRENDER,FIELD,UNKNOWN,SANTA ROSA,0.2518822724161533,1,-1.0,-1.8369701987210297e-16
DOG,BELG MALINOIS,BROWN/BLACK,FEMALE,STRAY,FIELD,UNKNOWN,COUNTY,2.001368925393566,0,-1.0,-1.8369701987210297e-16
DOG,PIT BULL,BROWN,FEMALE,STRAY,FLD_STRAY,UNKNOWN,SANTA ROSA,2.001368925393566,1,-1.0,-1.8369701987210297e-16
CAT,DOMESTIC SH,GRAY TABBY,MALE,STRAY,OVER THE COUNTER,HEALTHY,COUNTY,0.14784394250513347,0,-1.0,-1.8369701987210297e-16
CAT,DOMESTIC SH,GRAY TABBY,MALE,STRAY,OVER THE COUNTER,HEALTHY,COUNTY,0.14784394250513347,0,-1.0,-1.8369701987210297e-16
CAT,DOMESTIC SH,TORTIE,FEMALE,STRAY,OVER THE COUNTER,UNKNOWN,COUNTY,0.14784394250513347,0,-1.0,-1.8369701987210297e-16
DOG,SIBERIAN HUSKY/MIX,BROWN/BLACK,UNKNOWN,CONFISCATE,FLD_ABAND,UNKNOWN,COUNTY,2.001368925393566,1,-1.0,-1.8369701987210297e-16
DOG,SIBERIAN HUSKY/MIX,GRAY,UNKNOWN,CONFISCATE,FLD_ABAND,UNKNOWN,COUNTY,2.001368925393566,1,-1.0,-1.8369701987210297e-16
CAT,DOMESTIC SH,BRN TABBY,FEMALE,STRAY,FLD_STRAY,UNKNOWN,SANTA ROSA,0.2518822724161533,1,-1.0,-1.8369701987210297e-16
DOG,__RARE_OR_NEW__,WHITE,MALE,STRAY,OVER THE COUNTER,TREATABLE/MANAGEABLE,SANTA ROSA,1.5030800821355237,0,-1.0,-1.8369701987210297e-16
DOG,CHIHUAHUA SH,TAN,MALE,STRAY,FIELD,UNKNOWN,SANTA ROSA,3.0006844626967832,0,-1.0,-1.8369701987210297e-16
DOG,CHIHUAHUA SH,TAN,MALE,STRAY,FIELD,UNKNOWN,SANTA ROSA,3.0006844626967832,0,-1.0,-1.8369701987210297e-16
DOG,__RARE_OR_NEW__,BLACK/WHITE,MALE,CONFISCATE,FLD_ARREST,UNKNOWN,COUNTY,7.876796714579055,0,-1.0,-1.8369701987210297e-16
DOG,PARSON RUSS TER,WHITE/BROWN,MALE,STRAY,OVER THE COUNTER,UNKNOWN,SANTA ROSA,3.0006844626967832,0,-1.0,-1.8369701987210297e-16
OTHER,HORSE,BLACK,UNKNOWN,CONFISCATE,FLD_CRUEL,UNKNOWN,COUNTY,1.8986995208761122,1,-1.0,-1.8369701987210297e-16
DOG,__RARE_OR_NEW__,BROWN/WHITE,FEMALE,STRAY,OVER THE COUNTER,HEALTHY,SANTA ROSA,1.5030800821355237,0,-1.0,-1.8369701987210297e-16
DOG,__RARE_OR_NEW__,RED,MALE,STRAY,OVER THE COUNTER,HEALTHY,COUNTY,0.33401779603011633,0,-1.0,-1.8369701987210297e-16
CAT,DOMESTIC SH,__RARE_OR_NEW__,MALE,STRAY,OVER THE COUNTER,HEALTHY,SANTA ROSA,0.2518822724161533,0,-1.0,-1.8369701987210297e-16
CAT,SIAMESE,FLAME PT,MALE,STRAY,OVER THE COUNTER,UNKNOWN,SANTA ROSA,0.2518822724161533,0,-1.0,-1.8369701987210297e-16
CAT,DOMESTIC SH,BLACK,MALE,STRAY,OVER THE COUNTER,UNKNOWN,SANTA ROSA,0.2518822724161533,0,-1.0,-1.8369701987210297e-16
CAT,DOMESTIC MH,BLACK,MALE,STRAY,OVER THE COUNTER,UNKNOWN,SANTA ROSA,0.2518822724161533,0,-1.0,-1.8369701987210297e-16
CAT,DOMESTIC SH,ORG TABBY,FEMALE,STRAY,OVER THE COUNTER,UNKNOWN,SANTA ROSA,0.08213552361396304,0,-1.0,-1.8369701987210297e-16
CAT,DOMESTIC SH,BRN TABBY/WHITE,MALE,STRAY,OVER THE COUNTER,UNKNOWN,SANTA ROSA,16.0,0,-1.0,-1.8369701987210297e-16
DOG,FRENCH BULLDOG,BLUE MERLE,FEMALE,CONFISCATE,FLD_ARREST,UNKNOWN,SANTA ROSA,1.6646132785763177,0,-1.0,-1.8369701987210297e-16
DOG,PIT BULL,WHITE/BLACK,FEMALE,STRAY,FLD_STRAY,UNKNOWN,SANTA ROSA,6.0013689253935665,0,-1.0,-1.8369701987210297e-16
DOG,LABRADOR RETR/MIX,BLACK/WHITE,MALE,STRAY,FLD_STRAY,UNKNOWN,SANTA ROSA,1.002053388090349,0,-1.0,-1.8369701987210297e-16
DOG,POODLE MIN,WHITE,MALE,STRAY,OVER THE COUNTER,UNKNOWN,SANTA ROSA,11.685147159479808,0,-1.0,-1.8369701987210297e-16
DOG,PIT BULL,BLACK/WHITE,MALE,STRAY,OVER THE COUNTER,UNKNOWN,SANTA ROSA,2.001368925393566,1,-1.0,-1.8369701987210297e-16
OTHER,GOAT,BROWN/WHITE,UNKNOWN,STRAY,OVER THE COUNTER,UNKNOWN,COUNTY,1.8986995208761122,1,-1.0,-1.8369701987210297e-16
DOG,BORDER COLLIE/MIX,BLACK/WHITE,MALE,STRAY,FIELD,UNKNOWN,COUNTY,3.0006844626967832,0,-1.0,-1.8369701987210297e-16
DOG,GREAT PYRENEES,WHITE,MALE,STRAY,FIELD,UNKNOWN,COUNTY,3.0006844626967832,0,-1.0,-1.8369701987210297e-16
DOG,GERM SHEPHERD/MIX,BL BRINDLE,FEMALE,STRAY,OVER THE COUNTER,UNKNOWN,SANTA ROSA,0.2518822724161533,0,-1.0,-1.8369701987210297e-16
DOG,GERM SHEPHERD/MIX,BL BRINDLE,FEMALE,STRAY,OVER THE COUNTER,UNKNOWN,SANTA ROSA,0.2518822724161533,0,-1.0,-1.8369701987210297e-16
DOG,POMERANIAN,WHITE,MALE,STRAY,FLD_STRAY,UNKNOWN,SANTA ROSA,5.993155373032169,0,-1.0,-1.8369701987210297e-16
DOG,PIT BULL/MIX,BR BRINDLE/WHITE,FEMALE,STRAY,FLD_STRAY,UNKNOWN,SANTA ROSA,4.0,0,-1.0,-1.8369701987210297e-16
DOG,DACHSHUND/MIX,TAN/WHITE,FEMALE,STRAY,FLD_STRAY,UNKNOWN,SANTA ROSA,1.002053388090349,0,-1.0,-1.8369701987210297e-16
DOG,__RARE_OR_NEW__,BLACK/WHITE,MALE,STRAY,FIELD,UNKNOWN,COUNTY,2.8227241615331966,0,-1.0,-1.8369701987210297e-16
DOG,AUST CATTLE DOG,__RARE_OR_NEW__,FEMALE,STRAY,FIELD,UNKNOWN,SANTA ROSA,0.2518822724161533,0,-1.0,-1.8369701987210297e-16
CAT,DOMESTIC LH,ORANGE/WHITE,UNKNOWN,CONFISCATE,FIELD,UNKNOWN,COUNTY,0.2518822724161533,1,-1.0,-1.8369701987210297e-16
DOG,__RARE_OR_NEW__,BROWN/WHITE,FEMALE,CONFISCATE,FLD_HOSPTL,UNKNOWN,COUNTY,3.0855578370978782,0,-1.0,-1.8369701987210297e-16
CAT,DOMESTIC SH,CALICO,FEMALE,STRAY,FLD_STRAY,UNKNOWN,SANTA ROSA,0.1861738535249829,0,-1.0,-1.8369701987210297e-16
DOG,__RARE_OR_NEW__,GRAY,MALE,STRAY,FLD_STRAY,UNKNOWN,SANTA ROSA,1.9301848049281314,0,-1.0,-1.8369701987210297e-16
DOG,SIBERIAN HUSKY,BROWN/WHITE,FEMALE,STRAY,FLD_STRAY,UNKNOWN,COUNTY,0.33401779603011633,0,-1.0,-1.8369701987210297e-16
CAT,DOMESTIC SH,__RARE_OR_NEW__,FEMALE,STRAY,FLD_STRAY,UNKNOWN,*COTATI,0.2518822724161533,1,-1.0,-1.8369701987210297e-16
DOG,__RARE_OR_NEW__,BROWN/BLACK,FEMALE,ADOPTION RETURN,OVER THE COUNTER,UNKNOWN,SANTA ROSA,2.0123203285420943,0,-1.0,-1.8369701987210297e-16
CAT,DOMESTIC SH,BLK TABBY,FEMALE,STRAY,OVER THE COUNTER,HEALTHY,SANTA ROSA,0.16700889801505817,0,-1.0,-1.8369701987210297e-16
CAT,DOMESTIC SH,BRN TABBY,FEMALE,STRAY,OVER THE COUNTER,HEALTHY,SANTA ROSA,0.08213552361396304,0,-1.0,-1.8369701987210297e-16
CAT,DOMESTIC LH,GRAY,MALE,STRAY,OVER THE COUNTER,UNKNOWN,COUNTY,0.08213552361396304,0,-1.0,-1.8369701987210297e-16
DOG,PIT BULL,BROWN/WHITE,MALE,STRAY,OVER THE COUNTER,UNKNOWN,SANTA ROSA,2.001368925393566,1,-1.0,-1.8369701987210297e-16
DOG,CHIHUAHUA SH,BROWN/WHITE,FEMALE,STRAY,FLD_STRAY,UNKNOWN,SANTA ROSA,0.2518822724161533,0,-1.0,-1.8369701987210297e-16
OTHER,__RARE_OR_NEW__,WHITE,MALE,STRAY,OVER THE COUNTER,UNKNOWN,SANTA ROSA,1.8986995208761122,1,-1.0,-1.8369701987210297e-16
DOG,__RARE_OR_NEW__,TAN,MALE,STRAY,FLD_STRAY,UNKNOWN,SANTA ROSA,13.598904859685147,0,-1.0,-1.8369701987210297e-16
CAT,DOMESTIC SH,BLACK,UNKNOWN,STRAY,FLD_STRAY,UNKNOWN,SANTA ROSA,0.2518822724161533,1,-1.0,-1.8369701987210297e-16
DOG,POMERANIAN,FAWN,MALE,CONFISCATE,FLD_HOSPTL,UNKNOWN,SANTA ROSA,11.852156057494867,0,-1.0,-1.8369701987210297e-16
DOG,LABRADOR RETR/MIX,WHITE/BROWN,FEMALE,CONFISCATE,FLD_HOSPTL,UNKNOWN,SANTA ROSA,0.4161533196440794,0,-1.0,-1.8369701987210297e-16
DOG,__RARE_OR_NEW__,WHITE,FEMALE,CONFISCATE,FLD_HOSPTL,UNKNOWN,SANTA ROSA,12.999315537303216,0,-1.0,-1.8369701987210297e-16
DOG,AUST SHEPHERD/MIX,WHITE,FEMALE,BORN HERE,MOM STRAY,UNKNOWN,SANTA ROSA,0.0,0,-1.0,-1.8369701987210297e-16
DOG,AUST SHEPHERD/MIX,WHITE,UNKNOWN,BORN HERE,MOM STRAY,UNKNOWN,SANTA ROSA,0.0,0,-1.0,-1.8369701987210297e-16
DOG,AUST SHEPHERD/MIX,WHITE,UNKNOWN,BORN HERE,MOM STRAY,UNKNOWN,SANTA ROSA,0.0,0,-1.0,-1.8369701987210297e-16
DOG,AUST SHEPHERD/MIX,BROWN/WHITE,UNKNOWN,BORN HERE,MOM STRAY,UNKNOWN,SANTA ROSA,0.0,0,-1.0,-1.8369701987210297e-16
DOG,AUST SHEPHERD/MIX,BROWN/WHITE,UNKNOWN,BORN HERE,MOM STRAY,UNKNOWN,SANTA ROSA,0.0,0,-1.0,-1.8369701987210297e-16
DOG,AUST SHEPHERD/MIX,BLACK/WHITE,UNKNOWN,BORN HERE,MOM STRAY,UNKNOWN,SANTA ROSA,0.0,0,-1.0,-1.8369701987210297e-16
DOG,AUST SHEPHERD/MIX,BLACK/WHITE,UNKNOWN,BORN HERE,MOM STRAY,UNKNOWN,SANTA ROSA,0.0,0,-1.0,-1.8369701987210297e-16
DOG,AUST SHEPHERD/MIX,BLACK/WHITE,UNKNOWN,BORN HERE,MOM STRAY,UNKNOWN,SANTA ROSA,0.0,0,-1.0,-1.8369701987210297e-16
DOG,AUST SHEPHERD/MIX,BLACK/WHITE,UNKNOWN,BORN HERE,MOM STRAY,UNKNOWN,SANTA ROSA,0.0,0,-1.0,-1.8369701987210297e-16
DOG,AUST SHEPHERD/MIX,BLACK/WHITE,UNKNOWN,BORN HERE,MOM STRAY,UNKNOWN,SANTA ROSA,0.0,0,-1.0,-1.8369701987210297e-16
DOG,AUST SHEPHERD/MIX,BLACK/WHITE,UNKNOWN,BORN HERE,MOM STRAY,UNKNOWN,SANTA ROSA,0.0,0,-1.0,-1.8369701987210297e-16
DOG,__RARE_OR_NEW__,WHITE,MALE,QUARANTINE,FIELD,UNKNOWN,SANTA ROSA,0.5859000684462696,0,-1.0,-1.8369701987210297e-16
DOG,__RARE_OR_NEW__,WHITE/BLACK,FEMALE,OWNER SURRENDER,OVER THE COUNTER,UNKNOWN,SANTA ROSA,2.1683778234086244,0,-1.0,-1.8369701987210297e-16
DOG,BORDER COLLIE/MIX,BLACK/WHITE,MALE,STRAY,OVER THE COUNTER,HEALTHY,SANTA ROSA,1.1471594798083504,0,-1.0,-1.8369701987210297e-16
DOG,AUST SHEPHERD/MIX,BLACK/WHITE,MALE,STRAY,OVER THE COUNTER,UNKNOWN,SANTA ROSA,2.001368925393566,1,-1.0,-1.8369701987210297e-16
DOG,AUST SHEPHERD/MIX,BROWN/WHITE,UNKNOWN,BORN HERE,MOM STRAY,UNKNOWN,SANTA ROSA,0.0,0,-1.0,-1.8369701987210297e-16
DOG,GREAT PYRENEES,WHITE,MALE,STRAY,FLD_STRAY,UNKNOWN,COUNTY,1.2539356605065024,0,-1.0,-1.8369701987210297e-16
DOG,SIBERIAN HUSKY/MIX,WHITE,MALE,STRAY,FIELD,UNKNOWN,SANTA ROSA,1.002053388090349,0,-1.0,-1.8369701987210297e-16
DOG,SIBERIAN HUSKY/MIX,BLACK,MALE,STRAY,OVER THE COUNTER,UNKNOWN,SANTA ROSA,1.998631074606434,0,-1.0,-1.8369701987210297e-16
DOG,SIBERIAN HUSKY/MIX,BLACK/WHITE,MALE,STRAY,OVER THE COUNTER,UNKNOWN,SANTA ROSA,3.997262149212868,0,-1.0,-1.8369701987210297e-16
DOG,GERM SHEPHERD/MIX,WHITE,FEMALE,CONFISCATE,FLD_CORONR,UNKNOWN,SANTA ROSA,1.160848733744011,0,-1.0,-1.8369701987210297e-16
DOG,__RARE_OR_NEW__,__RARE_OR_NEW__,MALE,CONFISCATE,FLD_ARREST,UNKNOWN,SANTA ROSA,3.9014373716632442,0,-1.0,-1.8369701987210297e-16
CAT,DOMESTIC SH,BRN TABBY,MALE,STRAY,FLD_STRAY,UNKNOWN,SANTA ROSA,0.8268309377138946,0,-1.0,-1.8369701987210297e-16
DOG,YORKSHIRE TERR/MIX,GRAY/WHITE,FEMALE,CONFISCATE,FLD_HOSPTL,UNKNOWN,SANTA ROSA,3.8357289527720737,0,-1.0,-1.8369701987210297e-16
CAT,DOMESTIC SH,BRN TABBY,MALE,QUARANTINE,FIELD,UNKNOWN,SANTA ROSA,15.006160164271048,0,-1.0,-1.8369701987210297e-16
CAT,DOMESTIC SH,BLACK/WHITE,MALE,CONFISCATE,FLD_HOSPTL,UNKNOWN,SANTA ROSA,7.394934976043806,0,-1.0,-1.8369701987210297e-16
DOG,PIT BULL,GRAY,MALE,STRAY,FLD_STRAY,UNKNOWN,SANTA ROSA,3.488021902806297,0,-1.0,-1.8369701987210297e-16
DOG,CHIHUAHUA SH,BLACK/WHITE,MALE,CONFISCATE,FLD_ARREST,UNKNOWN,SANTA ROSA,6.620123203285421,0,-1.0,-1.8369701987210297e-16
CAT,DOMESTIC SH,TORTIE,FEMALE,STRAY,EMAIL,UNKNOWN,COUNTY,0.33401779603011633,0,-1.0,-1.8369701987210297e-16
CAT,DOMESTIC LH,WHITE/BLACK,MALE,STRAY,FLD_STRAY,UNKNOWN,SANTA ROSA,3.9890485968514717,0,-1.0,-1.8369701987210297e-16
DOG,PIT BULL/MIX,BLACK/WHITE,MALE,STRAY,FLD_STRAY,UNKNOWN,SANTA ROSA,3.813826146475017,0,-1.0,-1.8369701987210297e-16
DOG,__RARE_OR_NEW__,TAN,MALE,STRAY,OVER THE COUNTER,UNKNOWN,SANTA ROSA,1.5030800821355237,0,-1.0,-1.8369701987210297e-16
CAT,DOMESTIC LH,TORTIE,FEMALE,QUARANTINE,FIELD,UNKNOWN,SANTA ROSA,0.13689253935660506,0,-1.0,-1.8369701987210297e-16
DOG,__RARE_OR_NEW__,RED/WHITE,MALE,STRAY,FLD_STRAY,UNKNOWN,SANTA ROSA,1.054072553045859,0,-1.0,-1.8369701987210297e-16
CAT,DOMESTIC LH,BLACK,MALE,STRAY,OVER THE COUNTER,UNKNOWN,SANTA ROSA,0.6297056810403833,0,-1.0,-1.8369701987210297e-16
CAT,DOMESTIC MH,GRAY,MALE,STRAY,OVER THE COUNTER,UNKNOWN,SANTA ROSA,0.6297056810403833,0,-1.0,-1.8369701987210297e-16
DOG,PUG,BLACK,MALE,STRAY,FLD_STRAY,UNKNOWN,COUNTY,2.001368925393566,0,-1.0,-1.8369701987210297e-16
CAT,DOMESTIC SH,ORG TABBY,MALE,STRAY,OVER THE COUNTER,HEALTHY,SANTA ROSA,0.16700889801505817,0,-1.0,-1.8369701987210297e-16
CAT,DOMESTIC SH,BUFF,MALE,STRAY,OVER THE COUNTER,HEALTHY,SANTA ROSA,0.16700889801505817,0,-1.0,-1.8369701987210297e-16
CAT,DOMESTIC SH,BLACK/WHITE,MALE,STRAY,OVER THE COUNTER,HEALTHY,SANTA ROSA,0.16700889801505817,0,-1.0,-1.8369701987210297e-16
CAT,DOMESTIC SH,GRAY,FEMALE,STRAY,OVER THE COUNTER,HEALTHY,SANTA ROSA,0.16700889801505817,0,-1.0,-1.8369701987210297e-16
CAT,DOMESTIC SH,BRN TABBY,FEMALE,STRAY,FLD_STRAY,UNKNOWN,SANTA ROSA,0.2518822724161533,1,-1.0,-1.8369701987210297e-16
DOG,BORDER COLLIE,BLACK/WHITE,MALE,STRAY,FLD_STRAY,UNKNOWN,SANTA ROSA,5.530458590006845,0,-1.0,-1.8369701987210297e-16
DOG,__RARE_OR_NEW__,WHITE,MALE,STRAY,FLD_STRAY,UNKNOWN,SANTA ROSA,2.001368925393566,1,-1.0,-1.8369701987210297e-16
DOG,BEAGLE/MIX,TAN/BLACK,MALE,STRAY,FLD_STRAY,HEALTHY,COUNTY,1.002053388090349,0,-1.0,-1.8369701987210297e-16
CAT,DOMESTIC MH,ORANGE,UNKNOWN,STRAY,VET_HOSP,UNKNOWN,*SONOMA,0.2518822724161533,1,-1.0,-1.8369701987210297e-16
CAT,DOMESTIC SH,BLACK,MALE,STRAY,FIELD,HEALTHY,COUNTY,1.9685147159479808,0,-0.8660254037844386,0.5000000000000001
DOG,__RARE_OR_NEW__,RED/WHITE,MALE,OWNER SURRENDER,OVER THE COUNTER,HEALTHY,SANTA ROSA,1.678302532511978,0,-0.8660254037844386,0.5000000000000001
CAT,DOMESTIC SH,CALICO,FEMALE,STRAY,OVER THE COUNTER,UNKNOWN,SANTA ROSA,0.2518822724161533,1,-0.8660254037844386,0.5000000000000001
CAT,DOMESTIC SH,CREAM,FEMALE,STRAY,OVER THE COUNTER,UNKNOWN,SANTA ROSA,0.2518822724161533,1,-0.8660254037844386,0.5000000000000001
CAT,SIAMESE,FLAME PT,MALE,STRAY,OVER THE COUNTER,UNKNOWN,SANTA ROSA,0.2518822724161533,0,-0.8660254037844386,0.5000000000000001
CAT,DOMESTIC SH,CALICO,FEMALE,STRAY,OVER THE COUNTER,UNKNOWN,SANTA ROSA,4.0,0,-0.8660254037844386,0.5000000000000001
CAT,DOMESTIC SH,BLACK/WHITE,FEMALE,STRAY,OVER THE COUNTER,UNKNOWN,SANTA ROSA,0.2518822724161533,0,-0.8660254037844386,0.5000000000000001
DOG,__RARE_OR_NEW__,WHITE,MALE,STRAY,FLD_STRAY,UNKNOWN,SANTA ROSA,17.998631074606433,0,-0.8660254037844386,0.5000000000000001
DOG,CHIHUAHUA SH,BROWN,MALE,STRAY,OVER THE COUNTER,UNKNOWN,SANTA ROSA,0.2518822724161533,0,-0.8660254037844386,0.5000000000000001
CAT,DOMESTIC SH,BLACK/WHITE,FEMALE,STRAY,OVER THE COUNTER,UNKNOWN,SANTA ROSA,0.5037645448323066,0,-0.8660254037844386,0.5000000000000001
CAT,DOMESTIC SH,BLACK/WHITE,FEMALE,STRAY,OVER THE COUNTER,HEALTHY,SANTA ROSA,0.5037645448323066,0,-0.8660254037844386,0.5000000000000001
CAT,DOMESTIC SH,SEAL PT,FEMALE,STRAY,OVER THE COUNTER,UNKNOWN,SANTA ROSA,0.5037645448323066,0,-0.8660254037844386,0.5000000000000001
CAT,DOMESTIC MH,BLACK,FEMALE,STRAY,OVER THE COUNTER,UNKNOWN,SANTA ROSA,0.4654346338124572,0,-0.8660254037844386,0.5000000000000001
CAT,DOMESTIC SH,BLACK/WHITE,MALE,STRAY,OVER THE COUNTER,HEALTHY,SANTA ROSA,0.5037645448323066,0,-0.8660254037844386,0.5000000000000001
DOG,AM PIT BULL TER/MIX,BROWN/WHITE,MALE,STRAY,OVER THE COUNTER,UNKNOWN,SANTA ROSA,8.0,0,-0.8660254037844386,0.5000000000000001
DOG,PIT BULL,TAN,MALE,STRAY,OVER THE COUNTER,UNKNOWN,SANTA ROSA,1.5058179329226558,0,-0.8660254037844386,0.5000000000000001
DOG,GERM SHEPHERD,BLACK,FEMALE,STRAY,OVER THE COUNTER,UNKNOWN,COUNTY,3.668720054757016,0,-0.8660254037844386,0.5000000000000001
DOG,GERM SHEPHERD,BROWN/BLACK,MALE,STRAY,OVER THE COUNTER,UNKNOWN,COUNTY,0.837782340862423,0,-0.8660254037844386,0.5000000000000001
DOG,ALASKAN HUSKY,WHITE,MALE,STRAY,FIELD,UNKNOWN,COUNTY,5.90280629705681,0,-0.8660254037844386,0.5000000000000001
DOG,AUST SHEPHERD,BLUE MERLE,MALE,STRAY,FLD_STRAY,UNKNOWN,COUNTY,2.001368925393566,1,-0.8660254037844386,0.5000000000000001
DOG,GREAT PYRENEES,CREAM,FEMALE,STRAY,FLD_STRAY,UNKNOWN,COUNTY,1.5058179329226558,0,-0.8660254037844386,0.5000000000000001
DOG,CHIHUAHUA SH,TAN/WHITE,FEMALE,STRAY,OVER THE COUNTER,UNKNOWN,SANTA ROSA,0.11772758384668036,0,-0.8660254037844386,0.5000000000000001
CAT,DOMESTIC SH,ORANGE,MALE,STRAY,OVER THE COUNTER,UNKNOWN,SANTA ROSA,1.002053388090349,0,-0.8660254037844386,0.5000000000000001
DOG,SIBERIAN HUSKY,BLACK/WHITE,FEMALE,STRAY,OVER THE COUNTER,HEALTHY,SANTA ROSA,5.002053388090349,0,-0.8660254037844386,0.5000000000000001
DOG,SIBERIAN HUSKY,BLACK/WHITE,MALE,STRAY,OVER THE COUNTER,HEALTHY,SANTA ROSA,0.33675564681724846,0,-0.8660254037844386,0.5000000000000001
DOG,SIBERIAN HUSKY,BLACK/WHITE,MALE,STRAY,OVER THE COUNTER,UNKNOWN,SANTA ROSA,6.674880219028063,0,-0.8660254037844386,0.5000000000000001
DOG,SIBERIAN HUSKY,WHITE,MALE,STRAY,FLD_STRAY,UNKNOWN,SANTA ROSA,3.6084873374401094,0,-0.8660254037844386,0.5000000000000001
DOG,SIBERIAN HUSKY,WHITE,FEMALE,STRAY,FLD_STRAY,UNKNOWN,SANTA ROSA,2.190280629705681,0,-0.8660254037844386,0.5000000000000001
DOG,__RARE_OR_NEW__,GRAY,FEMALE,STRAY,FLD_STRAY,UNKNOWN,COUNTY,3.980835044490075,0,-0.8660254037844386,0.5000000000000001
CAT,DOMESTIC SH,BLACK/GRAY,UNKNOWN,STRAY,FLD_EMERGE,UNKNOWN,COUNTY,0.2518822724161533,1,-0.8660254037844386,0.5000000000000001
DOG,GERM SHEPHERD,BROWN/BLACK,MALE,STRAY,OVER THE COUNTER,UNKNOWN,COUNTY,0.8432580424366872,0,-0.8660254037844386,0.5000000000000001
DOG,GERM SHEPHERD,BLACK,FEMALE,STRAY,OVER THE COUNTER,UNKNOWN,COUNTY,3.67419575633128,0,-0.8660254037844386,0.5000000000000001
CAT,DOMESTIC SH,ORANGE/WHITE,MALE,STRAY,FLD_STRAY,UNKNOWN,COUNTY,0.2929500342231348,0,-0.8660254037844386,0.5000000000000001
CAT,DOMESTIC SH,TORTIE,FEMALE,STRAY,FLD_STRAY,UNKNOWN,COUNTY,0.2929500342231348,0,-0.8660254037844386,0.5000000000000001
DOG,LABRADOR RETR,ORANGE,FEMALE,STRAY,FLD_STRAY,UNKNOWN,COUNTY,8.131416837782341,0,-0.8660254037844386,0.5000000000000001
DOG,SIBERIAN HUSKY,GRAY/BLACK,MALE,STRAY,FLD_STRAY,UNKNOWN,SANTA ROSA,4.312114989733059,0,-0.8660254037844386,0.5000000000000001
DOG,FRENCH BULLDOG,GRAY,MALE,STRAY,FLD_STRAY,UNKNOWN,SANTA ROSA,4.0,0,-0.8660254037844386,0.5000000000000001
CAT,DOMESTIC SH,BLACK,MALE,STRAY,EMAIL,UNKNOWN,SANTA ROSA,0.2518822724161533,1,-0.8660254037844386,0.5000000000000001
DOG,AUST CATTLE DOG,__RARE_OR_NEW__,FEMALE,STRAY,OVER THE COUNTER,HEALTHY,SANTA ROSA,0.2080766598220397,0,-0.8660254037844386,0.5000000000000001
DOG,AUST CATTLE DOG,__RARE_OR_NEW__,FEMALE,STRAY,OVER THE COUNTER,HEALTHY,SANTA ROSA,0.2080766598220397,0,-0.8660254037844386,0.5000000000000001
CAT,DOMESTIC LH,ORG TABBY,MALE,STRAY,OVER THE COUNTER,UNKNOWN,COUNTY,0.2518822724161533,1,-0.8660254037844386,0.5000000000000001
CAT,DOMESTIC SH,GRAY/WHITE,FEMALE,STRAY,EMAIL,UNKNOWN,COUNTY,0.2518822724161533,1,-0.8660254037844386,0.5000000000000001
DOG,LABRADOR RETR,YELLOW,FEMALE,STRAY,FLD_STRAY,UNKNOWN,SANTA ROSA,5.9986310746064335,0,-0.8660254037844386,0.5000000000000001
DOG,CHIHUAHUA SH,TAN/WHITE,MALE,STRAY,FLD_STRAY,UNKNOWN,SANTA ROSA,1.9630390143737166,0,-0.8660254037844386,0.5000000000000001
CAT,DOMESTIC SH,GRAY/WHITE,MALE,STRAY,EMAIL,UNKNOWN,COUNTY,0.2518822724161533,1,-0.8660254037844386,0.5000000000000001
DOG,CHIHUAHUA SH/MIX,TAN,MALE,STRAY,FLD_STRAY,UNKNOWN,COUNTY,1.002053388090349,0,-0.8660254037844386,0.5000000000000001
DOG,SIBERIAN HUSKY,WHITE,FEMALE,STRAY,FLD_STRAY,UNKNOWN,SANTA ROSA,6.685831622176591,0,-0.8660254037844386,0.5000000000000001
OTHER,HORSE,BROWN,FEMALE,STRAY,FLD_STRAY,UNKNOWN,COUNTY,1.8986995208761122,1,-0.8660254037844386,0.5000000000000001
DOG,PIT BULL,BLACK/WHITE,FEMALE,OWNER SURRENDER,FIELD,UNKNOWN,SANTA ROSA,0.07665982203969883,0,-0.8660254037844386,0.5000000000000001
DOG,PIT BULL,FAWN/WHITE,FEMALE,OWNER SURRENDER,FIELD,UNKNOWN,SANTA ROSA,0.11498973305954825,0,-0.8660254037844386,0.5000000000000001
DOG,PIT BULL,BLACK/WHITE,FEMALE,OWNER SURRENDER,FIELD,UNKNOWN,SANTA ROSA,0.07665982203969883,0,-0.8660254037844386,0.5000000000000001
DOG,PIT BULL,BLUE/WHITE,MALE,OWNER SURRENDER,FIELD,UNKNOWN,SANTA ROSA,0.11498973305954825,0,-0.8660254037844386,0.5000000000000001
DOG,PIT BULL,BLUE/WHITE,MALE,OWNER SURRENDER,FIELD,UNKNOWN,SANTA ROSA,0.07665982203969883,0,-0.8660254037844386,0.5000000000000001
DOG,PIT BULL,BLACK/WHITE,FEMALE,OWNER SURRENDER,FIELD,UNKNOWN,SANTA ROSA,0.07665982203969883,0,-0.8660254037844386,0.5000000000000001
DOG,PIT BULL,BLUE/WHITE,MALE,OWNER SURRENDER,FIELD,UNKNOWN,SANTA ROSA,0.07665982203969883,0,-0.8660254037844386,0.5000000000000001
DOG,PIT BULL/MIX,TAN/WHITE,MALE,STRAY,FLD_STRAY,HEALTHY,SANTA ROSA,2.91854893908282,0,-0.8660254037844386,0.5000000000000001
CAT,DOMESTIC SH,__RARE_OR_NEW__,FEMALE,STRAY,OVER THE COUNTER,HEALTHY,SANTA ROSA,0.648870636550308,0,-0.8660254037844386,0.5000000000000001
CAT,DOMESTIC SH,BRN TABBY/WHITE,MALE,STRAY,OVER THE COUNTER,HEALTHY,COUNTY,2.001368925393566,0,-0.8660254037844386,0.5000000000000001
DOG,BORDER COLLIE,BLACK/WHITE,MALE,STRAY,FLD_STRAY,UNKNOWN,SANTA ROSA,0.49828884325804246,0,-0.8660254037844386,0.5000000000000001
DOG,BORDER COLLIE,BLACK/WHITE,MALE,STRAY,FLD_STRAY,UNKNOWN,SANTA ROSA,0.49828884325804246,0,-0.8660254037844386,0.5000000000000001
DOG,__RARE_OR_NEW__,TAN,FEMALE,STRAY,OVER THE COUNTER,UNKNOWN,SANTA ROSA,2.5763175906913074,0,-0.8660254037844386,0.5000000000000001
OTHER,CHICKEN,RED/BLACK,FEMALE,STRAY,FLD_STRAY,UNKNOWN,COUNTY,1.8986995208761122,1,-0.8660254037844386,0.5000000000000001
DOG,CHIHUAHUA SH,BLACK,MALE,STRAY,FLD_STRAY,UNKNOWN,SANTA ROSA,5.746748802190281,0,-0.8660254037844386,0.5000000000000001
CAT,DOMESTIC SH,CALICO,FEMALE,STRAY,OVER THE COUNTER,HEALTHY,COUNTY,1.002053388090349,0,-0.8660254037844386,0.5000000000000001
DOG,POODLE MIN/MIX,WHITE,MALE,STRAY,FLD_STRAY,UNKNOWN,SANTA ROSA,11.000684462696784,0,-0.8660254037844386,0.5000000000000001
DOG,CHIHUAHUA SH,__RARE_OR_NEW__,FEMALE,STRAY,FLD_STRAY,UNKNOWN,SANTA ROSA,3.0006844626967832,0,-0.8660254037844386,0.5000000000000001
CAT,DOMESTIC SH,BRN TABBY/WHITE,MALE,STRAY,OVER THE COUNTER,UNKNOWN,SANTA ROSA,3.0006844626967832,0,-0.8660254037844386,0.5000000000000001
DOG,LABRADOR RETR/MIX,BLACK,FEMALE,STRAY,FLD_STRAY,UNKNOWN,COUNTY,1.429158110882957,0,-0.8660254037844386,0.5000000000000001
CAT,DOMESTIC MH,ORG TABBY,MALE,STRAY,FLD_STRAY,UNKNOWN,COUNTY,0.4380561259411362,0,-0.8660254037844386,0.5000000000000001
CAT,DOMESTIC SH,GRAY,FEMALE,CONFISCATE,__RARE_OR_NEW__,UNKNOWN,SANTA ROSA,0.2518822724161533,1,-0.8660254037844386,0.5000000000000001
DOG,AUST CATTLE DOG,RED/WHITE,MALE,STRAY,OVER THE COUNTER,UNKNOWN,COUNTY,1.5304585900068446,0,-0.8660254037844386,0.5000000000000001
CAT,DOMESTIC LH,GRAY,UNKNOWN,STRAY,OVER THE COUNTER,UNKNOWN,SANTA ROSA,0.2518822724161533,1,-0.8660254037844386,0.5000000000000001
OTHER,RABBIT SH,TAN/WHITE,MALE,STRAY,FLD_STRAY,HEALTHY,SANTA ROSA,1.8973305954825461,0,-0.8660254037844386,0.5000000000000001
DOG,LABRADOR RETR/MIX,TAN/WHITE,FEMALE,STRAY,FLD_STRAY,UNKNOWN,SANTA ROSA,2.001368925393566,1,-0.8660254037844386,0.5000000000000001
DOG,GERM SHEPHERD,BLACK/BROWN,MALE,STRAY,OVER THE COUNTER,UNKNOWN,COUNTY,3.0006844626967832,0,-0.8660254037844386,0.5000000000000001
DOG,POMERANIAN,RED,FEMALE,STRAY,OVER THE COUNTER,UNKNOWN,SANTA ROSA,1.002053388090349,0,-0.8660254037844386,0.5000000000000001
DOG,FRENCH BULLDOG,__RARE_OR_NEW__,MALE,STRAY,OVER THE COUNTER,UNKNOWN,SANTA ROSA,1.566050650239562,0,-0.8660254037844386,0.5000000000000001
DOG,BELG MALINOIS,TAN/BLACK,MALE,STRAY,FLD_STRAY,UNKNOWN,SANTA ROSA,0.8952772073921971,0,-0.8660254037844386,0.5000000000000001
DOG,BELG MALINOIS,TAN/BLACK,FEMALE,STRAY,FLD_STRAY,UNKNOWN,SANTA ROSA,1.4373716632443532,0,-0.8660254037844386,0.5000000000000001
DOG,CHIHUAHUA SH/MIX,RED/WHITE,MALE,STRAY,FLD_STRAY,UNKNOWN,COUNTY,1.5058179329226558,0,-0.8660254037844386,0.5000000000000001
DOG,GERM SHEPHERD/MIX,TAN/BLACK,MALE,STRAY,FLD_STRAY,TREATABLE/REHAB,SANTA ROSA,1.5058179329226558,0,-0.8660254037844386,0.5000000000000001
DOG,__RARE_OR_NEW__,BROWN/BLACK,FEMALE,STRAY,OVER THE COUNTER,UNKNOWN,SANTA ROSA,0.5037645448323066,0,-0.8660254037844386,0.5000000000000001
DOG,__RARE_OR_NEW__,BROWN/WHITE,MALE,STRAY,FLD_STRAY,UNKNOWN,COUNTY,1.5030800821355237,0,-0.8660254037844386,0.5000000000000001
CAT,DOMESTIC SH,ORG TABBY,MALE,STRAY,OVER THE COUNTER,UNKNOWN,COUNTY,8.936344969199178,0,-0.8660254037844386,0.5000000000000001
DOG,__RARE_OR_NEW__,BR BRINDLE/WHITE,MALE,STRAY,FIELD,UNKNOWN,COUNTY,2.518822724161533,0,-0.8660254037844386,0.5000000000000001
CAT,DOMESTIC MH,GRAY TABBY,MALE,STRAY,OVER THE COUNTER,HEALTHY,COUNTY,2.001368925393566,0,-0.8660254037844386,0.5000000000000001
CAT,DOMESTIC SH,BRN TABBY,MALE,STRAY,OVER THE COUNTER,HEALTHY,SANTA ROSA,0.12594113620807665,0,-0.8660254037844386,0.5000000000000001
DOG,PUG,BLACK,MALE,STRAY,FLD_STRAY,UNKNOWN,COUNTY,2.0424366872005475,0,-0.8660254037844386,0.5000000000000001
DOG,GERM SHEPHERD,TAN/BLACK,MALE,STRAY,FLD_STRAY,UNKNOWN,COUNTY,1.3333333333333333,0,-0.8660254037844386,0.5000000000000001
DOG,GERM SHEPHERD/SIBERIAN HUSKY,BLACK/TAN,MALE,OWNER SURRENDER,OVER THE COUNTER,UNKNOWN,SANTA ROSA,1.538672142368241,0,-0.8660254037844386,0.5000000000000001
DOG,GERM SHEPHERD,BLACK/TAN,FEMALE,OWNER SURRENDER,OVER THE COUNTER,UNKNOWN,SANTA ROSA,4.856947296372348,0,-0.8660254037844386,0.5000000000000001
DOG,GERM SHEPHERD/SIBERIAN HUSKY,TAN/BLACK,MALE,OWNER SURRENDER,OVER THE COUNTER,UNKNOWN,SANTA ROSA,4.919917864476386,0,-0.8660254037844386,0.5000000000000001
DOG,AM PIT BULL TER/MIX,BR BRINDLE,FEMALE,STRAY,FLD_STRAY,UNKNOWN,SANTA ROSA,0.6789869952087612,0,-0.8660254037844386,0.5000000000000001
DOG,__RARE_OR_NEW__,BLACK,MALE,STRAY,FLD_STRAY,UNKNOWN,SANTA ROSA,2.001368925393566,0,-0.8660254037844386,0.5000000000000001
DOG,POMERANIAN,TAN,FEMALE,STRAY,FLD_STRAY,UNKNOWN,SANTA ROSA,6.094455852156058,0,-0.8660254037844386,0.5000000000000001
DOG,PIT BULL/MIX,BROWN/WHITE,MALE,STRAY,FIELD,UNKNOWN,COUNTY,0.2518822724161533,0,-0.8660254037844386,0.5000000000000001
DOG,__RARE_OR_NEW__,BLACK/WHITE,MALE,CONFISCATE,FLD_HOSPTL,UNKNOWN,SANTA ROSA,7.958932238193018,0,-0.8660254037844386,0.5000000000000001
CAT,DOMESTIC SH,BLACK,FEMALE,STRAY,OVER THE COUNTER,HEALTHY,SANTA ROSA,2.001368925393566,0,-0.8660254037844386,0.5000000000000001
CAT,DOMESTIC SH,GRAY TABBY,FEMALE,STRAY,OVER THE COUNTER,UNKNOWN,SANTA ROSA,2.001368925393566,0,-0.8660254037844386,0.5000000000000001
CAT,DOMESTIC LH,BLACK,MALE,STRAY,OVER THE COUNTER,UNKNOWN,COUNTY,13.25119780971937,0,-0.8660254037844386,0.5000000000000001
OTHER,__RARE_OR_NEW__,SEAL PT,FEMALE,STRAY,OVER THE COUNTER,UNKNOWN,SANTA ROSA,5.002053388090349,0,-0.8660254037844386,0.5000000000000001
CAT,DOMESTIC SH,BLACK/WHITE,MALE,STRAY,OVER THE COUNTER,HEALTHY,SANTA ROSA,3.0006844626967832,0,-0.8660254037844386,0.5000000000000001
DOG,PIT BULL/MIX,TAN/WHITE,MALE,CONFISCATE,FLD_ARREST,UNKNOWN,COUNTY,2.001368925393566,1,-0.8660254037844386,0.5000000000000001
CAT,DOMESTIC LH,BRN TABBY/WHITE,MALE,STRAY,FLD_STRAY,UNKNOWN,SANTA ROSA,2.9952087611225187,0,-0.8660254037844386,0.5000000000000001
CAT,DOMESTIC SH,BLACK,MALE,STRAY,FLD_STRAY,TREATABLE/MANAGEABLE,SANTA ROSA,1.9548254620123204,0,-0.8660254037844386,0.5000000000000001
CAT,DOMESTIC SH,BLACK/WHITE,FEMALE,STRAY,EMAIL,UNKNOWN,COUNTY,0.2518822724161533,1,-0.8660254037844386,0.5000000000000001
DOG,SIBERIAN HUSKY,WHITE,MALE,STRAY,FLD_STRAY,UNKNOWN,COUNTY,3.4195756331279945,0,-0.8660254037844386,0.5000000000000001
DOG,SIBERIAN HUSKY,WHITE,MALE,STRAY,OVER THE COUNTER,UNKNOWN,COUNTY,2.001368925393566,1,-0.8660254037844386,0.5000000000000001
DOG,BORDER COLLIE/MIX,BLACK/WHITE,MALE,STRAY,FLD_STRAY,UNKNOWN,SANTA ROSA,0.6461327857631759,0,-0.8660254037844386,0.5000000000000001
DOG,BORDER COLLIE/MIX,BLACK,FEMALE,STRAY,FLD_STRAY,UNKNOWN,COUNTY,4.895277207392197,0,-0.8660254037844386,0.5000000000000001
DOG,YORKSHIRE TERR/MIX,TRICOLOR,MALE,STRAY,FLD_STRAY,UNKNOWN,COUNTY,2.9322381930184807,0,-0.8660254037844386,0.5000000000000001
DOG,CHIHUAHUA SH,BROWN,MALE,STRAY,FLD_STRAY,UNKNOWN,SANTA ROSA,2.001368925393566,1,-0.8660254037844386,0.5000000000000001
DOG,GERM SHEPHERD,BLACK/TAN,FEMALE,STRAY,FLD_STRAY,UNKNOWN,COUNTY,2.0451745379876796,0,-0.8660254037844386,0.5000000000000001
DOG,GERM SHEPHERD/MIX,BLACK/TAN,MALE,STRAY,FLD_STRAY,UNKNOWN,COUNTY,0.2518822724161533,0,-0.8660254037844386,0.5000000000000001
DOG,__RARE_OR_NEW__,TAN/BLACK,MALE,STRAY,FLD_STRAY,UNKNOWN,COUNTY,0.6707734428473648,0,-0.8660254037844386,0.5000000000000001
CAT,DOMESTIC SH,BLACK,MALE,OWNER SURRENDER,OVER THE COUNTER,HEALTHY,COUNTY,0.2080766598220397,0,-0.8660254037844386,0.5000000000000001
CAT,DOMESTIC SH,BLACK,FEMALE,OWNER SURRENDER,OVER THE COUNTER,UNKNOWN,COUNTY,0.2080766598220397,0,-0.8660254037844386,0.5000000000000001
CAT,__RARE_OR_NEW__,BLACK,FEMALE,OWNER SURRENDER,OVER THE COUNTER,UNKNOWN,COUNTY,0.2080766598220397,0,-0.8660254037844386,0.5000000000000001
CAT,__RARE_OR_NEW__,BRN TABBY,FEMALE,OWNER SURRENDER,OVER THE COUNTER,UNKNOWN,COUNTY,0.2080766598220397,0,-0.8660254037844386,0.5000000000000001
CAT,DOMESTIC SH,BLK TABBY,MALE,OWNER SURRENDER,OVER THE COUNTER,HEALTHY,COUNTY,0.2080766598220397,0,-0.8660254037844386,0.5000000000000001
DOG,__RARE_OR_NEW__,TRICOLOR,FEMALE,STRAY,FLD_STRAY,HEALTHY,SANTA ROSA,1.3826146475017111,0,-0.8660254037844386,0.5000000000000001
CAT,DOMESTIC SH,TORTIE,FEMALE,STRAY,OVER THE COUNTER,UNKNOWN,SANTA ROSA,8.0,0,-0.8660254037844386,0.5000000000000001
CAT,DOMESTIC LH,BRN TABBY/WHITE,MALE,STRAY,OVER THE COUNTER,UNKNOWN,SANTA ROSA,8.0,0,-0.8660254037844386,0.5000000000000001
CAT,SIAMESE,__RARE_OR_NEW__,MALE,STRAY,OVER THE COUNTER,HEALTHY,SANTA ROSA,0.5037645448323066,0,-0.8660254037844386,0.5000000000000001
CAT,DOMESTIC SH,BRN TABBY/WHITE,FEMALE,CONFISCATE,FLD_ARREST,UNKNOWN,COUNTY,1.002053388090349,0,-0.8660254037844386,0.5000000000000001
DOG,__RARE_OR_NEW__,BROWN,FEMALE,STRAY,OVER THE COUNTER,UNKNOWN,COUNTY,2.001368925393566,1,-0.8660254037844386,0.5000000000000001
DOG,GERM SHEPHERD,BLACK/TAN,MALE,STRAY,FLD_STRAY,UNKNOWN,COUNTY,2.001368925393566,1,-0.8660254037844386,0.5000000000000001
DOG,__RARE_OR_NEW__,RED/BLACK,MALE,STRAY,FLD_STRAY,UNKNOWN,SANTA ROSA,3.923340177960301,0,-0.8660254037844386,0.5000000000000001
DOG,SIBERIAN HUSKY,WHITE,MALE,OWNER SURRENDER,OVER THE COUNTER,UNKNOWN,SANTA ROSA,3.6605065023956196,0,-0.8660254037844386,0.5000000000000001
DOG,SIBERIAN HUSKY,WHITE,FEMALE,OWNER SURRENDER,OVER THE COUNTER,UNKNOWN,SANTA ROSA,2.242299794661191,0,-0.8660254037844386,0.5000000000000001
DOG,SIBERIAN HUSKY/MIX,__RARE_OR_NEW__,FEMALE,OWNER SURRENDER,OVER THE COUNTER,HEALTHY,SANTA ROSA,0.15058179329226556,0,-0.8660254037844386,0.5000000000000001
DOG,SIBERIAN HUSKY/MIX,WHITE,MALE,OWNER SURRENDER,OVER THE COUNTER,HEALTHY,SANTA ROSA,0.15058179329226556,0,-0.8660254037844386,0.5000000000000001
DOG,SIBERIAN HUSKY/MIX,WHITE,MALE,OWNER SURRENDER,OVER THE COUNTER,UNKNOWN,SANTA ROSA,0.15058179329226556,0,-0.8660254037844386,0.5000000000000001
DOG,SIBERIAN HUSKY,WHITE,FEMALE,OWNER SURRENDER,OVER THE COUNTER,HEALTHY,SANTA ROSA,0.15058179329226556,0,-0.8660254037844386,0.5000000000000001
DOG,SIBERIAN HUSKY/MIX,WHITE,MALE,OWNER SURRENDER,OVER THE COUNTER,HEALTHY,SANTA ROSA,0.15058179329226556,0,-0.8660254037844386,0.5000000000000001
CAT,DOMESTIC SH,ORANGE/WHITE,MALE,STRAY,OVER THE COUNTER,HEALTHY,COUNTY,0.16700889801505817,0,-0.8660254037844386,0.5000000000000001
DOG,PIT BULL,GRAY/WHITE,FEMALE,STRAY,OVER THE COUNTER,HEALTHY,COUNTY,2.001368925393566,1,-0.8660254037844386,0.5000000000000001
DOG,__RARE_OR_NEW__,TAN/WHITE,MALE,QUARANTINE,FIELD,UNKNOWN,COUNTY,2.001368925393566,0,-0.8660254037844386,0.5000000000000001
CAT,DOMESTIC LH,BLACK/WHITE,FEMALE,STRAY,FLD_STRAY,UNKNOWN,SANTA ROSA,0.09856262833675565,0,-0.8660254037844386,0.5000000000000001
CAT,DOMESTIC MH,BLACK,MALE,STRAY,FLD_STRAY,UNKNOWN,SANTA ROSA,0.09856262833675565,0,-0.8660254037844386,0.5000000000000001
CAT,DOMESTIC MH,BLACK,FEMALE,STRAY,FLD_STRAY,UNKNOWN,SANTA ROSA,0.09856262833675565,0,-0.8660254037844386,0.5000000000000001
CAT,DOMESTIC MH,BLACK/WHITE,MALE,STRAY,FLD_STRAY,UNKNOWN,SANTA ROSA,0.09856262833675565,0,-0.8660254037844386,0.5000000000000001
CAT,DOMESTIC MH,BLACK/WHITE,FEMALE,STRAY,FLD_STRAY,UNKNOWN,SANTA ROSA,0.09856262833675565,0,-0.8660254037844386,0.5000000000000001
DOG,ROTTWEILER,BLACK/BROWN,MALE,STRAY,OVER THE COUNTER,UNKNOWN,COUNTY,2.001368925393566,1,-0.8660254037844386,0.5000000000000001
DOG,GERM SHEPHERD/MIX,BLACK/TAN,MALE,STRAY,FLD_STRAY,UNKNOWN,SANTA ROSA,8.0,0,-0.8660254037844386,0.5000000000000001
DOG,GERM SHEPHERD/MIX,BLACK/BROWN,MALE,STRAY,FLD_STRAY,UNKNOWN,COUNTY,4.0,0,-0.8660254037844386,0.5000000000000001
DOG,__RARE_OR_NEW__,BROWN,FEMALE,CONFISCATE,FLD_ARREST,UNKNOWN,SANTA ROSA,2.1218343600273784,0,-0.8660254037844386,0.5000000000000001
DOG,BELG MALINOIS,BROWN/BLACK,MALE,STRAY,OVER THE COUNTER,UNKNOWN,SANTA ROSA,4.0,0,-0.8660254037844386,0.5000000000000001
DOG,AUST CATTLE DOG/MIX,BLACK/WHITE,MALE,QUARANTINE,FIELD,UNKNOWN,COUNTY,11.000684462696784,0,-0.8660254037844386,0.5000000000000001
DOG,PIT BULL,GRAY,MALE,CONFISCATE,FLD_HOSPTL,UNKNOWN,SANTA ROSA,2.001368925393566,1,-0.8660254037844386,0.5000000000000001
DOG,POODLE MIN/MIX,GRAY/WHITE,MALE,STRAY,FLD_STRAY,UNKNOWN,SANTA ROSA,2.8720054757015743,0,-0.8660254037844386,0.5000000000000001
DOG,BEAGLE/MIX,BLACK/WHITE,FEMALE,CONFISCATE,FLD_ARREST,UNKNOWN,COUNTY,1.462012320328542,0,-0.8660254037844386,0.5000000000000001
DOG,PIT BULL,GRAY/WHITE,FEMALE,STRAY,FLD_STRAY,UNKNOWN,COUNTY,2.001368925393566,1,-0.8660254037844386,0.5000000000000001
DOG,PIT BULL,GRAY/WHITE,MALE,STRAY,FLD_STRAY,TREATABLE/MANAGEABLE,COUNTY,7.912388774811773,0,-0.8660254037844386,0.5000000000000001
DOG,POODLE MIN/MIX,WHITE,FEMALE,CONFISCATE,FLD_ARREST,UNKNOWN,SANTA ROSA,7.0335386721423685,0,-0.8660254037844386,0.5000000000000001
DOG,__RARE_OR_NEW__,BR BRINDLE,FEMALE,STRAY,FLD_STRAY,UNKNOWN,COUNTY,2.001368925393566,0,-0.8660254037844386,0.5000000000000001
DOG,SIBERIAN HUSKY,WHITE,MALE,STRAY,FLD_STRAY,UNKNOWN,COUNTY,2.1546885694729636,0,-0.8660254037844386,0.5000000000000001
DOG,FRENCH BULLDOG,BROWN/BLACK,MALE,STRAY,OVER THE COUNTER,UNKNOWN,COUNTY,2.0424366872005475,0,-0.8660254037844386,0.5000000000000001
DOG,PARSON RUSS TER,BROWN,MALE,STRAY,OVER THE COUNTER,UNKNOWN,SANTA ROSA,13.902806297056811,0,-0.8660254037844386,0.5000000000000001
OTHER,RABBIT SH,WHITE,MALE,STRAY,OVER THE COUNTER,UNKNOWN,COUNTY,1.8863791923340179,0,-0.8660254037844386,0.5000000000000001
DOG,GERM SHEPHERD,BLACK/RED,MALE,OWNER SURRENDER,OVER THE COUNTER,UNKNOWN,COUNTY,3.0006844626967832,0,-0.8660254037844386,0.5000000000000001
DOG,GERM SHEPHERD,BLACK/RED,FEMALE,OWNER SURRENDER,OVER THE COUNTER,UNKNOWN,COUNTY,1.002053388090349,0,-0.8660254037844386,0.5000000000000001
CAT,DOMESTIC LH,ORG TABBY,MALE,CONFISCATE,FLD_HOSPTL,UNKNOWN,SANTA ROSA,12.0,0,-0.8660254037844386,0.5000000000000001
CAT,DOMESTIC SH,ORG TABBY,MALE,STRAY,FLD_STRAY,HEALTHY,COUNTY,3.972621492128679,0,-0.8660254037844386,0.5000000000000001
DOG,GERM SHEPHERD/MIX,TAN/BLACK,MALE,STRAY,FLD_STRAY,UNKNOWN,SANTA ROSA,2.001368925393566,1,-0.8660254037844386,0.5000000000000001
DOG,PIT BULL/MIX,BR BRINDLE,FEMALE,OWNER SURRENDER,FIELD,UNKNOWN,SANTA ROSA,5.004791238877481,0,-0.8660254037844386,0.5000000000000001
CAT,SIAMESE/MIX,__RARE_OR_NEW__,FEMALE,STRAY,OVER THE COUNTER,UNKNOWN,SANTA ROSA,0.09308692676249145,0,-0.8660254037844386,0.5000000000000001
DOG,BORDER COLLIE/MIX,BLACK/WHITE,MALE,STRAY,FLD_STRAY,UNKNOWN,COUNTY,3.1074606433949348,0,-0.8660254037844386,0.5000000000000001
DOG,GREAT PYRENEES,WHITE,MALE,STRAY,FLD_STRAY,UNKNOWN,COUNTY,3.1074606433949348,0,-0.8660254037844386,0.5000000000000001
DOG,GERM SHEPHERD/MIX,BLACK/TAN,MALE,STRAY,FLD_STRAY,UNKNOWN,SANTA ROSA,0.5530458590006845,0,-0.8660254037844386,0.5000000000000001
DOG,GERM SHEPHERD/MIX,TAN/BLACK,FEMALE,STRAY,FLD_STRAY,UNKNOWN,SANTA ROSA,5.327857631759069,0,-0.8660254037844386,0.5000000000000001
DOG,LABRADOR RETR/MIX,BLACK,FEMALE,STRAY,FLD_STRAY,UNKNOWN,SANTA ROSA,0.974674880219028,0,-0.8660254037844386,0.5000000000000001
DOG,LABRADOR RETR/MIX,BLACK,FEMALE,STRAY,FLD_STRAY,UNKNOWN,SANTA ROSA,1.4784394250513346,0,-0.8660254037844386,0.5000000000000001
CAT,DOMESTIC SH,GRAY TABBY,FEMALE,STRAY,FLD_STRAY,UNKNOWN,SANTA ROSA,0.35592060232717315,0,-0.8660254037844386,0.5000000000000001
DOG,__RARE_OR_NEW__,WHITE,UNKNOWN,CONFISCATE,FLD_CRUEL,UNKNOWN,COUNTY,2.001368925393566,1,-0.8660254037844386,0.5000000000000001
DOG,__RARE_OR_NEW__,BROWN/WHITE,FEMALE,STRAY,FLD_STRAY,UNKNOWN,SANTA ROSA,0.2518822724161533,0,-0.8660254037844386,0.5000000000000001
DOG,GREAT PYRENEES,WHITE/TAN,MALE,STRAY,FLD_STRAY,UNKNOWN,COUNTY,2.001368925393566,1,-0.8660254037844386,0.5000000000000001
CAT,DOMESTIC SH,GRAY,MALE,OWNER SURRENDER,OVER THE COUNTER,HEALTHY,SANTA ROSA,0.2518822724161533,0,-0.8660254037844386,0.5000000000000001
CAT,DOMESTIC SH,GRAY TABBY,FEMALE,OWNER SURRENDER,OVER THE COUNTER,UNKNOWN,SANTA ROSA,0.2518822724161533,0,-0.8660254037844386,0.5000000000000001
CAT,DOMESTIC LH,GRAY TABBY,FEMALE,OWNER SURRENDER,OVER THE COUNTER,UNKNOWN,SANTA ROSA,0.2518822724161533,0,-0.8660254037844386,0.5000000000000001
DOG,AUST SHEPHERD,TRICOLOR,MALE,STRAY,FLD_STRAY,UNKNOWN,SANTA ROSA,2.9952087611225187,0,-0.8660254037844386,0.5000000000000001
DOG,__RARE_OR_NEW__,TAN,MALE,STRAY,OVER THE COUNTER,UNKNOWN,COUNTY,1.9329226557152634,0,-0.8660254037844386,0.5000000000000001
DOG,GERM SHEPHERD/MIX,BROWN/BLACK,MALE,STRAY,OVER THE COUNTER,UNKNOWN,COUNTY,8.0,0,-0.8660254037844386,0.5000000000000001
DOG,__RARE_OR_NEW__,BROWN/WHITE,MALE,STRAY,OVER THE COUNTER,UNKNOWN,SANTA ROSA,11.378507871321013,0,-0.8660254037844386,0.5000000000000001
OTHER,GOAT,WHITE,MALE,STRAY,FLD_STRAY,UNKNOWN,COUNTY,1.8986995208761122,1,-0.8660254037844386,0.5000000000000001
DOG,AUST SHEPHERD/MIX,TRICOLOR,MALE,STRAY,OVER THE COUNTER,UNKNOWN,SANTA ROSA,2.001368925393566,0,-0.8660254037844386,0.5000000000000001
DOG,__RARE_OR_NEW__,BLACK/BROWN,MALE,STRAY,FLD_STRAY,UNKNOWN,COUNTY,4.854209445585216,0,-0.8660254037844386,0.5000000000000001
DOG,__RARE_OR_NEW__,BLACK/BROWN,MALE,STRAY,FLD_STRAY,UNKNOWN,COUNTY,2.455852156057495,0,-0.5000000000000004,0.8660254037844384
DOG,__RARE_OR_NEW__,BLACK/WHITE,FEMALE,STRAY,FLD_STRAY,UNKNOWN,COUNTY,3.5509924709103355,0,-0.5000000000000004,0.8660254037844384
DOG,__RARE_OR_NEW__,WHITE,MALE,STRAY,FLD_STRAY,UNKNOWN,COUNTY,3.8193018480492813,0,-0.5000000000000004,0.8660254037844384
DOG,__RARE_OR_NEW__,BLACK,MALE,STRAY,FLD_STRAY,UNKNOWN,COUNTY,0.49828884325804246,0,-0.5000000000000004,0.8660254037844384
DOG,SIBERIAN HUSKY/MIX,WHITE,MALE,STRAY,FLD_STRAY,HEALTHY,COUNTY,1.8754277891854894,0,-0.5000000000000004,0.8660254037844384
DOG,__RARE_OR_NEW__,FAWN,MALE,STRAY,FLD_STRAY,UNKNOWN,SANTA ROSA,2.001368925393566,1,-0.5000000000000004,0.8660254037844384
DOG,__RARE_OR_NEW__,WHITE/BLACK,MALE,STRAY,FLD_STRAY,UNKNOWN,COUNTY,2.403832991101985,0,-0.5000000000000004,0.8660254037844384
DOG,AUST CATTLE DOG,BLACK/WHITE,FEMALE,STRAY,FLD_STRAY,UNKNOWN,SANTA ROSA,0.16700889801505817,0,-0.5000000000000004,0.8660254037844384
CAT,DOMESTIC SH,GRAY,MALE,STRAY,FLD_STRAY,UNKNOWN,SANTA ROSA,0.3258042436687201,0,-0.5000000000000004,0.8660254037844384
OTHER,RABBIT SH,WHITE/BROWN,FEMALE,STRAY,FLD_STRAY,UNKNOWN,SANTA ROSA,1.8986995208761122,1,-0.5000000000000004,0.8660254037844384
DOG,__RARE_OR_NEW__,__RARE_OR_NEW__,FEMALE,STRAY,OVER THE COUNTER,UNKNOWN,SANTA ROSA,8.0,0,-0.5000000000000004,0.8660254037844384
DOG,YORKSHIRE TERR/MIX,CREAM,FEMALE,STRAY,OVER THE COUNTER,UNKNOWN,SANTA ROSA,0.9582477754962354,0,-0.5000000000000004,0.8660254037844384
OTHER,__RARE_OR_NEW__,BLACK/WHITE,UNKNOWN,QUARANTINE,FIELD,UNKNOWN,SANTA ROSA,1.8986995208761122,1,-0.5000000000000004,0.8660254037844384
DOG,GERM SHEPHERD,TAN,MALE,STRAY,OVER THE COUNTER,UNKNOWN,COUNTY,2.001368925393566,1,-0.5000000000000004,0.8660254037844384
DOG,GERM SHEPHERD,TAN,MALE,STRAY,OVER THE COUNTER,UNKNOWN,SANTA ROSA,2.001368925393566,1,-0.5000000000000004,0.8660254037844384
DOG,ALASKAN HUSKY,WHITE/GRAY,MALE,STRAY,FLD_STRAY,UNKNOWN,SANTA ROSA,1.9685147159479808,0,-0.5000000000000004,0.8660254037844384
DOG,SIBERIAN HUSKY,WHITE/GRAY,MALE,STRAY,OVER THE COUNTER,UNKNOWN,COUNTY,2.001368925393566,1,-0.5000000000000004,0.8660254037844384
DOG,PIT BULL,BLACK/TAN,MALE,CONFISCATE,FLD_ABAND,HEALTHY,SANTA ROSA,1.9000684462696784,0,-0.5000000000000004,0.8660254037844384
DOG,GERM SHEPHERD,BLACK/TAN,MALE,STRAY,OVER THE COUNTER,UNKNOWN,SANTA ROSA,2.001368925393566,1,-0.5000000000000004,0.8660254037844384
DOG,__RARE_OR_NEW__,GOLD,FEMALE,STRAY,OVER THE COUNTER,UNKNOWN,SANTA ROSA,3.991786447638604,0,-0.5000000000000004,0.8660254037844384
DOG,GERM SHEPHERD,BLACK/TAN,FEMALE,OWNER SURRENDER,FIELD,UNKNOWN,COUNTY,2.001368925393566,1,-0.5000000000000004,0.8660254037844384
DOG,GERM SHEPHERD,BLACK,FEMALE,OWNER SURRENDER,FIELD,UNKNOWN,COUNTY,6.535249828884326,0,-0.5000000000000004,0.8660254037844384
OTHER,RABBIT SH,WHITE,MALE,STRAY,FLD_STRAY,HEALTHY,SANTA ROSA,0.4079397672826831,0,-0.5000000000000004,0.8660254037844384
DOG,FRENCH BULLDOG,GRAY,MALE,STRAY,FLD_STRAY,UNKNOWN,SANTA ROSA,1.4510609171800137,0,-0.5000000000000004,0.8660254037844384
DOG,PIT BULL/MIX,WHITE/BLACK,MALE,STRAY,FLD_STRAY,UNKNOWN,COUNTY,0.5968514715947981,0,-0.5000000000000004,0.8660254037844384
CAT,DOMESTIC SH,ORG TABBY/WHITE,MALE,STRAY,OVER THE COUNTER,HEALTHY,SANTA ROSA,0.2518822724161533,1,-0.5000000000000004,0.8660254037844384
DOG,PIT BULL/MIX,BLACK,FEMALE,STRAY,OVER THE COUNTER,UNKNOWN,COUNTY,5.002053388090349,0,-0.5000000000000004,0.8660254037844384
DOG,LABRADOR RETR,BLACK,MALE,CONFISCATE,FLD_ARREST,UNKNOWN,COUNTY,0.16700889801505817,0,-0.5000000000000004,0.8660254037844384
DOG,CHIHUAHUA LH/MIX,BROWN,MALE,STRAY,FLD_STRAY,UNKNOWN,SANTA ROSA,2.001368925393566,0,-0.5000000000000004,0.8660254037844384
DOG,__RARE_OR_NEW__,WHITE/BLACK,FEMALE,OWNER SURRENDER,OVER THE COUNTER,HEALTHY,COUNTY,3.676933607118412,0,-0.5000000000000004,0.8660254037844384
DOG,PIT BULL/MIX,BLUE/WHITE,MALE,STRAY,FLD_STRAY,UNKNOWN,SANTA ROSA,1.5030800821355237,0,-0.5000000000000004,0.8660254037844384
DOG,MASTIFF,BR BRINDLE/WHITE,FEMALE,STRAY,FLD_STRAY,UNKNOWN,SANTA ROSA,0.2655715263518138,0,-0.5000000000000004,0.8660254037844384
DOG,MASTIFF,BL BRINDLE,FEMALE,STRAY,FLD_STRAY,UNKNOWN,SANTA ROSA,2.001368925393566,1,-0.5000000000000004,0.8660254037844384
DOG,MASTIFF,BL BRINDLE,FEMALE,STRAY,FLD_STRAY,UNKNOWN,SANTA ROSA,2.001368925393566,1,-0.5000000000000004,0.8660254037844384
DOG,MASTIFF,BR BRINDLE/WHITE,FEMALE,STRAY,FLD_STRAY,UNKNOWN,SANTA ROSA,2.001368925393566,1,-0.5000000000000004,0.8660254037844384
DOG,CHIHUAHUA SH,BROWN,FEMALE,CONFISCATE,FLD_ARREST,UNKNOWN,SANTA ROSA,7.3319644079397674,0,-0.5000000000000004,0.8660254037844384
DOG,AUST CATTLE DOG/MIX,__RARE_OR_NEW__,MALE,CONFISCATE,FLD_ARREST,UNKNOWN,COUNTY,2.4476386036960984,0,-0.5000000000000004,0.8660254037844384
DOG,LABRADOR RETR,BROWN,MALE,STRAY,FLD_STRAY,UNKNOWN,SANTA ROSA,1.9931553730321698,0,-0.5000000000000004,0.8660254037844384
CAT,DOMESTIC SH,ORG TABBY,MALE,STRAY,FLD_STRAY,UNKNOWN,SANTA ROSA,0.7282683093771389,0,-0.5000000000000004,0.8660254037844384
DOG,POODLE MIN,WHITE,MALE,STRAY,FLD_STRAY,UNKNOWN,SANTA ROSA,2.001368925393566,1,-0.5000000000000004,0.8660254037844384
OTHER,RABBIT SH,WHITE/BROWN,UNKNOWN,STRAY,FLD_STRAY,UNKNOWN,SANTA ROSA,1.8986995208761122,1,-0.5000000000000004,0.8660254037844384
DOG,PIT BULL/MIX,BLACK/WHITE,MALE,ADOPTION RETURN,OVER THE COUNTER,UNKNOWN,SANTA ROSA,1.839835728952772,0,-0.5000000000000004,0.8660254037844384
DOG,LABRADOR RETR/MIX,CHOCOLATE/WHITE,MALE,STRAY,FLD_STRAY,UNKNOWN,COUNTY,2.001368925393566,1,-0.5000000000000004,0.8660254037844384
DOG,DOBERMAN PINSCH,__RARE_OR_NEW__,FEMALE,STRAY,FLD_STRAY,UNKNOWN,COUNTY,2.001368925393566,1,-0.5000000000000004,0.8660254037844384
CAT,DOMESTIC LH,ORG TABBY,MALE,STRAY,OVER THE COUNTER,UNKNOWN,SANTA ROSA,18.940451745379878,0,-0.5000000000000004,0.8660254037844384
DOG,ALASKAN HUSKY,WHITE/BROWN,FEMALE,STRAY,FLD_STRAY,UNKNOWN,SANTA ROSA,1.056810403832991,0,-0.5000000000000004,0.8660254037844384
DOG,__RARE_OR_NEW__,GRAY,FEMALE,STRAY,FLD_STRAY,UNKNOWN,SANTA ROSA,5.6563997262149215,0,-0.5000000000000004,0.8660254037844384
DOG,__RARE_OR_NEW__,AGOUTI,MALE,STRAY,OVER THE COUNTER,UNKNOWN,COUNTY,8.429842573579739,0,-0.5000000000000004,0.8660254037844384
DOG,BORDER COLLIE/MIX,BLACK/WHITE,FEMALE,STRAY,FLD_STRAY,UNKNOWN,COUNTY,5.02943189596167,0,-0.5000000000000004,0.8660254037844384
CAT,DOMESTIC SH,WHITE/GRAY,MALE,CONFISCATE,FLD_ARREST,HEALTHY,COUNTY,2.001368925393566,0,-0.5000000000000004,0.8660254037844384
CAT,DOMESTIC SH,BLACK,MALE,STRAY,OVER THE COUNTER,HEALTHY,SANTA ROSA,4.939082819986311,0,-0.5000000000000004,0.8660254037844384
CAT,DOMESTIC SH,BLACK,FEMALE,STRAY,OVER THE COUNTER,UNKNOWN,SANTA ROSA,0.12320328542094455,0,-0.5000000000000004,0.8660254037844384
CAT,DOMESTIC SH,BLACK,FEMALE,STRAY,OVER THE COUNTER,UNKNOWN,SANTA ROSA,0.12320328542094455,0,-0.5000000000000004,0.8660254037844384
CAT,DOMESTIC SH,BLACK,MALE,STRAY,OVER THE COUNTER,UNKNOWN,SANTA ROSA,0.12320328542094455,0,-0.5000000000000004,0.8660254037844384
DOG,GERM SHEPHERD/MIX,BLACK/TAN,MALE,STRAY,FLD_STRAY,UNKNOWN,SANTA ROSA,8.05201916495551,0,-0.5000000000000004,0.8660254037844384
DOG,GERM SHEPHERD,BLACK/TAN,FEMALE,STRAY,OVER THE COUNTER,TREATABLE/MANAGEABLE,SANTA ROSA,2.001368925393566,1,-0.5000000000000004,0.8660254037844384
CAT,DOMESTIC SH,CALICO,FEMALE,STRAY,FLD_STRAY,HEALTHY,SANTA ROSA,1.5030800821355237,0,-0.5000000000000004,0.8660254037844384
DOG,__RARE_OR_NEW__,TAN/BLACK,UNKNOWN,STRAY,FLD_EMERGE,UNKNOWN,COUNTY,2.001368925393566,1,-0.5000000000000004,0.8660254037844384
DOG,AUST SHEPHERD,BROWN/WHITE,FEMALE,OWNER SURRENDER,FIELD,UNKNOWN,COUNTY,1.0759753593429158,0,-0.5000000000000004,0.8660254037844384
DOG,PIT BULL/MIX,BLACK/WHITE,MALE,STRAY,OVER THE COUNTER,HEALTHY,SANTA ROSA,0.24914442162902123,0,-0.5000000000000004,0.8660254037844384
DOG,BELG MALINOIS/MIX,TAN,FEMALE,STRAY,OVER THE COUNTER,UNKNOWN,SANTA ROSA,2.001368925393566,0,-0.5000000000000004,0.8660254037844384
DOG,AUST CATTLE DOG/MIX,TRICOLOR,MALE,STRAY,OVER THE COUNTER,UNKNOWN,COUNTY,6.0013689253935665,0,-0.5000000000000004,0.8660254037844384
DOG,GERM SHEPHERD/MIX,TAN/BLACK,FEMALE,STRAY,PHONE,UNKNOWN,SANTA ROSA,5.368925393566051,0,-0.5000000000000004,0.8660254037844384
CAT,DOMESTIC SH,GRAY,MALE,STRAY,OVER THE COUNTER,UNKNOWN,SANTA ROSA,7.000684462696783,0,-0.5000000000000004,0.8660254037844384
DOG,__RARE_OR_NEW__,RED/BLACK,MALE,STRAY,OVER THE COUNTER,UNKNOWN,SANTA ROSA,1.002053388090349,0,-0.5000000000000004,0.8660254037844384
CAT,DOMESTIC MH,BLACK/WHITE,MALE,STRAY,OVER THE COUNTER,HEALTHY,SANTA ROSA,0.4188911704312115,0,-0.5000000000000004,0.8660254037844384
CAT,DOMESTIC SH,BRN TABBY/WHITE,MALE,STRAY,OVER THE COUNTER,UNKNOWN,SANTA ROSA,0.33401779603011633,0,-0.5000000000000004,0.8660254037844384
CAT,DOMESTIC SH,BLACK,MALE,STRAY,OVER THE COUNTER,UNKNOWN,SANTA ROSA,0.33401779603011633,0,-0.5000000000000004,0.8660254037844384
DOG,__RARE_OR_NEW__,RED,FEMALE,STRAY,FLD_STRAY,UNKNOWN,COUNTY,9.136208076659821,0,-0.5000000000000004,0.8660254037844384
DOG,__RARE_OR_NEW__,WHITE,FEMALE,STRAY,FLD_STRAY,UNKNOWN,SANTA ROSA,1.995893223819302,0,-0.5000000000000004,0.8660254037844384
DOG,GERM SHEPHERD/MIX,__RARE_OR_NEW__,MALE,STRAY,FLD_STRAY,UNKNOWN,SANTA ROSA,2.001368925393566,1,-0.5000000000000004,0.8660254037844384
DOG,LABRADOR RETR/MIX,BLACK,FEMALE,STRAY,FLD_STRAY,UNKNOWN,SANTA ROSA,1.5277207392197125,0,-0.5000000000000004,0.8660254037844384
DOG,LABRADOR RETR/MIX,BLACK,FEMALE,STRAY,FLD_STRAY,UNKNOWN,SANTA ROSA,1.0239561943874058,0,-0.5000000000000004,0.8660254037844384
DOG,GERM SHEPHERD,BROWN/BLACK,MALE,STRAY,FLD_STRAY,UNKNOWN,COUNTY,2.001368925393566,1,-0.5000000000000004,0.8660254037844384
DOG,__RARE_OR_NEW__,BROWN/BLACK,FEMALE,STRAY,FLD_STRAY,UNKNOWN,SANTA ROSA,2.001368925393566,1,-0.5000000000000004,0.8660254037844384
DOG,AUST SHEPHERD,__RARE_OR_NEW__,MALE,STRAY,FLD_STRAY,UNKNOWN,SANTA ROSA,7.712525667351129,0,-0.5000000000000004,0.8660254037844384
DOG,BELG MALINOIS,TAN/BLACK,FEMALE,STRAY,FLD_STRAY,UNKNOWN,SANTA ROSA,0.7529089664613279,0,-0.5000000000000004,0.8660254037844384
DOG,ENG BULLDOG,BROWN/WHITE,FEMALE,STRAY,OVER THE COUNTER,UNKNOWN,SANTA ROSA,6.0013689253935665,0,-0.5000000000000004,0.8660254037844384
DOG,YORKSHIRE TERR,__RARE_OR_NEW__,MALE,STRAY,FLD_STRAY,UNKNOWN,COUNTY,2.001368925393566,1,-0.5000000000000004,0.8660254037844384
DOG,GERM SHEPHERD,BROWN/BLACK,MALE,STRAY,FLD_STRAY,UNKNOWN,SANTA ROSA,2.001368925393566,1,-0.5000000000000004,0.8660254037844384
DOG,SIBERIAN HUSKY,WHITE,MALE,CONFISCATE,FLD_ARREST,HEALTHY,COUNTY,1.002053388090349,0,-0.5000000000000004,0.8660254037844384
DOG,PIT BULL/MIX,RED/BLACK,MALE,STRAY,FLD_STRAY,UNKNOWN,COUNTY,8.399726214921287,0,-0.5000000000000004,0.8660254037844384
CAT,DOMESTIC SH,WHITE/GRAY,FEMALE,STRAY,FLD_STRAY,UNKNOWN,COUNTY,0.2518822724161533,1,-0.5000000000000004,0.8660254037844384
CAT,DOMESTIC SH,BLACK/WHITE,UNKNOWN,STRAY,FLD_STRAY,UNKNOWN,COUNTY,0.2518822724161533,1,-0.5000000000000004,0.8660254037844384
DOG,__RARE_OR_NEW__,GRAY/BLACK,MALE,STRAY,OVER THE COUNTER,UNKNOWN,COUNTY,9.00205338809035,0,-0.5000000000000004,0.8660254037844384
CAT,DOMESTIC SH,BLACK,MALE,STRAY,OVER THE COUNTER,UNKNOWN,COUNTY,1.5030800821355237,0,-0.5000000000000004,0.8660254037844384
DOG,__RARE_OR_NEW__,GRAY,MALE,STRAY,OVER THE COUNTER,UNKNOWN,COUNTY,0.974674880219028,0,-0.5000000000000004,0.8660254037844384
DOG,PIT BULL,TAN,FEMALE,STRAY,OVER THE COUNTER,UNKNOWN,COUNTY,2.001368925393566,1,-0.5000000000000004,0.8660254037844384
CAT,DOMESTIC SH,BLACK,MALE,STRAY,OVER THE COUNTER,HEALTHY,COUNTY,3.9589322381930185,0,-0.5000000000000004,0.8660254037844384
DOG,PIT BULL/MIX,GRAY/WHITE,FEMALE,STRAY,FLD_STRAY,UNKNOWN,SANTA ROSA,0.3750855578370979,0,-0.5000000000000004,0.8660254037844384
CAT,DOMESTIC SH,GRAY,MALE,OWNER SURRENDER,FIELD,UNKNOWN,SANTA ROSA,12.966461327857632,0,-0.5000000000000004,0.8660254037844384
CAT,DOMESTIC SH,BLACK,MALE,OWNER SURRENDER,FIELD,UNKNOWN,SANTA ROSA,6.551676933607118,0,-0.5000000000000004,0.8660254037844384
DOG,GERM SHEPHERD/MIX,__RARE_OR_NEW__,FEMALE,CONFISCATE,FLD_HOSPTL,UNKNOWN,COUNTY,5.94113620807666,0,-0.5000000000000004,0.8660254037844384
DOG,PIT BULL,BROWN/WHITE,FEMALE,STRAY,OVER THE COUNTER,UNKNOWN,SANTA ROSA,2.001368925393566,1,-0.5000000000000004,0.8660254037844384
DOG,PIT BULL,BLUE/WHITE,FEMALE,CONFISCATE,FLD_CRUEL,UNKNOWN,COUNTY,2.001368925393566,1,-0.5000000000000004,0.8660254037844384
OTHER,__RARE_OR_NEW__,WHITE,UNKNOWN,STRAY,FLD_STRAY,UNKNOWN,SANTA ROSA,1.8986995208761122,1,-0.5000000000000004,0.8660254037844384
DOG,AUST CATTLE DOG,WHITE/BLACK,MALE,STRAY,OVER THE COUNTER,UNKNOWN,SANTA ROSA,0.29021218343600275,0,-0.5000000000000004,0.8660254037844384
DOG,AUST CATTLE DOG,BROWN/WHITE,MALE,STRAY,FLD_STRAY,UNKNOWN,COUNTY,8.736481861738536,0,-0.5000000000000004,0.8660254037844384
DOG,__RARE_OR_NEW__,TAN,FEMALE,CONFISCATE,FLD_HOSPTL,UNKNOWN,COUNTY,4.37782340862423,0,-0.5000000000000004,0.8660254037844384
DOG,__RARE_OR_NEW__,TRICOLOR,FEMALE,STRAY,OVER THE COUNTER,UNKNOWN,SANTA ROSA,0.33401779603011633,0,-0.5000000000000004,0.8660254037844384
DOG,CHIHUAHUA SH/MIX,WHITE/TAN,MALE,STRAY,FLD_STRAY,UNKNOWN,SANTA ROSA,8.334017796030116,0,-0.5000000000000004,0.8660254037844384
CAT,DOMESTIC SH,WHITE/BLACK,MALE,STRAY,VET_HOSP,UNKNOWN,SANTA ROSA,0.2518822724161533,1,-0.5000000000000004,0.8660254037844384
DOG,GREAT PYRENEES,WHITE,MALE,OWNER SURRENDER,OVER THE COUNTER,UNKNOWN,COUNTY,1.5030800821355237,0,-0.5000000000000004,0.8660254037844384
CAT,DOMESTIC SH,BLACK/WHITE,FEMALE,OWNER SURRENDER,OVER THE COUNTER,UNKNOWN,COUNTY,0.2080766598220397,0,-0.5000000000000004,0.8660254037844384
CAT,DOMESTIC SH,BLACK/WHITE,FEMALE,OWNER SURRENDER,OVER THE COUNTER,UNKNOWN,COUNTY,0.2080766598220397,0,-0.5000000000000004,0.8660254037844384
CAT,DOMESTIC SH,BLACK,UNKNOWN,STRAY,VET_HOSP,UNKNOWN,SANTA ROSA,0.2518822724161533,1,-0.5000000000000004,0.8660254037844384
DOG,FRENCH BULLDOG,BLUE MERLE,MALE,STRAY,OVER THE COUNTER,HEALTHY,SANTA ROSA,1.9383983572895278,0,-0.5000000000000004,0.8660254037844384
DOG,CATAHOULA/MIX,BR BRINDLE,MALE,STRAY,OVER THE COUNTER,UNKNOWN,COUNTY,0.4188911704312115,0,-0.5000000000000004,0.8660254037844384
CAT,DOMESTIC SH,BLACK/WHITE,FEMALE,STRAY,OVER THE COUNTER,UNKNOWN,SANTA ROSA,0.2518822724161533,1,-0.5000000000000004,0.8660254037844384
OTHER,CHICKEN,APRICOT,UNKNOWN,CONFISCATE,FLD_CRUEL,UNKNOWN,COUNTY,1.8986995208761122,1,-0.5000000000000004,0.8660254037844384
OTHER,CHICKEN,APRICOT,UNKNOWN,CONFISCATE,FLD_CRUEL,UNKNOWN,COUNTY,1.8986995208761122,1,-0.5000000000000004,0.8660254037844384
OTHER,CHICKEN,APRICOT,UNKNOWN,CONFISCATE,FLD_CRUEL,UNKNOWN,COUNTY,1.8986995208761122,1,-0.5000000000000004,0.8660254037844384
OTHER,CHICKEN,APRICOT,UNKNOWN,CONFISCATE,FLD_CRUEL,UNKNOWN,COUNTY,1.8986995208761122,1,-0.5000000000000004,0.8660254037844384
OTHER,CHICKEN,APRICOT,UNKNOWN,CONFISCATE,FLD_CRUEL,UNKNOWN,COUNTY,1.8986995208761122,1,-0.5000000000000004,0.8660254037844384
OTHER,CHICKEN,APRICOT,UNKNOWN,CONFISCATE,FLD_CRUEL,UNKNOWN,COUNTY,1.8986995208761122,1,-0.5000000000000004,0.8660254037844384
OTHER,CHICKEN,APRICOT,UNKNOWN,CONFISCATE,FLD_CRUEL,UNKNOWN,COUNTY,1.8986995208761122,1,-0.5000000000000004,0.8660254037844384
OTHER,CHICKEN,APRICOT,UNKNOWN,CONFISCATE,FLD_CRUEL,UNKNOWN,COUNTY,1.8986995208761122,1,-0.5000000000000004,0.8660254037844384
OTHER,CHICKEN,APRICOT,UNKNOWN,CONFISCATE,FLD_CRUEL,UNKNOWN,COUNTY,1.8986995208761122,1,-0.5000000000000004,0.8660254037844384
OTHER,CHICKEN,APRICOT,UNKNOWN,CONFISCATE,FLD_CRUEL,UNKNOWN,COUNTY,1.8986995208761122,1,-0.5000000000000004,0.8660254037844384
OTHER,CHICKEN,APRICOT,UNKNOWN,CONFISCATE,FLD_CRUEL,UNKNOWN,COUNTY,1.8986995208761122,1,-0.5000000000000004,0.8660254037844384
OTHER,CHICKEN,APRICOT,UNKNOWN,CONFISCATE,FLD_CRUEL,UNKNOWN,COUNTY,1.8986995208761122,1,-0.5000000000000004,0.8660254037844384
OTHER,CHICKEN,APRICOT,UNKNOWN,CONFISCATE,FLD_CRUEL,UNKNOWN,COUNTY,1.8986995208761122,1,-0.5000000000000004,0.8660254037844384
OTHER,CHICKEN,GRAY,UNKNOWN,CONFISCATE,FLD_CRUEL,UNKNOWN,COUNTY,1.8986995208761122,1,-0.5000000000000004,0.8660254037844384
DOG,__RARE_OR_NEW__,RED/WHITE,FEMALE,STRAY,FLD_STRAY,UNKNOWN,SANTA ROSA,12.999315537303216,0,-0.5000000000000004,0.8660254037844384
DOG,POODLE MIN,WHITE,FEMALE,STRAY,FLD_STRAY,UNKNOWN,SANTA ROSA,2.001368925393566,1,-0.5000000000000004,0.8660254037844384
DOG,POODLE MIN,WHITE,MALE,STRAY,FLD_STRAY,UNKNOWN,SANTA ROSA,2.001368925393566,1,-0.5000000000000004,0.8660254037844384
DOG,CHIHUAHUA SH,WHITE,MALE,STRAY,FLD_STRAY,UNKNOWN,SANTA ROSA,2.4996577686516086,0,-0.5000000000000004,0.8660254037844384
CAT,DOMESTIC MH,BLACK/WHITE,UNKNOWN,STRAY,FLD_STRAY,UNKNOWN,SANTA ROSA,0.2518822724161533,1,-0.5000000000000004,0.8660254037844384
DOG,SIBERIAN HUSKY,WHITE,FEMALE,STRAY,FLD_STRAY,UNKNOWN,COUNTY,2.001368925393566,1,-0.5000000000000004,0.8660254037844384
DOG,CHIHUAHUA SH,WHITE,FEMALE,STRAY,FLD_STRAY,UNKNOWN,SANTA ROSA,12.88432580424367,0,-0.5000000000000004,0.8660254037844384
DOG,__RARE_OR_NEW__,BLACK/WHITE,MALE,STRAY,FLD_STRAY,UNKNOWN,SANTA ROSA,3.9534565366187544,0,-0.5000000000000004,0.8660254037844384
DOG,FRENCH BULLDOG,BLUE MERLE,FEMALE,STRAY,OVER THE COUNTER,HEALTHY,SANTA ROSA,3.0006844626967832,0,-0.5000000000000004,0.8660254037844384
DOG,PIT BULL,BROWN/WHITE,MALE,STRAY,FLD_STRAY,UNKNOWN,SANTA ROSA,2.001368925393566,1,-0.5000000000000004,0.8660254037844384
DOG,GERM SHEPHERD,BLACK/BROWN,MALE,STRAY,FLD_STRAY,UNKNOWN,COUNTY,4.0,0,-0.5000000000000004,0.8660254037844384
OTHER,__RARE_OR_NEW__,WHITE/BLACK,FEMALE,STRAY,OVER THE COUNTER,UNKNOWN,COUNTY,0.9664613278576317,0,-0.5000000000000004,0.8660254037844384
DOG,ANATOL SHEPHERD,WHITE/CREAM,FEMALE,QUARANTINE,FIELD,UNKNOWN,COUNTY,5.949349760438056,0,-0.5000000000000004,0.8660254037844384
DOG,ANATOL SHEPHERD,WHITE/CREAM,MALE,QUARANTINE,FIELD,UNKNOWN,COUNTY,5.949349760438056,0,-0.5000000000000004,0.8660254037844384
DOG,CHIHUAHUA SH,BROWN,MALE,STRAY,OVER THE COUNTER,UNKNOWN,SANTA ROSA,2.001368925393566,1,-0.5000000000000004,0.8660254037844384
DOG,GERM SHEPHERD/MIX,TAN/BLACK,MALE,STRAY,FLD_STRAY,UNKNOWN,SANTA ROSA,1.002053388090349,0,-0.5000000000000004,0.8660254037844384
DOG,ROTTWEILER,BLACK/BROWN,MALE,STRAY,OVER THE COUNTER,UNKNOWN,COUNTY,2.001368925393566,1,-0.5000000000000004,0.8660254037844384
DOG,PIT BULL,BR BRINDLE,FEMALE,STRAY,OVER THE COUNTER,UNKNOWN,SANTA ROSA,3.2306639288158796,0,-0.5000000000000004,0.8660254037844384
DOG,PARSON RUSS TER/MIX,BLACK,MALE,STRAY,OVER THE COUNTER,UNKNOWN,SANTA ROSA,13.00205338809035,0,-0.5000000000000004,0.8660254037844384
DOG,__RARE_OR_NEW__,TAN/BLACK,MALE,STRAY,FLD_STRAY,UNKNOWN,COUNTY,7.000684462696783,0,-0.5000000000000004,0.8660254037844384
DOG,BELG MALINOIS,TAN/BLACK,FEMALE,CONFISCATE,FLD_CORONR,UNKNOWN,COUNTY,3.154004106776181,0,-0.5000000000000004,0.8660254037844384
DOG,__RARE_OR_NEW__,BLACK/WHITE,MALE,STRAY,OVER THE COUNTER,UNKNOWN,SANTA ROSA,0.16700889801505817,0,-0.5000000000000004,0.8660254037844384
CAT,PERSIAN,TRICOLOR,MALE,CONFISCATE,FLD_CRUEL,UNKNOWN,SANTA ROSA,7.808350444900753,0,-0.5000000000000004,0.8660254037844384
CAT,PERSIAN,GRAY/WHITE,MALE,CONFISCATE,FLD_CRUEL,UNKNOWN,SANTA ROSA,7.953456536618754,0,-0.5000000000000004,0.8660254037844384
CAT,PERSIAN,WHITE/GRAY,MALE,CONFISCATE,FLD_CRUEL,UNKNOWN,SANTA ROSA,6.888432580424367,0,-0.5000000000000004,0.8660254037844384
CAT,PERSIAN,WHITE/BRN TABBY,FEMALE,CONFISCATE,FLD_CRUEL,UNKNOWN,SANTA ROSA,11.950718685831623,0,-0.5000000000000004,0.8660254037844384
CAT,EXOTIC SH,GRAY TABBY/WHITE,FEMALE,CONFISCATE,FLD_CRUEL,UNKNOWN,SANTA ROSA,9.809719370294319,0,-0.5000000000000004,0.8660254037844384
DOG,PIT BULL/MIX,BLACK/WHITE,FEMALE,OWNER SURRENDER,OVER THE COUNTER,UNKNOWN,COUNTY,1.88911704312115,0,-0.5000000000000004,0.8660254037844384
CAT,PERSIAN,WHITE/GRAY,FEMALE,CONFISCATE,FLD_CRUEL,UNKNOWN,SANTA ROSA,10.954140999315538,0,-0.5000000000000004,0.8660254037844384
CAT,PERSIAN,WHITE,MALE,CONFISCATE,FLD_CRUEL,UNKNOWN,SANTA ROSA,8.80766598220397,0,-0.5000000000000004,0.8660254037844384
CAT,PERSIAN,GRAY,MALE,CONFISCATE,FLD_CRUEL,UNKNOWN,SANTA ROSA,9.952087611225188,0,-0.5000000000000004,0.8660254037844384
CAT,PERSIAN,WHITE/BRN TABBY,FEMALE,CONFISCATE,FLD_CRUEL,UNKNOWN,SANTA ROSA,3.9534565366187544,0,-0.5000000000000004,0.8660254037844384
CAT,PERSIAN,WHITE,FEMALE,CONFISCATE,FLD_CRUEL,UNKNOWN,SANTA ROSA,11.950718685831623,0,-0.5000000000000004,0.8660254037844384
CAT,PERSIAN,BRN TABBY/WHITE,MALE,CONFISCATE,FLD_CRUEL,UNKNOWN,SANTA ROSA,0.974674880219028,0,-0.5000000000000004,0.8660254037844384
CAT,PERSIAN,TORTIE,FEMALE,CONFISCATE,FLD_CRUEL,UNKNOWN,SANTA ROSA,2.9979466119096507,0,-0.5000000000000004,0.8660254037844384
CAT,EXOTIC SH,GRAY TABBY/WHITE,FEMALE,CONFISCATE,FLD_CRUEL,UNKNOWN,SANTA ROSA,2.9979466119096507,0,-0.5000000000000004,0.8660254037844384
CAT,EXOTIC SH,BRN TABBY,MALE,CONFISCATE,FLD_CRUEL,UNKNOWN,SANTA ROSA,4.999315537303217,0,-0.5000000000000004,0.8660254037844384
CAT,EXOTIC SH,GRAY TABBY,FEMALE,CONFISCATE,FLD_CRUEL,UNKNOWN,SANTA ROSA,4.999315537303217,0,-0.5000000000000004,0.8660254037844384
CAT,EXOTIC SH,BUFF,FEMALE,CONFISCATE,FLD_CRUEL,UNKNOWN,SANTA ROSA,6.997946611909651,0,-0.5000000000000004,0.8660254037844384
CAT,EXOTIC SH,WHITE/GRAY,MALE,CONFISCATE,FLD_CRUEL,UNKNOWN,SANTA ROSA,6.997946611909651,0,-0.5000000000000004,0.8660254037844384
CAT,EXOTIC SH,BRN TABBY,MALE,CONFISCATE,FLD_CRUEL,UNKNOWN,SANTA ROSA,4.999315537303217,0,-0.5000000000000004,0.8660254037844384
CAT,EXOTIC SH,WHITE/GRAY,MALE,CONFISCATE,FLD_CRUEL,UNKNOWN,SANTA ROSA,4.999315537303217,0,-0.5000000000000004,0.8660254037844384
DOG,AUST SHEPHERD/MIX,BLACK/WHITE,MALE,OWNER SURRENDER,OVER THE COUNTER,UNKNOWN,COUNTY,0.16700889801505817,0,-0.5000000000000004,0.8660254037844384
DOG,AUST SHEPHERD/MIX,BLACK/WHITE,MALE,OWNER SURRENDER,OVER THE COUNTER,UNKNOWN,COUNTY,0.16700889801505817,0,-0.5000000000000004,0.8660254037844384
DOG,__RARE_OR_NEW__,BROWN/WHITE,MALE,OWNER SURRENDER,OVER THE COUNTER,UNKNOWN,COUNTY,0.16700889801505817,0,-0.5000000000000004,0.8660254037844384
DOG,AUST SHEPHERD/MIX,BROWN/WHITE,MALE,OWNER SURRENDER,OVER THE COUNTER,UNKNOWN,COUNTY,0.16700889801505817,0,-0.5000000000000004,0.8660254037844384
DOG,AUST SHEPHERD/MIX,BLACK,FEMALE,OWNER SURRENDER,OVER THE COUNTER,UNKNOWN,COUNTY,0.16700889801505817,0,-0.5000000000000004,0.8660254037844384
CAT,EXOTIC SH,GRAY/WHITE,FEMALE,CONFISCATE,FLD_CRUEL,UNKNOWN,SANTA ROSA,0.9418206707734429,0,-0.5000000000000004,0.8660254037844384
CAT,EXOTIC SH,CALICO,FEMALE,CONFISCATE,FLD_CRUEL,UNKNOWN,SANTA ROSA,4.999315537303217,0,-0.5000000000000004,0.8660254037844384
DOG,AUST SHEPHERD/MIX,BLACK/WHITE,FEMALE,OWNER SURRENDER,OVER THE COUNTER,UNKNOWN,COUNTY,0.16700889801505817,0,-0.5000000000000004,0.8660254037844384
DOG,AUST SHEPHERD/MIX,BLACK/WHITE,FEMALE,OWNER SURRENDER,OVER THE COUNTER,UNKNOWN,COUNTY,0.16700889801505817,0,-0.5000000000000004,0.8660254037844384
DOG,GERM SHEPHERD,BLACK/WHITE,FEMALE,STRAY,FLD_STRAY,UNKNOWN,SANTA ROSA,11.978097193702943,0,-0.5000000000000004,0.8660254037844384
DOG,__RARE_OR_NEW__,BROWN,FEMALE,STRAY,FLD_STRAY,UNKNOWN,SANTA ROSA,3.14031485284052,0,-0.5000000000000004,0.8660254037844384
DOG,__RARE_OR_NEW__,WHITE,MALE,STRAY,FLD_STRAY,UNKNOWN,COUNTY,2.001368925393566,1,-0.5000000000000004,0.8660254037844384
CAT,DOMESTIC SH,BRN TABBY,MALE,STRAY,FLD_STRAY,HEALTHY,OUT OF COUNTY,2.001368925393566,0,-0.5000000000000004,0.8660254037844384
CAT,DOMESTIC SH,BLACK,MALE,STRAY,FLD_STRAY,HEALTHY,OUT OF COUNTY,2.001368925393566,0,-0.5000000000000004,0.8660254037844384
DOG,GERM SHEPHERD,TAN/BLACK,MALE,OWNER SURRENDER,OVER THE COUNTER,UNKNOWN,COUNTY,3.0006844626967832,0,-0.5000000000000004,0.8660254037844384
DOG,GERM SHEPHERD,BLACK/TAN,FEMALE,STRAY,FLD_STRAY,UNKNOWN,SANTA ROSA,0.2518822724161533,0,-0.5000000000000004,0.8660254037844384
OTHER,RABBIT SH,WHITE,MALE,STRAY,FLD_STRAY,UNKNOWN,SANTA ROSA,1.8986995208761122,1,-0.5000000000000004,0.8660254037844384
DOG,DOBERMAN PINSCH,__RARE_OR_NEW__,MALE,STRAY,FLD_STRAY,UNKNOWN,SANTA ROSA,1.002053388090349,0,-0.5000000000000004,0.8660254037844384
DOG,__RARE_OR_NEW__,WHITE/BROWN,MALE,CONFISCATE,FLD_ARREST,UNKNOWN,SANTA ROSA,2.001368925393566,1,-0.5000000000000004,0.8660254037844384
DOG,__RARE_OR_NEW__,BLACK,MALE,STRAY,FLD_STRAY,UNKNOWN,SANTA ROSA,1.160848733744011,0,-0.5000000000000004,0.8660254037844384
CAT,DOMESTIC LH,BLACK,UNKNOWN,STRAY,FLD_STRAY,UNKNOWN,COUNTY,0.2518822724161533,1,-0.5000000000000004,0.8660254037844384
DOG,SIBERIAN HUSKY,BLACK/WHITE,MALE,STRAY,FLD_STRAY,UNKNOWN,SANTA ROSA,2.001368925393566,1,-0.5000000000000004,0.8660254037844384
DOG,BORDER COLLIE/MIX,TRICOLOR,MALE,STRAY,FLD_STRAY,UNKNOWN,SANTA ROSA,3.033538672142368,0,-0.5000000000000004,0.8660254037844384
DOG,AUST SHEPHERD/MIX,BLACK/WHITE,MALE,OWNER SURRENDER,OVER THE COUNTER,UNKNOWN,COUNTY,0.17522245037645448,0,-0.5000000000000004,0.8660254037844384
DOG,GERM SHEPHERD,BLACK/TAN,MALE,CONFISCATE,FLD_ARREST,UNKNOWN,SANTA ROSA,0.46269678302532513,0,-0.5000000000000004,0.8660254037844384
DOG,__RARE_OR_NEW__,BLACK/BROWN,FEMALE,OWNER SURRENDER,FIELD,UNKNOWN,SANTA ROSA,2.8993839835728954,0,-0.5000000000000004,0.8660254037844384
DOG,GERM SHEPHERD,BR BRINDLE/WHITE,FEMALE,OWNER SURRENDER,FIELD,UNKNOWN,SANTA ROSA,0.2272416153319644,0,-0.5000000000000004,0.8660254037844384
DOG,GERM SHEPHERD/MIX,BLACK/BROWN,FEMALE,OWNER SURRENDER,FIELD,UNKNOWN,SANTA ROSA,0.2272416153319644,0,-0.5000000000000004,0.8660254037844384
DOG,GERM SHEPHERD/MIX,BLACK/BROWN,MALE,OWNER SURRENDER,FIELD,UNKNOWN,SANTA ROSA,0.2272416153319644,0,-0.5000000000000004,0.8660254037844384
DOG,GERM SHEPHERD,BLACK/BROWN,MALE,OWNER SURRENDER,FIELD,UNKNOWN,SANTA ROSA,0.2272416153319644,0,-0.5000000000000004,0.8660254037844384
DOG,GERM SHEPHERD,BLACK/BROWN,MALE,OWNER SURRENDER,FIELD,UNKNOWN,SANTA ROSA,0.2272416153319644,0,-0.5000000000000004,0.8660254037844384
DOG,GERM SHEPHERD,BROWN/BLACK,MALE,OWNER SURRENDER,FIELD,UNKNOWN,SANTA ROSA,0.2272416153319644,0,-0.5000000000000004,0.8660254037844384
DOG,__RARE_OR_NEW__,BLACK/BROWN,FEMALE,OWNER SURRENDER,FIELD,UNKNOWN,SANTA ROSA,0.34223134839151265,0,-0.5000000000000004,0.8660254037844384
CAT,DOMESTIC SH,ORANGE,MALE,ADOPTION RETURN,OVER THE COUNTER,UNKNOWN,COUNTY,1.163586584531143,0,-0.5000000000000004,0.8660254037844384
DOG,__RARE_OR_NEW__,RED,MALE,STRAY,FLD_STRAY,UNKNOWN,SANTA ROSA,2.001368925393566,1,-0.5000000000000004,0.8660254037844384
OTHER,BAT,BROWN,UNKNOWN,QUARANTINE,FIELD,UNKNOWN,SANTA ROSA,1.8986995208761122,1,-0.5000000000000004,0.8660254037844384
OTHER,DUCK,__RARE_OR_NEW__,FEMALE,STRAY,OVER THE COUNTER,UNKNOWN,SANTA ROSA,1.8986995208761122,1,-0.5000000000000004,0.8660254037844384
DOG,__RARE_OR_NEW__,BLACK/WHITE,FEMALE,STRAY,FLD_STRAY,UNKNOWN,SANTA ROSA,8.700889801505818,0,0.0,1.0
DOG,GERM SHEPHERD,BLACK/TAN,MALE,STRAY,FLD_STRAY,UNKNOWN,SANTA ROSA,1.5058179329226558,0,0.0,1.0
DOG,LABRADOR RETR/MIX,BLACK,MALE,CONFISCATE,FLD_ARREST,UNKNOWN,SANTA ROSA,2.001368925393566,1,0.0,1.0
DOG,CHIHUAHUA SH,BLACK/TAN,FEMALE,STRAY,FLD_STRAY,UNKNOWN,COUNTY,2.001368925393566,1,0.0,1.0
DOG,ROTTWEILER,BLACK/BROWN,MALE,STRAY,FLD_STRAY,UNKNOWN,SANTA ROSA,1.1690622861054072,0,0.0,1.0
CAT,DOMESTIC SH,ORG TABBY,MALE,OWNER SURRENDER,OVER THE COUNTER,UNKNOWN,SANTA ROSA,4.982888432580425,0,0.0,1.0
CAT,DOMESTIC SH,CALICO,FEMALE,OWNER SURRENDER,OVER THE COUNTER,UNKNOWN,SANTA ROSA,1.9876796714579055,0,0.0,1.0
CAT,DOMESTIC MH,ORG TABBY,MALE,STRAY,FLD_STRAY,UNKNOWN,SANTA ROSA,0.9281314168377823,0,0.0,1.0
CAT,DOMESTIC SH,BLACK/WHITE,FEMALE,OWNER SURRENDER,OVER THE COUNTER,UNKNOWN,SANTA ROSA,0.11225188227241616,0,0.0,1.0
CAT,DOMESTIC SH,BLACK/WHITE,FEMALE,OWNER SURRENDER,OVER THE COUNTER,UNKNOWN,SANTA ROSA,0.11225188227241616,0,0.0,1.0
CAT,DOMESTIC SH,BRN TABBY/WHITE,FEMALE,OWNER SURRENDER,OVER THE COUNTER,UNKNOWN,SANTA ROSA,0.11225188227241616,0,0.0,1.0
DOG,AUST SHEPHERD,BLACK/WHITE,FEMALE,CONFISCATE,FLD_HOSPTL,UNKNOWN,COUNTY,1.5030800821355237,0,0.0,1.0
DOG,__RARE_OR_NEW__,CREAM,FEMALE,CONFISCATE,FLD_CORONR,UNKNOWN,SANTA ROSA,2.4722792607802875,0,0.0,1.0
DOG,__RARE_OR_NEW__,GOLD,MALE,CONFISCATE,FLD_CORONR,UNKNOWN,SANTA ROSA,1.1553730321697468,0,0.0,1.0
CAT,DOMESTIC SH,BROWN/BLACK,UNKNOWN,STRAY,OVER THE COUNTER,UNKNOWN,COUNTY,0.2518822724161533,1,0.0,1.0
CAT,DOMESTIC LH,BLACK,UNKNOWN,STRAY,OVER THE COUNTER,UNKNOWN,COUNTY,0.2518822724161533,1,0.0,1.0
DOG,PIT BULL/MIX,BROWN,FEMALE,STRAY,FLD_STRAY,UNKNOWN,SANTA ROSA,13.585215605749486,0,0.0,1.0
DOG,__RARE_OR_NEW__,BLACK/WHITE,FEMALE,CONFISCATE,FLD_ARREST,UNKNOWN,SANTA ROSA,11.748117727583846,0,0.0,1.0
DOG,PIT BULL/LABRADOR RETR,BLACK/WHITE,MALE,STRAY,FIELD,UNKNOWN,COUNTY,3.025325119780972,0,0.0,1.0
DOG,SHIH TZU,BLACK/WHITE,FEMALE,STRAY,FLD_STRAY,UNKNOWN,SANTA ROSA,3.0006844626967832,0,0.0,1.0
CAT,DOMESTIC SH,__RARE_OR_NEW__,FEMALE,ADOPTION RETURN,OVER THE COUNTER,UNKNOWN,SANTA ROSA,0.8049281314168378,0,0.0,1.0
DOG,LABRADOR RETR/MIX,BLACK,FEMALE,STRAY,FLD_STRAY,UNKNOWN,SANTA ROSA,0.2518822724161533,0,0.0,1.0
DOG,__RARE_OR_NEW__,TAN,MALE,STRAY,FLD_STRAY,UNKNOWN,SANTA ROSA,2.001368925393566,1,0.0,1.0
DOG,__RARE_OR_NEW__,WHITE,MALE,STRAY,OVER THE COUNTER,UNKNOWN,SANTA ROSA,0.33401779603011633,0,0.0,1.0
CAT,DOMESTIC LH,GRAY,FEMALE,CONFISCATE,FLD_ARREST,UNKNOWN,SANTA ROSA,5.002053388090349,0,0.0,1.0
CAT,DOMESTIC LH,WHITE/GRAY,FEMALE,CONFISCATE,FLD_ARREST,UNKNOWN,SANTA ROSA,3.0006844626967832,0,0.0,1.0
DOG,PIT BULL/MIX,WHITE/TAN,FEMALE,STRAY,FLD_STRAY,UNKNOWN,COUNTY,0.5859000684462696,0,0.0,1.0
DOG,PIT BULL,BROWN/WHITE,FEMALE,QUARANTINE,FIELD,UNKNOWN,SANTA ROSA,1.6454483230663928,0,0.0,1.0
CAT,DOMESTIC SH,BRN TABBY,FEMALE,STRAY,OVER THE COUNTER,UNKNOWN,COUNTY,0.16700889801505817,0,0.0,1.0
DOG,PIT BULL/MIX,WHITE/TAN,FEMALE,STRAY,OVER THE COUNTER,UNKNOWN,SANTA ROSA,11.069130732375086,0,0.0,1.0
DOG,PIT BULL,BLUE,MALE,QUARANTINE,FIELD,UNKNOWN,SANTA ROSA,7.425051334702259,0,0.0,1.0
CAT,DOMESTIC SH,BRN TABBY,FEMALE,STRAY,FLD_STRAY,UNKNOWN,SANTA ROSA,0.2518822724161533,1,0.0,1.0
DOG,BELG MALINOIS,BROWN/BLACK,FEMALE,STRAY,FLD_STRAY,HEALTHY,COUNTY,0.7474332648870636,0,0.0,1.0
OTHER,GUINEA PIG,TRICOLOR,MALE,STRAY,FLD_STRAY,UNKNOWN,SANTA ROSA,1.8986995208761122,1,0.0,1.0
OTHER,GUINEA PIG,TRICOLOR,MALE,STRAY,FLD_STRAY,HEALTHY,SANTA ROSA,1.8986995208761122,1,0.0,1.0
OTHER,GUINEA PIG,TRICOLOR,MALE,STRAY,FLD_STRAY,HEALTHY,SANTA ROSA,1.8986995208761122,1,0.0,1.0
OTHER,GUINEA PIG,TRICOLOR,MALE,STRAY,FLD_STRAY,HEALTHY,SANTA ROSA,1.8986995208761122,1,0.0,1.0
DOG,__RARE_OR_NEW__,BLACK/WHITE,FEMALE,STRAY,FLD_STRAY,UNKNOWN,COUNTY,1.002053388090349,0,0.0,1.0
DOG,__RARE_OR_NEW__,BLACK/WHITE,FEMALE,STRAY,FLD_STRAY,UNKNOWN,COUNTY,1.002053388090349,0,0.0,1.0
DOG,__RARE_OR_NEW__,BLACK/WHITE,FEMALE,STRAY,FLD_STRAY,UNKNOWN,COUNTY,1.002053388090349,0,0.0,1.0
DOG,GREAT PYRENEES/MIX,WHITE,FEMALE,STRAY,VET_HOSP,HEALTHY,COUNTY,3.915126625598905,0,0.0,1.0
DOG,SHIH TZU,RED,FEMALE,STRAY,FLD_STRAY,UNKNOWN,SANTA ROSA,1.3853524982888432,0,0.0,1.0
DOG,PUG,WHITE/BLACK,MALE,STRAY,FLD_STRAY,UNKNOWN,SANTA ROSA,2.9979466119096507,0,0.0,1.0
DOG,__RARE_OR_NEW__,BLACK/BROWN,MALE,OWNER SURRENDER,FIELD,UNKNOWN,SANTA ROSA,5.508555783709788,0,0.0,1.0
DOG,GERM SHEPHERD/MIX,TAN/BLACK,MALE,STRAY,FIELD,HEALTHY,COUNTY,1.4182067077344285,0,0.0,1.0
DOG,GERM SHEPHERD,BLACK,FEMALE,OWNER SURRENDER,OVER THE COUNTER,UNKNOWN,COUNTY,6.507871321013004,0,0.0,1.0
OTHER,BAT,BROWN,UNKNOWN,QUARANTINE,FIELD,UNKNOWN,SANTA ROSA,1.8986995208761122,1,0.0,1.0
DOG,SIBERIAN HUSKY,WHITE/BLACK,FEMALE,STRAY,FLD_STRAY,UNKNOWN,SANTA ROSA,3.184120465434634,0,0.0,1.0
DOG,SIBERIAN HUSKY,WHITE/BLACK,MALE,STRAY,FLD_STRAY,UNKNOWN,SANTA ROSA,3.3374401095140316,0,0.0,1.0
DOG,PIT BULL,BR BRINDLE/WHITE,MALE,STRAY,FLD_STRAY,UNKNOWN,COUNTY,0.24914442162902123,0,0.0,1.0
DOG,__RARE_OR_NEW__,FAWN/WHITE,FEMALE,STRAY,FLD_STRAY,UNKNOWN,COUNTY,2.001368925393566,0,0.0,1.0
DOG,LABRADOR RETR/MIX,TAN/WHITE,FEMALE,STRAY,FLD_STRAY,UNKNOWN,COUNTY,0.7720739219712526,0,0.0,1.0
DOG,LABRADOR RETR/MIX,BLACK,FEMALE,STRAY,OVER THE COUNTER,UNKNOWN,SANTA ROSA,1.5906913073237507,0,0.0,1.0
CAT,DOMESTIC SH,GRAY,MALE,OWNER SURRENDER,FIELD,UNKNOWN,SANTA ROSA,13.021218343600275,0,0.0,1.0
DOG,BEAGLE/MIX,BLACK,FEMALE,STRAY,FLD_STRAY,UNKNOWN,SANTA ROSA,7.994524298425736,0,0.0,1.0
CAT,DOMESTIC LH,BLACK,MALE,ADOPTION RETURN,OVER THE COUNTER,UNKNOWN,COUNTY,0.8213552361396304,0,0.0,1.0
DOG,CHIHUAHUA SH,WHITE,MALE,CONFISCATE,FLD_CORONR,UNKNOWN,SANTA ROSA,11.958932238193018,0,0.0,1.0
CAT,DOMESTIC SH,BRN TABBY,MALE,CONFISCATE,FLD_CORONR,UNKNOWN,SANTA ROSA,4.980150581793292,0,0.0,1.0
DOG,__RARE_OR_NEW__,WHITE/BLACK,FEMALE,CONFISCATE,FLD_INVEST,UNKNOWN,SANTA ROSA,8.856947296372347,0,0.0,1.0
DOG,__RARE_OR_NEW__,BLACK/WHITE,MALE,CONFISCATE,FLD_CORONR,UNKNOWN,SANTA ROSA,11.958932238193018,0,0.0,1.0
CAT,DOMESTIC SH,BRN TABBY,MALE,QUARANTINE,OVER THE COUNTER,UNKNOWN,COUNTY,0.999315537303217,0,0.0,1.0
CAT,DOMESTIC SH,CALICO,FEMALE,CONFISCATE,FLD_CORONR,UNKNOWN,SANTA ROSA,10.650239561943874,0,0.0,1.0
DOG,__RARE_OR_NEW__,WHITE/GRAY,MALE,STRAY,FLD_STRAY,UNKNOWN,SANTA ROSA,7.000684462696783,0,0.0,1.0
DOG,PIT BULL/MIX,WHITE/TAN,FEMALE,STRAY,FLD_STRAY,UNKNOWN,SANTA ROSA,11.082819986310746,0,0.0,1.0
DOG,LABRADOR RETR/PIT BULL,BLACK,MALE,STRAY,OVER THE COUNTER,UNKNOWN,SANTA ROSA,0.12594113620807665,0,0.0,1.0
DOG,LABRADOR RETR/PIT BULL,BLACK/TAN,FEMALE,STRAY,OVER THE COUNTER,UNKNOWN,SANTA ROSA,0.12594113620807665,0,0.0,1.0
DOG,LABRADOR RETR/PIT BULL,BLACK,MALE,STRAY,OVER THE COUNTER,UNKNOWN,SANTA ROSA,0.12594113620807665,0,0.0,1.0
DOG,LABRADOR RETR/PIT BULL,CHOCOLATE,FEMALE,STRAY,OVER THE COUNTER,UNKNOWN,SANTA ROSA,0.12594113620807665,0,0.0,1.0
DOG,PIT BULL/MIX,FAWN/WHITE,FEMALE,STRAY,FLD_STRAY,UNKNOWN,COUNTY,0.33401779603011633,0,0.0,1.0
DOG,PIT BULL/MIX,BLUE/WHITE,FEMALE,STRAY,FLD_STRAY,UNKNOWN,COUNTY,0.33401779603011633,0,0.0,1.0
CAT,DOMESTIC SH,GRAY TABBY,FEMALE,OWNER SURRENDER,OVER THE COUNTER,TREATABLE/MANAGEABLE,SANTA ROSA,3.597535934291581,0,0.0,1.0
DOG,LABRADOR RETR,BLACK,MALE,STRAY,OVER THE COUNTER,UNKNOWN,COUNTY,2.9842573579739904,0,0.0,1.0
OTHER,CHICKEN,BROWN/WHITE,FEMALE,STRAY,FLD_STRAY,UNKNOWN,SANTA ROSA,1.8986995208761122,1,0.0,1.0
DOG,SHIH TZU,WHITE,FEMALE,CONFISCATE,FLD_CRUEL,UNKNOWN,COUNTY,2.001368925393566,1,0.0,1.0
DOG,DOBERMAN PINSCH,BLACK/TAN,MALE,STRAY,FLD_STRAY,UNKNOWN,SANTA ROSA,0.2518822724161533,0,0.0,1.0
DOG,DOBERMAN PINSCH,__RARE_OR_NEW__,MALE,STRAY,FLD_STRAY,UNKNOWN,SANTA ROSA,0.2518822724161533,0,0.0,1.0
DOG,PIT BULL/MIX,TAN/WHITE,MALE,STRAY,OVER THE COUNTER,UNKNOWN,SANTA ROSA,0.10951403148528405,0,0.0,1.0
CAT,DOMESTIC LH,BLACK,MALE,CONFISCATE,FLD_ARREST,UNKNOWN,COUNTY,0.9883641341546886,0,0.0,1.0
DOG,__RARE_OR_NEW__,WHITE,MALE,CONFISCATE,FLD_CRUEL,UNKNOWN,SANTA ROSA,0.6625598904859685,0,0.0,1.0
DOG,__RARE_OR_NEW__,AGOUTI,MALE,STRAY,FLD_STRAY,UNKNOWN,SANTA ROSA,12.429842573579739,0,0.0,1.0
DOG,BORDER COLLIE,BLACK/WHITE,MALE,CONFISCATE,FLD_HOSPTL,UNKNOWN,SANTA ROSA,9.05407255304586,0,0.0,1.0
DOG,POODLE MIN/MIX,TAN,MALE,CONFISCATE,FLD_HOSPTL,UNKNOWN,SANTA ROSA,4.985626283367557,0,0.0,1.0
DOG,GERM SHEPHERD/MIX,BLACK/TAN,MALE,STRAY,FIELD,UNKNOWN,COUNTY,2.001368925393566,1,0.0,1.0
OTHER,SHEEP,BROWN,MALE,STRAY,FLD_STRAY,UNKNOWN,COUNTY,1.9712525667351128,0,0.0,1.0
OTHER,SHEEP,WHITE,MALE,STRAY,FLD_STRAY,UNKNOWN,COUNTY,3.4743326488706368,0,0.0,1.0
OTHER,SHEEP,BROWN,MALE,STRAY,FLD_STRAY,UNKNOWN,COUNTY,1.9712525667351128,0,0.0,1.0
OTHER,SHEEP,WHITE,MALE,STRAY,FLD_STRAY,UNKNOWN,COUNTY,2.97056810403833,0,0.0,1.0
OTHER,SHEEP,__RARE_OR_NEW__,FEMALE,STRAY,FLD_STRAY,UNKNOWN,COUNTY,2.97056810403833,0,0.0,1.0
OTHER,SHEEP,__RARE_OR_NEW__,FEMALE,STRAY,FLD_STRAY,UNKNOWN,COUNTY,2.4750171115674195,0,0.0,1.0
OTHER,SHEEP,WHITE/BROWN,FEMALE,STRAY,FLD_STRAY,UNKNOWN,COUNTY,2.4750171115674195,0,0.0,1.0
OTHER,SHEEP,WHITE/BLACK,MALE,STRAY,FLD_STRAY,UNKNOWN,COUNTY,2.97056810403833,0,0.0,1.0
DOG,GERM SHEPHERD,BLACK,MALE,STRAY,FLD_STRAY,UNKNOWN,SANTA ROSA,4.177960301163586,0,0.0,1.0
DOG,CHIHUAHUA SH,__RARE_OR_NEW__,MALE,STRAY,FLD_STRAY,UNKNOWN,SANTA ROSA,10.913073237508556,0,0.0,1.0
DOG,PIT BULL/MIX,BUFF/WHITE,MALE,STRAY,FLD_STRAY,UNKNOWN,SANTA ROSA,3.887748117727584,0,0.0,1.0
OTHER,BAT,BROWN,UNKNOWN,QUARANTINE,FIELD,UNKNOWN,COUNTY,1.8986995208761122,1,0.0,1.0
OTHER,BAT,BROWN,UNKNOWN,QUARANTINE,FIELD,UNKNOWN,WINDSOR,1.8986995208761122,1,0.0,1.0
DOG,PIT BULL,WHITE/BLACK,FEMALE,STRAY,FLD_STRAY,UNKNOWN,COUNTY,0.1943874058863792,0,0.0,1.0
DOG,POMERANIAN,FAWN,MALE,CONFISCATE,FLD_CORONR,UNKNOWN,SANTA ROSA,12.0766598220397,0,0.0,1.0
DOG,__RARE_OR_NEW__,BLACK,MALE,STRAY,FLD_STRAY,UNKNOWN,SANTA ROSA,0.2929500342231348,0,0.0,1.0
DOG,MALTESE,BLACK/WHITE,FEMALE,STRAY,FLD_STRAY,UNKNOWN,SANTA ROSA,6.297056810403833,0,0.0,1.0
DOG,GERM SHEPHERD/MIX,RED/BLACK,FEMALE,STRAY,FLD_STRAY,UNKNOWN,COUNTY,2.4750171115674195,0,0.0,1.0
CAT,DOMESTIC MH,BRN TABBY,MALE,STRAY,OVER THE COUNTER,HEALTHY,SANTA ROSA,1.5058179329226558,0,0.0,1.0
CAT,DOMESTIC SH,BLACK,MALE,STRAY,FLD_STRAY,UNKNOWN,COUNTY,5.724845995893224,0,0.0,1.0
CAT,DOMESTIC SH,TORTIE/BRN TABBY,FEMALE,STRAY,OVER THE COUNTER,UNKNOWN,SANTA ROSA,3.980835044490075,0,0.0,1.0
CAT,DOMESTIC SH,BLACK/WHITE,MALE,STRAY,OVER THE COUNTER,HEALTHY,SANTA ROSA,1.002053388090349,0,0.0,1.0
DOG,ALASKAN HUSKY,WHITE,MALE,STRAY,FLD_STRAY,UNKNOWN,SANTA ROSA,3.8767967145790556,0,0.0,1.0
CAT,DOMESTIC MH,BRN TABBY,MALE,STRAY,EMAIL,UNKNOWN,COUNTY,1.5058179329226558,0,0.0,1.0
DOG,LABRADOR RETR/MIX,BLACK,FEMALE,CONFISCATE,FLD_ARREST,UNKNOWN,SANTA ROSA,1.106091718001369,0,0.0,1.0
DOG,__RARE_OR_NEW__,BLUE MERLE,FEMALE,CONFISCATE,FIELD,UNKNOWN,SANTA ROSA,10.663928815879535,0,0.0,1.0
DOG,CHIHUAHUA SH,BLACK/TAN,FEMALE,CONFISCATE,FLD_HOSPTL,UNKNOWN,COUNTY,6.327173169062286,0,0.0,1.0
DOG,PIT BULL,BROWN,FEMALE,STRAY,FLD_STRAY,UNKNOWN,COUNTY,2.001368925393566,1,0.0,1.0
DOG,PIT BULL,BLACK,FEMALE,STRAY,FLD_STRAY,UNKNOWN,COUNTY,2.001368925393566,1,0.0,1.0
DOG,BORDER COLLIE,BLACK/WHITE,MALE,CONFISCATE,FLD_ARREST,UNKNOWN,COUNTY,2.439425051334702,0,0.0,1.0
DOG,PIT BULL,GRAY/WHITE,MALE,STRAY,FLD_STRAY,UNKNOWN,SANTA ROSA,0.2080766598220397,0,0.0,1.0
DOG,__RARE_OR_NEW__,BROWN/WHITE,MALE,CONFISCATE,FLD_ARREST,UNKNOWN,SANTA ROSA,3.058179329226557,0,0.0,1.0
DOG,LABRADOR RETR/PIT BULL,BR BRINDLE,MALE,STRAY,OVER THE COUNTER,UNKNOWN,COUNTY,10.001368925393566,0,0.0,1.0
DOG,GERM SHEPHERD/MIX,TAN,FEMALE,STRAY,FLD_STRAY,UNKNOWN,COUNTY,3.0006844626967832,0,0.0,1.0
DOG,GERM SHEPHERD,TAN/BLACK,FEMALE,STRAY,FLD_STRAY,UNKNOWN,COUNTY,5.002053388090349,0,0.0,1.0
OTHER,__RARE_OR_NEW__,BROWN/BLACK,MALE,STRAY,FLD_STRAY,UNKNOWN,SANTA ROSA,3.0006844626967832,0,0.0,1.0
OTHER,DUCK,WHITE,UNKNOWN,STRAY,__RARE_OR_NEW__,UNKNOWN,*ROHNERT PARK,1.8986995208761122,1,0.0,1.0
DOG,LABRADOR RETR/MIX,BLACK/TAN,MALE,STRAY,FLD_STRAY,UNKNOWN,COUNTY,2.001368925393566,1,0.0,1.0
DOG,PIT BULL/MIX,BLACK/WHITE,FEMALE,STRAY,FLD_STRAY,UNKNOWN,COUNTY,3.0006844626967832,0,0.0,1.0
DOG,PIT BULL,BLACK/WHITE,MALE,STRAY,OVER THE COUNTER,UNKNOWN,SANTA ROSA,4.0,0,0.0,1.0
CAT,DOMESTIC LH,BRN TABBY/WHITE,MALE,STRAY,OVER THE COUNTER,UNKNOWN,COUNTY,0.5859000684462696,0,0.0,1.0
CAT,DOMESTIC MH,TORTIE,FEMALE,STRAY,FLD_STRAY,HEALTHY,SANTA ROSA,5.002053388090349,0,0.0,1.0
DOG,GERM SHEPHERD,TAN/BLACK,MALE,STRAY,FLD_STRAY,UNKNOWN,SANTA ROSA,10.001368925393566,0,0.0,1.0
DOG,__RARE_OR_NEW__,GOLD,MALE,STRAY,FLD_STRAY,UNKNOWN,SANTA ROSA,4.246406570841889,0,0.0,1.0
CAT,DOMESTIC SH,TORTIE/BRN TABBY,FEMALE,STRAY,OVER THE COUNTER,UNKNOWN,SANTA ROSA,0.33401779603011633,0,0.0,1.0
CAT,DOMESTIC SH,TORTIE/BRN TABBY,FEMALE,STRAY,OVER THE COUNTER,UNKNOWN,SANTA ROSA,0.33401779603011633,0,0.0,1.0
DOG,DOBERMAN PINSCH,__RARE_OR_NEW__,FEMALE,STRAY,OVER THE COUNTER,UNKNOWN,SANTA ROSA,3.0006844626967832,0,0.0,1.0
DOG,__RARE_OR_NEW__,BLACK/WHITE,FEMALE,STRAY,OVER THE COUNTER,UNKNOWN,SANTA ROSA,5.002053388090349,0,0.0,1.0
DOG,LABRADOR RETR,YELLOW,FEMALE,STRAY,FLD_STRAY,UNKNOWN,SANTA ROSA,4.837782340862423,0,0.0,1.0
CAT,__RARE_OR_NEW__,GRAY,FEMALE,OWNER SURRENDER,FIELD,UNKNOWN,SANTA ROSA,13.048596851471595,0,0.0,1.0
OTHER,RABBIT SH,BROWN,MALE,STRAY,OVER THE COUNTER,HEALTHY,SANTA ROSA,2.001368925393566,0,0.0,1.0
DOG,ALASKAN HUSKY,WHITE,MALE,STRAY,OVER THE COUNTER,UNKNOWN,SANTA ROSA,0.4188911704312115,0,0.0,1.0
DOG,ALASKAN HUSKY,WHITE,MALE,STRAY,OVER THE COUNTER,UNKNOWN,SANTA ROSA,0.4188911704312115,0,0.0,1.0
DOG,__RARE_OR_NEW__,WHITE/TAN,FEMALE,CONFISCATE,FLD_HOSPTL,UNKNOWN,SANTA ROSA,6.995208761122519,0,0.0,1.0
DOG,LABRADOR RETR/MIX,BLACK,MALE,STRAY,FLD_STRAY,UNKNOWN,COUNTY,1.9931553730321698,0,0.0,1.0
DOG,CHIHUAHUA SH/MIX,RED/BLACK,MALE,CONFISCATE,FLD_ARREST,HEALTHY,SANTA ROSA,6.997946611909651,0,0.0,1.0
DOG,PIT BULL,BROWN/WHITE,FEMALE,STRAY,FLD_STRAY,UNKNOWN,SANTA ROSA,1.9247091033538672,0,0.0,1.0
DOG,SHIH TZU,WHITE/TAN,FEMALE,STRAY,OVER THE COUNTER,UNKNOWN,SANTA ROSA,1.998631074606434,0,0.0,1.0
CAT,DOMESTIC MH,WHITE,MALE,STRAY,FLD_STRAY,UNKNOWN,COUNTY,3.923340177960301,0,0.0,1.0
DOG,SIBERIAN HUSKY,WHITE,MALE,STRAY,OVER THE COUNTER,UNKNOWN,SANTA ROSA,5.002053388090349,0,0.0,1.0
DOG,__RARE_OR_NEW__,WHITE/GRAY,FEMALE,STRAY,FLD_STRAY,UNKNOWN,SANTA ROSA,6.113620807665982,0,0.0,1.0
CAT,DOMESTIC MH,GRAY,FEMALE,STRAY,OVER THE COUNTER,UNKNOWN,SANTA ROSA,12.999315537303216,0,0.0,1.0
DOG,SIBERIAN HUSKY,BROWN/WHITE,MALE,QUARANTINE,FIELD,UNKNOWN,COUNTY,7.003422313483915,0,0.0,1.0
DOG,GERM SHEPHERD/MIX,TAN,FEMALE,STRAY,OVER THE COUNTER,UNKNOWN,SANTA ROSA,6.0013689253935665,0,0.0,1.0
DOG,SIBERIAN HUSKY,BLACK/WHITE,FEMALE,STRAY,FIELD,UNKNOWN,COUNTY,0.8323066392881588,0,0.0,1.0
CAT,DOMESTIC SH,GRAY TABBY,FEMALE,STRAY,OVER THE COUNTER,UNKNOWN,SANTA ROSA,3.0006844626967832,0,0.0,1.0
CAT,DOMESTIC SH,CALICO,FEMALE,STRAY,OVER THE COUNTER,UNKNOWN,SANTA ROSA,2.001368925393566,0,0.0,1.0
OTHER,BAT,BROWN,UNKNOWN,QUARANTINE,FIELD,UNKNOWN,*ROHNERT PARK,1.8986995208761122,1,0.0,1.0
DOG,ENG BULLDOG,BR BRINDLE,MALE,STRAY,OVER THE COUNTER,UNKNOWN,COUNTY,5.002053388090349,0,0.0,1.0
DOG,CHIHUAHUA SH,GOLD,MALE,STRAY,FIELD,UNKNOWN,SANTA ROSA,14.718685831622176,0,0.0,1.0
DOG,PIT BULL/MIX,BROWN,MALE,STRAY,FLD_STRAY,UNKNOWN,SANTA ROSA,0.16700889801505817,0,0.0,1.0
DOG,BELG MALINOIS/MIX,RED/BLACK,FEMALE,ADOPTION RETURN,OVER THE COUNTER,UNKNOWN,SANTA ROSA,4.898015058179329,0,0.0,1.0
OTHER,SHEEP,BLACK/BROWN,UNKNOWN,BORN HERE,MOM STRAY,UNKNOWN,SANTA ROSA,0.0,0,0.0,1.0
CAT,DOMESTIC SH,BRN TABBY,MALE,STRAY,FIELD,UNKNOWN,SANTA ROSA,7.997262149212868,0,0.0,1.0
DOG,SIBERIAN HUSKY,WHITE/TAN,FEMALE,STRAY,FLD_STRAY,UNKNOWN,SANTA ROSA,4.900752908966461,0,0.0,1.0
CAT,DOMESTIC SH,__RARE_OR_NEW__,FEMALE,CONFISCATE,FLD_CRUEL,UNKNOWN,SANTA ROSA,13.998631074606434,0,0.0,1.0
DOG,BELG MALINOIS,BLACK,MALE,STRAY,FLD_STRAY,UNKNOWN,SANTA ROSA,3.0006844626967832,0,0.0,1.0
DOG,PIT BULL,GRAY,FEMALE,STRAY,FLD_STRAY,UNKNOWN,SANTA ROSA,1.002053388090349,0,0.0,1.0
DOG,AUST CATTLE DOG,BLUE,FEMALE,CONFISCATE,FLD_ARREST,UNKNOWN,SANTA ROSA,2.001368925393566,1,0.0,1.0
DOG,CHIHUAHUA SH,BLACK/TAN,MALE,CONFISCATE,FLD_ARREST,UNKNOWN,SANTA ROSA,2.001368925393566,1,0.0,1.0
DOG,GERM SHEPHERD,BLACK/BROWN,MALE,QUARANTINE,FIELD,UNKNOWN,COUNTY,3.490759753593429,0,0.0,1.0
DOG,GERM SHEPHERD,BROWN,FEMALE,CONFISCATE,FLD_CRUEL,UNTREATABLE,SANTA ROSA,4.996577686516085,0,0.0,1.0
DOG,GERM SHEPHERD/MIX,BROWN/BLACK,MALE,STRAY,OVER THE COUNTER,UNKNOWN,SANTA ROSA,2.001368925393566,1,0.0,1.0
DOG,SIBERIAN HUSKY/MIX,BLACK/WHITE,MALE,STRAY,FIELD,UNKNOWN,SANTA ROSA,0.5037645448323066,0,0.0,1.0
CAT,DOMESTIC MH,__RARE_OR_NEW__,FEMALE,STRAY,FIELD,UNKNOWN,SANTA ROSA,0.2518822724161533,1,0.0,1.0
CAT,DOMESTIC SH,BRN TABBY,MALE,STRAY,FLD_STRAY,UNKNOWN,COUNTY,0.2518822724161533,1,0.0,1.0
DOG,FRENCH BULLDOG,__RARE_OR_NEW__,MALE,STRAY,FLD_STRAY,UNKNOWN,SANTA ROSA,3.997262149212868,0,0.0,1.0
DOG,__RARE_OR_NEW__,GRAY/WHITE,FEMALE,STRAY,FLD_STRAY,UNKNOWN,COUNTY,2.001368925393566,1,0.0,1.0
DOG,__RARE_OR_NEW__,WHITE,MALE,STRAY,FLD_STRAY,UNKNOWN,COUNTY,0.8459958932238193,0,0.0,1.0
DOG,__RARE_OR_NEW__,WHITE,MALE,STRAY,FLD_STRAY,UNKNOWN,COUNTY,1.998631074606434,0,0.0,1.0
DOG,DOBERMAN PINSCH,BLACK/BROWN,MALE,STRAY,FLD_STRAY,UNKNOWN,SANTA ROSA,2.001368925393566,1,0.0,1.0
DOG,GERM SHEPHERD,BLACK/BROWN,MALE,STRAY,FLD_STRAY,HEALTHY,COUNTY,2.8966461327857633,0,0.0,1.0
CAT,DOMESTIC SH,BLACK/WHITE,FEMALE,STRAY,FLD_STRAY,UNKNOWN,SANTA ROSA,0.5667351129363449,0,0.0,1.0
DOG,BORDER COLLIE/MIX,BLACK,MALE,CONFISCATE,FLD_ARREST,UNKNOWN,SANTA ROSA,2.001368925393566,1,0.0,1.0
DOG,__RARE_OR_NEW__,TAN,MALE,STRAY,FIELD,UNKNOWN,SANTA ROSA,1.002053388090349,0,0.0,1.0
CAT,DOMESTIC SH,ORG TABBY,MALE,STRAY,FIELD,HEALTHY,SANTA ROSA,0.5037645448323066,0,0.0,1.0
DOG,__RARE_OR_NEW__,BROWN/WHITE,MALE,ADOPTION RETURN,OVER THE COUNTER,UNKNOWN,OUT OF COUNTY,0.2546201232032854,0,0.0,1.0
CAT,DOMESTIC MH,BLACK,FEMALE,STRAY,__RARE_OR_NEW__,UNKNOWN,SANTA ROSA,0.2518822724161533,1,0.0,1.0
DOG,FRENCH BULLDOG,GRAY,MALE,STRAY,FLD_STRAY,UNKNOWN,SANTA ROSA,3.1047227926078027,0,0.0,1.0
DOG,PIT BULL,WHITE/CREAM,FEMALE,STRAY,FLD_STRAY,UNKNOWN,SANTA ROSA,9.451060917180014,0,0.0,1.0
DOG,PIT BULL,WHITE/BROWN,MALE,STRAY,FLD_STRAY,UNKNOWN,SANTA ROSA,2.001368925393566,1,0.0,1.0
DOG,__RARE_OR_NEW__,RED,FEMALE,STRAY,FLD_STRAY,UNKNOWN,SANTA ROSA,0.07392197125256673,0,0.0,1.0
DOG,__RARE_OR_NEW__,BLACK/TAN,FEMALE,STRAY,FLD_STRAY,HEALTHY,SANTA ROSA,0.16700889801505817,0,0.0,1.0
CAT,DOMESTIC MH,BLACK,MALE,CONFISCATE,FLD_EVICT,UNKNOWN,COUNTY,0.33401779603011633,0,0.0,1.0
CAT,DOMESTIC SH,BLACK,MALE,CONFISCATE,FLD_EVICT,HEALTHY,COUNTY,0.33401779603011633,0,0.0,1.0
CAT,DOMESTIC SH,BLACK,FEMALE,CONFISCATE,FLD_EVICT,HEALTHY,COUNTY,0.33401779603011633,0,0.0,1.0
CAT,DOMESTIC SH,BLACK,MALE,CONFISCATE,FLD_EVICT,UNKNOWN,COUNTY,0.33401779603011633,0,0.0,1.0
CAT,DOMESTIC SH,GRAY,FEMALE,CONFISCATE,FLD_EVICT,HEALTHY,COUNTY,4.0,0,0.0,1.0
CAT,DOMESTIC SH,GRAY,MALE,CONFISCATE,FLD_EVICT,UNKNOWN,COUNTY,2.001368925393566,0,0.0,1.0
DOG,AM PIT BULL TER/MIX,TAN/WHITE,FEMALE,STRAY,OVER THE COUNTER,UNKNOWN,COUNTY,2.113620807665982,0,0.0,1.0
DOG,ENG BULLDOG/MIX,__RARE_OR_NEW__,FEMALE,STRAY,OVER THE COUNTER,UNKNOWN,COUNTY,2.028747433264887,0,0.0,1.0
DOG,ENG BULLDOG,BLUE MERLE,FEMALE,STRAY,OVER THE COUNTER,UNKNOWN,COUNTY,2.8281998631074607,0,0.0,1.0
CAT,SIAMESE,SEAL PT,FEMALE,CONFISCATE,FLD_EVICT,UNKNOWN,COUNTY,2.001368925393566,0,0.0,1.0
CAT,DOMESTIC SH,WHITE,MALE,STRAY,FLD_STRAY,HEALTHY,SANTA ROSA,2.7953456536618755,0,0.0,1.0
CAT,DOMESTIC SH,GRAY TABBY,MALE,QUARANTINE,FIELD,UNKNOWN,SANTA ROSA,1.5058179329226558,0,0.0,1.0
DOG,PIT BULL/MIX,WHITE/BLACK,FEMALE,CONFISCATE,FLD_ARREST,UNKNOWN,COUNTY,5.002053388090349,0,0.0,1.0
CAT,DOMESTIC SH,BLACK,MALE,STRAY,OVER THE COUNTER,UNKNOWN,COUNTY,3.0006844626967832,0,0.0,1.0
CAT,DOMESTIC SH,BLACK,MALE,CONFISCATE,OVER THE COUNTER,UNKNOWN,COUNTY,0.4188911704312115,0,0.0,1.0
DOG,__RARE_OR_NEW__,BLACK/TAN,MALE,STRAY,OVER THE COUNTER,UNKNOWN,COUNTY,2.001368925393566,1,0.0,1.0
DOG,PIT BULL,BROWN,MALE,QUARANTINE,OVER THE COUNTER,UNKNOWN,OUT OF COUNTY,2.001368925393566,1,0.0,1.0
CAT,DOMESTIC SH,GRAY,MALE,CONFISCATE,FLD_EVICT,UNKNOWN,COUNTY,2.001368925393566,0,0.0,1.0
OTHER,CHICKEN,WHITE,FEMALE,OWNER SURRENDER,FIELD,UNKNOWN,SANTA ROSA,1.8986995208761122,1,0.0,1.0
DOG,CHIHUAHUA SH,BROWN/TAN,FEMALE,STRAY,OVER THE COUNTER,UNKNOWN,SANTA ROSA,2.0588637919233403,0,0.0,1.0
DOG,__RARE_OR_NEW__,BLACK/WHITE,FEMALE,STRAY,FIELD,UNKNOWN,SANTA ROSA,1.5058179329226558,0,0.0,1.0
CAT,DOMESTIC SH,WHITE/BLACK,MALE,OWNER SURRENDER,OVER THE COUNTER,UNKNOWN,*SONOMA,12.78302532511978,0,0.49999999999999994,0.8660254037844387
DOG,GREAT PYRENEES,WHITE/BLACK,FEMALE,STRAY,FLD_STRAY,UNKNOWN,COUNTY,0.49555099247091033,0,0.49999999999999994,0.8660254037844387
DOG,LABRADOR RETR/MIX,BLACK,FEMALE,STRAY,FLD_STRAY,UNKNOWN,SANTA ROSA,1.1553730321697468,0,0.49999999999999994,0.8660254037844387
DOG,LABRADOR RETR/MIX,BLACK,FEMALE,STRAY,FLD_STRAY,UNKNOWN,SANTA ROSA,1.6591375770020533,0,0.49999999999999994,0.8660254037844387
OTHER,__RARE_OR_NEW__,WHITE/BLACK,FEMALE,STRAY,FLD_STRAY,UNKNOWN,COUNTY,0.5941136208076659,0,0.49999999999999994,0.8660254037844387
DOG,PUG,BROWN,MALE,STRAY,FLD_STRAY,UNKNOWN,SANTA ROSA,2.001368925393566,1,0.49999999999999994,0.8660254037844387
DOG,PIT BULL/MIX,BLACK/WHITE,MALE,STRAY,FLD_STRAY,UNKNOWN,HEALDSBURG,2.291581108829569,0,0.49999999999999994,0.8660254037844387
DOG,SIBERIAN HUSKY,RED/WHITE,FEMALE,STRAY,FIELD,UNKNOWN,SANTA ROSA,2.9623545516769334,0,0.49999999999999994,0.8660254037844387
DOG,__RARE_OR_NEW__,TAN/WHITE,MALE,STRAY,FIELD,UNKNOWN,SANTA ROSA,2.001368925393566,1,0.49999999999999994,0.8660254037844387
CAT,DOMESTIC SH,BLACK,FEMALE,STRAY,OVER THE COUNTER,UNKNOWN,SANTA ROSA,10.001368925393566,0,0.49999999999999994,0.8660254037844387
DOG,ALASKAN HUSKY,WHITE,MALE,ADOPTION RETURN,OVER THE COUNTER,UNKNOWN,COUNTY,0.4681724845995893,0,0.49999999999999994,0.8660254037844387
DOG,__RARE_OR_NEW__,BROWN/WHITE,MALE,STRAY,FLD_STRAY,UNKNOWN,SANTA ROSA,3.0006844626967832,0,0.49999999999999994,0.8660254037844387
CAT,DOMESTIC MH,ORG TABBY,MALE,OWNER SURRENDER,FIELD,UNKNOWN,SANTA ROSA,4.0,0,0.49999999999999994,0.8660254037844387
DOG,__RARE_OR_NEW__,RED/WHITE,MALE,CONFISCATE,FLD_ARREST,UNKNOWN,SANTA ROSA,3.7754962354551678,0,0.49999999999999994,0.8660254037844387
DOG,CHIHUAHUA SH/MIX,WHITE,MALE,STRAY,OVER THE COUNTER,UNKNOWN,SANTA ROSA,7.000684462696783,0,0.49999999999999994,0.8660254037844387
CAT,DOMESTIC SH,BLACK/WHITE,FEMALE,CONFISCATE,FLD_CORONR,UNKNOWN,COUNTY,9.00205338809035,0,0.49999999999999994,0.8660254037844387
CAT,DOMESTIC MH,CALICO,FEMALE,CONFISCATE,FLD_CORONR,UNKNOWN,COUNTY,9.00205338809035,0,0.49999999999999994,0.8660254037844387
CAT,DOMESTIC SH,GRAY TABBY,MALE,CONFISCATE,FLD_CORONR,UNKNOWN,COUNTY,6.995208761122519,0,0.49999999999999994,0.8660254037844387
CAT,DOMESTIC LH,CALICO,FEMALE,CONFISCATE,FLD_EVICT,UNKNOWN,SANTA ROSA,7.000684462696783,0,0.49999999999999994,0.8660254037844387
DOG,MALTESE,WHITE,MALE,CONFISCATE,FLD_HOSPTL,UNKNOWN,COUNTY,0.837782340862423,0,0.49999999999999994,0.8660254037844387
DOG,__RARE_OR_NEW__,BLACK,FEMALE,STRAY,OVER THE COUNTER,UNKNOWN,COUNTY,13.845311430527037,0,0.49999999999999994,0.8660254037844387
CAT,DOMESTIC SH,BLACK,MALE,STRAY,OVER THE COUNTER,UNKNOWN,SANTA ROSA,0.9828884325804244,0,0.49999999999999994,0.8660254037844387
DOG,CATAHOULA/MIX,WHITE/TAN,MALE,STRAY,OVER THE COUNTER,HEALTHY,SANTA ROSA,0.26283367556468173,0,0.49999999999999994,0.8660254037844387
CAT,DOMESTIC SH,GRAY/WHITE,FEMALE,STRAY,OVER THE COUNTER,HEALTHY,SANTA ROSA,1.672826830937714,0,0.49999999999999994,0.8660254037844387
CAT,DOMESTIC LH,CALICO,FEMALE,STRAY,OVER THE COUNTER,UNKNOWN,SANTA ROSA,7.000684462696783,0,0.49999999999999994,0.8660254037844387
DOG,PIT BULL,GRAY/WHITE,FEMALE,STRAY,FLD_STRAY,UNKNOWN,SANTA ROSA,2.001368925393566,1,0.49999999999999994,0.8660254037844387
DOG,PIT BULL/MIX,WHITE/BLACK,FEMALE,QUARANTINE,FIELD,UNKNOWN,COUNTY,3.0006844626967832,0,0.49999999999999994,0.8660254037844387
DOG,GREAT PYRENEES,WHITE,FEMALE,STRAY,FLD_STRAY,UNKNOWN,COUNTY,1.3552361396303902,0,0.49999999999999994,0.8660254037844387
CAT,DOMESTIC SH,GRAY TABBY/WHITE,FEMALE,STRAY,OVER THE COUNTER,UNKNOWN,SANTA ROSA,0.2518822724161533,0,0.49999999999999994,0.8660254037844387
CAT,DOMESTIC SH,GRAY TABBY,MALE,STRAY,OVER THE COUNTER,UNKNOWN,SANTA ROSA,0.2518822724161533,0,0.49999999999999994,0.8660254037844387
CAT,DOMESTIC SH,ORANGE/WHITE,MALE,STRAY,OVER THE COUNTER,UNKNOWN,SANTA ROSA,0.2518822724161533,0,0.49999999999999994,0.8660254037844387
CAT,DOMESTIC SH,BLACK/WHITE,MALE,STRAY,OVER THE COUNTER,UNKNOWN,SANTA ROSA,0.2518822724161533,0,0.49999999999999994,0.8660254037844387
CAT,DOMESTIC SH,ORG TABBY,MALE,STRAY,OVER THE COUNTER,UNKNOWN,SANTA ROSA,0.2518822724161533,0,0.49999999999999994,0.8660254037844387
CAT,DOMESTIC MH,ORG TABBY,MALE,STRAY,OVER THE COUNTER,UNKNOWN,SANTA ROSA,7.000684462696783,0,0.49999999999999994,0.8660254037844387
DOG,GERM SHEPHERD/MIX,BLACK/TAN,MALE,STRAY,OVER THE COUNTER,UNKNOWN,COUNTY,1.648186173853525,0,0.49999999999999994,0.8660254037844387
DOG,PIT BULL,BROWN/BLACK,MALE,STRAY,FLD_STRAY,UNKNOWN,COUNTY,12.996577686516085,0,0.49999999999999994,0.8660254037844387
CAT,DOMESTIC SH,BRN TABBY,FEMALE,STRAY,FLD_STRAY,UNKNOWN,SANTA ROSA,2.9952087611225187,0,0.49999999999999994,0.8660254037844387
DOG,__RARE_OR_NEW__,BLACK/WHITE,FEMALE,CONFISCATE,FLD_HOSPTL,UNKNOWN,SANTA ROSA,15.638603696098563,0,0.49999999999999994,0.8660254037844387
DOG,MASTIFF,BROWN,FEMALE,CONFISCATE,FLD_ARREST,UNKNOWN,SANTA ROSA,2.001368925393566,0,0.49999999999999994,0.8660254037844387
CAT,DOMESTIC MH,CHOCOLATE,FEMALE,OWNER SURRENDER,FIELD,UNKNOWN,SANTA ROSA,3.0006844626967832,0,0.49999999999999994,0.8660254037844387
DOG,PIT BULL/MIX,__RARE_OR_NEW__,FEMALE,STRAY,FIELD,UNKNOWN,SANTA ROSA,2.001368925393566,1,0.49999999999999994,0.8660254037844387
CAT,DOMESTIC SH,__RARE_OR_NEW__,FEMALE,STRAY,FIELD,UNKNOWN,SANTA ROSA,0.2518822724161533,1,0.49999999999999994,0.8660254037844387
DOG,__RARE_OR_NEW__,BLACK,MALE,STRAY,FIELD,UNKNOWN,SANTA ROSA,6.997946611909651,0,0.49999999999999994,0.8660254037844387
DOG,__RARE_OR_NEW__,BLACK,MALE,CONFISCATE,FLD_ABAND,UNKNOWN,SANTA ROSA,1.002053388090349,0,0.49999999999999994,0.8660254037844387
DOG,__RARE_OR_NEW__,BLACK/WHITE,MALE,STRAY,FLD_STRAY,UNKNOWN,COUNTY,0.5886379192334018,0,0.49999999999999994,0.8660254037844387
DOG,PIT BULL,BLACK/WHITE,MALE,STRAY,OVER THE COUNTER,UNKNOWN,SANTA ROSA,4.068446269678303,0,0.49999999999999994,0.8660254037844387
DOG,GERM SHEPHERD,BROWN/BLACK,MALE,STRAY,FLD_STRAY,UNKNOWN,COUNTY,2.001368925393566,1,0.49999999999999994,0.8660254037844387
DOG,PARSON RUSS TER/MIX,WHITE,FEMALE,CONFISCATE,FLD_ABAND,UNKNOWN,SANTA ROSA,2.0314852840520192,0,0.49999999999999994,0.8660254037844387
OTHER,BAT,BROWN,UNKNOWN,QUARANTINE,FIELD,UNKNOWN,PETALUMA,1.8986995208761122,1,0.49999999999999994,0.8660254037844387
DOG,__RARE_OR_NEW__,WHITE,MALE,STRAY,FLD_STRAY,UNKNOWN,SANTA ROSA,1.002053388090349,0,0.49999999999999994,0.8660254037844387
CAT,DOMESTIC SH,BLACK,MALE,CONFISCATE,FLD_ABAND,UNKNOWN,SANTA ROSA,1.5058179329226558,0,0.49999999999999994,0.8660254037844387
DOG,__RARE_OR_NEW__,WHITE,MALE,STRAY,FLD_STRAY,UNKNOWN,COUNTY,2.48870636550308,0,0.49999999999999994,0.8660254037844387
DOG,PIT BULL,BLACK/WHITE,MALE,STRAY,FIELD,UNKNOWN,COUNTY,0.33675564681724846,0,0.49999999999999994,0.8660254037844387
DOG,PIT BULL/MIX,BROWN,MALE,STRAY,FLD_STRAY,UNKNOWN,COUNTY,1.002053388090349,0,0.49999999999999994,0.8660254037844387
CAT,DOMESTIC MH,BLACK/WHITE,MALE,STRAY,OVER THE COUNTER,UNKNOWN,SANTA ROSA,1.5058179329226558,0,0.49999999999999994,0.8660254037844387
CAT,DOMESTIC SH,TORTIE,FEMALE,OWNER SURRENDER,FIELD,UNKNOWN,SANTA ROSA,0.2518822724161533,1,0.49999999999999994,0.8660254037844387
DOG,SIBERIAN HUSKY,GRAY/WHITE,MALE,STRAY,FLD_STRAY,UNKNOWN,SANTA ROSA,6.349075975359343,0,0.49999999999999994,0.8660254037844387
DOG,SIBERIAN HUSKY,BLACK/WHITE,FEMALE,STRAY,FLD_STRAY,UNKNOWN,SANTA ROSA,7.263518138261465,0,0.49999999999999994,0.8660254037844387
DOG,GERM SHEPHERD,BROWN/BLACK,MALE,STRAY,FLD_STRAY,UNKNOWN,COUNTY,10.401095140314853,0,0.49999999999999994,0.8660254037844387
DOG,__RARE_OR_NEW__,BLACK/TAN,MALE,CONFISCATE,FLD_ARREST,UNKNOWN,COUNTY,5.284052019164956,0,0.49999999999999994,0.8660254037844387
CAT,SIAMESE,LYNX PT,MALE,STRAY,OVER THE COUNTER,UNKNOWN,SANTA ROSA,6.0013689253935665,0,0.49999999999999994,0.8660254037844387
CAT,DOMESTIC SH,BLACK/WHITE,FEMALE,STRAY,OVER THE COUNTER,UNKNOWN,SANTA ROSA,6.0013689253935665,0,0.49999999999999994,0.8660254037844387
DOG,FRENCH BULLDOG,GRAY,MALE,STRAY,FLD_STRAY,UNKNOWN,SANTA ROSA,3.154004106776181,0,0.49999999999999994,0.8660254037844387
DOG,CHIHUAHUA SH/MIX,BLACK,FEMALE,CONFISCATE,FLD_CORONR,UNKNOWN,SANTA ROSA,8.684462696783026,0,0.49999999999999994,0.8660254037844387
OTHER,RABBIT SH,__RARE_OR_NEW__,MALE,STRAY,FLD_STRAY,UNKNOWN,SANTA ROSA,3.9863107460643397,0,0.49999999999999994,0.8660254037844387
DOG,__RARE_OR_NEW__,BLACK,FEMALE,STRAY,FLD_STRAY,UNKNOWN,COUNTY,1.3963039014373717,0,0.49999999999999994,0.8660254037844387
CAT,DOMESTIC SH,TORTIE,FEMALE,CONFISCATE,FLD_CORONR,UNKNOWN,SANTA ROSA,0.2518822724161533,1,0.49999999999999994,0.8660254037844387
CAT,DOMESTIC MH,BLACK,MALE,STRAY,FIELD,UNKNOWN,COUNTY,1.5058179329226558,0,0.49999999999999994,0.8660254037844387
DOG,PIT BULL,CHOCOLATE/WHITE,MALE,STRAY,FIELD,UNKNOWN,COUNTY,5.002053388090349,0,0.49999999999999994,0.8660254037844387
DOG,LABRADOR RETR/MIX,TAN,MALE,STRAY,FIELD,HEALTHY,SANTA ROSA,1.002053388090349,0,0.49999999999999994,0.8660254037844387
CAT,DOMESTIC SH,BLACK,MALE,STRAY,OVER THE COUNTER,UNKNOWN,COUNTY,3.0006844626967832,0,0.49999999999999994,0.8660254037844387
DOG,SIBERIAN HUSKY,BLACK/WHITE,MALE,STRAY,FIELD,HEALTHY,SANTA ROSA,3.0006844626967832,0,0.49999999999999994,0.8660254037844387
DOG,LABRADOR RETR/MIX,BLACK,FEMALE,STRAY,OVER THE COUNTER,UNKNOWN,SANTA ROSA,2.001368925393566,1,0.49999999999999994,0.8660254037844387
DOG,AUST CATTLE DOG/MIX,BROWN/WHITE,MALE,OWNER SURRENDER,OVER THE COUNTER,UNKNOWN,SANTA ROSA,0.33675564681724846,0,0.49999999999999994,0.8660254037844387
DOG,AUST CATTLE DOG/MIX,BLUE MERLE,MALE,OWNER SURRENDER,OVER THE COUNTER,UNKNOWN,SANTA ROSA,0.1861738535249829,0,0.49999999999999994,0.8660254037844387
DOG,AUST CATTLE DOG/MIX,BLUE/WHITE,FEMALE,OWNER SURRENDER,OVER THE COUNTER,UNKNOWN,SANTA ROSA,0.33675564681724846,0,0.49999999999999994,0.8660254037844387
DOG,AUST CATTLE DOG/MIX,__RARE_OR_NEW__,FEMALE,OWNER SURRENDER,OVER THE COUNTER,UNKNOWN,SANTA ROSA,0.33675564681724846,0,0.49999999999999994,0.8660254037844387
DOG,AUST CATTLE DOG/MIX,__RARE_OR_NEW__,FEMALE,OWNER SURRENDER,OVER THE COUNTER,UNKNOWN,SANTA ROSA,0.33675564681724846,0,0.49999999999999994,0.8660254037844387
DOG,AUST CATTLE DOG/MIX,TAN/WHITE,FEMALE,OWNER SURRENDER,OVER THE COUNTER,UNKNOWN,SANTA ROSA,0.33675564681724846,0,0.49999999999999994,0.8660254037844387
DOG,AUST CATTLE DOG/MIX,__RARE_OR_NEW__,FEMALE,OWNER SURRENDER,OVER THE COUNTER,UNKNOWN,SANTA ROSA,0.33675564681724846,0,0.49999999999999994,0.8660254037844387
DOG,PIT BULL/MIX,TAN,MALE,STRAY,OVER THE COUNTER,UNKNOWN,COUNTY,2.001368925393566,0,0.49999999999999994,0.8660254037844387
DOG,GERM SHEPHERD,TRICOLOR,FEMALE,STRAY,OVER THE COUNTER,UNKNOWN,SANTA ROSA,0.12046543463381246,0,0.49999999999999994,0.8660254037844387
DOG,ROTTWEILER/MIX,BLACK/TAN,MALE,STRAY,FIELD,HEALTHY,COUNTY,1.9794661190965093,0,0.49999999999999994,0.8660254037844387
DOG,PIT BULL/MIX,RED/WHITE,FEMALE,STRAY,FLD_STRAY,UNKNOWN,SANTA ROSA,1.5058179329226558,0,0.49999999999999994,0.8660254037844387
DOG,ENG BULLDOG/MIX,BROWN/WHITE,MALE,STRAY,FLD_STRAY,UNKNOWN,SANTA ROSA,6.0013689253935665,0,0.49999999999999994,0.8660254037844387
DOG,CHIHUAHUA SH,BROWN,FEMALE,STRAY,FIELD,UNKNOWN,SANTA ROSA,15.983572895277208,0,0.49999999999999994,0.8660254037844387
CAT,DOMESTIC SH,__RARE_OR_NEW__,FEMALE,OWNER SURRENDER,FIELD,UNKNOWN,SANTA ROSA,0.2518822724161533,1,0.49999999999999994,0.8660254037844387
DOG,BORDER COLLIE/MIX,TRICOLOR,FEMALE,STRAY,OVER THE COUNTER,UNKNOWN,SANTA ROSA,2.135523613963039,0,0.49999999999999994,0.8660254037844387
CAT,DOMESTIC SH,BRN TABBY,MALE,CONFISCATE,FLD_CORONR,UNKNOWN,COUNTY,9.00205338809035,0,0.49999999999999994,0.8660254037844387
DOG,PIT BULL/MIX,BR BRINDLE,MALE,OWNER SURRENDER,OVER THE COUNTER,UNKNOWN,SANTA ROSA,1.483915126625599,0,0.49999999999999994,0.8660254037844387
CAT,DOMESTIC MH,CALICO,FEMALE,STRAY,OVER THE COUNTER,UNKNOWN,SANTA ROSA,6.0013689253935665,0,0.49999999999999994,0.8660254037844387
DOG,BORDER COLLIE,BLACK/WHITE,MALE,STRAY,FLD_STRAY,UNKNOWN,SANTA ROSA,16.999315537303218,0,0.49999999999999994,0.8660254037844387
OTHER,GUINEA PIG,WHITE/BLACK,FEMALE,STRAY,OVER THE COUNTER,UNKNOWN,SANTA ROSA,1.8986995208761122,1,0.49999999999999994,0.8660254037844387
DOG,__RARE_OR_NEW__,BLACK/WHITE,MALE,ADOPTION RETURN,OVER THE COUNTER,UNKNOWN,PETALUMA,1.1389459274469542,0,0.49999999999999994,0.8660254037844387
CAT,DOMESTIC SH,ORG TABBY,MALE,CONFISCATE,FLD_CORONR,HEALTHY,COUNTY,7.000684462696783,0,0.49999999999999994,0.8660254037844387
DOG,BEAGLE/MIX,BROWN/WHITE,FEMALE,STRAY,FLD_STRAY,UNKNOWN,COUNTY,2.001368925393566,0,0.49999999999999994,0.8660254037844387
DOG,BEAGLE/MIX,BROWN/WHITE,MALE,STRAY,FLD_STRAY,UNKNOWN,COUNTY,0.04380561259411362,0,0.49999999999999994,0.8660254037844387
DOG,BEAGLE/MIX,BROWN/WHITE,FEMALE,STRAY,FLD_STRAY,UNKNOWN,COUNTY,0.04380561259411362,0,0.49999999999999994,0.8660254037844387
DOG,BEAGLE/MIX,TAN/WHITE,MALE,STRAY,FLD_STRAY,UNKNOWN,COUNTY,0.04380561259411362,0,0.49999999999999994,0.8660254037844387
DOG,BEAGLE/MIX,BROWN/WHITE,MALE,STRAY,FLD_STRAY,UNKNOWN,COUNTY,0.04380561259411362,0,0.49999999999999994,0.8660254037844387
DOG,BEAGLE/MIX,WHITE/BROWN,FEMALE,STRAY,FLD_STRAY,UNKNOWN,COUNTY,0.04380561259411362,0,0.49999999999999994,0.8660254037844387
CAT,DOMESTIC SH,GRAY/WHITE,MALE,STRAY,OVER THE COUNTER,UNKNOWN,SANTA ROSA,3.0006844626967832,0,0.49999999999999994,0.8660254037844387
DOG,BELG MALINOIS,BLACK,MALE,STRAY,FLD_STRAY,UNKNOWN,SANTA ROSA,3.080082135523614,0,0.49999999999999994,0.8660254037844387
DOG,GERM SHEPHERD,TAN/BLACK,MALE,CONFISCATE,FLD_HOSPTL,UNKNOWN,SANTA ROSA,2.001368925393566,1,0.49999999999999994,0.8660254037844387
OTHER,CHICKEN,GOLD,FEMALE,STRAY,FLD_STRAY,UNKNOWN,COUNTY,1.8986995208761122,1,0.49999999999999994,0.8660254037844387
CAT,DOMESTIC SH,BLACK,MALE,STRAY,OVER THE COUNTER,UNKNOWN,COUNTY,3.0116358658453115,0,0.49999999999999994,0.8660254037844387
DOG,__RARE_OR_NEW__,WHITE,MALE,CONFISCATE,FIELD,UNKNOWN,SANTA ROSA,0.917180013689254,0,0.49999999999999994,0.8660254037844387
DOG,__RARE_OR_NEW__,WHITE,MALE,CONFISCATE,FIELD,UNKNOWN,SANTA ROSA,2.0698151950718686,0,0.49999999999999994,0.8660254037844387
DOG,LABRADOR RETR/PIT BULL,BROWN/WHITE,FEMALE,CONFISCATE,FLD_ARREST,UNKNOWN,SANTA ROSA,8.826830937713895,0,0.49999999999999994,0.8660254037844387
OTHER,GUINEA PIG,WHITE/BLACK,MALE,STRAY,FLD_STRAY,HEALTHY,SANTA ROSA,0.8021902806297057,0,0.49999999999999994,0.8660254037844387
OTHER,GUINEA PIG,WHITE/BLACK,MALE,STRAY,FLD_STRAY,UNKNOWN,SANTA ROSA,1.9712525667351128,0,0.49999999999999994,0.8660254037844387
OTHER,GUINEA PIG,BROWN/WHITE,MALE,STRAY,FLD_STRAY,UNKNOWN,SANTA ROSA,0.8021902806297057,0,0.49999999999999994,0.8660254037844387
DOG,PIT BULL/MIX,BLACK/WHITE,MALE,STRAY,FLD_STRAY,UNKNOWN,COUNTY,6.976043805612594,0,0.49999999999999994,0.8660254037844387
DOG,BORDER COLLIE,BLACK/WHITE,MALE,CONFISCATE,FLD_ARREST,UNKNOWN,SANTA ROSA,2.001368925393566,1,0.49999999999999994,0.8660254037844387
DOG,ALASKAN HUSKY,WHITE,FEMALE,STRAY,FLD_STRAY,UNKNOWN,COUNTY,1.5058179329226558,0,0.49999999999999994,0.8660254037844387
DOG,ALASKAN HUSKY,WHITE,MALE,STRAY,FLD_STRAY,UNKNOWN,COUNTY,1.5058179329226558,0,0.49999999999999994,0.8660254037844387
DOG,ENG BULLDOG/MIX,BROWN/WHITE,MALE,STRAY,FLD_STRAY,UNKNOWN,SANTA ROSA,6.015058179329227,0,0.49999999999999994,0.8660254037844387
DOG,PIT BULL/MIX,RED/WHITE,FEMALE,STRAY,FLD_STRAY,UNKNOWN,SANTA ROSA,1.5195071868583163,0,0.49999999999999994,0.8660254037844387
DOG,GERM SHEPHERD,BLACK/TAN,MALE,STRAY,FIELD,UNKNOWN,OUT OF COUNTY,0.1697467488021903,0,0.49999999999999994,0.8660254037844387
DOG,FRENCH BULLDOG,__RARE_OR_NEW__,MALE,STRAY,FLD_STRAY,UNKNOWN,SANTA ROSA,1.8507871321013005,0,0.49999999999999994,0.8660254037844387
DOG,__RARE_OR_NEW__,WHITE,MALE,CONFISCATE,FLD_CORONR,UNKNOWN,SANTA ROSA,17.152635181382614,0,0.49999999999999994,0.8660254037844387
DOG,GERM SHEPHERD,BLACK/BROWN,FEMALE,STRAY,FIELD,UNKNOWN,OUT OF COUNTY,3.0006844626967832,0,0.49999999999999994,0.8660254037844387
CAT,DOMESTIC SH,WHITE/BRN TABBY,UNKNOWN,STRAY,FIELD,UNKNOWN,COUNTY,0.2518822724161533,1,0.49999999999999994,0.8660254037844387
DOG,__RARE_OR_NEW__,TAN,MALE,STRAY,FIELD,UNKNOWN,SANTA ROSA,1.002053388090349,0,0.49999999999999994,0.8660254037844387
OTHER,GUINEA PIG,WHITE/BLACK,FEMALE,BORN HERE,MOM STRAY,HEALTHY,COUNTY,0.0,0,0.49999999999999994,0.8660254037844387
OTHER,GUINEA PIG,TRICOLOR,MALE,BORN HERE,MOM STRAY,HEALTHY,COUNTY,0.0,0,0.49999999999999994,0.8660254037844387
OTHER,GUINEA PIG,TRICOLOR,MALE,BORN HERE,MOM STRAY,HEALTHY,COUNTY,0.0,0,0.49999999999999994,0.8660254037844387
DOG,__RARE_OR_NEW__,FAWN/WHITE,FEMALE,ADOPTION RETURN,OVER THE COUNTER,UNKNOWN,COUNTY,2.135523613963039,0,0.49999999999999994,0.8660254037844387
DOG,__RARE_OR_NEW__,BLACK/WHITE,MALE,STRAY,OVER THE COUNTER,HEALTHY,COUNTY,10.001368925393566,0,0.49999999999999994,0.8660254037844387
DOG,GERM SHEPHERD/SIBERIAN HUSKY,BLACK/TAN,FEMALE,OWNER SURRENDER,OVER THE COUNTER,HEALTHY,SANTA ROSA,5.880903490759754,0,0.49999999999999994,0.8660254037844387
DOG,PIT BULL,TAN/WHITE,MALE,STRAY,FLD_STRAY,UNKNOWN,SANTA ROSA,1.5058179329226558,0,0.49999999999999994,0.8660254037844387
DOG,ENG BULLDOG/MIX,__RARE_OR_NEW__,FEMALE,STRAY,OVER THE COUNTER,UNKNOWN,COUNTY,2.11088295687885,0,0.49999999999999994,0.8660254037844387
DOG,ENG BULLDOG,BLUE MERLE,FEMALE,STRAY,OVER THE COUNTER,UNKNOWN,COUNTY,2.9103353867214237,0,0.49999999999999994,0.8660254037844387
DOG,AM PIT BULL TER/MIX,TAN/WHITE,FEMALE,STRAY,OVER THE COUNTER,UNKNOWN,COUNTY,2.195756331279945,0,0.49999999999999994,0.8660254037844387
CAT,DOMESTIC SH,TORTIE,FEMALE,OWNER SURRENDER,FIELD,TREATABLE/MANAGEABLE,SANTA ROSA,0.2518822724161533,1,0.49999999999999994,0.8660254037844387
DOG,__RARE_OR_NEW__,BROWN/WHITE,MALE,STRAY,FLD_STRAY,UNKNOWN,COUNTY,8.996577686516085,0,0.49999999999999994,0.8660254037844387
CAT,DOMESTIC SH,__RARE_OR_NEW__,FEMALE,STRAY,FIELD,UNKNOWN,COUNTY,0.2518822724161533,1,0.49999999999999994,0.8660254037844387
DOG,CHIHUAHUA SH,WHITE/TAN,FEMALE,CONFISCATE,FLD_ARREST,UNKNOWN,COUNTY,2.74880219028063,0,0.8660254037844386,0.5000000000000001
DOG,__RARE_OR_NEW__,GRAY/WHITE,FEMALE,CONFISCATE,FLD_ARREST,UNKNOWN,COUNTY,1.9739904175222451,0,0.8660254037844386,0.5000000000000001
DOG,GERM SHEPHERD/MIX,TAN,FEMALE,STRAY,FLD_STRAY,UNKNOWN,HEALDSBURG,2.001368925393566,1,0.8660254037844386,0.5000000000000001
DOG,__RARE_OR_NEW__,__RARE_OR_NEW__,FEMALE,STRAY,FLD_STRAY,UNKNOWN,COUNTY,4.999315537303217,0,0.8660254037844386,0.5000000000000001
DOG,LABRADOR RETR/MIX,BLACK,FEMALE,STRAY,OVER THE COUNTER,HEALTHY,SANTA ROSA,2.001368925393566,0,0.8660254037844386,0.5000000000000001
DOG,GERM SHEPHERD,BLACK/TAN,FEMALE,ADOPTION RETURN,OVER THE COUNTER,UNKNOWN,SANTA ROSA,0.4216290212183436,0,0.8660254037844386,0.5000000000000001
DOG,__RARE_OR_NEW__,BLACK/WHITE,FEMALE,CONFISCATE,FLD_HOSPTL,UNKNOWN,COUNTY,3.2032854209445585,0,0.8660254037844386,0.5000000000000001
DOG,PIT BULL/MIX,BLACK/WHITE,FEMALE,CONFISCATE,FLD_ARREST,UNKNOWN,SANTA ROSA,2.74880219028063,0,0.8660254037844386,0.5000000000000001
DOG,__RARE_OR_NEW__,BLACK/TAN,MALE,CONFISCATE,FLD_CORONR,UNKNOWN,COUNTY,2.001368925393566,1,0.8660254037844386,0.5000000000000001
DOG,PIT BULL,GRAY/WHITE,MALE,STRAY,FLD_STRAY,UNKNOWN,SANTA ROSA,2.001368925393566,1,0.8660254037844386,0.5000000000000001
DOG,__RARE_OR_NEW__,RED/WHITE,MALE,STRAY,FLD_STRAY,UNKNOWN,SANTA ROSA,0.9691991786447639,0,0.8660254037844386,0.5000000000000001
DOG,GERM SHEPHERD,BROWN/BLACK,FEMALE,STRAY,FIELD,UNKNOWN,SANTA ROSA,0.31211498973305957,0,0.8660254037844386,0.5000000000000001
CAT,DOMESTIC LH,BLACK,MALE,OWNER SURRENDER,FIELD,UNKNOWN,SANTA ROSA,0.2518822724161533,1,0.8660254037844386,0.5000000000000001
CAT,DOMESTIC SH,BLUE CREAM,FEMALE,OWNER SURRENDER,FIELD,HEALTHY,SANTA ROSA,0.2518822724161533,1,0.8660254037844386,0.5000000000000001
DOG,__RARE_OR_NEW__,WHITE/BROWN,FEMALE,STRAY,FLD_STRAY,UNKNOWN,SANTA ROSA,9.259411362080767,0,0.8660254037844386,0.5000000000000001
DOG,__RARE_OR_NEW__,BROWN/WHITE,FEMALE,STRAY,FLD_STRAY,UNKNOWN,SANTA ROSA,6.962354551676934,0,0.8660254037844386,0.5000000000000001
DOG,__RARE_OR_NEW__,__RARE_OR_NEW__,FEMALE,STRAY,FIELD,UNKNOWN,SANTA ROSA,1.995893223819302,0,0.8660254037844386,0.5000000000000001
DOG,PIT BULL,BLACK/WHITE,FEMALE,STRAY,FLD_STRAY,UNKNOWN,COUNTY,2.001368925393566,0,0.8660254037844386,0.5000000000000001
DOG,__RARE_OR_NEW__,BLACK/TAN,MALE,STRAY,FLD_STRAY,UNKNOWN,HEALDSBURG,1.0951403148528405,0,0.8660254037844386,0.5000000000000001
CAT,DOMESTIC SH,GRAY/WHITE,MALE,STRAY,FLD_STRAY,UNKNOWN,COUNTY,0.2518822724161533,1,0.8660254037844386,0.5000000000000001
DOG,__RARE_OR_NEW__,TAN/BLACK,MALE,STRAY,FLD_STRAY,UNKNOWN,COUNTY,8.999315537303216,0,0.8660254037844386,0.5000000000000001
CAT,DOMESTIC SH,BLACK,MALE,STRAY,FIELD,UNKNOWN,SANTA ROSA,3.978097193702943,0,0.8660254037844386,0.5000000000000001
DOG,__RARE_OR_NEW__,BR BRINDLE/WHITE,FEMALE,STRAY,VET_HOSP,UNKNOWN,SANTA ROSA,3.0034223134839153,0,0.8660254037844386,0.5000000000000001
CAT,DOMESTIC SH,WHITE/BLACK,FEMALE,STRAY,VET_HOSP,UNKNOWN,COUNTY,0.2518822724161533,1,0.8660254037844386,0.5000000000000001
CAT,DOMESTIC SH,BLACK/WHITE,MALE,STRAY,VET_HOSP,UNKNOWN,COUNTY,1.8453114305270362,0,0.8660254037844386,0.5000000000000001
DOG,AUST CATTLE DOG/MIX,TAN/WHITE,FEMALE,STRAY,OVER THE COUNTER,HEALTHY,SANTA ROSA,0.7474332648870636,0,0.8660254037844386,0.5000000000000001
DOG,GERM SHEPHERD,BLACK,FEMALE,STRAY,OVER THE COUNTER,UNKNOWN,SANTA ROSA,4.0,0,0.8660254037844386,0.5000000000000001
CAT,DOMESTIC SH,BLACK/WHITE,MALE,STRAY,OVER THE COUNTER,UNKNOWN,SANTA ROSA,3.0006844626967832,0,0.8660254037844386,0.5000000000000001
DOG,GERM SHEPHERD,BROWN,FEMALE,QUARANTINE,FIELD,UNKNOWN,SANTA ROSA,4.618754277891855,0,0.8660254037844386,0.5000000000000001
CAT,__RARE_OR_NEW__,AGOUTI,MALE,CONFISCATE,FLD_ARREST,UNKNOWN,SANTA ROSA,2.001368925393566,0,0.8660254037844386,0.5000000000000001
CAT,DOMESTIC MH,BRN TABBY,UNKNOWN,STRAY,FLD_STRAY,TREATABLE/MANAGEABLE,SANTA ROSA,0.2518822724161533,1,0.8660254037844386,0.5000000000000001
DOG,GERM SHEPHERD,TAN/BLACK,MALE,STRAY,FLD_STRAY,UNKNOWN,HEALDSBURG,2.001368925393566,1,0.8660254037844386,0.5000000000000001
CAT,DOMESTIC MH,BRN TABBY/WHITE,FEMALE,STRAY,OVER THE COUNTER,UNKNOWN,COUNTY,0.9500342231348392,0,0.8660254037844386,0.5000000000000001
DOG,ALASKAN HUSKY,WHITE,MALE,OWNER SURRENDER,OVER THE COUNTER,UNKNOWN,COUNTY,1.5359342915811087,0,0.8660254037844386,0.5000000000000001
DOG,ALASKAN HUSKY,WHITE,FEMALE,OWNER SURRENDER,OVER THE COUNTER,UNKNOWN,COUNTY,1.5359342915811087,0,0.8660254037844386,0.5000000000000001
DOG,GERM SHEPHERD,TAN/BLACK,MALE,STRAY,OVER THE COUNTER,UNKNOWN,SANTA ROSA,0.5804243668720055,0,0.8660254037844386,0.5000000000000001
DOG,__RARE_OR_NEW__,BR BRINDLE,FEMALE,STRAY,FLD_STRAY,UNKNOWN,COUNTY,4.999315537303217,0,0.8660254037844386,0.5000000000000001
DOG,CHIHUAHUA SH,TAN,MALE,STRAY,FLD_STRAY,UNKNOWN,SANTA ROSA,12.309377138945928,0,0.8660254037844386,0.5000000000000001
DOG,SIBERIAN HUSKY,WHITE,FEMALE,STRAY,OVER THE COUNTER,UNKNOWN,SANTA ROSA,6.2149212867898695,0,0.8660254037844386,0.5000000000000001
DOG,POMERANIAN,RED/WHITE,FEMALE,STRAY,FLD_STRAY,UNKNOWN,SANTA ROSA,7.0718685831622174,0,0.8660254037844386,0.5000000000000001
DOG,__RARE_OR_NEW__,BLACK,MALE,STRAY,OVER THE COUNTER,UNKNOWN,SANTA ROSA,7.425051334702259,0,0.8660254037844386,0.5000000000000001
DOG,ROTTWEILER,BLACK/RED,FEMALE,STRAY,FLD_STRAY,UNKNOWN,SANTA ROSA,2.001368925393566,1,0.8660254037844386,0.5000000000000001
DOG,CHIHUAHUA SH/MIX,WHITE/CREAM,MALE,CONFISCATE,FLD_HOSPTL,UNKNOWN,SANTA ROSA,3.898699520876112,0,0.8660254037844386,0.5000000000000001
DOG,PIT BULL/MIX,TAN/WHITE,MALE,STRAY,FIELD,UNKNOWN,SANTA ROSA,1.4510609171800137,0,0.8660254037844386,0.5000000000000001
CAT,DOMESTIC SH,BLACK,MALE,STRAY,FIELD,UNKNOWN,SANTA ROSA,0.2518822724161533,1,0.8660254037844386,0.5000000000000001
DOG,GERM SHEPHERD/MIX,BLACK/WHITE,FEMALE,STRAY,FLD_STRAY,UNKNOWN,COUNTY,2.001368925393566,1,0.8660254037844386,0.5000000000000001
DOG,SCHNAUZER MIN/MIX,GRAY,FEMALE,CONFISCATE,FLD_ARREST,UNKNOWN,COUNTY,2.001368925393566,1,0.8660254037844386,0.5000000000000001
DOG,__RARE_OR_NEW__,TAN,FEMALE,CONFISCATE,FLD_CORONR,UNKNOWN,COUNTY,8.0,0,0.8660254037844386,0.5000000000000001
DOG,__RARE_OR_NEW__,TAN,MALE,STRAY,FLD_STRAY,UNKNOWN,COUNTY,6.140999315537303,0,0.8660254037844386,0.5000000000000001
OTHER,__RARE_OR_NEW__,WHITE,UNKNOWN,STRAY,FLD_STRAY,UNKNOWN,SANTA ROSA,1.8986995208761122,1,0.8660254037844386,0.5000000000000001
DOG,CHIHUAHUA SH,TAN,MALE,STRAY,FIELD,UNKNOWN,SANTA ROSA,1.4976043805612593,0,0.8660254037844386,0.5000000000000001
DOG,GERM SHEPHERD,TAN/BLACK,MALE,STRAY,EMAIL,UNKNOWN,SANTA ROSA,0.4928131416837782,0,0.8660254037844386,0.5000000000000001
CAT,__RARE_OR_NEW__,BLACK/WHITE,MALE,QUARANTINE,FIELD,UNKNOWN,COUNTY,0.2518822724161533,1,0.8660254037844386,0.5000000000000001
CAT,DOMESTIC SH,BLACK/WHITE,MALE,STRAY,FIELD,UNKNOWN,SANTA ROSA,0.2518822724161533,1,0.8660254037844386,0.5000000000000001
CAT,DOMESTIC MH,GRAY TABBY,FEMALE,STRAY,FIELD,UNKNOWN,COUNTY,1.4976043805612593,0,0.8660254037844386,0.5000000000000001
DOG,__RARE_OR_NEW__,CREAM,MALE,STRAY,FLD_STRAY,UNKNOWN,SANTA ROSA,12.766598220396988,0,0.8660254037844386,0.5000000000000001
OTHER,BAT,BLACK,UNKNOWN,QUARANTINE,FIELD,UNKNOWN,WINDSOR,1.8986995208761122,1,0.8660254037844386,0.5000000000000001
DOG,BEAGLE/MIX,TAN/WHITE,MALE,STRAY,FLD_STRAY,UNKNOWN,SANTA ROSA,0.7446954140999316,0,0.8660254037844386,0.5000000000000001
DOG,PIT BULL/MIX,BLUE/WHITE,FEMALE,STRAY,OVER THE COUNTER,UNKNOWN,COUNTY,0.2464065708418891,0,0.8660254037844386,0.5000000000000001
DOG,PIT BULL/MIX,BLACK/WHITE,FEMALE,STRAY,OVER THE COUNTER,HEALTHY,COUNTY,0.2464065708418891,0,0.8660254037844386,0.5000000000000001
DOG,PIT BULL/MIX,BLACK/WHITE,FEMALE,STRAY,OVER THE COUNTER,UNKNOWN,COUNTY,0.2464065708418891,0,0.8660254037844386,0.5000000000000001
DOG,ROTTWEILER,BROWN/BLACK,MALE,STRAY,FIELD,UNKNOWN,SANTA ROSA,2.433949349760438,0,0.8660254037844386,0.5000000000000001
CAT,DOMESTIC SH,GRAY TABBY,MALE,STRAY,FIELD,UNKNOWN,SANTA ROSA,1.4976043805612593,0,0.8660254037844386,0.5000000000000001
DOG,PIT BULL,BLACK/WHITE,MALE,CONFISCATE,FLD_HOSPTL,UNKNOWN,SANTA ROSA,12.752908966461328,0,0.8660254037844386,0.5000000000000001
CAT,DOMESTIC SH,GRAY/WHITE,FEMALE,OWNER SURRENDER,FIELD,UNKNOWN,SANTA ROSA,0.2518822724161533,1,0.8660254037844386,0.5000000000000001
OTHER,BAT,BROWN,UNKNOWN,QUARANTINE,FIELD,UNKNOWN,SANTA ROSA,1.8986995208761122,1,0.8660254037844386,0.5000000000000001
DOG,BOXER/MIX,__RARE_OR_NEW__,FEMALE,STRAY,FLD_STRAY,HEALTHY,SANTA ROSA,0.4134154688569473,0,0.8660254037844386,0.5000000000000001
CAT,DOMESTIC SH,GRAY,MALE,STRAY,OVER THE COUNTER,UNKNOWN,COUNTY,0.2518822724161533,1,0.8660254037844386,0.5000000000000001
DOG,PIT BULL/MIX,BR BRINDLE/WHITE,MALE,STRAY,FLD_STRAY,UNKNOWN,COUNTY,2.001368925393566,1,0.8660254037844386,0.5000000000000001
DOG,POODLE MIN,GRAY/WHITE,MALE,STRAY,OVER THE COUNTER,UNKNOWN,SANTA ROSA,12.999315537303216,0,0.8660254037844386,0.5000000000000001
DOG,PIT BULL,BLUE/WHITE,FEMALE,STRAY,OVER THE COUNTER,UNKNOWN,COUNTY,8.999315537303216,0,0.8660254037844386,0.5000000000000001
DOG,AUST SHEPHERD/MIX,WHITE/BROWN,MALE,STRAY,OVER THE COUNTER,UNKNOWN,SANTA ROSA,0.7474332648870636,0,0.8660254037844386,0.5000000000000001
DOG,DOBERMAN PINSCH,__RARE_OR_NEW__,FEMALE,STRAY,FLD_STRAY,UNKNOWN,SANTA ROSA,2.001368925393566,1,0.8660254037844386,0.5000000000000001
DOG,PIT BULL,GRAY,MALE,OWNER SURRENDER,FIELD,UNKNOWN,COUNTY,2.4695414099931554,0,0.8660254037844386,0.5000000000000001
DOG,GREAT PYRENEES/MIX,WHITE/BLACK,MALE,STRAY,FLD_STRAY,UNKNOWN,COUNTY,2.001368925393566,0,0.8660254037844386,0.5000000000000001
DOG,DACHSHUND/MIX,BROWN,FEMALE,STRAY,FLD_STRAY,UNKNOWN,SANTA ROSA,9.998631074606434,0,0.8660254037844386,0.5000000000000001
DOG,__RARE_OR_NEW__,TAN,MALE,STRAY,FIELD,HEALTHY,SANTA ROSA,2.97056810403833,0,0.8660254037844386,0.5000000000000001
DOG,AUST CATTLE DOG,BLACK/BROWN,FEMALE,STRAY,FLD_STRAY,UNKNOWN,COUNTY,3.0006844626967832,0,0.8660254037844386,0.5000000000000001
DOG,GERM SHEPHERD,BLACK/TAN,MALE,OWNER SURRENDER,OVER THE COUNTER,UNKNOWN,SANTA ROSA,2.737850787132101,0,0.8660254037844386,0.5000000000000001
OTHER,GUINEA PIG,TRICOLOR,UNKNOWN,STRAY,FLD_STRAY,UNKNOWN,COUNTY,1.8986995208761122,1,0.8660254037844386,0.5000000000000001
DOG,LABRADOR RETR,YELLOW,FEMALE,STRAY,FLD_STRAY,UNKNOWN,SANTA ROSA,2.001368925393566,1,0.8660254037844386,0.5000000000000001
DOG,ENG BULLDOG,BLUE MERLE,FEMALE,STRAY,FLD_STRAY,UNKNOWN,COUNTY,2.9623545516769334,0,0.8660254037844386,0.5000000000000001
DOG,AM PIT BULL TER/MIX,TAN/WHITE,FEMALE,STRAY,FLD_STRAY,UNKNOWN,COUNTY,2.2477754962354553,0,0.8660254037844386,0.5000000000000001
DOG,ENG BULLDOG/MIX,__RARE_OR_NEW__,FEMALE,STRAY,FLD_STRAY,UNKNOWN,COUNTY,2.16290212183436,0,0.8660254037844386,0.5000000000000001
CAT,DOMESTIC SH,GRAY,FEMALE,STRAY,FLD_STRAY,HEALTHY,COUNTY,0.6652977412731006,0,0.8660254037844386,0.5000000000000001
CAT,DOMESTIC SH,GRAY TABBY/WHITE,MALE,STRAY,FLD_STRAY,UNKNOWN,SANTA ROSA,0.2518822724161533,1,0.8660254037844386,0.5000000000000001
CAT,DOMESTIC SH,GRAY/WHITE,MALE,STRAY,FLD_STRAY,UNKNOWN,SANTA ROSA,0.2518822724161533,1,0.8660254037844386,0.5000000000000001
DOG,CHIHUAHUA SH,BLACK,FEMALE,STRAY,OVER THE COUNTER,UNKNOWN,SANTA ROSA,2.001368925393566,1,0.8660254037844386,0.5000000000000001
DOG,GERM SHEPHERD/MIX,BLACK/WHITE,FEMALE,STRAY,FIELD,HEALTHY,SANTA ROSA,5.308692676249144,0,0.8660254037844386,0.5000000000000001
DOG,GERM SHEPHERD/MIX,__RARE_OR_NEW__,MALE,STRAY,FIELD,HEALTHY,SANTA ROSA,5.308692676249144,0,0.8660254037844386,0.5000000000000001
DOG,SIBERIAN HUSKY,GRAY/WHITE,MALE,OWNER SURRENDER,OVER THE COUNTER,UNKNOWN,COUNTY,2.8993839835728954,0,0.8660254037844386,0.5000000000000001
DOG,SIBERIAN HUSKY,GRAY/WHITE,FEMALE,OWNER SURRENDER,OVER THE COUNTER,UNKNOWN,COUNTY,2.8993839835728954,0,0.8660254037844386,0.5000000000000001
DOG,__RARE_OR_NEW__,WHITE/BLACK,FEMALE,STRAY,FLD_STRAY,UNKNOWN,SANTA ROSA,4.191649555099247,0,0.8660254037844386,0.5000000000000001
DOG,POMERANIAN,BLACK/TAN,MALE,STRAY,FIELD,HEALTHY,SANTA ROSA,12.213552361396303,0,0.8660254037844386,0.5000000000000001
DOG,LABRADOR RETR/MIX,TAN,FEMALE,CONFISCATE,FLD_HOSPTL,UNKNOWN,SANTA ROSA,9.998631074606434,0,0.8660254037844386,0.5000000000000001
DOG,GREAT PYRENEES,WHITE,UNKNOWN,STRAY,FLD_STRAY,UNKNOWN,COUNTY,2.001368925393566,1,0.8660254037844386,0.5000000000000001
DOG,GREAT PYRENEES,WHITE,UNKNOWN,STRAY,FLD_STRAY,UNKNOWN,COUNTY,2.001368925393566,1,0.8660254037844386,0.5000000000000001
CAT,__RARE_OR_NEW__,BRN TABBY,MALE,STRAY,OVER THE COUNTER,UNKNOWN,SANTA ROSA,3.0006844626967832,0,0.8660254037844386,0.5000000000000001
DOG,__RARE_OR_NEW__,BLACK/WHITE,MALE,STRAY,FLD_STRAY,UNKNOWN,HEALDSBURG,2.001368925393566,1,0.8660254037844386,0.5000000000000001
DOG,__RARE_OR_NEW__,RED,MALE,STRAY,FLD_STRAY,UNKNOWN,COUNTY,14.99794661190965,0,0.8660254037844386,0.5000000000000001
DOG,CHIHUAHUA SH/MIX,CREAM/WHITE,MALE,STRAY,OVER THE COUNTER,UNKNOWN,COUNTY,6.0013689253935665,0,0.8660254037844386,0.5000000000000001
DOG,CHIHUAHUA SH/MIX,BROWN/BLACK,FEMALE,STRAY,OVER THE COUNTER,UNKNOWN,COUNTY,6.0013689253935665,0,0.8660254037844386,0.5000000000000001
DOG,WELSH CORGI CAR/MIX,BR BRINDLE,MALE,STRAY,FLD_STRAY,UNKNOWN,COUNTY,15.351129363449692,0,0.8660254037844386,0.5000000000000001
OTHER,BAT,BROWN,UNKNOWN,QUARANTINE,FIELD,UNKNOWN,COUNTY,1.8986995208761122,1,0.8660254037844386,0.5000000000000001
CAT,DOMESTIC MH,CALICO,FEMALE,ADOPTION RETURN,OVER THE COUNTER,UNKNOWN,SANTA ROSA,6.083504449007529,0,0.8660254037844386,0.5000000000000001
CAT,DOMESTIC SH,WHITE/GRAY,MALE,STRAY,FLD_STRAY,UNKNOWN,COUNTY,0.999315537303217,0,0.8660254037844386,0.5000000000000001
DOG,ROTTWEILER/MIX,BLACK/RED,FEMALE,STRAY,FLD_STRAY,UNKNOWN,COUNTY,1.727583846680356,0,0.8660254037844386,0.5000000000000001
DOG,GERM SHEPHERD/MIX,TAN/WHITE,MALE,STRAY,FLD_STRAY,UNKNOWN,COUNTY,2.001368925393566,1,0.8660254037844386,0.5000000000000001
DOG,ALASKAN HUSKY,BROWN/WHITE,FEMALE,CONFISCATE,FLD_ARREST,UNKNOWN,SANTA ROSA,5.084188911704312,0,0.8660254037844386,0.5000000000000001
DOG,GERM SHEPHERD,BLACK,MALE,STRAY,FLD_STRAY,UNKNOWN,SANTA ROSA,2.001368925393566,1,0.8660254037844386,0.5000000000000001
DOG,__RARE_OR_NEW__,TAN/WHITE,MALE,STRAY,FLD_STRAY,UNKNOWN,SANTA ROSA,1.1307323750855578,0,0.8660254037844386,0.5000000000000001
DOG,SIBERIAN HUSKY,__RARE_OR_NEW__,MALE,STRAY,PHONE,UNKNOWN,COUNTY,3.997262149212868,0,0.8660254037844386,0.5000000000000001
CAT,DOMESTIC LH,WHITE/BLACK,FEMALE,STRAY,FLD_STRAY,UNKNOWN,SANTA ROSA,12.0,0,0.8660254037844386,0.5000000000000001
DOG,SCHNAUZER MIN/MIX,BLACK/WHITE,FEMALE,STRAY,FLD_STRAY,UNKNOWN,SANTA ROSA,5.9958932238193015,0,0.8660254037844386,0.5000000000000001
DOG,__RARE_OR_NEW__,BROWN/WHITE,MALE,STRAY,FLD_STRAY,UNKNOWN,COUNTY,2.001368925393566,1,0.8660254037844386,0.5000000000000001
DOG,PIT BULL/LABRADOR RETR,BLACK,FEMALE,STRAY,FLD_STRAY,UNKNOWN,COUNTY,10.001368925393566,0,0.8660254037844386,0.5000000000000001
DOG,PIT BULL,TAN/WHITE,MALE,STRAY,FLD_EMERGE,UNKNOWN,COUNTY,2.001368925393566,1,0.8660254037844386,0.5000000000000001
DOG,__RARE_OR_NEW__,__RARE_OR_NEW__,MALE,STRAY,OVER THE COUNTER,UNKNOWN,SANTA ROSA,2.190280629705681,0,0.8660254037844386,0.5000000000000001
DOG,__RARE_OR_NEW__,BROWN/TAN,MALE,CONFISCATE,FLD_ARREST,UNKNOWN,COUNTY,3.247091033538672,0,0.8660254037844386,0.5000000000000001
DOG,__RARE_OR_NEW__,BLACK,MALE,STRAY,FLD_STRAY,HEALTHY,COUNTY,2.1218343600273784,0,0.8660254037844386,0.5000000000000001
DOG,GERM SHEPHERD,TAN/BLACK,MALE,STRAY,FLD_STRAY,UNKNOWN,COUNTY,0.5010266940451745,0,0.8660254037844386,0.5000000000000001
DOG,LABRADOR RETR/MIX,BLACK/WHITE,FEMALE,STRAY,OVER THE COUNTER,HEALTHY,SANTA ROSA,0.8076659822039699,0,0.8660254037844386,0.5000000000000001
DOG,CHIHUAHUA SH,WHITE,FEMALE,STRAY,FLD_STRAY,HEALTHY,SANTA ROSA,2.001368925393566,1,0.8660254037844386,0.5000000000000001
DOG,__RARE_OR_NEW__,GRAY/WHITE,MALE,QUARANTINE,FIELD,UNKNOWN,SANTA ROSA,2.001368925393566,0,0.8660254037844386,0.5000000000000001
DOG,__RARE_OR_NEW__,BLACK/WHITE,MALE,QUARANTINE,FIELD,UNKNOWN,SANTA ROSA,0.6652977412731006,0,0.8660254037844386,0.5000000000000001
DOG,GERM SHEPHERD,TAN/BLACK,FEMALE,OWNER SURRENDER,OVER THE COUNTER,UNKNOWN,COUNTY,5.49760438056126,0,0.8660254037844386,0.5000000000000001
DOG,CHIHUAHUA SH,WHITE,UNKNOWN,BORN HERE,MOM STRAY,UNKNOWN,SANTA ROSA,0.0,0,0.8660254037844386,0.5000000000000001
DOG,CHIHUAHUA SH,WHITE,UNKNOWN,BORN HERE,MOM STRAY,UNKNOWN,SANTA ROSA,0.0,0,0.8660254037844386,0.5000000000000001
DOG,CHIHUAHUA SH,BLACK,UNKNOWN,BORN HERE,MOM STRAY,UNKNOWN,SANTA ROSA,0.0,0,0.8660254037844386,0.5000000000000001
DOG,GERM SHEPHERD/MIX,BLACK/BROWN,MALE,OWNER SURRENDER,OVER THE COUNTER,UNKNOWN,COUNTY,1.163586584531143,0,0.8660254037844386,0.5000000000000001
DOG,CHIHUAHUA SH,BLACK/WHITE,FEMALE,CONFISCATE,FLD_HOSPTL,UNKNOWN,SANTA ROSA,3.3675564681724848,0,0.8660254037844386,0.5000000000000001
CAT,DOMESTIC SH,BRN TABBY,FEMALE,STRAY,OVER THE COUNTER,HEALTHY,SANTA ROSA,0.8323066392881588,0,0.8660254037844386,0.5000000000000001
OTHER,CHICKEN,BLACK/GRAY,MALE,STRAY,FLD_STRAY,UNKNOWN,COUNTY,1.8986995208761122,1,0.8660254037844386,0.5000000000000001
OTHER,CHICKEN,BLACK/RED,MALE,STRAY,FLD_STRAY,UNKNOWN,COUNTY,1.8986995208761122,1,0.8660254037844386,0.5000000000000001
OTHER,CHICKEN,GOLD,MALE,STRAY,FLD_STRAY,UNKNOWN,COUNTY,1.8986995208761122,1,0.8660254037844386,0.5000000000000001
CAT,DOMESTIC SH,BRN TABBY,FEMALE,STRAY,FIELD,UNKNOWN,*SONOMA,15.685147159479808,0,0.8660254037844386,0.5000000000000001
DOG,LABRADOR RETR/PIT BULL,BROWN/WHITE,FEMALE,STRAY,FLD_STRAY,HEALTHY,SANTA ROSA,8.919917864476385,0,0.8660254037844386,0.5000000000000001
CAT,DOMESTIC SH,CALICO,FEMALE,STRAY,OVER THE COUNTER,HEALTHY,SANTA ROSA,0.2518822724161533,1,0.8660254037844386,0.5000000000000001
DOG,PIT BULL/MIX,BLACK/WHITE,MALE,STRAY,FLD_STRAY,UNKNOWN,COUNTY,2.001368925393566,0,0.8660254037844386,0.5000000000000001
CAT,DOMESTIC SH,GRAY/WHITE,FEMALE,STRAY,OVER THE COUNTER,HEALTHY,COUNTY,1.4757015742642026,0,0.8660254037844386,0.5000000000000001
DOG,PIT BULL/MIX,BLACK/WHITE,FEMALE,STRAY,EMAIL,UNKNOWN,HEALDSBURG,0.9911019849418207,0,0.8660254037844386,0.5000000000000001
DOG,PIT BULL,GRAY/WHITE,FEMALE,STRAY,FIELD,UNKNOWN,COUNTY,4.0,0,0.8660254037844386,0.5000000000000001
DOG,LABRADOR RETR,BLACK,FEMALE,CONFISCATE,FLD_ARREST,UNKNOWN,SANTA ROSA,4.0,0,1.0,6.123233995736766e-17
CAT,DOMESTIC SH,BRN TABBY,MALE,STRAY,FLD_STRAY,UNKNOWN,SANTA ROSA,6.0013689253935665,0,1.0,6.123233995736766e-17
DOG,PIT BULL,BLACK/WHITE,FEMALE,STRAY,FLD_STRAY,UNKNOWN,SANTA ROSA,1.9904175222450375,0,1.0,6.123233995736766e-17
DOG,FRENCH BULLDOG,GRAY/WHITE,FEMALE,STRAY,FLD_STRAY,UNKNOWN,SANTA ROSA,3.0006844626967832,0,1.0,6.123233995736766e-17
OTHER,__RARE_OR_NEW__,WHITE,UNKNOWN,STRAY,FLD_STRAY,UNKNOWN,SANTA ROSA,1.8986995208761122,1,1.0,6.123233995736766e-17
OTHER,BAT,BROWN,UNKNOWN,QUARANTINE,FIELD,UNKNOWN,SANTA ROSA,1.8986995208761122,1,1.0,6.123233995736766e-17
DOG,AUST SHEPHERD/MIX,BLACK/WHITE,FEMALE,STRAY,FLD_STRAY,HEALTHY,SANTA ROSA,4.0,0,1.0,6.123233995736766e-17
DOG,PIT BULL,BROWN/WHITE,MALE,STRAY,EMAIL,UNKNOWN,COUNTY,0.33127994524298426,0,1.0,6.123233995736766e-17
DOG,__RARE_OR_NEW__,FAWN/WHITE,MALE,STRAY,FLD_STRAY,UNKNOWN,SANTA ROSA,5.968514715947981,0,1.0,6.123233995736766e-17
OTHER,BAT,BROWN,UNKNOWN,QUARANTINE,FIELD,UNKNOWN,PETALUMA,1.8986995208761122,1,1.0,6.123233995736766e-17
OTHER,__RARE_OR_NEW__,__RARE_OR_NEW__,FEMALE,STRAY,FIELD,HEALTHY,SANTA ROSA,1.8986995208761122,1,1.0,6.123233995736766e-17
CAT,DOMESTIC SH,BRN TABBY,FEMALE,STRAY,EMAIL,UNKNOWN,SANTA ROSA,0.999315537303217,0,1.0,6.123233995736766e-17
DOG,__RARE_OR_NEW__,RED/WHITE,FEMALE,STRAY,OVER THE COUNTER,UNKNOWN,SANTA ROSA,2.001368925393566,1,1.0,6.123233995736766e-17
DOG,PARSON RUSS TER/MIX,BROWN,FEMALE,STRAY,OVER THE COUNTER,UNKNOWN,SANTA ROSA,10.978781656399725,0,1.0,6.123233995736766e-17
DOG,PIT BULL,WHITE/GRAY,MALE,STRAY,FIELD,UNKNOWN,SANTA ROSA,2.001368925393566,0,1.0,6.123233995736766e-17
DOG,RAT TERRIER/MIX,BROWN/WHITE,MALE,STRAY,OVER THE COUNTER,UNKNOWN,SANTA ROSA,0.2464065708418891,0,1.0,6.123233995736766e-17
DOG,RAT TERRIER/MIX,TAN/WHITE,FEMALE,STRAY,OVER THE COUNTER,UNKNOWN,SANTA ROSA,0.2464065708418891,0,1.0,6.123233995736766e-17
DOG,RAT TERRIER/MIX,TAN,FEMALE,STRAY,OVER THE COUNTER,UNKNOWN,SANTA ROSA,0.2464065708418891,0,1.0,6.123233995736766e-17
CAT,DOMESTIC SH,BLACK,UNKNOWN,STRAY,OVER THE COUNTER,UNKNOWN,COUNTY,0.2518822724161533,1,1.0,6.123233995736766e-17
DOG,PUG,BROWN/BLACK,MALE,STRAY,OVER THE COUNTER,UNKNOWN,SANTA ROSA,3.997262149212868,0,1.0,6.123233995736766e-17
CAT,SIAMESE,__RARE_OR_NEW__,FEMALE,STRAY,FIELD,UNKNOWN,COUNTY,12.0,0,1.0,6.123233995736766e-17
DOG,GERM SHEPHERD,BLACK/BROWN,FEMALE,STRAY,FLD_STRAY,UNKNOWN,SANTA ROSA,13.91375770020534,0,1.0,6.123233995736766e-17
DOG,AUST SHEPHERD/MIX,RED/WHITE,MALE,STRAY,OVER THE COUNTER,HEALTHY,SANTA ROSA,6.0013689253935665,0,1.0,6.123233995736766e-17
DOG,POODLE MIN/MIX,WHITE/TAN,MALE,STRAY,OVER THE COUNTER,UNKNOWN,SANTA ROSA,7.9808350444900755,0,1.0,6.123233995736766e-17
DOG,__RARE_OR_NEW__,WHITE,MALE,OWNER SURRENDER,OVER THE COUNTER,UNKNOWN,COUNTY,3.0006844626967832,0,1.0,6.123233995736766e-17
CAT,DOMESTIC SH,GRAY,FEMALE,QUARANTINE,OVER THE COUNTER,UNKNOWN,COUNTY,0.2518822724161533,1,1.0,6.123233995736766e-17
CAT,DOMESTIC SH,GRAY TABBY,FEMALE,STRAY,EMAIL,UNKNOWN,HEALDSBURG,0.2518822724161533,1,1.0,6.123233995736766e-17
DOG,SIBERIAN HUSKY,WHITE,FEMALE,CONFISCATE,FLD_INVEST,UNKNOWN,COUNTY,2.302532511978097,0,1.0,6.123233995736766e-17
DOG,__RARE_OR_NEW__,TAN/BLACK,MALE,CONFISCATE,FLD_INVEST,UNKNOWN,COUNTY,2.130047912388775,0,1.0,6.123233995736766e-17
DOG,__RARE_OR_NEW__,WHITE/BROWN,MALE,CONFISCATE,FLD_ARREST,UNKNOWN,SANTA ROSA,2.001368925393566,1,1.0,6.123233995736766e-17
CAT,DOMESTIC SH,BROWN/WHITE,MALE,QUARANTINE,FIELD,UNKNOWN,COUNTY,0.999315537303217,0,1.0,6.123233995736766e-17
OTHER,BAT,BROWN,UNKNOWN,QUARANTINE,FIELD,UNKNOWN,SANTA ROSA,1.8986995208761122,1,1.0,6.123233995736766e-17
DOG,__RARE_OR_NEW__,RED/WHITE,FEMALE,CONFISCATE,FLD_ARREST,UNKNOWN,COUNTY,11.997262149212867,0,1.0,6.123233995736766e-17
CAT,DOMESTIC SH,WHITE/GRAY,FEMALE,STRAY,FLD_STRAY,UNKNOWN,SANTA ROSA,1.998631074606434,0,1.0,6.123233995736766e-17
CAT,DOMESTIC SH,WHITE/BRN TABBY,MALE,STRAY,FLD_STRAY,UNKNOWN,SANTA ROSA,0.2518822724161533,1,1.0,6.123233995736766e-17
CAT,DOMESTIC SH,WHITE/BRN TABBY,FEMALE,STRAY,FLD_STRAY,UNKNOWN,SANTA ROSA,0.0027378507871321013,0,1.0,6.123233995736766e-17
CAT,DOMESTIC SH,BRN TABBY/WHITE,FEMALE,STRAY,FLD_STRAY,UNKNOWN,SANTA ROSA,0.0027378507871321013,0,1.0,6.123233995736766e-17
CAT,DOMESTIC SH,BLACK/WHITE,MALE,STRAY,FLD_STRAY,UNKNOWN,SANTA ROSA,0.0027378507871321013,0,1.0,6.123233995736766e-17
DOG,CHIHUAHUA SH/MIX,WHITE/BROWN,MALE,STRAY,FLD_STRAY,UNKNOWN,SANTA ROSA,2.001368925393566,1,1.0,6.123233995736766e-17
DOG,CHIHUAHUA SH/MIX,WHITE/BLACK,MALE,STRAY,FLD_STRAY,UNKNOWN,SANTA ROSA,0.04654346338124572,0,1.0,6.123233995736766e-17
DOG,__RARE_OR_NEW__,BLACK/WHITE,MALE,STRAY,FLD_STRAY,UNKNOWN,SANTA ROSA,0.783025325119781,0,1.0,6.123233995736766e-17
DOG,__RARE_OR_NEW__,BROWN,MALE,STRAY,FLD_STRAY,UNKNOWN,COUNTY,2.209445585215606,0,1.0,6.123233995736766e-17
DOG,PIT BULL,RED/WHITE,MALE,STRAY,FIELD,UNKNOWN,SANTA ROSA,8.999315537303216,0,1.0,6.123233995736766e-17
DOG,PIT BULL,WHITE,FEMALE,CONFISCATE,FLD_ARREST,UNKNOWN,SANTA ROSA,2.9952087611225187,0,1.0,6.123233995736766e-17
DOG,__RARE_OR_NEW__,BLACK/WHITE,MALE,CONFISCATE,FLD_ABAND,UNKNOWN,COUNTY,7.734428473648186,0,1.0,6.123233995736766e-17
DOG,DACHSHUND,BROWN/WHITE,FEMALE,CONFISCATE,FLD_ABAND,UNKNOWN,COUNTY,11.994524298425736,0,1.0,6.123233995736766e-17
DOG,__RARE_OR_NEW__,TAN/BLACK,MALE,OWNER SURRENDER,OVER THE COUNTER,UNKNOWN,COUNTY,2.1409993155373033,0,1.0,6.123233995736766e-17
DOG,SIBERIAN HUSKY,WHITE,FEMALE,OWNER SURRENDER,OVER THE COUNTER,UNKNOWN,COUNTY,2.3134839151266258,0,1.0,6.123233995736766e-17
CAT,DOMESTIC SH,ORG TABBY,MALE,CONFISCATE,FLD_ABAND,HEALTHY,COUNTY,4.999315537303217,0,1.0,6.123233995736766e-17
CAT,DOMESTIC SH,TORTIE,FEMALE,CONFISCATE,FLD_ABAND,HEALTHY,COUNTY,3.9644079397672827,0,1.0,6.123233995736766e-17
CAT,DOMESTIC SH,BRN TABBY/WHITE,MALE,STRAY,OVER THE COUNTER,UNKNOWN,COUNTY,3.0006844626967832,0,1.0,6.123233995736766e-17
CAT,DOMESTIC SH,WHITE/GRAY,MALE,STRAY,OVER THE COUNTER,UNKNOWN,COUNTY,4.0,0,1.0,6.123233995736766e-17
DOG,__RARE_OR_NEW__,BLACK/WHITE,MALE,STRAY,FIELD,HEALTHY,SANTA ROSA,0.10677618069815195,0,1.0,6.123233995736766e-17
DOG,GERM SHEPHERD,BLACK,FEMALE,OWNER SURRENDER,OVER THE COUNTER,HEALTHY,COUNTY,6.757015742642026,0,1.0,6.123233995736766e-17
DOG,GERM SHEPHERD,TAN/BLACK,MALE,STRAY,FLD_STRAY,UNKNOWN,SANTA ROSA,2.001368925393566,1,1.0,6.123233995736766e-17
DOG,YORKSHIRE TERR/MIX,BLACK,FEMALE,STRAY,FLD_STRAY,UNKNOWN,SANTA ROSA,2.001368925393566,1,1.0,6.123233995736766e-17
DOG,SHIH TZU,BLACK/WHITE,MALE,STRAY,FLD_STRAY,UNKNOWN,SANTA ROSA,4.0,0,1.0,6.123233995736766e-17
OTHER,BAT,BROWN,UNKNOWN,QUARANTINE,FIELD,UNKNOWN,*ROHNERT PARK,1.8986995208761122,1,1.0,6.123233995736766e-17
DOG,MALTESE,CREAM,FEMALE,STRAY,OVER THE COUNTER,UNKNOWN,COUNTY,8.999315537303216,0,1.0,6.123233995736766e-17
DOG,__RARE_OR_NEW__,BLACK/TAN,FEMALE,CONFISCATE,FIELD,UNKNOWN,COUNTY,4.996577686516085,0,1.0,6.123233995736766e-17
DOG,PIT BULL,BROWN,MALE,CONFISCATE,FLD_ARREST,UNKNOWN,SANTA ROSA,6.190280629705681,0,1.0,6.123233995736766e-17
DOG,__RARE_OR_NEW__,RED/BLACK,MALE,OWNER SURRENDER,OVER THE COUNTER,UNKNOWN,SANTA ROSA,0.3887748117727584,0,1.0,6.123233995736766e-17
DOG,__RARE_OR_NEW__,FAWN,MALE,OWNER SURRENDER,OVER THE COUNTER,HEALTHY,SANTA ROSA,0.3887748117727584,0,1.0,6.123233995736766e-17
DOG,__RARE_OR_NEW__,BLACK/WHITE,MALE,OWNER SURRENDER,OVER THE COUNTER,UNKNOWN,SANTA ROSA,0.3887748117727584,0,1.0,6.123233995736766e-17
DOG,__RARE_OR_NEW__,__RARE_OR_NEW__,MALE,OWNER SURRENDER,OVER THE COUNTER,HEALTHY,SANTA ROSA,0.3887748117727584,0,1.0,6.123233995736766e-17
DOG,SHIH TZU,BLACK/WHITE,FEMALE,STRAY,EMAIL,UNKNOWN,SANTA ROSA,2.001368925393566,1,1.0,6.123233995736766e-17
DOG,ROTTWEILER/MIX,BLACK/TAN,FEMALE,STRAY,OVER THE COUNTER,UNKNOWN,COUNTY,2.967830253251198,0,1.0,6.123233995736766e-17
DOG,ROTTWEILER/MIX,BLACK/WHITE,FEMALE,STRAY,OVER THE COUNTER,UNKNOWN,COUNTY,0.07118412046543464,0,1.0,6.123233995736766e-17
DOG,ROTTWEILER/MIX,BLACK/WHITE,MALE,STRAY,OVER THE COUNTER,HEALTHY,COUNTY,0.07118412046543464,0,1.0,6.123233995736766e-17
DOG,ROTTWEILER/MIX,BLACK/WHITE,MALE,STRAY,OVER THE COUNTER,UNKNOWN,COUNTY,0.07118412046543464,0,1.0,6.123233995736766e-17
DOG,ROTTWEILER/MIX,BLACK/WHITE,MALE,STRAY,OVER THE COUNTER,UNKNOWN,COUNTY,0.07118412046543464,0,1.0,6.123233995736766e-17
DOG,ROTTWEILER/MIX,BLACK/WHITE,MALE,STRAY,OVER THE COUNTER,HEALTHY,COUNTY,0.07118412046543464,0,1.0,6.123233995736766e-17
DOG,ROTTWEILER/MIX,BLACK/WHITE,MALE,STRAY,OVER THE COUNTER,UNKNOWN,COUNTY,0.07118412046543464,0,1.0,6.123233995736766e-17
DOG,__RARE_OR_NEW__,TAN/WHITE,MALE,STRAY,OVER THE COUNTER,HEALTHY,COUNTY,6.0013689253935665,0,1.0,6.123233995736766e-17
CAT,DOMESTIC SH,BRN TABBY,MALE,STRAY,EMAIL,UNKNOWN,SANTA ROSA,0.04106776180698152,0,1.0,6.123233995736766e-17
CAT,DOMESTIC SH,ORG TABBY,MALE,STRAY,EMAIL,UNKNOWN,SANTA ROSA,0.04106776180698152,0,1.0,6.123233995736766e-17
DOG,LABRADOR RETR/MIX,BLACK/WHITE,MALE,STRAY,FLD_STRAY,HEALTHY,COUNTY,0.944558521560575,0,1.0,6.123233995736766e-17
DOG,LABRADOR RETR/MIX,BROWN,FEMALE,STRAY,FLD_STRAY,HEALTHY,COUNTY,0.944558521560575,0,1.0,6.123233995736766e-17
DOG,PIT BULL,FAWN/WHITE,MALE,BORN HERE,MOM STRAY,HEALTHY,COUNTY,0.0027378507871321013,0,1.0,6.123233995736766e-17
DOG,PIT BULL,__RARE_OR_NEW__,MALE,BORN HERE,MOM STRAY,HEALTHY,COUNTY,0.0027378507871321013,0,1.0,6.123233995736766e-17
DOG,PIT BULL,WHITE/GRAY,FEMALE,BORN HERE,MOM STRAY,HEALTHY,COUNTY,0.0027378507871321013,0,1.0,6.123233995736766e-17
DOG,PIT BULL,GRAY/WHITE,MALE,BORN HERE,MOM STRAY,HEALTHY,COUNTY,0.0027378507871321013,0,1.0,6.123233995736766e-17
DOG,PIT BULL,GRAY/WHITE,FEMALE,BORN HERE,MOM STRAY,HEALTHY,COUNTY,0.0027378507871321013,0,1.0,6.123233995736766e-17
DOG,PIT BULL,GRAY/WHITE,MALE,BORN HERE,MOM STRAY,HEALTHY,COUNTY,0.0027378507871321013,0,1.0,6.123233995736766e-17
DOG,PIT BULL,GRAY,FEMALE,BORN HERE,MOM STRAY,HEALTHY,COUNTY,0.0027378507871321013,0,1.0,6.123233995736766e-17
DOG,PIT BULL,GRAY/WHITE,FEMALE,BORN HERE,MOM STRAY,HEALTHY,COUNTY,0.0027378507871321013,0,1.0,6.123233995736766e-17
DOG,PIT BULL,FAWN/WHITE,UNKNOWN,BORN HERE,MOM STRAY,HEALTHY,COUNTY,0.0027378507871321013,0,1.0,6.123233995736766e-17
DOG,CHIHUAHUA SH,BLACK/TAN,MALE,STRAY,FLD_STRAY,UNKNOWN,COUNTY,10.639288158795345,0,1.0,6.123233995736766e-17
CAT,DOMESTIC SH,__RARE_OR_NEW__,FEMALE,STRAY,EMAIL,UNKNOWN,COUNTY,0.0027378507871321013,0,1.0,6.123233995736766e-17
CAT,DOMESTIC SH,CALICO,FEMALE,STRAY,EMAIL,UNKNOWN,COUNTY,0.0027378507871321013,0,1.0,6.123233995736766e-17
CAT,DOMESTIC SH,CALICO,FEMALE,STRAY,EMAIL,UNKNOWN,COUNTY,0.0027378507871321013,0,1.0,6.123233995736766e-17
DOG,__RARE_OR_NEW__,WHITE/BROWN,FEMALE,STRAY,FLD_STRAY,UNKNOWN,COUNTY,2.001368925393566,1,1.0,6.123233995736766e-17
DOG,GERM SHEPHERD,TAN/BLACK,MALE,STRAY,FLD_STRAY,UNKNOWN,COUNTY,2.9897330595482545,0,1.0,6.123233995736766e-17
DOG,SIBERIAN HUSKY,GRAY/BLACK,MALE,STRAY,FIELD,HEALTHY,SANTA ROSA,4.744695414099931,0,1.0,6.123233995736766e-17
DOG,BORDER COLLIE/MIX,BLACK/TAN,MALE,OWNER SURRENDER,FIELD,UNKNOWN,SANTA ROSA,0.16153319644079397,0,1.0,6.123233995736766e-17
DOG,BORDER COLLIE/MIX,BR BRINDLE/WHITE,FEMALE,OWNER SURRENDER,FIELD,UNKNOWN,SANTA ROSA,0.16153319644079397,0,1.0,6.123233995736766e-17
DOG,BORDER COLLIE,TRICOLOR,MALE,OWNER SURRENDER,FIELD,UNKNOWN,SANTA ROSA,0.16153319644079397,0,1.0,6.123233995736766e-17
DOG,BORDER COLLIE/MIX,TRICOLOR,FEMALE,OWNER SURRENDER,FIELD,UNKNOWN,SANTA ROSA,0.16153319644079397,0,1.0,6.123233995736766e-17
DOG,BORDER COLLIE,BR BRINDLE/WHITE,FEMALE,OWNER SURRENDER,FIELD,UNKNOWN,SANTA ROSA,0.16153319644079397,0,1.0,6.123233995736766e-17
DOG,PIT BULL/MIX,BR BRINDLE/WHITE,MALE,OWNER SURRENDER,FIELD,HEALTHY,SANTA ROSA,0.16153319644079397,0,1.0,6.123233995736766e-17
DOG,BORDER COLLIE/MIX,BR BRINDLE,FEMALE,OWNER SURRENDER,FIELD,HEALTHY,SANTA ROSA,0.16153319644079397,0,1.0,6.123233995736766e-17
DOG,BORDER COLLIE,BLACK/TAN,MALE,OWNER SURRENDER,FIELD,UNKNOWN,SANTA ROSA,0.16153319644079397,0,1.0,6.123233995736766e-17
DOG,BORDER COLLIE,BR BRINDLE/WHITE,MALE,OWNER SURRENDER,FIELD,UNKNOWN,SANTA ROSA,0.16153319644079397,0,1.0,6.123233995736766e-17
DOG,BORDER COLLIE/MIX,BLACK/WHITE,MALE,OWNER SURRENDER,FIELD,HEALTHY,SANTA ROSA,0.16153319644079397,0,1.0,6.123233995736766e-17
CAT,DOMESTIC SH,GRAY,FEMALE,STRAY,FLD_STRAY,UNKNOWN,SANTA ROSA,14.001368925393566,0,1.0,6.123233995736766e-17
DOG,CHIHUAHUA SH,BLACK/WHITE,MALE,STRAY,FLD_STRAY,UNKNOWN,SANTA ROSA,8.0,0,1.0,6.123233995736766e-17
DOG,CHIHUAHUA SH,WHITE/BLACK,MALE,STRAY,FLD_STRAY,UNKNOWN,SANTA ROSA,8.999315537303216,0,1.0,6.123233995736766e-17
DOG,PIT BULL,WHITE/BLACK,MALE,STRAY,FIELD,HEALTHY,COUNTY,3.0006844626967832,0,1.0,6.123233995736766e-17
DOG,DACHSHUND/MIX,BROWN/BLACK,MALE,STRAY,OVER THE COUNTER,HEALTHY,COUNTY,3.972621492128679,0,1.0,6.123233995736766e-17
DOG,SIBERIAN HUSKY/MIX,BLACK/WHITE,FEMALE,STRAY,OVER THE COUNTER,UNKNOWN,COUNTY,4.0,0,1.0,6.123233995736766e-17
OTHER,BAT,BROWN,UNKNOWN,QUARANTINE,FIELD,UNKNOWN,COUNTY,1.8986995208761122,1,1.0,6.123233995736766e-17
CAT,DOMESTIC SH,BLACK,MALE,STRAY,FLD_STRAY,UNKNOWN,COUNTY,0.2518822724161533,1,1.0,6.123233995736766e-17
DOG,CHIHUAHUA SH,BROWN,MALE,CONFISCATE,FLD_ARREST,UNKNOWN,SANTA ROSA,6.992470910335387,0,1.0,6.123233995736766e-17
DOG,PIT BULL,WHITE/GRAY,MALE,STRAY,FLD_STRAY,UNKNOWN,SANTA ROSA,2.001368925393566,1,1.0,6.123233995736766e-17
CAT,DOMESTIC SH,BLACK,FEMALE,STRAY,FIELD,HEALTHY,SANTA ROSA,1.160848733744011,0,1.0,6.123233995736766e-17
DOG,LABRADOR RETR,BROWN,MALE,STRAY,FLD_STRAY,UNKNOWN,COUNTY,4.993839835728953,0,1.0,6.123233995736766e-17
DOG,CATAHOULA/MIX,WHITE/BROWN,MALE,CONFISCATE,FLD_ABAND,HEALTHY,HEALDSBURG,0.02737850787132101,0,1.0,6.123233995736766e-17
DOG,DOBERMAN PINSCH,__RARE_OR_NEW__,FEMALE,STRAY,FLD_STRAY,HEALTHY,SANTA ROSA,1.9739904175222451,0,1.0,6.123233995736766e-17
DOG,__RARE_OR_NEW__,BROWN/WHITE,FEMALE,CONFISCATE,FLD_INVEST,UNKNOWN,HEALDSBURG,0.04380561259411362,0,1.0,6.123233995736766e-17
DOG,__RARE_OR_NEW__,BROWN/WHITE,FEMALE,CONFISCATE,FLD_INVEST,UNKNOWN,HEALDSBURG,0.04380561259411362,0,1.0,6.123233995736766e-17
DOG,__RARE_OR_NEW__,BROWN/BLACK,MALE,CONFISCATE,FLD_INVEST,HEALTHY,HEALDSBURG,0.04380561259411362,0,1.0,6.123233995736766e-17
DOG,__RARE_OR_NEW__,BROWN,MALE,CONFISCATE,FLD_ABAND,UNTREATABLE,HEALDSBURG,0.06023271731690623,0,1.0,6.123233995736766e-17
DOG,__RARE_OR_NEW__,BROWN,FEMALE,CONFISCATE,FLD_ABAND,HEALTHY,HEALDSBURG,0.04380561259411362,0,1.0,6.123233995736766e-17
DOG,__RARE_OR_NEW__,BROWN,MALE,CONFISCATE,FLD_ABAND,HEALTHY,HEALDSBURG,0.04380561259411362,0,1.0,6.123233995736766e-17
DOG,__RARE_OR_NEW__,BROWN,FEMALE,CONFISCATE,FLD_ABAND,HEALTHY,HEALDSBURG,0.04380561259411362,0,1.0,6.123233995736766e-17
DOG,__RARE_OR_NEW__,BROWN/BLACK,FEMALE,QUARANTINE,FIELD,UNKNOWN,HEALDSBURG,2.001368925393566,1,1.0,6.123233995736766e-17
CAT,DOMESTIC SH,APRICOT,MALE,STRAY,VET_HOSP,UNKNOWN,SANTA ROSA,0.06023271731690623,0,1.0,6.123233995736766e-17
DOG,__RARE_OR_NEW__,WHITE/CREAM,MALE,STRAY,FLD_STRAY,UNKNOWN,SANTA ROSA,3.9534565366187544,0,1.0,6.123233995736766e-17
DOG,BORDER COLLIE/MIX,BLACK/WHITE,FEMALE,STRAY,FLD_STRAY,UNKNOWN,SANTA ROSA,13.60164271047228,0,1.0,6.123233995736766e-17
CAT,DOMESTIC SH,BRN TABBY/WHITE,MALE,STRAY,FLD_STRAY,UNKNOWN,SANTA ROSA,0.038329911019849415,0,1.0,6.123233995736766e-17
CAT,DOMESTIC SH,BRN TABBY/WHITE,MALE,STRAY,FLD_STRAY,UNKNOWN,SANTA ROSA,0.038329911019849415,0,1.0,6.123233995736766e-17
CAT,DOMESTIC SH,TORTIE,FEMALE,STRAY,FLD_STRAY,UNKNOWN,SANTA ROSA,0.038329911019849415,0,1.0,6.123233995736766e-17
CAT,DOMESTIC SH,BRN TABBY,MALE,STRAY,FLD_STRAY,UNKNOWN,SANTA ROSA,0.038329911019849415,0,1.0,6.123233995736766e-17
CAT,DOMESTIC SH,BRN TABBY,FEMALE,STRAY,FLD_STRAY,UNKNOWN,SANTA ROSA,0.038329911019849415,0,1.0,6.123233995736766e-17
CAT,DOMESTIC LH,BLACK,MALE,STRAY,FLD_STRAY,UNKNOWN,COUNTY,0.2518822724161533,1,1.0,6.123233995736766e-17
DOG,GERM SHEPHERD/MIX,TRICOLOR,MALE,OWNER SURRENDER,OVER THE COUNTER,HEALTHY,SANTA ROSA,3.4524298425735798,0,1.0,6.123233995736766e-17
CAT,DOMESTIC LH,BLACK/WHITE,FEMALE,STRAY,OVER THE COUNTER,UNKNOWN,SANTA ROSA,0.2518822724161533,1,1.0,6.123233995736766e-17
CAT,DOMESTIC LH,BRN TABBY/WHITE,UNKNOWN,STRAY,OVER THE COUNTER,UNKNOWN,SANTA ROSA,0.0,0,1.0,6.123233995736766e-17
CAT,DOMESTIC LH,BRN TABBY,UNKNOWN,STRAY,OVER THE COUNTER,UNKNOWN,SANTA ROSA,0.0,0,1.0,6.123233995736766e-17
CAT,DOMESTIC LH,BLACK/WHITE,UNKNOWN,STRAY,OVER THE COUNTER,UNKNOWN,SANTA ROSA,0.0,0,1.0,6.123233995736766e-17
CAT,DOMESTIC LH,BLACK/WHITE,UNKNOWN,STRAY,OVER THE COUNTER,UNKNOWN,SANTA ROSA,0.0,0,1.0,6.123233995736766e-17
CAT,DOMESTIC LH,BLACK/WHITE,UNKNOWN,STRAY,OVER THE COUNTER,UNKNOWN,SANTA ROSA,0.0,0,1.0,6.123233995736766e-17
DOG,AUST CATTLE DOG/MIX,TRICOLOR,MALE,OWNER SURRENDER,FIELD,UNKNOWN,COUNTY,2.001368925393566,1,1.0,6.123233995736766e-17
CAT,DOMESTIC LH,__RARE_OR_NEW__,UNKNOWN,STRAY,OVER THE COUNTER,UNKNOWN,SANTA ROSA,0.0,0,1.0,6.123233995736766e-17
DOG,__RARE_OR_NEW__,BLACK,FEMALE,ADOPTION RETURN,OVER THE COUNTER,UNKNOWN,COUNTY,1.5550992470910336,0,1.0,6.123233995736766e-17
DOG,PARSON RUSS TER,WHITE/TAN,MALE,STRAY,FLD_STRAY,UNKNOWN,COUNTY,5.9575633127994525,0,1.0,6.123233995736766e-17
DOG,__RARE_OR_NEW__,TAN,MALE,STRAY,OVER THE COUNTER,UNKNOWN,COUNTY,2.305270362765229,0,1.0,6.123233995736766e-17
OTHER,GOAT,WHITE/BROWN,MALE,STRAY,FLD_STRAY,UNKNOWN,COUNTY,1.8986995208761122,1,1.0,6.123233995736766e-17
OTHER,BAT,BROWN,UNKNOWN,QUARANTINE,FIELD,UNKNOWN,SANTA ROSA,1.8986995208761122,1,1.0,6.123233995736766e-17
DOG,__RARE_OR_NEW__,TAN/WHITE,MALE,STRAY,FLD_STRAY,UNKNOWN,SANTA ROSA,0.4134154688569473,0,1.0,6.123233995736766e-17
OTHER,__RARE_OR_NEW__,BROWN/WHITE,MALE,OWNER SURRENDER,OVER THE COUNTER,HEALTHY,SANTA ROSA,2.001368925393566,0,1.0,6.123233995736766e-17
CAT,DOMESTIC MH,BLACK,MALE,STRAY,OVER THE COUNTER,HEALTHY,COUNTY,0.04106776180698152,0,1.0,6.123233995736766e-17
CAT,DOMESTIC SH,BLACK,FEMALE,STRAY,OVER THE COUNTER,HEALTHY,COUNTY,0.04106776180698152,0,1.0,6.123233995736766e-17
CAT,DOMESTIC MH,BLACK,MALE,STRAY,OVER THE COUNTER,HEALTHY,COUNTY,0.04106776180698152,0,1.0,6.123233995736766e-17
CAT,DOMESTIC MH,BLACK,FEMALE,STRAY,OVER THE COUNTER,HEALTHY,COUNTY,0.04106776180698152,0,1.0,6.123233995736766e-17
DOG,__RARE_OR_NEW__,BLACK,MALE,STRAY,OVER THE COUNTER,UNKNOWN,HEALDSBURG,2.001368925393566,1,1.0,6.123233995736766e-17
DOG,__RARE_OR_NEW__,BLACK,MALE,STRAY,OVER THE COUNTER,UNKNOWN,HEALDSBURG,2.001368925393566,1,1.0,6.123233995736766e-17
OTHER,CHICKEN,WHITE,MALE,STRAY,FLD_STRAY,UNKNOWN,COUNTY,1.8986995208761122,1,1.0,6.123233995736766e-17
OTHER,CHICKEN,WHITE,MALE,STRAY,FLD_STRAY,UNKNOWN,COUNTY,1.8986995208761122,1,1.0,6.123233995736766e-17
DOG,CHIHUAHUA SH/MIX,TAN/WHITE,FEMALE,CONFISCATE,FLD_CRUEL,UNKNOWN,SANTA ROSA,0.33127994524298426,0,1.0,6.123233995736766e-17
DOG,__RARE_OR_NEW__,BLACK/WHITE,FEMALE,STRAY,FIELD,UNKNOWN,SANTA ROSA,0.33127994524298426,0,1.0,6.123233995736766e-17
DOG,__RARE_OR_NEW__,WHITE/BROWN,FEMALE,STRAY,FIELD,UNKNOWN,SANTA ROSA,0.7118412046543463,0,1.0,6.123233995736766e-17
CAT,DOMESTIC LH,GRAY/WHITE,MALE,STRAY,OVER THE COUNTER,UNKNOWN,SANTA ROSA,15.000684462696784,0,1.0,6.123233995736766e-17
OTHER,BAT,BROWN,UNKNOWN,QUARANTINE,FIELD,UNKNOWN,COUNTY,1.8986995208761122,1,1.0,6.123233995736766e-17
DOG,PIT BULL,GRAY/WHITE,MALE,STRAY,FLD_STRAY,UNKNOWN,SANTA ROSA,4.996577686516085,0,1.0,6.123233995736766e-17
CAT,DOMESTIC MH,BLACK,FEMALE,CONFISCATE,FLD_CORONR,UNKNOWN,COUNTY,11.000684462696784,0,1.0,6.123233995736766e-17
CAT,DOMESTIC MH,BLACK/WHITE,MALE,CONFISCATE,FLD_CORONR,UNKNOWN,COUNTY,11.000684462696784,0,1.0,6.123233995736766e-17
DOG,PIT BULL,WHITE/BLACK,FEMALE,QUARANTINE,FIELD,UNKNOWN,SANTA ROSA,2.967830253251198,0,1.0,6.123233995736766e-17
CAT,DOMESTIC SH,BRN TABBY,FEMALE,STRAY,EMAIL,UNKNOWN,COUNTY,0.2518822724161533,1,1.0,6.123233995736766e-17
CAT,DOMESTIC SH,CALICO,FEMALE,STRAY,PHONE,UNKNOWN,COUNTY,0.09308692676249145,0,1.0,6.123233995736766e-17
CAT,DOMESTIC SH,CALICO,FEMALE,STRAY,PHONE,UNKNOWN,COUNTY,0.09308692676249145,0,1.0,6.123233995736766e-17
CAT,SIAMESE,SEAL PT,MALE,STRAY,OVER THE COUNTER,UNKNOWN,COUNTY,0.917180013689254,0,1.0,6.123233995736766e-17
DOG,__RARE_OR_NEW__,WHITE/BLACK,FEMALE,STRAY,FLD_STRAY,UNKNOWN,COUNTY,3.0006844626967832,0,1.0,6.123233995736766e-17
DOG,ALASKAN HUSKY,GRAY/WHITE,MALE,STRAY,FLD_STRAY,UNKNOWN,COUNTY,12.999315537303216,0,1.0,6.123233995736766e-17
DOG,__RARE_OR_NEW__,WHITE/BLACK,MALE,STRAY,FLD_STRAY,UNKNOWN,COUNTY,7.000684462696783,0,1.0,6.123233995736766e-17
DOG,MASTIFF,TAN/BLACK,FEMALE,STRAY,OVER THE COUNTER,UNKNOWN,COUNTY,7.000684462696783,0,1.0,6.123233995736766e-17
CAT,DOMESTIC SH,GRAY/WHITE,UNKNOWN,STRAY,FLD_STRAY,UNKNOWN,COUNTY,0.2518822724161533,1,1.0,6.123233995736766e-17
CAT,DOMESTIC SH,GRAY/WHITE,UNKNOWN,STRAY,FLD_STRAY,UNKNOWN,COUNTY,0.2518822724161533,1,1.0,6.123233995736766e-17
DOG,__RARE_OR_NEW__,TAN,MALE,ADOPTION RETURN,OVER THE COUNTER,UNKNOWN,COUNTY,3.060917180013689,0,1.0,6.123233995736766e-17
CAT,DOMESTIC SH,BROWN/WHITE,UNKNOWN,STRAY,FLD_STRAY,UNKNOWN,COUNTY,0.2518822724161533,1,1.0,6.123233995736766e-17
CAT,DOMESTIC SH,BROWN/WHITE,UNKNOWN,STRAY,FLD_STRAY,UNKNOWN,COUNTY,0.2518822724161533,1,1.0,6.123233995736766e-17
DOG,__RARE_OR_NEW__,WHITE/BLACK,FEMALE,STRAY,OVER THE COUNTER,UNKNOWN,SANTA ROSA,2.001368925393566,0,1.0,6.123233995736766e-17
DOG,SIBERIAN HUSKY,BLACK/WHITE,FEMALE,STRAY,OVER THE COUNTER,UNKNOWN,COUNTY,3.597535934291581,0,1.0,6.123233995736766e-17
DOG,__RARE_OR_NEW__,TAN,FEMALE,STRAY,EMAIL,UNKNOWN,COUNTY,2.001368925393566,1,1.0,6.123233995736766e-17
OTHER,GUINEA PIG,TAN/WHITE,FEMALE,OWNER SURRENDER,OVER THE COUNTER,HEALTHY,COUNTY,0.9691991786447639,0,1.0,6.123233995736766e-17
OTHER,GUINEA PIG,TRICOLOR,FEMALE,OWNER SURRENDER,OVER THE COUNTER,HEALTHY,COUNTY,0.9691991786447639,0,1.0,6.123233995736766e-17
DOG,CHIHUAHUA SH,BLACK/TAN,FEMALE,STRAY,OVER THE COUNTER,UNKNOWN,COUNTY,10.001368925393566,0,1.0,6.123233995736766e-17
CAT,DOMESTIC SH,GRAY,UNKNOWN,STRAY,FLD_STRAY,UNKNOWN,SANTA ROSA,0.2518822724161533,1,1.0,6.123233995736766e-17
DOG,__RARE_OR_NEW__,BLACK/BROWN,FEMALE,CONFISCATE,FLD_ARREST,UNKNOWN,COUNTY,0.7145790554414785,0,1.0,6.123233995736766e-17
DOG,GERM SHEPHERD,BLACK/TAN,FEMALE,STRAY,FLD_STRAY,UNKNOWN,COUNTY,6.455852156057495,0,1.0,6.123233995736766e-17
DOG,__RARE_OR_NEW__,TAN,MALE,CONFISCATE,FLD_ARREST,UNKNOWN,SANTA ROSA,6.934976043805612,0,1.0,6.123233995736766e-17
OTHER,__RARE_OR_NEW__,WHITE,MALE,CONFISCATE,FLD_ARREST,UNKNOWN,SANTA ROSA,1.8986995208761122,1,1.0,6.123233995736766e-17
OTHER,CHICKEN,RED/BLACK,FEMALE,CONFISCATE,FLD_ABAND,UNKNOWN,COUNTY,1.8986995208761122,1,1.0,6.123233995736766e-17
OTHER,CHICKEN,BLACK,MALE,CONFISCATE,FLD_ABAND,UNKNOWN,COUNTY,1.8986995208761122,1,1.0,6.123233995736766e-17
OTHER,CHICKEN,__RARE_OR_NEW__,MALE,CONFISCATE,FLD_ABAND,UNKNOWN,COUNTY,1.8986995208761122,1,1.0,6.123233995736766e-17
OTHER,CHICKEN,WHITE/BLACK,MALE,CONFISCATE,FLD_ABAND,UNKNOWN,COUNTY,1.8986995208761122,1,1.0,6.123233995736766e-17
OTHER,CHICKEN,RED/BLACK,FEMALE,CONFISCATE,FLD_ABAND,UNKNOWN,COUNTY,1.8986995208761122,1,1.0,6.123233995736766e-17
OTHER,CHICKEN,RED/BLACK,FEMALE,CONFISCATE,FLD_ABAND,UNKNOWN,COUNTY,1.8986995208761122,1,1.0,6.123233995736766e-17
OTHER,CHICKEN,BLACK,FEMALE,CONFISCATE,FLD_ABAND,UNKNOWN,COUNTY,1.8986995208761122,1,1.0,6.123233995736766e-17
OTHER,CHICKEN,RED/BLACK,FEMALE,CONFISCATE,FLD_ABAND,UNKNOWN,COUNTY,1.8986995208761122,1,1.0,6.123233995736766e-17
OTHER,CHICKEN,GRAY,FEMALE,CONFISCATE,FLD_ABAND,UNKNOWN,COUNTY,1.8986995208761122,1,1.0,6.123233995736766e-17
OTHER,CHICKEN,RED/BLACK,FEMALE,CONFISCATE,FLD_ABAND,UNKNOWN,COUNTY,1.8986995208761122,1,1.0,6.123233995736766e-17
OTHER,CHICKEN,RED/BLACK,FEMALE,CONFISCATE,FLD_ABAND,UNKNOWN,COUNTY,1.8986995208761122,1,1.0,6.123233995736766e-17
OTHER,CHICKEN,RED/BLACK,FEMALE,CONFISCATE,FLD_ABAND,UNKNOWN,COUNTY,1.8986995208761122,1,1.0,6.123233995736766e-17
OTHER,CHICKEN,GRAY,FEMALE,CONFISCATE,FLD_ABAND,UNKNOWN,COUNTY,1.8986995208761122,1,1.0,6.123233995736766e-17
OTHER,CHICKEN,RED/BLACK,FEMALE,CONFISCATE,FLD_ABAND,UNKNOWN,COUNTY,1.8986995208761122,1,1.0,6.123233995736766e-17
DOG,PIT BULL,BLACK,MALE,QUARANTINE,FIELD,UNKNOWN,SANTA ROSA,2.001368925393566,1,1.0,6.123233995736766e-17
DOG,__RARE_OR_NEW__,BLACK,MALE,CONFISCATE,FLD_ARREST,HEALTHY,COUNTY,4.183436002737851,0,1.0,6.123233995736766e-17
OTHER,CHICKEN,WHITE/BLACK,MALE,CONFISCATE,FLD_ABAND,UNKNOWN,COUNTY,1.8986995208761122,1,1.0,6.123233995736766e-17
CAT,DOMESTIC SH,AGOUTI,FEMALE,QUARANTINE,FIELD,UNKNOWN,PETALUMA,0.999315537303217,0,1.0,6.123233995736766e-17
DOG,GERM SHEPHERD,BROWN,FEMALE,STRAY,FIELD,UNKNOWN,SANTA ROSA,0.999315537303217,0,1.0,6.123233995736766e-17
DOG,AUST CATTLE DOG/MIX,BROWN,FEMALE,CONFISCATE,FLD_CRUEL,UNKNOWN,SANTA ROSA,0.3203285420944558,0,1.0,6.123233995736766e-17
CAT,DOMESTIC SH,BRN TABBY,FEMALE,OWNER SURRENDER,OVER THE COUNTER,UNKNOWN,SANTA ROSA,2.7652292950034223,0,1.0,6.123233995736766e-17
OTHER,CHICKEN,GRAY,FEMALE,STRAY,FLD_STRAY,UNKNOWN,SANTA ROSA,1.8986995208761122,1,1.0,6.123233995736766e-17
DOG,__RARE_OR_NEW__,WHITE/TAN,FEMALE,STRAY,FLD_STRAY,HEALTHY,COUNTY,0.12320328542094455,0,1.0,6.123233995736766e-17
DOG,__RARE_OR_NEW__,BLACK/TAN,FEMALE,STRAY,FLD_STRAY,UNKNOWN,COUNTY,2.001368925393566,1,1.0,6.123233995736766e-17
OTHER,__RARE_OR_NEW__,GRAY/WHITE,UNKNOWN,STRAY,OVER THE COUNTER,UNKNOWN,SANTA ROSA,8.974674880219029,0,1.0,6.123233995736766e-17
CAT,DOMESTIC MH,BLACK/WHITE,MALE,OWNER SURRENDER,FIELD,UNKNOWN,SANTA ROSA,4.0,0,1.0,6.123233995736766e-17
DOG,__RARE_OR_NEW__,BROWN/WHITE,FEMALE,STRAY,FIELD,UNKNOWN,SANTA ROSA,7.000684462696783,0,1.0,6.123233995736766e-17
DOG,__RARE_OR_NEW__,GRAY,FEMALE,STRAY,OVER THE COUNTER,UNKNOWN,SANTA ROSA,1.9904175222450375,0,1.0,6.123233995736766e-17
CAT,DOMESTIC SH,BRN TABBY,MALE,STRAY,FIELD,HEALTHY,SANTA ROSA,2.001368925393566,0,1.0,6.123233995736766e-17
DOG,POODLE MIN,WHITE,MALE,STRAY,FIELD,UNKNOWN,SANTA ROSA,2.001368925393566,1,1.0,6.123233995736766e-17
DOG,CHIHUAHUA SH,TAN,FEMALE,STRAY,FIELD,UNKNOWN,SANTA ROSA,11.28268309377139,0,1.0,6.123233995736766e-17
CAT,DOMESTIC SH,BLACK/WHITE,MALE,BORN HERE,MOM STRAY,HEALTHY,SANTA ROSA,0.07665982203969883,0,1.0,6.123233995736766e-17
CAT,DOMESTIC SH,BLACK/WHITE,FEMALE,BORN HERE,MOM STRAY,HEALTHY,SANTA ROSA,0.07665982203969883,0,1.0,6.123233995736766e-17
CAT,SIAMESE,WHITE,MALE,BORN HERE,MOM STRAY,HEALTHY,SANTA ROSA,0.07665982203969883,0,1.0,6.123233995736766e-17
DOG,PIT BULL,BROWN,MALE,CONFISCATE,FLD_ARREST,UNKNOWN,SANTA ROSA,8.0,0,1.0,6.123233995736766e-17
DOG,AUST SHEPHERD/MIX,RED/WHITE,MALE,ADOPTION RETURN,OVER THE COUNTER,UNKNOWN,COUNTY,6.05886379192334,0,1.0,6.123233995736766e-17
DOG,PIT BULL/MIX,BLACK/WHITE,FEMALE,STRAY,FLD_STRAY,UNKNOWN,SANTA ROSA,2.001368925393566,0,1.0,6.123233995736766e-17
CAT,DOMESTIC SH,ORG TABBY,MALE,STRAY,FLD_STRAY,UNKNOWN,COUNTY,0.008213552361396304,0,1.0,6.123233995736766e-17
DOG,LABRADOR RETR,BLACK,MALE,STRAY,EMAIL,UNKNOWN,SANTA ROSA,0.33127994524298426,0,1.0,6.123233995736766e-17
DOG,CHIHUAHUA SH,WHITE,MALE,STRAY,FLD_STRAY,HEALTHY,SANTA ROSA,0.999315537303217,0,1.0,6.123233995736766e-17
CAT,DOMESTIC SH,BUFF,MALE,STRAY,FIELD,UNKNOWN,SANTA ROSA,15.000684462696784,0,1.0,6.123233995736766e-17
CAT,DOMESTIC LH,TORTIE,FEMALE,OWNER SURRENDER,FIELD,HEALTHY,SANTA ROSA,4.0,0,1.0,6.123233995736766e-17
CAT,DOMESTIC MH,CALICO,FEMALE,STRAY,FLD_STRAY,UNKNOWN,SANTA ROSA,1.9082819986310746,0,1.0,6.123233995736766e-17
DOG,PIT BULL,TAN/WHITE,FEMALE,OWNER SURRENDER,OVER THE COUNTER,UNKNOWN,SANTA ROSA,6.0013689253935665,0,1.0,6.123233995736766e-17
DOG,GERM SHEPHERD,TAN/BLACK,MALE,STRAY,FLD_STRAY,UNKNOWN,SANTA ROSA,0.5804243668720055,0,1.0,6.123233995736766e-17
DOG,LABRADOR RETR/MIX,BLACK,MALE,STRAY,FLD_STRAY,UNKNOWN,SANTA ROSA,2.001368925393566,1,1.0,6.123233995736766e-17
OTHER,CHICKEN,BLACK,UNKNOWN,STRAY,FLD_STRAY,UNKNOWN,SANTA ROSA,1.8986995208761122,1,1.0,6.123233995736766e-17
DOG,AUST CATTLE DOG/MIX,BLACK/TAN,MALE,STRAY,OVER THE COUNTER,HEALTHY,COUNTY,1.6646132785763177,0,1.0,6.123233995736766e-17
DOG,__RARE_OR_NEW__,BLACK,MALE,OWNER SURRENDER,OVER THE COUNTER,UNKNOWN,COUNTY,0.33127994524298426,0,1.0,6.123233995736766e-17
DOG,GERM SHEPHERD,WHITE,MALE,OWNER SURRENDER,OVER THE COUNTER,HEALTHY,COUNTY,1.9301848049281314,0,1.0,6.123233995736766e-17
DOG,PIT BULL,WHITE/BROWN,FEMALE,STRAY,OVER THE COUNTER,UNKNOWN,SANTA ROSA,4.0,0,1.0,6.123233995736766e-17
CAT,DOMESTIC SH,BRN TABBY,UNKNOWN,STRAY,FLD_STRAY,UNKNOWN,SANTA ROSA,0.2518822724161533,1,1.0,6.123233995736766e-17
DOG,PIT BULL/MIX,BLACK/WHITE,MALE,STRAY,FLD_STRAY,UNKNOWN,SANTA ROSA,2.001368925393566,1,1.0,6.123233995736766e-17
DOG,__RARE_OR_NEW__,TAN,FEMALE,STRAY,FLD_STRAY,UNKNOWN,SANTA ROSA,2.001368925393566,1,1.0,6.123233995736766e-17
DOG,YORKSHIRE TERR/MIX,BROWN,MALE,CONFISCATE,FLD_ARREST,UNKNOWN,SANTA ROSA,11.279945242984258,0,1.0,6.123233995736766e-17
DOG,PIT BULL,TRICOLOR,FEMALE,CONFISCATE,FLD_ARREST,UNKNOWN,COUNTY,2.9979466119096507,0,1.0,6.123233995736766e-17
OTHER,BAT,BROWN,UNKNOWN,QUARANTINE,FIELD,UNKNOWN,COUNTY,1.8986995208761122,1,1.0,6.123233995736766e-17
CAT,DOMESTIC LH,BRN TABBY,MALE,STRAY,EMAIL,UNKNOWN,COUNTY,0.2518822724161533,1,1.0,6.123233995736766e-17
CAT,DOMESTIC SH,BRN TABBY,MALE,BORN HERE,MOM STRAY,HEALTHY,COUNTY,0.0027378507871321013,0,1.0,6.123233995736766e-17
CAT,DOMESTIC SH,CALICO,FEMALE,BORN HERE,MOM STRAY,HEALTHY,COUNTY,0.0027378507871321013,0,1.0,6.123233995736766e-17
CAT,DOMESTIC SH,WHITE,UNKNOWN,BORN HERE,MOM STRAY,HEALTHY,COUNTY,0.0027378507871321013,0,1.0,6.123233995736766e-17
CAT,DOMESTIC SH,BUFF/WHITE,MALE,OWNER SURRENDER,OVER THE COUNTER,UNKNOWN,COUNTY,6.0041067761806985,0,1.0,6.123233995736766e-17
CAT,DOMESTIC SH,BLACK/WHITE,MALE,STRAY,FLD_STRAY,UNKNOWN,COUNTY,0.2518822724161533,1,1.0,6.123233995736766e-17
CAT,DOMESTIC MH,BLACK,MALE,STRAY,VET_HOSP,UNKNOWN,COUNTY,3.0006844626967832,0,1.0,6.123233995736766e-17
DOG,CHIHUAHUA SH,BLACK/TAN,FEMALE,STRAY,VET_HOSP,UNKNOWN,SANTA ROSA,12.971937029431896,0,1.0,6.123233995736766e-17
CAT,DOMESTIC MH,GRAY,MALE,STRAY,FLD_STRAY,UNKNOWN,COUNTY,0.2518822724161533,1,0.8660254037844387,-0.4999999999999998
CAT,DOMESTIC SH,GRAY TABBY,FEMALE,STRAY,FLD_STRAY,UNKNOWN,COUNTY,0.06023271731690623,0,0.8660254037844387,-0.4999999999999998
CAT,DOMESTIC SH,GRAY TABBY,FEMALE,STRAY,FLD_STRAY,UNKNOWN,COUNTY,0.06023271731690623,0,0.8660254037844387,-0.4999999999999998
CAT,DOMESTIC MH,LYNX PT,MALE,STRAY,OVER THE COUNTER,UNKNOWN,SANTA ROSA,0.28473648186173856,0,0.8660254037844387,-0.4999999999999998
CAT,DOMESTIC SH,BRN TABBY/WHITE,MALE,STRAY,OVER THE COUNTER,UNKNOWN,SANTA ROSA,0.28473648186173856,0,0.8660254037844387,-0.4999999999999998
CAT,DOMESTIC SH,BRN TABBY/WHITE,FEMALE,STRAY,OVER THE COUNTER,UNKNOWN,SANTA ROSA,0.28473648186173856,0,0.8660254037844387,-0.4999999999999998
DOG,GERM SHEPHERD/MIX,BROWN/TAN,MALE,STRAY,FLD_STRAY,UNKNOWN,SANTA ROSA,2.001368925393566,0,0.8660254037844387,-0.4999999999999998
CAT,DOMESTIC SH,BLACK,UNKNOWN,STRAY,FLD_STRAY,UNKNOWN,SANTA ROSA,0.2518822724161533,1,0.8660254037844387,-0.4999999999999998
CAT,DOMESTIC SH,BLACK,UNKNOWN,STRAY,FLD_STRAY,UNKNOWN,SANTA ROSA,0.2518822724161533,1,0.8660254037844387,-0.4999999999999998
CAT,DOMESTIC SH,BLACK,UNKNOWN,STRAY,FLD_STRAY,UNKNOWN,SANTA ROSA,0.2518822724161533,1,0.8660254037844387,-0.4999999999999998
CAT,DOMESTIC SH,BLACK,UNKNOWN,STRAY,FLD_STRAY,UNKNOWN,SANTA ROSA,0.2518822724161533,1,0.8660254037844387,-0.4999999999999998
DOG,__RARE_OR_NEW__,RED/WHITE,FEMALE,STRAY,OVER THE COUNTER,UNKNOWN,COUNTY,1.998631074606434,0,0.8660254037844387,-0.4999999999999998
DOG,SIBERIAN HUSKY,WHITE,MALE,ADOPTION RETURN,OVER THE COUNTER,UNKNOWN,SANTA ROSA,1.3716632443531827,0,0.8660254037844387,-0.4999999999999998
DOG,DOBERMAN PINSCH,__RARE_OR_NEW__,FEMALE,ADOPTION RETURN,OVER THE COUNTER,UNKNOWN,COUNTY,2.026009582477755,0,0.8660254037844387,-0.4999999999999998
DOG,FRENCH BULLDOG,GRAY,FEMALE,STRAY,FLD_STRAY,UNKNOWN,SANTA ROSA,5.382614647501711,0,0.8660254037844387,-0.4999999999999998
CAT,DOMESTIC SH,BRN TABBY,UNKNOWN,STRAY,OVER THE COUNTER,HEALTHY,SANTA ROSA,10.001368925393566,0,0.8660254037844387,-0.4999999999999998
DOG,AUST CATTLE DOG,TRICOLOR,MALE,OWNER SURRENDER,FIELD,HEALTHY,WINDSOR,0.49555099247091033,0,0.8660254037844387,-0.4999999999999998
DOG,GERM SHEPHERD/MIX,BLACK,MALE,OWNER SURRENDER,FIELD,HEALTHY,WINDSOR,0.49555099247091033,0,0.8660254037844387,-0.4999999999999998
DOG,AUST CATTLE DOG,__RARE_OR_NEW__,MALE,OWNER SURRENDER,FIELD,HEALTHY,WINDSOR,0.49555099247091033,0,0.8660254037844387,-0.4999999999999998
DOG,AUST CATTLE DOG,BROWN/WHITE,FEMALE,OWNER SURRENDER,FIELD,UNKNOWN,WINDSOR,2.001368925393566,0,0.8660254037844387,-0.4999999999999998
DOG,__RARE_OR_NEW__,BLACK/WHITE,FEMALE,OWNER SURRENDER,FIELD,UNKNOWN,WINDSOR,3.0006844626967832,0,0.8660254037844387,-0.4999999999999998
DOG,__RARE_OR_NEW__,TAN,FEMALE,OWNER SURRENDER,FIELD,UNKNOWN,WINDSOR,0.4134154688569473,0,0.8660254037844387,-0.4999999999999998
DOG,__RARE_OR_NEW__,TAN/WHITE,MALE,OWNER SURRENDER,FIELD,UNKNOWN,WINDSOR,0.32854209445585214,0,0.8660254037844387,-0.4999999999999998
DOG,PIT BULL/MIX,BLACK/WHITE,MALE,OWNER SURRENDER,FIELD,UNKNOWN,WINDSOR,0.49555099247091033,0,0.8660254037844387,-0.4999999999999998
DOG,__RARE_OR_NEW__,TAN/WHITE,FEMALE,OWNER SURRENDER,FIELD,UNKNOWN,WINDSOR,0.32854209445585214,0,0.8660254037844387,-0.4999999999999998
DOG,GERM SHEPHERD/MIX,TRICOLOR,FEMALE,OWNER SURRENDER,FIELD,HEALTHY,WINDSOR,2.001368925393566,0,0.8660254037844387,-0.4999999999999998
DOG,BORDER COLLIE/MIX,BROWN/WHITE,MALE,OWNER SURRENDER,FIELD,UNKNOWN,WINDSOR,0.4134154688569473,0,0.8660254037844387,-0.4999999999999998
DOG,PIT BULL/MIX,TAN/WHITE,MALE,OWNER SURRENDER,FIELD,HEALTHY,WINDSOR,0.243668720054757,0,0.8660254037844387,-0.4999999999999998
DOG,__RARE_OR_NEW__,TAN/WHITE,MALE,OWNER SURRENDER,FIELD,UNKNOWN,WINDSOR,0.32854209445585214,0,0.8660254037844387,-0.4999999999999998
DOG,GERM SHEPHERD,BLACK/TAN,FEMALE,OWNER SURRENDER,FIELD,UNKNOWN,WINDSOR,0.3750855578370979,0,0.8660254037844387,-0.4999999999999998
DOG,PIT BULL,BLACK/WHITE,FEMALE,OWNER SURRENDER,FIELD,UNKNOWN,WINDSOR,3.0006844626967832,0,0.8660254037844387,-0.4999999999999998
DOG,AUST CATTLE DOG/MIX,BROWN/WHITE,MALE,OWNER SURRENDER,FIELD,UNKNOWN,WINDSOR,0.16700889801505817,0,0.8660254037844387,-0.4999999999999998
DOG,AUST CATTLE DOG/MIX,BLACK/WHITE,FEMALE,OWNER SURRENDER,FIELD,UNKNOWN,WINDSOR,0.16700889801505817,0,0.8660254037844387,-0.4999999999999998
DOG,AUST CATTLE DOG/MIX,TRICOLOR,FEMALE,OWNER SURRENDER,FIELD,HEALTHY,WINDSOR,0.16700889801505817,0,0.8660254037844387,-0.4999999999999998
DOG,GERM SHEPHERD/MIX,BLACK,MALE,OWNER SURRENDER,FIELD,HEALTHY,WINDSOR,0.16700889801505817,0,0.8660254037844387,-0.4999999999999998
DOG,BORDER COLLIE/MIX,BROWN/TAN,FEMALE,OWNER SURRENDER,FIELD,UNKNOWN,WINDSOR,0.4134154688569473,0,0.8660254037844387,-0.4999999999999998
DOG,BORDER COLLIE,BLACK/WHITE,MALE,STRAY,FLD_STRAY,UNKNOWN,COUNTY,2.001368925393566,1,0.8660254037844387,-0.4999999999999998
DOG,__RARE_OR_NEW__,WHITE/BROWN,MALE,STRAY,FLD_STRAY,UNKNOWN,SANTA ROSA,3.7754962354551678,0,0.8660254037844387,-0.4999999999999998
DOG,LABRADOR RETR/MIX,BLACK,FEMALE,STRAY,OVER THE COUNTER,UNKNOWN,COUNTY,5.322381930184805,0,0.8660254037844387,-0.4999999999999998
DOG,PIT BULL/LABRADOR RETR,BLACK/WHITE,FEMALE,STRAY,OVER THE COUNTER,UNKNOWN,COUNTY,2.001368925393566,1,0.8660254037844387,-0.4999999999999998
CAT,DOMESTIC SH,ORG TABBY,MALE,OWNER SURRENDER,OVER THE COUNTER,UNKNOWN,SANTA ROSA,2.0095824777549622,0,0.8660254037844387,-0.4999999999999998
CAT,DOMESTIC SH,GRAY/WHITE,MALE,STRAY,OVER THE COUNTER,UNKNOWN,SANTA ROSA,0.09856262833675565,0,0.8660254037844387,-0.4999999999999998
CAT,DOMESTIC SH,GRAY/WHITE,FEMALE,STRAY,OVER THE COUNTER,UNKNOWN,SANTA ROSA,0.09856262833675565,0,0.8660254037844387,-0.4999999999999998
CAT,DOMESTIC SH,GRAY/WHITE,MALE,STRAY,OVER THE COUNTER,UNKNOWN,SANTA ROSA,0.09856262833675565,0,0.8660254037844387,-0.4999999999999998
CAT,DOMESTIC SH,GRAY/WHITE,UNKNOWN,STRAY,OVER THE COUNTER,UNKNOWN,SANTA ROSA,0.2518822724161533,1,0.8660254037844387,-0.4999999999999998
CAT,DOMESTIC SH,GRAY/WHITE,MALE,STRAY,OVER THE COUNTER,HEALTHY,SANTA ROSA,0.06023271731690623,0,0.8660254037844387,-0.4999999999999998
CAT,DOMESTIC SH,GRAY/WHITE,FEMALE,STRAY,OVER THE COUNTER,UNKNOWN,SANTA ROSA,0.06023271731690623,0,0.8660254037844387,-0.4999999999999998
CAT,DOMESTIC SH,BRN TABBY/WHITE,FEMALE,STRAY,OVER THE COUNTER,UNKNOWN,SANTA ROSA,0.06023271731690623,0,0.8660254037844387,-0.4999999999999998
CAT,DOMESTIC SH,BRN TABBY/WHITE,FEMALE,STRAY,OVER THE COUNTER,HEALTHY,SANTA ROSA,0.06023271731690623,0,0.8660254037844387,-0.4999999999999998
DOG,PARSON RUSS TER,WHITE/BROWN,MALE,STRAY,FLD_STRAY,UNKNOWN,SANTA ROSA,4.919917864476386,0,0.8660254037844387,-0.4999999999999998
DOG,PIT BULL,BROWN,MALE,STRAY,FLD_STRAY,UNKNOWN,SANTA ROSA,1.842573579739904,0,0.8660254037844387,-0.4999999999999998
DOG,__RARE_OR_NEW__,BLACK/WHITE,FEMALE,STRAY,FLD_STRAY,UNKNOWN,COUNTY,2.9897330595482545,0,0.8660254037844387,-0.4999999999999998
DOG,__RARE_OR_NEW__,BLACK/TAN,MALE,STRAY,FLD_STRAY,UNKNOWN,COUNTY,2.9897330595482545,0,0.8660254037844387,-0.4999999999999998
DOG,GERM SHEPHERD/MIX,BLACK/TAN,MALE,STRAY,FLD_STRAY,UNKNOWN,COUNTY,2.001368925393566,1,0.8660254037844387,-0.4999999999999998
DOG,CHIHUAHUA LH/MIX,GRAY,FEMALE,STRAY,FLD_STRAY,UNKNOWN,SANTA ROSA,2.001368925393566,1,0.8660254037844387,-0.4999999999999998
DOG,__RARE_OR_NEW__,BLACK,MALE,STRAY,FLD_STRAY,UNKNOWN,COUNTY,2.001368925393566,1,0.8660254037844387,-0.4999999999999998
CAT,DOMESTIC MH,GRAY,FEMALE,STRAY,VET_HOSP,HEALTHY,SANTA ROSA,0.12594113620807665,0,0.8660254037844387,-0.4999999999999998
CAT,DOMESTIC SH,BLACK,UNKNOWN,STRAY,OVER THE COUNTER,UNKNOWN,COUNTY,0.2518822724161533,1,0.8660254037844387,-0.4999999999999998
DOG,BELG MALINOIS/MIX,BLACK/TAN,FEMALE,STRAY,OVER THE COUNTER,UNKNOWN,SANTA ROSA,0.14784394250513347,0,0.8660254037844387,-0.4999999999999998
DOG,BELG MALINOIS/MIX,BLACK/BROWN,FEMALE,STRAY,OVER THE COUNTER,UNKNOWN,SANTA ROSA,0.14784394250513347,0,0.8660254037844387,-0.4999999999999998
CAT,DOMESTIC MH,GRAY,FEMALE,QUARANTINE,OVER THE COUNTER,UNKNOWN,COUNTY,2.4969199178644765,0,0.8660254037844387,-0.4999999999999998
CAT,DOMESTIC MH,CALICO,FEMALE,QUARANTINE,FIELD,UNKNOWN,*SEBASTOPOL,4.0,0,0.8660254037844387,-0.4999999999999998
DOG,BORDER COLLIE,BLACK/WHITE,MALE,CONFISCATE,FLD_CORONR,UNKNOWN,HEALDSBURG,2.001368925393566,1,0.8660254037844387,-0.4999999999999998
DOG,GERM SHEPHERD,BROWN/BLACK,FEMALE,CONFISCATE,FLD_ARREST,UNKNOWN,COUNTY,5.702943189596167,0,0.8660254037844387,-0.4999999999999998
DOG,__RARE_OR_NEW__,BROWN,MALE,CONFISCATE,FLD_ARREST,UNKNOWN,COUNTY,2.316221765913758,0,0.8660254037844387,-0.4999999999999998
OTHER,BAT,BROWN,UNKNOWN,QUARANTINE,FIELD,UNKNOWN,COUNTY,1.8986995208761122,1,0.8660254037844387,-0.4999999999999998
OTHER,BAT,BROWN,UNKNOWN,QUARANTINE,FIELD,UNKNOWN,COUNTY,1.8986995208761122,1,0.8660254037844387,-0.4999999999999998
DOG,PIT BULL/MIX,BLUE/WHITE,MALE,STRAY,FLD_STRAY,UNKNOWN,SANTA ROSA,1.4647501711156743,0,0.8660254037844387,-0.4999999999999998
DOG,ROTTWEILER/MIX,BLACK/BROWN,FEMALE,STRAY,FLD_STRAY,UNKNOWN,SANTA ROSA,2.001368925393566,1,0.8660254037844387,-0.4999999999999998
DOG,FRENCH BULLDOG,__RARE_OR_NEW__,MALE,STRAY,FLD_STRAY,UNKNOWN,SANTA ROSA,0.9938398357289527,0,0.8660254037844387,-0.4999999999999998
DOG,FRENCH BULLDOG,BROWN,FEMALE,STRAY,FLD_STRAY,UNKNOWN,SANTA ROSA,0.9938398357289527,0,0.8660254037844387,-0.4999999999999998
DOG,FRENCH BULLDOG,BLUE MERLE,FEMALE,STRAY,FLD_STRAY,UNKNOWN,SANTA ROSA,2.9021218343600275,0,0.8660254037844387,-0.4999999999999998
DOG,CHIHUAHUA LH/MIX,BROWN,MALE,STRAY,FLD_STRAY,UNKNOWN,COUNTY,2.001368925393566,1,0.8660254037844387,-0.4999999999999998
CAT,DOMESTIC SH,BRN TABBY/WHITE,MALE,STRAY,OVER THE COUNTER,UNKNOWN,SANTA ROSA,0.12320328542094455,0,0.8660254037844387,-0.4999999999999998
CAT,DOMESTIC SH,BLACK/WHITE,MALE,STRAY,OVER THE COUNTER,UNKNOWN,SANTA ROSA,0.12320328542094455,0,0.8660254037844387,-0.4999999999999998
CAT,DOMESTIC SH,AGOUTI,MALE,STRAY,OVER THE COUNTER,UNKNOWN,SANTA ROSA,0.12320328542094455,0,0.8660254037844387,-0.4999999999999998
OTHER,BAT,BROWN,UNKNOWN,QUARANTINE,FIELD,UNKNOWN,COUNTY,1.8986995208761122,1,0.8660254037844387,-0.4999999999999998
DOG,POMERANIAN,__RARE_OR_NEW__,FEMALE,STRAY,OVER THE COUNTER,UNKNOWN,SANTA ROSA,2.001368925393566,1,0.8660254037844387,-0.4999999999999998
DOG,POMERANIAN,BLACK/TAN,MALE,STRAY,OVER THE COUNTER,UNKNOWN,SANTA ROSA,2.001368925393566,1,0.8660254037844387,-0.4999999999999998
OTHER,BAT,BROWN,UNKNOWN,QUARANTINE,FIELD,UNKNOWN,COUNTY,1.8986995208761122,1,0.8660254037844387,-0.4999999999999998
DOG,__RARE_OR_NEW__,YELLOW,MALE,STRAY,FLD_STRAY,UNKNOWN,SANTA ROSA,14.836413415468858,0,0.8660254037844387,-0.4999999999999998
DOG,PIT BULL,BROWN,MALE,STRAY,FLD_STRAY,UNKNOWN,SANTA ROSA,2.001368925393566,1,0.8660254037844387,-0.4999999999999998
DOG,GERM SHEPHERD,BLACK/TAN,MALE,STRAY,OVER THE COUNTER,UNKNOWN,SANTA ROSA,1.4976043805612593,0,0.8660254037844387,-0.4999999999999998
DOG,PIT BULL/MIX,FAWN,MALE,OWNER SURRENDER,OVER THE COUNTER,UNKNOWN,WINDSOR,0.06844626967830253,0,0.8660254037844387,-0.4999999999999998
DOG,PIT BULL/MIX,WHITE/BLACK,FEMALE,STRAY,FLD_STRAY,UNKNOWN,COUNTY,0.4024640657084189,0,0.8660254037844387,-0.4999999999999998
CAT,DOMESTIC SH,WHITE,FEMALE,STRAY,FLD_STRAY,UNKNOWN,SANTA ROSA,0.2518822724161533,1,0.8660254037844387,-0.4999999999999998
DOG,__RARE_OR_NEW__,BLACK/TAN,MALE,STRAY,FLD_STRAY,UNKNOWN,SANTA ROSA,0.999315537303217,0,0.8660254037844387,-0.4999999999999998
DOG,GERM SHEPHERD/MIX,BLACK,MALE,STRAY,FLD_STRAY,UNKNOWN,SANTA ROSA,4.0,0,0.8660254037844387,-0.4999999999999998
DOG,__RARE_OR_NEW__,WHITE,FEMALE,STRAY,FLD_STRAY,HEALTHY,SANTA ROSA,0.4928131416837782,0,0.8660254037844387,-0.4999999999999998
DOG,__RARE_OR_NEW__,RED/WHITE,FEMALE,STRAY,FLD_STRAY,UNKNOWN,SANTA ROSA,2.023271731690623,0,0.8660254037844387,-0.4999999999999998
DOG,__RARE_OR_NEW__,WHITE/TAN,MALE,STRAY,OVER THE COUNTER,UNKNOWN,COUNTY,6.0013689253935665,0,0.8660254037844387,-0.4999999999999998
DOG,__RARE_OR_NEW__,TAN,MALE,STRAY,FIELD,HEALTHY,SANTA ROSA,2.001368925393566,0,0.8660254037844387,-0.4999999999999998
DOG,AUST CATTLE DOG,__RARE_OR_NEW__,MALE,CONFISCATE,FLD_HOSPTL,UNKNOWN,SANTA ROSA,4.257357973990418,0,0.8660254037844387,-0.4999999999999998
CAT,DOMESTIC SH,BRN TABBY/TORTIE,FEMALE,CONFISCATE,FLD_HOSPTL,UNKNOWN,SANTA ROSA,3.969883641341547,0,0.8660254037844387,-0.4999999999999998
DOG,GERM SHEPHERD/MIX,BLACK/TAN,MALE,STRAY,FLD_STRAY,UNKNOWN,SANTA ROSA,7.496235455167693,0,0.8660254037844387,-0.4999999999999998
DOG,DACHSHUND/MIX,TAN/BLACK,MALE,STRAY,FLD_STRAY,UNKNOWN,SANTA ROSA,0.9938398357289527,0,0.8660254037844387,-0.4999999999999998
CAT,DOMESTIC SH,WHITE/TAN,UNKNOWN,STRAY,FLD_STRAY,UNKNOWN,HEALDSBURG,0.2518822724161533,1,0.8660254037844387,-0.4999999999999998
CAT,DOMESTIC SH,WHITE/GRAY,UNKNOWN,STRAY,FLD_STRAY,UNKNOWN,HEALDSBURG,0.2518822724161533,1,0.8660254037844387,-0.4999999999999998
CAT,DOMESTIC SH,WHITE/GRAY,UNKNOWN,STRAY,FLD_STRAY,UNKNOWN,HEALDSBURG,0.2518822724161533,1,0.8660254037844387,-0.4999999999999998
OTHER,BAT,BROWN,UNKNOWN,QUARANTINE,FIELD,UNKNOWN,COUNTY,1.8986995208761122,1,0.8660254037844387,-0.4999999999999998
OTHER,SHEEP,WHITE/GRAY,UNKNOWN,STRAY,FLD_STRAY,UNKNOWN,COUNTY,1.8986995208761122,1,0.8660254037844387,-0.4999999999999998
DOG,__RARE_OR_NEW__,BLACK/TAN,MALE,CONFISCATE,FLD_ARREST,UNKNOWN,SANTA ROSA,2.001368925393566,1,0.8660254037844387,-0.4999999999999998
CAT,DOMESTIC SH,ORANGE/WHITE,MALE,STRAY,FLD_STRAY,UNKNOWN,COUNTY,0.0054757015742642025,0,0.8660254037844387,-0.4999999999999998
CAT,DOMESTIC SH,GRAY TABBY,FEMALE,STRAY,FLD_STRAY,UNKNOWN,COUNTY,0.0054757015742642025,0,0.8660254037844387,-0.4999999999999998
CAT,DOMESTIC SH,WHITE,FEMALE,STRAY,FLD_STRAY,UNKNOWN,COUNTY,0.02737850787132101,0,0.8660254037844387,-0.4999999999999998
CAT,DOMESTIC SH,BLACK/WHITE,FEMALE,STRAY,FLD_STRAY,UNKNOWN,COUNTY,0.02737850787132101,0,0.8660254037844387,-0.4999999999999998
DOG,POODLE MIN/MIX,BLACK,MALE,CONFISCATE,FLD_ARREST,UNKNOWN,SANTA ROSA,2.8528405201916494,0,0.8660254037844387,-0.4999999999999998
DOG,__RARE_OR_NEW__,TAN,MALE,STRAY,FLD_STRAY,HEALTHY,COUNTY,2.379192334017796,0,0.8660254037844387,-0.4999999999999998
DOG,GERM SHEPHERD,BLACK/BROWN,FEMALE,STRAY,FLD_EMERGE,UNKNOWN,COUNTY,3.997262149212868,0,0.8660254037844387,-0.4999999999999998
DOG,PIT BULL,__RARE_OR_NEW__,FEMALE,QUARANTINE,FIELD,UNKNOWN,SANTA ROSA,9.935660506502396,0,0.8660254037844387,-0.4999999999999998
DOG,SIBERIAN HUSKY/MIX,BLACK/WHITE,MALE,STRAY,FLD_STRAY,UNKNOWN,SANTA ROSA,4.0,0,0.8660254037844387,-0.4999999999999998
DOG,__RARE_OR_NEW__,BROWN/WHITE,FEMALE,STRAY,FLD_STRAY,UNKNOWN,COUNTY,0.9117043121149897,0,0.8660254037844387,-0.4999999999999998
OTHER,CHICKEN,BLACK,UNKNOWN,STRAY,FLD_STRAY,UNKNOWN,COUNTY,1.8986995208761122,1,0.8660254037844387,-0.4999999999999998
DOG,DACHSHUND/MIX,BROWN,MALE,STRAY,OVER THE COUNTER,HEALTHY,SANTA ROSA,3.0006844626967832,0,0.8660254037844387,-0.4999999999999998
DOG,PARSON RUSS TER/MIX,WHITE/BLACK,MALE,STRAY,OVER THE COUNTER,UNKNOWN,SANTA ROSA,4.0,0,0.8660254037844387,-0.4999999999999998
DOG,PIT BULL,WHITE/BLACK,MALE,ADOPTION RETURN,OVER THE COUNTER,UNKNOWN,SANTA ROSA,3.0855578370978782,0,0.8660254037844387,-0.4999999999999998
CAT,DOMESTIC SH,BLACK/WHITE,FEMALE,STRAY,FLD_STRAY,HEALTHY,SANTA ROSA,1.842573579739904,0,0.8660254037844387,-0.4999999999999998
CAT,DOMESTIC SH,BLACK/WHITE,MALE,STRAY,FLD_STRAY,HEALTHY,SANTA ROSA,0.0054757015742642025,0,0.8660254037844387,-0.4999999999999998
CAT,DOMESTIC SH,BLACK/WHITE,FEMALE,STRAY,FLD_STRAY,HEALTHY,SANTA ROSA,0.0054757015742642025,0,0.8660254037844387,-0.4999999999999998
CAT,DOMESTIC SH,BLACK/WHITE,FEMALE,STRAY,FLD_STRAY,HEALTHY,SANTA ROSA,0.0054757015742642025,0,0.8660254037844387,-0.4999999999999998
CAT,DOMESTIC SH,BLACK/WHITE,MALE,STRAY,FLD_STRAY,HEALTHY,SANTA ROSA,0.0054757015742642025,0,0.8660254037844387,-0.4999999999999998
CAT,DOMESTIC SH,BLACK/WHITE,MALE,STRAY,FLD_STRAY,HEALTHY,SANTA ROSA,0.0054757015742642025,0,0.8660254037844387,-0.4999999999999998
CAT,DOMESTIC SH,BLACK,MALE,STRAY,FLD_STRAY,HEALTHY,SANTA ROSA,0.0054757015742642025,0,0.8660254037844387,-0.4999999999999998
CAT,DOMESTIC SH,WHITE/CREAM,MALE,STRAY,FLD_STRAY,HEALTHY,SANTA ROSA,3.0006844626967832,0,0.8660254037844387,-0.4999999999999998
DOG,__RARE_OR_NEW__,BROWN/WHITE,FEMALE,STRAY,FLD_STRAY,UNTREATABLE,SANTA ROSA,7.060917180013689,0,0.8660254037844387,-0.4999999999999998
CAT,DOMESTIC SH,BRN TABBY/WHITE,FEMALE,STRAY,OVER THE COUNTER,HEALTHY,SANTA ROSA,3.0006844626967832,0,0.8660254037844387,-0.4999999999999998
CAT,DOMESTIC SH,__RARE_OR_NEW__,MALE,STRAY,OVER THE COUNTER,HEALTHY,SANTA ROSA,0.08213552361396304,0,0.8660254037844387,-0.4999999999999998
CAT,DOMESTIC SH,GRAY/WHITE,MALE,STRAY,OVER THE COUNTER,HEALTHY,SANTA ROSA,0.08213552361396304,0,0.8660254037844387,-0.4999999999999998
CAT,DOMESTIC SH,LYNX PT,MALE,STRAY,OVER THE COUNTER,HEALTHY,SANTA ROSA,0.08213552361396304,0,0.8660254037844387,-0.4999999999999998
DOG,LABRADOR RETR,YELLOW,FEMALE,STRAY,OVER THE COUNTER,UNKNOWN,SANTA ROSA,8.0,0,0.8660254037844387,-0.4999999999999998
DOG,AUST SHEPHERD,__RARE_OR_NEW__,MALE,STRAY,OVER THE COUNTER,UNKNOWN,SANTA ROSA,0.4134154688569473,0,0.8660254037844387,-0.4999999999999998
CAT,DOMESTIC SH,BLACK,UNKNOWN,STRAY,FIELD,UNKNOWN,HEALDSBURG,0.12320328542094455,0,0.8660254037844387,-0.4999999999999998
CAT,DOMESTIC SH,BLACK,UNKNOWN,STRAY,FIELD,UNKNOWN,HEALDSBURG,0.12320328542094455,0,0.8660254037844387,-0.4999999999999998
CAT,DOMESTIC SH,BLACK,UNKNOWN,STRAY,FIELD,UNKNOWN,HEALDSBURG,0.12320328542094455,0,0.8660254037844387,-0.4999999999999998
CAT,DOMESTIC SH,GRAY,UNKNOWN,STRAY,FIELD,UNKNOWN,HEALDSBURG,0.12320328542094455,0,0.8660254037844387,-0.4999999999999998
CAT,DOMESTIC SH,GRAY/WHITE,UNKNOWN,STRAY,FIELD,UNKNOWN,HEALDSBURG,0.12320328542094455,0,0.8660254037844387,-0.4999999999999998
CAT,DOMESTIC SH,BRN TABBY,FEMALE,STRAY,OVER THE COUNTER,HEALTHY,SANTA ROSA,0.999315537303217,0,0.8660254037844387,-0.4999999999999998
OTHER,__RARE_OR_NEW__,__RARE_OR_NEW__,UNKNOWN,STRAY,OVER THE COUNTER,UNKNOWN,SANTA ROSA,1.8986995208761122,1,0.8660254037844387,-0.4999999999999998
DOG,AUST SHEPHERD/MIX,TRICOLOR,FEMALE,STRAY,FLD_STRAY,UNKNOWN,SANTA ROSA,6.633812457221081,0,0.8660254037844387,-0.4999999999999998
DOG,PIT BULL/MIX,BR BRINDLE/WHITE,MALE,STRAY,FLD_STRAY,UNKNOWN,SANTA ROSA,2.001368925393566,1,0.8660254037844387,-0.4999999999999998
DOG,LABRADOR RETR,CHOCOLATE,FEMALE,STRAY,FLD_STRAY,UNKNOWN,WINDSOR,2.001368925393566,1,0.8660254037844387,-0.4999999999999998
CAT,DOMESTIC MH,CALICO,FEMALE,STRAY,OVER THE COUNTER,HEALTHY,COUNTY,2.001368925393566,0,0.8660254037844387,-0.4999999999999998
DOG,PIT BULL/MIX,BROWN/BLACK,MALE,STRAY,FLD_STRAY,UNKNOWN,COUNTY,8.347707049965777,0,0.8660254037844387,-0.4999999999999998
DOG,LABRADOR RETR/MIX,BLACK,FEMALE,STRAY,FLD_STRAY,UNKNOWN,COUNTY,2.001368925393566,1,0.8660254037844387,-0.4999999999999998
DOG,LABRADOR RETR/MIX,YELLOW,MALE,STRAY,FLD_STRAY,UNKNOWN,COUNTY,2.001368925393566,1,0.8660254037844387,-0.4999999999999998
DOG,POODLE MIN/MIX,__RARE_OR_NEW__,FEMALE,STRAY,OVER THE COUNTER,UNKNOWN,SANTA ROSA,1.4127310061601643,0,0.8660254037844387,-0.4999999999999998
DOG,GERM SHEPHERD/MIX,__RARE_OR_NEW__,FEMALE,OWNER SURRENDER,FIELD,HEALTHY,WINDSOR,0.5804243668720055,0,0.8660254037844387,-0.4999999999999998
CAT,DOMESTIC SH,BRN TABBY,FEMALE,BORN HERE,MOM STRAY,UNKNOWN,SANTA ROSA,0.0,0,0.8660254037844387,-0.4999999999999998
CAT,DOMESTIC SH,BRN TABBY,FEMALE,BORN HERE,MOM STRAY,HEALTHY,SANTA ROSA,0.0,0,0.8660254037844387,-0.4999999999999998
CAT,DOMESTIC SH,BRN TABBY,MALE,BORN HERE,MOM STRAY,UNKNOWN,SANTA ROSA,0.0,0,0.8660254037844387,-0.4999999999999998
CAT,DOMESTIC SH,BRN TABBY,MALE,BORN HERE,MOM STRAY,HEALTHY,SANTA ROSA,0.0,0,0.8660254037844387,-0.4999999999999998
CAT,DOMESTIC SH,BRN TABBY,MALE,BORN HERE,MOM STRAY,HEALTHY,SANTA ROSA,0.0,0,0.8660254037844387,-0.4999999999999998
CAT,DOMESTIC SH,BRN TABBY,MALE,BORN HERE,MOM STRAY,HEALTHY,SANTA ROSA,0.0,0,0.8660254037844387,-0.4999999999999998
DOG,PIT BULL,TAN,FEMALE,CONFISCATE,FLD_ARREST,UNKNOWN,*ROHNERT PARK,2.9897330595482545,0,0.8660254037844387,-0.4999999999999998
CAT,DOMESTIC LH,__RARE_OR_NEW__,MALE,STRAY,OVER THE COUNTER,HEALTHY,SANTA ROSA,0.06023271731690623,0,0.8660254037844387,-0.4999999999999998
CAT,DOMESTIC SH,__RARE_OR_NEW__,FEMALE,STRAY,OVER THE COUNTER,UNKNOWN,SANTA ROSA,0.06023271731690623,0,0.8660254037844387,-0.4999999999999998
DOG,__RARE_OR_NEW__,TAN,MALE,STRAY,FLD_STRAY,UNKNOWN,SANTA ROSA,4.0,0,0.8660254037844387,-0.4999999999999998
CAT,DOMESTIC SH,ORANGE,MALE,STRAY,FLD_STRAY,UNKNOWN,SANTA ROSA,12.0,0,0.8660254037844387,-0.4999999999999998
DOG,CHIHUAHUA SH,BLACK/WHITE,MALE,STRAY,FLD_STRAY,UNKNOWN,SANTA ROSA,6.965092402464066,0,0.8660254037844387,-0.4999999999999998
DOG,PARSON RUSS TER/MIX,WHITE/TAN,MALE,STRAY,OVER THE COUNTER,UNKNOWN,SANTA ROSA,5.804243668720055,0,0.8660254037844387,-0.4999999999999998
DOG,CATAHOULA/MIX,__RARE_OR_NEW__,FEMALE,STRAY,FLD_STRAY,UNKNOWN,COUNTY,0.6023271731690623,0,0.8660254037844387,-0.4999999999999998
DOG,CHIHUAHUA SH/MIX,WHITE/BLACK,FEMALE,CONFISCATE,FLD_INVEST,UNKNOWN,SANTA ROSA,2.001368925393566,1,0.8660254037844387,-0.4999999999999998
CAT,DOMESTIC SH,GRAY,MALE,STRAY,EMAIL,UNKNOWN,COUNTY,1.056810403832991,0,0.8660254037844387,-0.4999999999999998
CAT,DOMESTIC SH,BRN TABBY,MALE,STRAY,EMAIL,UNKNOWN,COUNTY,1.056810403832991,0,0.8660254037844387,-0.4999999999999998
CAT,DOMESTIC SH,WHITE/BLACK,FEMALE,STRAY,EMAIL,UNKNOWN,SANTA ROSA,0.2518822724161533,1,0.8660254037844387,-0.4999999999999998
CAT,DOMESTIC SH,BLACK,FEMALE,STRAY,EMAIL,UNKNOWN,SANTA ROSA,1.056810403832991,0,0.8660254037844387,-0.4999999999999998
CAT,DOMESTIC SH,BLACK,FEMALE,STRAY,EMAIL,UNKNOWN,SANTA ROSA,1.056810403832991,0,0.8660254037844387,-0.4999999999999998
CAT,DOMESTIC SH,BLACK,MALE,STRAY,EMAIL,UNKNOWN,SANTA ROSA,1.056810403832991,0,0.8660254037844387,-0.4999999999999998
DOG,GERM SHEPHERD/MIX,BLACK/WHITE,FEMALE,STRAY,OVER THE COUNTER,HEALTHY,COUNTY,0.243668720054757,0,0.8660254037844387,-0.4999999999999998
DOG,PIT BULL,GRAY/WHITE,FEMALE,CONFISCATE,FLD_ARREST,UNKNOWN,COUNTY,6.0013689253935665,0,0.8660254037844387,-0.4999999999999998
DOG,LABRADOR RETR/MIX,BLACK/BROWN,FEMALE,QUARANTINE,FIELD,UNKNOWN,SANTA ROSA,1.9739904175222451,0,0.8660254037844387,-0.4999999999999998
DOG,AUST CATTLE DOG/MIX,WHITE/BROWN,MALE,CONFISCATE,FLD_ABAND,HEALTHY,SANTA ROSA,0.13963039014373715,0,0.8660254037844387,-0.4999999999999998
DOG,BORDER COLLIE/MIX,WHITE/BLACK,FEMALE,STRAY,OVER THE COUNTER,UNKNOWN,COUNTY,0.6625598904859685,0,0.8660254037844387,-0.4999999999999998
DOG,BORDER COLLIE/MIX,BROWN/WHITE,FEMALE,STRAY,OVER THE COUNTER,UNKNOWN,COUNTY,0.6625598904859685,0,0.8660254037844387,-0.4999999999999998
CAT,DOMESTIC SH,ORANGE/WHITE,FEMALE,STRAY,FLD_STRAY,HEALTHY,SANTA ROSA,2.967830253251198,0,0.8660254037844387,-0.4999999999999998
CAT,DOMESTIC SH,ORANGE/WHITE,MALE,STRAY,FLD_STRAY,HEALTHY,SANTA ROSA,0.06023271731690623,0,0.8660254037844387,-0.4999999999999998
CAT,DOMESTIC SH,ORANGE/WHITE,MALE,STRAY,FLD_STRAY,HEALTHY,SANTA ROSA,0.06023271731690623,0,0.8660254037844387,-0.4999999999999998
CAT,DOMESTIC SH,ORANGE/WHITE,MALE,STRAY,FLD_STRAY,HEALTHY,SANTA ROSA,0.06023271731690623,0,0.8660254037844387,-0.4999999999999998
CAT,DOMESTIC SH,BLACK,UNKNOWN,STRAY,FLD_STRAY,UNKNOWN,HEALDSBURG,0.2518822724161533,1,0.8660254037844387,-0.4999999999999998
CAT,DOMESTIC MH,GRAY TABBY,MALE,STRAY,FLD_STRAY,UNKNOWN,SANTA ROSA,0.03285420944558522,0,0.8660254037844387,-0.4999999999999998
CAT,DOMESTIC SH,GRAY,FEMALE,STRAY,FLD_STRAY,UNKNOWN,COUNTY,0.2518822724161533,1,0.8660254037844387,-0.4999999999999998
CAT,DOMESTIC SH,GRAY/WHITE,MALE,OWNER SURRENDER,OVER THE COUNTER,UNKNOWN,COUNTY,10.343600273785079,0,0.8660254037844387,-0.4999999999999998
CAT,DOMESTIC SH,BRN TABBY,MALE,STRAY,OVER THE COUNTER,UNKNOWN,SANTA ROSA,0.07939767282683094,0,0.8660254037844387,-0.4999999999999998
CAT,DOMESTIC SH,BRN TABBY,MALE,STRAY,OVER THE COUNTER,UNKNOWN,SANTA ROSA,0.07939767282683094,0,0.8660254037844387,-0.4999999999999998
CAT,DOMESTIC SH,BRN TABBY,MALE,STRAY,OVER THE COUNTER,UNKNOWN,SANTA ROSA,0.07939767282683094,0,0.8660254037844387,-0.4999999999999998
CAT,DOMESTIC SH,BRN TABBY,FEMALE,STRAY,OVER THE COUNTER,UNKNOWN,SANTA ROSA,0.07939767282683094,0,0.8660254037844387,-0.4999999999999998
CAT,DOMESTIC SH,BLACK,MALE,STRAY,OVER THE COUNTER,UNKNOWN,SANTA ROSA,0.07939767282683094,0,0.8660254037844387,-0.4999999999999998
CAT,DOMESTIC SH,BLACK/WHITE,MALE,STRAY,OVER THE COUNTER,UNKNOWN,SANTA ROSA,0.07939767282683094,0,0.8660254037844387,-0.4999999999999998
DOG,PIT BULL,BROWN/WHITE,FEMALE,CONFISCATE,FLD_ARREST,TREATABLE/REHAB,COUNTY,4.720054757015743,0,0.8660254037844387,-0.4999999999999998
CAT,DOMESTIC SH,ORG TABBY,MALE,STRAY,OVER THE COUNTER,UNKNOWN,SANTA ROSA,0.08213552361396304,0,0.8660254037844387,-0.4999999999999998
CAT,DOMESTIC SH,BLACK,FEMALE,STRAY,OVER THE COUNTER,UNKNOWN,SANTA ROSA,0.08213552361396304,0,0.8660254037844387,-0.4999999999999998
DOG,LABRADOR RETR/MIX,BR BRINDLE,MALE,QUARANTINE,FIELD,UNKNOWN,COUNTY,4.996577686516085,0,0.8660254037844387,-0.4999999999999998
DOG,DACHSHUND/MIX,BROWN,MALE,STRAY,OVER THE COUNTER,UNKNOWN,COUNTY,0.49555099247091033,0,0.8660254037844387,-0.4999999999999998
DOG,PIT BULL,TAN,FEMALE,STRAY,FLD_STRAY,UNKNOWN,SANTA ROSA,3.6605065023956196,0,0.8660254037844387,-0.4999999999999998
DOG,CHIHUAHUA SH,TAN,FEMALE,STRAY,OVER THE COUNTER,UNKNOWN,SANTA ROSA,2.001368925393566,1,0.8660254037844387,-0.4999999999999998
DOG,GREAT PYRENEES,WHITE,MALE,STRAY,FLD_STRAY,UNKNOWN,COUNTY,7.017111567419575,0,0.8660254037844387,-0.4999999999999998
DOG,CHIHUAHUA LH/MIX,BROWN,MALE,STRAY,FLD_STRAY,UNKNOWN,COUNTY,2.001368925393566,1,0.8660254037844387,-0.4999999999999998
CAT,DOMESTIC SH,TORTIE,FEMALE,QUARANTINE,FIELD,UNKNOWN,COUNTY,0.2518822724161533,1,0.8660254037844387,-0.4999999999999998
DOG,DACHSHUND/MIX,BLACK/WHITE,FEMALE,STRAY,OVER THE COUNTER,UNKNOWN,COUNTY,12.0,0,0.8660254037844387,-0.4999999999999998
CAT,DOMESTIC SH,BLACK,FEMALE,STRAY,OVER THE COUNTER,UNKNOWN,SANTA ROSA,0.243668720054757,0,0.8660254037844387,-0.4999999999999998
CAT,DOMESTIC SH,__RARE_OR_NEW__,MALE,STRAY,OVER THE COUNTER,HEALTHY,SANTA ROSA,0.243668720054757,0,0.8660254037844387,-0.4999999999999998
OTHER,CHICKEN,RED,MALE,STRAY,FLD_STRAY,UNKNOWN,SANTA ROSA,1.8986995208761122,1,0.8660254037844387,-0.4999999999999998
DOG,PIT BULL/MIX,BLACK/WHITE,MALE,CONFISCATE,FLD_ARREST,UNKNOWN,COUNTY,0.6598220396988365,0,0.8660254037844387,-0.4999999999999998
DOG,GERM SHEPHERD,BROWN/BLACK,MALE,QUARANTINE,FIELD,UNKNOWN,SANTA ROSA,3.698836413415469,0,0.8660254037844387,-0.4999999999999998
CAT,DOMESTIC SH,BLACK/WHITE,MALE,STRAY,FLD_STRAY,UNKNOWN,SANTA ROSA,14.064339493497604,0,0.8660254037844387,-0.4999999999999998
OTHER,__RARE_OR_NEW__,WHITE,FEMALE,STRAY,FIELD,UNKNOWN,SANTA ROSA,1.8986995208761122,1,0.8660254037844387,-0.4999999999999998
CAT,DOMESTIC SH,CALICO,FEMALE,STRAY,OVER THE COUNTER,UNKNOWN,SANTA ROSA,7.227926078028747,0,0.8660254037844387,-0.4999999999999998
OTHER,SHEEP,__RARE_OR_NEW__,MALE,STRAY,FLD_STRAY,UNKNOWN,COUNTY,1.8986995208761122,1,0.8660254037844387,-0.4999999999999998
DOG,SIBERIAN HUSKY,WHITE,FEMALE,STRAY,FIELD,UNKNOWN,SANTA ROSA,7.455167693360712,0,0.8660254037844387,-0.4999999999999998
DOG,PIT BULL,WHITE,MALE,STRAY,FLD_STRAY,UNKNOWN,SANTA ROSA,4.999315537303217,0,0.8660254037844387,-0.4999999999999998
DOG,FRENCH BULLDOG,BLUE MERLE,FEMALE,STRAY,OVER THE COUNTER,UNKNOWN,SANTA ROSA,8.0,0,0.8660254037844387,-0.4999999999999998
DOG,GERM SHEPHERD,TAN/BLACK,FEMALE,CONFISCATE,FLD_ARREST,UNKNOWN,COUNTY,2.001368925393566,1,0.8660254037844387,-0.4999999999999998
DOG,LABRADOR RETR,BLACK/WHITE,MALE,STRAY,FIELD,HEALTHY,COUNTY,2.9349760438056127,0,0.8660254037844387,-0.4999999999999998
CAT,DOMESTIC SH,GRAY,MALE,STRAY,FLD_STRAY,HEALTHY,COUNTY,0.06023271731690623,0,0.8660254037844387,-0.4999999999999998
CAT,DOMESTIC MH,BLACK,UNKNOWN,STRAY,OVER THE COUNTER,UNKNOWN,COUNTY,0.2518822724161533,1,0.8660254037844387,-0.4999999999999998
CAT,DOMESTIC SH,BLUE CREAM,FEMALE,STRAY,FLD_STRAY,HEALTHY,COUNTY,0.06023271731690623,0,0.8660254037844387,-0.4999999999999998
DOG,PIT BULL,CHOCOLATE/WHITE,FEMALE,STRAY,OVER THE COUNTER,UNKNOWN,SANTA ROSA,0.49555099247091033,0,0.8660254037844387,-0.4999999999999998
DOG,__RARE_OR_NEW__,WHITE/TAN,FEMALE,STRAY,FIELD,UNKNOWN,SANTA ROSA,1.9712525667351128,0,0.8660254037844387,-0.4999999999999998
DOG,LABRADOR RETR/PIT BULL,WHITE/TAN,MALE,CONFISCATE,FLD_ARREST,UNKNOWN,SANTA ROSA,2.001368925393566,1,0.8660254037844387,-0.4999999999999998
CAT,DOMESTIC SH,GRAY TABBY,FEMALE,STRAY,OVER THE COUNTER,UNKNOWN,WINDSOR,0.16427104722792607,0,0.8660254037844387,-0.4999999999999998
CAT,DOMESTIC SH,BLACK/WHITE,MALE,STRAY,OVER THE COUNTER,UNKNOWN,WINDSOR,0.16427104722792607,0,0.8660254037844387,-0.4999999999999998
CAT,DOMESTIC SH,__RARE_OR_NEW__,FEMALE,STRAY,OVER THE COUNTER,UNKNOWN,WINDSOR,0.16427104722792607,0,0.8660254037844387,-0.4999999999999998
CAT,DOMESTIC SH,SEAL PT,FEMALE,STRAY,OVER THE COUNTER,UNKNOWN,WINDSOR,0.16427104722792607,0,0.8660254037844387,-0.4999999999999998
CAT,DOMESTIC SH,LYNX PT,FEMALE,STRAY,OVER THE COUNTER,UNKNOWN,WINDSOR,0.16427104722792607,0,0.8660254037844387,-0.4999999999999998
CAT,DOMESTIC SH,BLACK/WHITE,FEMALE,STRAY,OVER THE COUNTER,UNKNOWN,WINDSOR,0.16427104722792607,0,0.8660254037844387,-0.4999999999999998
CAT,DOMESTIC SH,LYNX PT,FEMALE,STRAY,OVER THE COUNTER,UNKNOWN,WINDSOR,0.2518822724161533,1,0.8660254037844387,-0.4999999999999998
CAT,DOMESTIC SH,LYNX PT,FEMALE,STRAY,OVER THE COUNTER,UNKNOWN,WINDSOR,0.2518822724161533,1,0.8660254037844387,-0.4999999999999998
DOG,PIT BULL,BLUE,MALE,CONFISCATE,FLD_INVEST,UNKNOWN,SANTA ROSA,7.811088295687885,0,0.8660254037844387,-0.4999999999999998
DOG,PIT BULL,BLACK,FEMALE,CONFISCATE,FLD_INVEST,UNKNOWN,SANTA ROSA,1.2073921971252566,0,0.8660254037844387,-0.4999999999999998
DOG,LABRADOR RETR,YELLOW,FEMALE,STRAY,FLD_STRAY,UNKNOWN,*SEBASTOPOL,6.496919917864476,0,0.8660254037844387,-0.4999999999999998
CAT,DOMESTIC SH,BRN TABBY,UNKNOWN,STRAY,OVER THE COUNTER,UNKNOWN,COUNTY,0.2518822724161533,1,0.8660254037844387,-0.4999999999999998
CAT,DOMESTIC SH,BRN TABBY,FEMALE,STRAY,OVER THE COUNTER,UNKNOWN,COUNTY,0.08213552361396304,0,0.8660254037844387,-0.4999999999999998
CAT,DOMESTIC SH,GRAY TABBY/WHITE,MALE,STRAY,OVER THE COUNTER,HEALTHY,COUNTY,0.08213552361396304,0,0.8660254037844387,-0.4999999999999998
CAT,DOMESTIC SH,GRAY TABBY,MALE,STRAY,OVER THE COUNTER,HEALTHY,COUNTY,0.08213552361396304,0,0.8660254037844387,-0.4999999999999998
CAT,DOMESTIC SH,GRAY/WHITE,FEMALE,STRAY,OVER THE COUNTER,UNKNOWN,COUNTY,0.08213552361396304,0,0.8660254037844387,-0.4999999999999998
DOG,PIT BULL,RED/WHITE,FEMALE,STRAY,OVER THE COUNTER,UNKNOWN,SANTA ROSA,4.479123887748118,0,0.8660254037844387,-0.4999999999999998
CAT,DOMESTIC MH,__RARE_OR_NEW__,MALE,STRAY,FLD_STRAY,UNKNOWN,SANTA ROSA,0.2518822724161533,1,0.8660254037844387,-0.4999999999999998
DOG,__RARE_OR_NEW__,BLACK/WHITE,FEMALE,STRAY,FLD_STRAY,UNKNOWN,HEALDSBURG,2.924024640657084,0,0.8660254037844387,-0.4999999999999998
CAT,DOMESTIC SH,BROWN,FEMALE,STRAY,EMAIL,UNKNOWN,COUNTY,0.2080766598220397,0,0.8660254037844387,-0.4999999999999998
CAT,DOMESTIC SH,CALICO,FEMALE,STRAY,EMAIL,UNKNOWN,COUNTY,0.2080766598220397,0,0.8660254037844387,-0.4999999999999998
CAT,DOMESTIC SH,BLACK/BROWN,FEMALE,STRAY,EMAIL,UNKNOWN,COUNTY,0.2080766598220397,0,0.8660254037844387,-0.4999999999999998
CAT,DOMESTIC SH,__RARE_OR_NEW__,FEMALE,STRAY,EMAIL,UNKNOWN,COUNTY,0.2080766598220397,0,0.8660254037844387,-0.4999999999999998
CAT,DOMESTIC SH,GRAY,MALE,STRAY,EMAIL,UNKNOWN,COUNTY,0.2080766598220397,0,0.8660254037844387,-0.4999999999999998
CAT,DOMESTIC SH,CALICO,FEMALE,STRAY,EMAIL,UNKNOWN,COUNTY,0.2080766598220397,0,0.8660254037844387,-0.4999999999999998
DOG,CHIHUAHUA SH,WHITE/TAN,FEMALE,STRAY,FLD_STRAY,UNKNOWN,SANTA ROSA,3.5373032169746748,0,0.8660254037844387,-0.4999999999999998
OTHER,DUCK,WHITE,UNKNOWN,STRAY,OVER THE COUNTER,UNKNOWN,SANTA ROSA,1.8986995208761122,1,0.8660254037844387,-0.4999999999999998
DOG,CHIHUAHUA SH,TAN/WHITE,FEMALE,STRAY,FIELD,UNKNOWN,SANTA ROSA,12.999315537303216,0,0.8660254037844387,-0.4999999999999998
DOG,YORKSHIRE TERR,BROWN/BLACK,MALE,STRAY,OVER THE COUNTER,UNKNOWN,SANTA ROSA,4.999315537303217,0,0.8660254037844387,-0.4999999999999998
OTHER,RABBIT SH,WHITE/BLACK,FEMALE,STRAY,FLD_STRAY,UNKNOWN,SANTA ROSA,1.8986995208761122,1,0.8660254037844387,-0.4999999999999998
CAT,DOMESTIC SH,BLACK,MALE,STRAY,FLD_STRAY,HEALTHY,SANTA ROSA,0.999315537303217,0,0.8660254037844387,-0.4999999999999998
CAT,DOMESTIC SH,BRN TABBY/WHITE,MALE,STRAY,OVER THE COUNTER,UNKNOWN,SANTA ROSA,2.001368925393566,0,0.8660254037844387,-0.4999999999999998
DOG,MASTIFF,BLACK/WHITE,FEMALE,CONFISCATE,FLD_CRUEL,UNKNOWN,SANTA ROSA,2.001368925393566,1,0.8660254037844387,-0.4999999999999998
OTHER,BAT,BROWN,UNKNOWN,QUARANTINE,FIELD,UNKNOWN,SANTA ROSA,1.8986995208761122,1,0.8660254037844387,-0.4999999999999998
DOG,FRENCH BULLDOG,GRAY,MALE,STRAY,OVER THE COUNTER,UNKNOWN,SANTA ROSA,2.945927446954141,0,0.8660254037844387,-0.4999999999999998
DOG,AUST CATTLE DOG,__RARE_OR_NEW__,MALE,STRAY,FLD_STRAY,UNKNOWN,SANTA ROSA,0.4134154688569473,0,0.8660254037844387,-0.4999999999999998
CAT,DOMESTIC SH,BLACK/WHITE,MALE,STRAY,EMAIL,UNKNOWN,COUNTY,0.08213552361396304,0,0.8660254037844387,-0.4999999999999998
CAT,DOMESTIC SH,GRAY/WHITE,MALE,STRAY,EMAIL,UNKNOWN,COUNTY,0.08213552361396304,0,0.8660254037844387,-0.4999999999999998
DOG,__RARE_OR_NEW__,GRAY/WHITE,FEMALE,STRAY,FLD_STRAY,UNKNOWN,SANTA ROSA,1.4976043805612593,0,0.8660254037844387,-0.4999999999999998
CAT,DOMESTIC SH,BUFF/WHITE,FEMALE,STRAY,FLD_STRAY,UNKNOWN,SANTA ROSA,10.001368925393566,0,0.8660254037844387,-0.4999999999999998
DOG,PIT BULL,GRAY,MALE,OWNER SURRENDER,FIELD,UNKNOWN,SANTA ROSA,2.001368925393566,1,0.8660254037844387,-0.4999999999999998
