type,breed,color,sex,date_of_birth,intake_date,intake_type,intake_subtype,intake_condition,intake_jurisdiction
DOG,GREAT PYRENEES,WHITE,Male,2021-01-15T00:00:00.000,2023-01-01,STRAY,FIELD,UNKNOWN,COUNTY
DOG,BORDER COLLIE,BLACK/WHITE,Male,2019-10-01T00:00:00.000,2023-01-01,QUARANTINE,FIELD,HEALTHY,COUNTY
DOG,PIT BULL,WHITE/TRICOLOR,Female,2022-01-03T00:00:00.000,2023-01-01,CONFISCATE,FLD_ARREST,UNKNOWN,SANTA ROSA
DOG,PIT BULL,BLACK/WHITE,Spayed,2017-04-13T00:00:00.000,2023-01-01,QUARANTINE,FIELD,UNKNOWN,SANTA ROSA
DOG,PIT BULL/MIX,TRICOLOR/WHITE,Male,,2023-01-02,STRAY,FIELD,HEALTHY,COUNTY
CAT,DOMESTIC MH,FLAME PT,Neutered,2018-10-21T00:00:00.000,2023-01-03,QUARANTINE,OVER THE COUNTER,UNKNOWN,*ROHNERT PARK
DOG,PIT BULL,FAWN,Neutered,2016-05-13T00:00:00.000,2023-01-03,STRAY,FIELD,UNKNOWN,SANTA ROSA
DOG,PIT BULL,BLUE/WHITE,Spayed,2022-04-03T00:00:00.000,2023-01-03,STRAY,OVER THE COUNTER,HEALTHY,SANTA ROSA
DOG,LABRADOR RETR/PIT BULL,TAN/BLACK,Spayed,2015-01-03T00:00:00.000,2023-01-03,OWNER SURRENDER,OVER THE COUNTER,TREATABLE/MANAGEABLE,COUNTY
DOG,LABRADOR RETR/MIX,BR BRINDLE,Neutered,2015-08-30T00:00:00.000,2023-01-03,ADOPTION RETURN,OVER THE COUNTER,TREATABLE/MANAGEABLE,SANTA ROSA
CAT,DOMESTIC SH,BRN TABBY,Spayed,2022-03-18T00:00:00.000,2023-01-04,STRAY,OVER THE COUNTER,HEALTHY,SANTA ROSA
CAT,DOMESTIC SH,BRN TABBY,Spayed,2022-08-08T00:00:00.000,2023-01-05,STRAY,OVER THE COUNTER,HEALTHY,COUNTY
CAT,DOMESTIC SH,BLACK,Male,2021-01-05T00:00:00.000,2023-01-05,STRAY,OVER THE COUNTER,UNKNOWN,SANTA ROSA
DOG,LABRADOR RETR/MIX,YELLOW,Male,2011-12-03T00:00:00.000,2023-01-05,STRAY,OVER THE COUNTER,UNKNOWN,SANTA ROSA
DOG,AUST CATTLE DOG,BLUE MERLE/BLACK,Spayed,2022-06-10T00:00:00.000,2023-01-05,STRAY,FIELD,HEALTHY,SANTA ROSA
DOG,AUST CATTLE DOG,BLUE MERLE/BLACK,Male,2022-06-10T00:00:00.000,2023-01-05,STRAY,FIELD,UNKNOWN,SANTA ROSA
CAT,DOMESTIC SH,BRN TABBY,Spayed,2021-04-22T00:00:00.000,2023-01-06,STRAY,PHONE,UNKNOWN,SANTA ROSA
DOG,YORKSHIRE TERR,BLACK/BROWN,Male,,2023-01-06,STRAY,OVER THE COUNTER,UNKNOWN,SANTA ROSA
DOG,FRENCH BULLDOG,BR BRINDLE,Male,,2023-01-06,STRAY,FIELD,UNKNOWN,SANTA ROSA
DOG,FRENCH BULLDOG,BLUE MERLE,Female,,2023-01-06,STRAY,FIELD,HEALTHY,SANTA ROSA
DOG,ANATOL SHEPHERD/MIX,TAN/BLACK,Neutered,2021-01-06T00:00:00.000,2023-01-06,STRAY,FIELD,HEALTHY,SANTA ROSA
CAT,DOMESTIC SH,GRAY/WHITE,Female,2022-10-06T00:00:00.000,2023-01-06,STRAY,OVER THE COUNTER,UNKNOWN,SANTA ROSA
CAT,DOMESTIC MH,WHITE,Female,,2023-01-06,STRAY,FIELD,UNKNOWN,SANTA ROSA
CAT,DOMESTIC MH,BRN TABBY/WHITE,Male,,2023-01-06,QUARANTINE,OVER THE COUNTER,UNKNOWN,SANTA ROSA
DOG,AUST CATTLE DOG/MIX,TAN/WHITE,Male,2021-07-09T00:00:00.000,2023-01-06,STRAY,FIELD,UNKNOWN,SANTA ROSA
CAT,DOMESTIC SH,BLACK,Female,2022-05-06T00:00:00.000,2023-01-06,STRAY,FIELD,UNKNOWN,COUNTY
DOG,PIT BULL,BLACK/WHITE,Spayed,2021-02-14T00:00:00.000,2023-01-06,STRAY,OVER THE COUNTER,UNKNOWN,SANTA ROSA
DOG,PATTERDALE TERR/MIX,BLACK,Neutered,2022-01-07T00:00:00.000,2023-01-07,OWNER SURRENDER,FIELD,TREATABLE/MANAGEABLE,SANTA ROSA
CAT,DOMESTIC SH,CALICO,Unknown,,2023-01-07,QUARANTINE,FIELD,UNKNOWN,SANTA ROSA
DOG,GOLDEN RETR,RED,Female,2020-03-17T00:00:00.000,2023-01-07,STRAY,OVER THE COUNTER,UNKNOWN,SANTA ROSA
DOG,GERM SHEPHERD/MIX,TAN/BLACK,Neutered,2020-01-24T00:00:00.000,2023-01-08,STRAY,FIELD,TREATABLE/REHAB,COUNTY
DOG,BORDER COLLIE/PIT BULL,BLACK/WHITE,Male,2016-07-25T00:00:00.000,2023-01-08,OWNER SURRENDER,FIELD,UNKNOWN,SANTA ROSA
DOG,GERM SHEPHERD/MIX,WHITE,Neutered,2020-12-18T00:00:00.000,2023-01-09,QUARANTINE,FIELD,HEALTHY,SANTA ROSA
DOG,SCHNAUZER MIN/MIX,TRICOLOR/TAN,Spayed,2022-05-11T00:00:00.000,2023-01-09,STRAY,FIELD,UNKNOWN,COUNTY
DOG,SCHNAUZER MIN/MIX,BLACK/BROWN,Male,2021-01-17T00:00:00.000,2023-01-09,STRAY,FIELD,UNKNOWN,COUNTY
DOG,SCHNAUZER MIN/MIX,BLACK,Female,2022-07-24T00:00:00.000,2023-01-09,STRAY,FIELD,UNKNOWN,COUNTY
DOG,SCHNAUZER MIN/MIX,TAN/BLACK,Female,2022-07-14T00:00:00.000,2023-01-09,STRAY,FIELD,UNKNOWN,COUNTY
DOG,SCHNAUZER MIN/MIX,BLACK,Female,2022-07-24T00:00:00.000,2023-01-09,STRAY,FIELD,UNKNOWN,COUNTY
DOG,SCHNAUZER MIN/MIX,BLACK/BROWN,Female,2022-07-14T00:00:00.000,2023-01-09,STRAY,FIELD,UNKNOWN,COUNTY
OTHER,BAT,BROWN,Unknown,,2023-01-09,QUARANTINE,FIELD,UNKNOWN,COUNTY
DOG,LABRADOR RETR/MIX,BLACK,Female,,2023-01-10,CONFISCATE,FLD_ARREST,UNKNOWN,COUNTY
DOG,SIBERIAN HUSKY,WHITE/GRAY,Male,2020-11-20T00:00:00.000,2023-01-10,STRAY,FIELD,HEALTHY,COUNTY
OTHER,GUINEA PIG,GRAY/WHITE,Male,2021-01-19T00:00:00.000,2023-01-10,OWNER SURRENDER,OVER THE COUNTER,UNKNOWN,SANTA ROSA
OTHER,GUINEA PIG,WHITE/GRAY,Male,2017-01-19T00:00:00.000,2023-01-10,OWNER SURRENDER,OVER THE COUNTER,HEALTHY,SANTA ROSA
CAT,DOMESTIC SH,BLACK/WHITE,Spayed,2021-08-30T00:00:00.000,2023-01-10,OWNER SURRENDER,OVER THE COUNTER,UNKNOWN,COUNTY
CAT,DOMESTIC SH,BRN TABBY,Neutered,2019-01-10T00:00:00.000,2023-01-10,STRAY,FIELD,UNKNOWN,COUNTY
DOG,PIT BULL,RED/WHITE,Female,2020-07-06T00:00:00.000,2023-01-10,QUARANTINE,FIELD,UNKNOWN,SANTA ROSA
DOG,GERM SHEPHERD/MIX,WHITE,Female,2020-03-30T00:00:00.000,2023-01-10,STRAY,FIELD,UNKNOWN,SANTA ROSA
DOG,GREAT PYRENEES,WHITE/WHITE,Spayed,2019-02-09T00:00:00.000,2023-01-10,STRAY,FIELD,HEALTHY,COUNTY
CAT,DOMESTIC MH,BRN TABBY,Neutered,2022-10-10T00:00:00.000,2023-01-10,STRAY,FIELD,HEALTHY,COUNTY
DOG,PIT BULL/MIX,AGOUTI,Unknown,2017-01-10T00:00:00.000,2023-01-10,QUARANTINE,FIELD,UNKNOWN,SANTA ROSA
DOG,LABRADOR RETR/PIT BULL,BROWN/WHITE,Spayed,2016-04-26T00:00:00.000,2023-01-11,STRAY,FIELD,UNKNOWN,SANTA ROSA
DOG,PIT BULL,BR BRINDLE,Male,2018-01-19T00:00:00.000,2023-01-11,STRAY,FIELD,UNKNOWN,SANTA ROSA
DOG,CATAHOULA/MIX,BRN MERLE/BLACK,Spayed,2009-09-13T00:00:00.000,2023-01-11,STRAY,FIELD,UNKNOWN,COUNTY
DOG,AUST SHEPHERD/MIX,TRICOLOR,Male,2013-01-11T00:00:00.000,2023-01-11,STRAY,OVER THE COUNTER,UNKNOWN,COUNTY
DOG,LABRADOR RETR/MIX,TAN/WHITE,Neutered,2022-03-11T00:00:00.000,2023-01-11,CONFISCATE,FLD_CORONR,HEALTHY,SANTA ROSA
DOG,CHIHUAHUA SH,BLACK,Neutered,2022-01-11T00:00:00.000,2023-01-11,STRAY,OVER THE COUNTER,HEALTHY,SANTA ROSA
DOG,POODLE MIN/MIX,WHITE,Neutered,2020-01-11T00:00:00.000,2023-01-11,STRAY,OVER THE COUNTER,HEALTHY,SANTA ROSA
DOG,PIT BULL,BL BRINDLE,Spayed,2015-10-21T00:00:00.000,2023-01-11,CONFISCATE,FLD_ARREST,UNKNOWN,SANTA ROSA
CAT,SIAMESE/MIX,TAN/BLACK,Spayed,2022-04-11T00:00:00.000,2023-01-11,STRAY,OVER THE COUNTER,HEALTHY,COUNTY
DOG,COCKER SPAN/CHIHUAHUA SH,TAN,Male,2022-12-08T00:00:00.000,2023-01-11,STRAY,OVER THE COUNTER,UNKNOWN,SANTA ROSA
CAT,DOMESTIC SH,BLACK,Spayed,,2023-01-11,STRAY,FIELD,UNKNOWN,SANTA ROSA
OTHER,SHEEP,WHITE,Female,,2023-01-11,STRAY,FIELD,UNKNOWN,COUNTY
DOG,BOXER/MIX,BR BRINDLE,Neutered,2012-08-15T00:00:00.000,2023-01-12,QUARANTINE,FIELD,UNKNOWN,SANTA ROSA
DOG,PIT BULL,BLACK/TAN,Female,2017-09-22T00:00:00.000,2023-01-12,STRAY,FIELD,HEALTHY,SANTA ROSA
CAT,DOMESTIC LH,GRAY/WHITE,Unknown,,2023-01-12,STRAY,OVER THE COUNTER,HEALTHY,SANTA ROSA
DOG,POODLE MIN,WHITE,Neutered,2019-02-09T00:00:00.000,2023-01-12,STRAY,FIELD,HEALTHY,SANTA ROSA
CAT,DOMESTIC MH,TORTIE,Spayed,2017-05-30T00:00:00.000,2023-01-12,OWNER SURRENDER,OVER THE COUNTER,UNKNOWN,COUNTY
DOG,SIBERIAN HUSKY,WHITE/RED,Female,,2023-01-12,STRAY,OVER THE COUNTER,UNKNOWN,SANTA ROSA
DOG,PIT BULL,FAWN,Male,,2023-01-12,STRAY,OVER THE COUNTER,UNKNOWN,SANTA ROSA
CAT,DOMESTIC SH,WHITE/BLACK,Neutered,2020-01-12T00:00:00.000,2023-01-12,OWNER SURRENDER,OVER THE COUNTER,UNKNOWN,SANTA ROSA
CAT,DOMESTIC SH,GRAY TABBY,Neutered,2017-01-12T00:00:00.000,2023-01-12,OWNER SURRENDER,OVER THE COUNTER,TREATABLE/REHAB,SANTA ROSA
DOG,ANATOL SHEPHERD,CREAM,Neutered,2017-09-14T00:00:00.000,2023-01-12,STRAY,OVER THE COUNTER,UNKNOWN,SANTA ROSA
DOG,LABRADOR RETR,WHITE,Female,2020-01-13T00:00:00.000,2023-01-12,STRAY,OVER THE COUNTER,UNKNOWN,SANTA ROSA
DOG,PIT BULL/MIX,TAN/WHITE,Male,2022-09-12T00:00:00.000,2023-01-12,STRAY,FIELD,UNKNOWN,SANTA ROSA
DOG,BLACK/TAN HOUND/MIX,BLACK/TAN,Neutered,2020-02-14T00:00:00.000,2023-01-13,STRAY,OVER THE COUNTER,HEALTHY,COUNTY
DOG,LABRADOR RETR,BLACK/WHITE,Male,2002-01-18T00:00:00.000,2023-01-13,STRAY,FIELD,UNKNOWN,COUNTY
DOG,BELG MALINOIS/MIX,BR BRINDLE,Neutered,2020-02-22T00:00:00.000,2023-01-13,STRAY,FIELD,HEALTHY,SANTA ROSA
DOG,GERM SHEPHERD,BLACK/TAN,Male,2015-10-12T00:00:00.000,2023-01-13,STRAY,FIELD,UNKNOWN,COUNTY
DOG,CHIHUAHUA SH,BLUE MERLE/WHITE,Female,2021-01-13T00:00:00.000,2023-01-13,STRAY,FIELD,UNKNOWN,COUNTY
DOG,PAPILLON/BRITTANY,WHITE/BROWN,Neutered,2019-12-13T00:00:00.000,2023-01-13,CONFISCATE,FLD_ARREST,UNKNOWN,SANTA ROSA
OTHER,BAT,BLACK,Unknown,,2023-01-13,STRAY,OVER THE COUNTER,UNKNOWN,*ROHNERT PARK
DOG,PARSON RUSS TER/MIX,BLACK/WHITE,Neutered,2022-01-13T00:00:00.000,2023-01-13,STRAY,OVER THE COUNTER,HEALTHY,SANTA ROSA
CAT,DOMESTIC SH,BLACK/WHITE,Neutered,2017-01-14T00:00:00.000,2023-01-13,STRAY,OVER THE COUNTER,UNKNOWN,SANTA ROSA
CAT,DOMESTIC SH,GRAY,Neutered,2021-01-14T00:00:00.000,2023-01-14,STRAY,PHONE,HEALTHY,COUNTY
DOG,SIBERIAN HUSKY,WHITE,Female,2021-01-14T00:00:00.000,2023-01-14,STRAY,OVER THE COUNTER,UNKNOWN,SANTA ROSA
CAT,DOMESTIC SH,BRN TABBY,Neutered,2010-01-14T00:00:00.000,2023-01-14,STRAY,OVER THE COUNTER,UNKNOWN,COUNTY
DOG,PIT BULL/MIX,BL BRINDLE,Neutered,2022-11-14T00:00:00.000,2023-01-14,STRAY,OVER THE COUNTER,UNTREATABLE,SANTA ROSA
DOG,PIT BULL,BROWN/WHITE,Spayed,2007-10-07T00:00:00.000,2023-01-14,STRAY,OVER THE COUNTER,UNKNOWN,COUNTY
DOG,PIT BULL/LABRADOR RETR,YELLOW,Male,,2023-01-14,STRAY,FIELD,UNKNOWN,SANTA ROSA
DOG,PIT BULL/LABRADOR RETR,BLACK/WHITE,Male,,2023-01-14,STRAY,FIELD,UNKNOWN,SANTA ROSA
CAT,DOMESTIC SH,BRN TABBY/WHITE,Male,2022-06-14T00:00:00.000,2023-01-14,STRAY,OVER THE COUNTER,UNKNOWN,COUNTY
DOG,GERM SHEPHERD/MIX,WHITE,Female,2020-03-30T00:00:00.000,2023-01-17,OWNER SURRENDER,OVER THE COUNTER,UNKNOWN,SANTA ROSA
DOG,FOX TERR WIRE/MIX,TAN/WHITE,Neutered,2018-01-17T00:00:00.000,2023-01-17,STRAY,FIELD,UNKNOWN,SANTA ROSA
CAT,DOMESTIC SH,BRN TABBY/CALICO,Spayed,2022-10-06T00:00:00.000,2023-01-17,ADOPTION RETURN,OVER THE COUNTER,UNKNOWN,COUNTY
DOG,SIBERIAN HUSKY,GRAY/BROWN,Female,2022-02-12T00:00:00.000,2023-01-17,STRAY,OVER THE COUNTER,UNKNOWN,SANTA ROSA
DOG,ENG COONHOUND/MIX,WHITE/TAN,Neutered,2018-09-13T00:00:00.000,2023-01-17,STRAY,FIELD,UNKNOWN,SANTA ROSA
DOG,AUST CATTLE DOG/MIX,WHITE/BLACK,Male,2021-01-17T00:00:00.000,2023-01-17,STRAY,FIELD,UNKNOWN,SANTA ROSA
DOG,PEKINGESE/CHIHUAHUA SH,BR BRINDLE,Spayed,2022-10-17T00:00:00.000,2023-01-17,STRAY,OVER THE COUNTER,HEALTHY,SANTA ROSA
DOG,ALASKAN HUSKY,WHITE/RED,Female,2014-01-18T00:00:00.000,2023-01-17,CONFISCATE,FLD_ARREST,UNKNOWN,COUNTY
CAT,DOMESTIC MH,CALICO,Spayed,,2023-01-18,QUARANTINE,FIELD,UNKNOWN,SANTA ROSA
DOG,CATAHOULA,TRICOLOR,Male,2011-03-22T00:00:00.000,2023-01-18,OWNER SURRENDER,FIELD,UNKNOWN,COUNTY
DOG,OLD ENG BULLDOG,WHITE/FAWN,Male,2016-01-21T00:00:00.000,2023-01-18,STRAY,OVER THE COUNTER,UNKNOWN,COUNTY
DOG,PIT BULL,GRAY/WHITE,Neutered,2018-01-19T00:00:00.000,2023-01-19,STRAY,FIELD,UNKNOWN,COUNTY
DOG,PIT BULL,GRAY/WHITE,Male,2021-07-19T00:00:00.000,2023-01-19,STRAY,FIELD,UNKNOWN,COUNTY
DOG,PIT BULL/BOXER,WHITE/BLACK,Spayed,,2023-01-19,STRAY,FIELD,UNKNOWN,COUNTY
DOG,PIT BULL,GRAY/WHITE,Spayed,2017-02-23T00:00:00.000,2023-01-19,STRAY,OVER THE COUNTER,TREATABLE/MANAGEABLE,COUNTY
OTHER,CHICKEN,RED,Female,,2023-01-19,STRAY,FIELD,UNKNOWN,SANTA ROSA
CAT,DOMESTIC SH,BRN TABBY,Spayed,2022-01-19T00:00:00.000,2023-01-19,STRAY,OVER THE COUNTER,HEALTHY,SANTA ROSA
DOG,AMERICAN STAFF,RED/WHITE,Neutered,2014-11-15T00:00:00.000,2023-01-19,CONFISCATE,FLD_HOSPTL,UNKNOWN,SANTA ROSA
DOG,BELG MALINOIS,BROWN,Female,2022-01-11T00:00:00.000,2023-01-19,STRAY,FIELD,UNKNOWN,SANTA ROSA
CAT,DOMESTIC MH,BRN TABBY/WHITE,Neutered,2021-01-19T00:00:00.000,2023-01-19,STRAY,OVER THE COUNTER,UNKNOWN,SANTA ROSA
DOG,FRENCH BULLDOG,TAN/BLACK,Female,2022-10-21T00:00:00.000,2023-01-20,STRAY,FIELD,UNKNOWN,SANTA ROSA
DOG,FRENCH BULLDOG,TAN,Male,2022-10-21T00:00:00.000,2023-01-20,STRAY,FIELD,UNKNOWN,SANTA ROSA
DOG,STAFFORDSHIRE/MIX,BLACK/BROWN,Spayed,2021-09-01T00:00:00.000,2023-01-20,STRAY,OVER THE COUNTER,HEALTHY,SANTA ROSA
DOG,GERM SHEPHERD/MIX,BLACK/TAN,Spayed,2022-07-20T00:00:00.000,2023-01-20,STRAY,FIELD,HEALTHY,SANTA ROSA
CAT,DOMESTIC SH,WHITE/GRAY,Neutered,2020-11-12T00:00:00.000,2023-01-20,ADOPTION RETURN,OVER THE COUNTER,HEALTHY,WINDSOR
DOG,GERM SHEPHERD/MIX,CREAM,Spayed,2022-06-02T00:00:00.000,2023-01-21,STRAY,OVER THE COUNTER,HEALTHY,SANTA ROSA
DOG,GREAT PYRENEES/MIX,WHITE/BLACK,Neutered,,2023-01-21,STRAY,FIELD,UNKNOWN,COUNTY
DOG,GREAT PYRENEES/MIX,WHITE/TAN,Neutered,2017-01-21T00:00:00.000,2023-01-21,STRAY,FIELD,UNKNOWN,COUNTY
CAT,DOMESTIC SH,TORTIE/BRN TABBY,Spayed,2022-09-25T00:00:00.000,2023-01-21,STRAY,OVER THE COUNTER,HEALTHY,SANTA ROSA
CAT,DOMESTIC SH,TORTIE/BRN TABBY,Spayed,2022-09-25T00:00:00.000,2023-01-21,STRAY,OVER THE COUNTER,HEALTHY,SANTA ROSA
DOG,LABRADOR RETR,BLACK,Male,,2023-01-21,CONFISCATE,FLD_CORONR,UNKNOWN,COUNTY
DOG,AUST CATTLE DOG/MIX,AGOUTI,Spayed,2013-08-18T00:00:00.000,2023-01-22,STRAY,FIELD,UNKNOWN,SANTA ROSA
DOG,GERM SHEPHERD/MIX,TAN,Neutered,2017-05-08T00:00:00.000,2023-01-22,STRAY,FIELD,UNKNOWN,SANTA ROSA
DOG,PIT BULL/MIX,FAWN/WHITE,Male,2022-07-23T00:00:00.000,2023-01-23,CONFISCATE,FLD_ARREST,UNKNOWN,SANTA ROSA
CAT,DOMESTIC SH,BLACK,Female,2013-01-23T00:00:00.000,2023-01-23,STRAY,FIELD,UNKNOWN,SANTA ROSA
DOG,AKITA,TRICOLOR,Neutered,2022-05-02T00:00:00.000,2023-01-24,STRAY,FIELD,HEALTHY,SANTA ROSA
CAT,DOMESTIC MH,BUFF/WHITE,Male,,2023-01-24,STRAY,FIELD,UNKNOWN,COUNTY
CAT,DOMESTIC LH,BLACK/WHITE,Spayed,2019-01-24T00:00:00.000,2023-01-24,STRAY,OVER THE COUNTER,UNKNOWN,SANTA ROSA
CAT,DOMESTIC SH,GRAY TABBY,Neutered,2021-02-07T00:00:00.000,2023-01-24,STRAY,OVER THE COUNTER,HEALTHY,SANTA ROSA
DOG,BELG MALINOIS,RED/BLACK,Spayed,2019-03-08T00:00:00.000,2023-01-24,STRAY,FIELD,HEALTHY,COUNTY
DOG,FRENCH BULLDOG,WHITE/GRAY,Male,,2023-01-24,STRAY,FIELD,UNKNOWN,SANTA ROSA
DOG,SIBERIAN HUSKY/MIX,BLACK/WHITE,Neutered,2020-02-16T00:00:00.000,2023-01-24,CONFISCATE,FIELD,UNKNOWN,SANTA ROSA
DOG,GERM SHEPHERD/MIX,BLACK/WHITE,Male,2020-07-12T00:00:00.000,2023-01-25,CONFISCATE,FIELD,UNKNOWN,COUNTY
CAT,DOMESTIC SH,GRAY TABBY,Spayed,2022-07-25T00:00:00.000,2023-01-25,STRAY,OVER THE COUNTER,HEALTHY,SANTA ROSA
DOG,SIBERIAN HUSKY,BLACK/WHITE,Male,2021-01-26T00:00:00.000,2023-01-25,STRAY,FIELD,UNKNOWN,SANTA ROSA
DOG,GERM SHEPHERD/PIT BULL,WHITE,Neutered,,2023-01-25,STRAY,OVER THE COUNTER,UNKNOWN,SANTA ROSA
DOG,BOSTON TERRIER,BLACK/WHITE,Male,2013-02-17T00:00:00.000,2023-01-25,STRAY,OVER THE COUNTER,UNKNOWN,SANTA ROSA
DOG,PIT BULL,WHITE,Male,2017-11-11T00:00:00.000,2023-01-25,STRAY,FIELD,UNKNOWN,COUNTY
CAT,DOMESTIC SH,CALICO,Spayed,2021-08-10T00:00:00.000,2023-01-25,STRAY,OVER THE COUNTER,HEALTHY,SANTA ROSA
OTHER,BAT,BROWN,Unknown,,2023-01-25,QUARANTINE,OVER THE COUNTER,UNKNOWN,COUNTY
DOG,GREAT PYRENEES,WHITE,Neutered,2018-02-07T00:00:00.000,2023-01-26,STRAY,FIELD,HEALTHY,COUNTY
DOG,PIT BULL,WHITE/BLUE,Spayed,2014-06-17T00:00:00.000,2023-01-26,ADOPTION RETURN,OVER THE COUNTER,UNKNOWN,COUNTY
OTHER,ENGLISH SPOT,WHITE/BLACK,Neutered,2021-08-16T00:00:00.000,2023-01-26,STRAY,OVER THE COUNTER,HEALTHY,SANTA ROSA
DOG,GERM WH POINT/MIX,BLACK,Neutered,2022-03-09T00:00:00.000,2023-01-27,STRAY,FIELD,HEALTHY,SANTA ROSA
DOG,TIBETAN TERR/MIX,WHITE,Male,2021-02-09T00:00:00.000,2023-01-27,STRAY,FIELD,UNKNOWN,SANTA ROSA
CAT,DOMESTIC SH,BRN TABBY,Neutered,2021-01-27T00:00:00.000,2023-01-27,STRAY,OVER THE COUNTER,HEALTHY,COUNTY
DOG,PIT BULL,BROWN/WHITE,Spayed,2018-11-23T00:00:00.000,2023-01-27,STRAY,OVER THE COUNTER,TREATABLE/REHAB,SANTA ROSA
CAT,DOMESTIC SH,BRN TABBY,Male,2021-01-27T00:00:00.000,2023-01-27,STRAY,OVER THE COUNTER,UNKNOWN,COUNTY
OTHER,BAT/MEX FREE-TAIL,BROWN,Unknown,,2023-01-27,QUARANTINE,FIELD,UNKNOWN,*ROHNERT PARK
DOG,PIT BULL,BROWN/TAN,Female,2021-01-27T00:00:00.000,2023-01-27,STRAY,FIELD,UNKNOWN,SANTA ROSA
CAT,DOMESTIC SH,GRAY TABBY,Neutered,2011-01-27T00:00:00.000,2023-01-27,STRAY,OVER THE COUNTER,UNKNOWN,SANTA ROSA
DOG,PIT BULL/MIX,WHITE/BLACK,Spayed,2021-11-01T00:00:00.000,2023-01-28,ADOPTION RETURN,OVER THE COUNTER,HEALTHY,COUNTY
DOG,ENG SPRNGR SPAN,LIVER/WHITE,Female,,2023-01-28,OWNER SURRENDER,FIELD,UNKNOWN,SANTA ROSA
DOG,GERM SHEPHERD,BLACK/BROWN,Neutered,2020-03-09T00:00:00.000,2023-01-28,STRAY,OVER THE COUNTER,HEALTHY,COUNTY
DOG,CAIRN TERRIER,TAN,Male,,2023-01-28,STRAY,OVER THE COUNTER,HEALTHY,SANTA ROSA
DOG,STAFFORDSHIRE,TAN,Spayed,2017-02-15T00:00:00.000,2023-01-28,STRAY,OVER THE COUNTER,HEALTHY,SANTA ROSA
DOG,PARSON RUSS TER,WHITE/BLACK,Female,2007-01-28T00:00:00.000,2023-01-28,STRAY,OVER THE COUNTER,UNKNOWN,SANTA ROSA
DOG,POODLE MIN,GRAY,Male,2004-01-30T00:00:00.000,2023-01-29,CONFISCATE,FLD_ARREST,UNKNOWN,COUNTY
DOG,PIT BULL,BLUE/WHITE,Male,,2023-01-29,CONFISCATE,FLD_CORONR,UNKNOWN,COUNTY
DOG,GERM SHEPHERD,BLACK/TAN,Female,2021-02-16T00:00:00.000,2023-01-30,STRAY,FIELD,UNKNOWN,COUNTY
DOG,WEST HIGHLAND/MIX,WHITE,Male,2022-01-30T00:00:00.000,2023-01-30,STRAY,FIELD,UNKNOWN,COUNTY
DOG,BELG MALINOIS,BUFF,Spayed,2013-08-04T00:00:00.000,2023-01-30,STRAY,FIELD,UNKNOWN,COUNTY
DOG,MALTESE,WHITE,Female,2022-01-25T00:00:00.000,2023-01-31,STRAY,FIELD,UNKNOWN,SANTA ROSA
DOG,SCOT TERRIER/MIX,TAN,Spayed,2009-09-18T00:00:00.000,2023-01-31,STRAY,FIELD,UNKNOWN,SANTA ROSA
DOG,ENG BULLDOG,WHITE/RED MERLE,Male,2022-05-29T00:00:00.000,2023-01-31,STRAY,FIELD,UNKNOWN,SANTA ROSA
DOG,BOSTON TERRIER,RED/WHITE,Neutered,2009-08-01T00:00:00.000,2023-01-31,STRAY,OVER THE COUNTER,UNKNOWN,SANTA ROSA
CAT,SIAMESE,LILAC PT,Spayed,2022-03-13T00:00:00.000,2023-01-31,STRAY,OVER THE COUNTER,HEALTHY,COUNTY
DOG,LABRADOR RETR/PIT BULL,BROWN,Female,,2023-01-31,STRAY,OVER THE COUNTER,UNKNOWN,SANTA ROSA
DOG,PIT BULL/MIX,GRAY/WHITE,Neutered,2021-03-09T00:00:00.000,2023-01-31,STRAY,OVER THE COUNTER,HEALTHY,SANTA ROSA
OTHER,GOAT,BROWN/BLACK,Male,,2023-02-01,STRAY,FIELD,UNKNOWN,SANTA ROSA
OTHER,GOAT,BLACK/BROWN,Male,,2023-02-01,STRAY,FIELD,UNKNOWN,SANTA ROSA
DOG,ENG BULLDOG,WHITE/BROWN,Male,,2023-02-01,STRAY,OVER THE COUNTER,UNKNOWN,COUNTY
CAT,DOMESTIC SH,WHITE/BLACK,Neutered,2022-01-17T00:00:00.000,2023-02-01,ADOPTION RETURN,OVER THE COUNTER,HEALTHY,*SEBASTOPOL
DOG,GERM SHEPHERD,BROWN/BLACK,Male,2018-01-22T00:00:00.000,2023-02-01,STRAY,FIELD,UNKNOWN,COUNTY
DOG,AUST CATTLE DOG,BLUE MERLE/BLACK,Spayed,2022-06-10T00:00:00.000,2023-02-02,ADOPTION RETURN,OVER THE COUNTER,UNKNOWN,SANTA ROSA
DOG,PIT BULL,TAN/WHITE,Female,2021-02-02T00:00:00.000,2023-02-02,STRAY,OVER THE COUNTER,UNKNOWN,SANTA ROSA
CAT,DOMESTIC SH,GRAY,Neutered,2022-09-11T00:00:00.000,2023-02-02,ADOPTION RETURN,OVER THE COUNTER,UNKNOWN,WINDSOR
CAT,DOMESTIC SH,BLACK/WHITE,Neutered,2019-08-03T00:00:00.000,2023-02-02,STRAY,OVER THE COUNTER,TREATABLE/REHAB,SANTA ROSA
DOG,GERM SHEPHERD,BLACK/TAN,Female,2022-11-03T00:00:00.000,2023-02-03,STRAY,FIELD,UNKNOWN,COUNTY
DOG,SCHIPPERKE/MIX,RED/WHITE,Female,2022-02-03T00:00:00.000,2023-02-03,STRAY,FIELD,UNKNOWN,COUNTY
DOG,PARSON RUSS TER/MIX,BR BRINDLE,Male,2019-02-03T00:00:00.000,2023-02-03,STRAY,FIELD,UNKNOWN,SANTA ROSA
DOG,BORDER COLLIE,WHITE/BLACK,Spayed,2022-08-29T00:00:00.000,2023-02-03,STRAY,OVER THE COUNTER,HEALTHY,COUNTY
DOG,BORDER COLLIE,WHITE/BLACK,Spayed,2022-08-29T00:00:00.000,2023-02-03,STRAY,OVER THE COUNTER,HEALTHY,COUNTY
DOG,BORDER COLLIE,WHITE/BLACK,Male,2022-10-01T00:00:00.000,2023-02-03,STRAY,OVER THE COUNTER,UNKNOWN,COUNTY
DOG,GOLDEN RETR/POODLE MIN,WHITE,Female,2015-07-23T00:00:00.000,2023-02-03,STRAY,OVER THE COUNTER,HEALTHY,COUNTY
DOG,GERM SHEPHERD/MIX,TAN/BLACK,Female,,2023-02-03,STRAY,FIELD,UNKNOWN,COUNTY
OTHER,RABBIT SH,WHITE/BROWN,Male,,2023-02-03,STRAY,OVER THE COUNTER,UNKNOWN,SANTA ROSA
CAT,DOMESTIC SH,BRN TABBY,Unknown,,2023-02-03,STRAY,FIELD,UNKNOWN,SANTA ROSA
DOG,HAVANESE,BLACK/WHITE,Male,2017-07-14T00:00:00.000,2023-02-03,STRAY,OVER THE COUNTER,UNKNOWN,COUNTY
DOG,PIT BULL,GRAY/WHITE,Neutered,2019-08-26T00:00:00.000,2023-02-03,STRAY,FIELD,UNKNOWN,COUNTY
DOG,CHIHUAHUA SH,TAN,Female,,2023-02-04,STRAY,OVER THE COUNTER,UNKNOWN,COUNTY
DOG,SIBERIAN HUSKY/MIX,BLACK/WHITE,Male,2022-11-04T00:00:00.000,2023-02-04,STRAY,OVER THE COUNTER,TREATABLE/REHAB,SANTA ROSA
DOG,CHIHUAHUA SH,TRICOLOR,Spayed,2007-03-05T00:00:00.000,2023-02-04,STRAY,OVER THE COUNTER,UNKNOWN,COUNTY
DOG,PIT BULL/MIX,BLACK/WHITE,Spayed,2018-02-04T00:00:00.000,2023-02-04,STRAY,OVER THE COUNTER,UNKNOWN,SANTA ROSA
DOG,PIT BULL/MIX,BLACK,Male,2020-08-16T00:00:00.000,2023-02-04,STRAY,OVER THE COUNTER,UNKNOWN,COUNTY
DOG,PIT BULL,WHITE/BLACK,Male,2020-11-19T00:00:00.000,2023-02-06,CONFISCATE,FLD_HOSPTL,UNKNOWN,COUNTY
DOG,SIBERIAN HUSKY,GRAY/WHITE,Neutered,2021-09-10T00:00:00.000,2023-02-06,STRAY,FIELD,HEALTHY,SANTA ROSA
DOG,PIT BULL/MIX,BROWN,Neutered,2023-01-03T00:00:00.000,2023-02-06,STRAY,FIELD,HEALTHY,SANTA ROSA
DOG,LABRADOR RETR,YELLOW,Neutered,2017-04-24T00:00:00.000,2023-02-06,STRAY,FIELD,UNKNOWN,COUNTY
OTHER,BAT,BLACK,Unknown,,2023-02-06,QUARANTINE,FIELD,UNKNOWN,SANTA ROSA
DOG,LABRADOR RETR/MIX,BR BRINDLE,Spayed,2021-03-10T00:00:00.000,2023-02-07,STRAY,FIELD,HEALTHY,COUNTY
DOG,WEIMARANER/MIX,BR BRINDLE,Neutered,2020-02-07T00:00:00.000,2023-02-07,STRAY,FIELD,HEALTHY,COUNTY
DOG,AUST KELPIE/PIT BULL,BLACK/WHITE,Spayed,2019-03-13T00:00:00.000,2023-02-07,STRAY,FIELD,HEALTHY,SANTA ROSA
DOG,PARSON RUSS TER/MIX,WHITE/BLACK,Spayed,2014-02-03T00:00:00.000,2023-02-07,STRAY,FIELD,UNKNOWN,SANTA ROSA
DOG,BORDER COLLIE/MIX,WHITE/BLACK,Male,2016-02-03T00:00:00.000,2023-02-07,STRAY,FIELD,UNKNOWN,SANTA ROSA
CAT,DOMESTIC SH,BLACK/WHITE,Neutered,2020-02-07T00:00:00.000,2023-02-07,STRAY,OVER THE COUNTER,HEALTHY,SANTA ROSA
OTHER,RABBIT SH,BLACK/WHITE,Neutered,2021-08-18T00:00:00.000,2023-02-07,STRAY,OVER THE COUNTER,HEALTHY,SANTA ROSA
DOG,GERM SHEPHERD/MIX,TRICOLOR,Neutered,2016-02-07T00:00:00.000,2023-02-07,STRAY,OVER THE COUNTER,UNKNOWN,SANTA ROSA
OTHER,BAT,BROWN,Unknown,,2023-02-08,QUARANTINE,FIELD,UNKNOWN,WINDSOR
DOG,SIBERIAN HUSKY,TAN,Male,2021-10-29T00:00:00.000,2023-02-08,OWNER SURRENDER,FIELD,UNKNOWN,COUNTY
DOG,SIBERIAN HUSKY,TAN,Male,2021-10-29T00:00:00.000,2023-02-08,OWNER SURRENDER,FIELD,UNKNOWN,COUNTY
DOG,CHIHUAHUA SH/SCHIPPERKE,TAN,Neutered,2013-07-20T00:00:00.000,2023-02-08,OWNER SURRENDER,OVER THE COUNTER,UNKNOWN,SANTA ROSA
DOG,MALTESE/BASSET HOUND,BLACK/WHITE,Female,2015-09-22T00:00:00.000,2023-02-08,OWNER SURRENDER,OVER THE COUNTER,UNKNOWN,SANTA ROSA
DOG,PUG,FAWN,Neutered,2012-04-01T00:00:00.000,2023-02-08,STRAY,OVER THE COUNTER,UNKNOWN,COUNTY
DOG,CHESA BAY RETR,YELLOW,Neutered,2015-11-30T00:00:00.000,2023-02-09,OWNER SURRENDER,FIELD,UNKNOWN,COUNTY
CAT,DOMESTIC MH,GRAY TABBY,Spayed,2002-02-15T00:00:00.000,2023-02-09,STRAY,FIELD,UNKNOWN,SANTA ROSA
DOG,PIT BULL,TAN/WHITE,Neutered,2022-04-20T00:00:00.000,2023-02-10,STRAY,FIELD,UNKNOWN,SANTA ROSA
DOG,GERM SHEPHERD,BROWN,Male,,2023-02-10,OWNER SURRENDER,OVER THE COUNTER,UNKNOWN,SANTA ROSA
CAT,DOMESTIC SH,BRN TABBY,Female,2013-02-10T00:00:00.000,2023-02-10,STRAY,OVER THE COUNTER,UNKNOWN,SANTA ROSA
CAT,DOMESTIC SH,CALICO,Female,2022-04-10T00:00:00.000,2023-02-10,OWNER SURRENDER,OVER THE COUNTER,UNKNOWN,SANTA ROSA
CAT,DOMESTIC SH,CALICO,Spayed,2022-04-10T00:00:00.000,2023-02-10,OWNER SURRENDER,OVER THE COUNTER,HEALTHY,SANTA ROSA
CAT,DOMESTIC SH,CALICO,Spayed,2022-04-10T00:00:00.000,2023-02-10,OWNER SURRENDER,OVER THE COUNTER,HEALTHY,SANTA ROSA
DOG,POODLE STND/LABRADOR RETR,BROWN,Spayed,2022-11-15T00:00:00.000,2023-02-10,STRAY,OVER THE COUNTER,TREATABLE/REHAB,SANTA ROSA
CAT,DOMESTIC SH,ORG TABBY,Neutered,2021-02-10T00:00:00.000,2023-02-10,STRAY,FIELD,HEALTHY,SANTA ROSA
DOG,PIT BULL/MIX,BLACK/WHITE,Spayed,,2023-02-11,CONFISCATE,FIELD,HEALTHY,SANTA ROSA
DOG,AUST CATTLE DOG,BLUE MERLE/BLACK,Spayed,2022-06-10T00:00:00.000,2023-02-11,ADOPTION RETURN,OVER THE COUNTER,UNKNOWN,OUT OF COUNTY
OTHER,CHICKEN,TRICOLOR,Unknown,,2023-02-11,STRAY,FIELD,HEALTHY,COUNTY
DOG,BULLMASTIFF/MIX,BLACK/WHITE,Female,2020-05-14T00:00:00.000,2023-02-14,STRAY,FIELD,HEALTHY,SANTA ROSA
DOG,DOBERMAN PINSCH/MIX,BLACK/TAN,Male,,2023-02-14,STRAY,FIELD,UNKNOWN,COUNTY
DOG,CHIHUAHUA SH,TAN,Female,2022-11-14T00:00:00.000,2023-02-14,STRAY,OVER THE COUNTER,UNKNOWN,SANTA ROSA
CAT,DOMESTIC SH,BLACK/WHITE,Neutered,2021-02-14T00:00:00.000,2023-02-14,STRAY,OVER THE COUNTER,HEALTHY,SANTA ROSA
OTHER,BAT,BROWN,Unknown,,2023-02-14,QUARANTINE,FIELD,UNKNOWN,COUNTY
DOG,LABRADOR RETR/PIT BULL,BROWN/WHITE,Spayed,2016-04-26T00:00:00.000,2023-02-15,CONFISCATE,FIELD,UNKNOWN,SANTA ROSA
DOG,GERM SHEPHERD/MIX,WHITE,Neutered,2020-12-18T00:00:00.000,2023-02-15,CONFISCATE,FIELD,UNKNOWN,SANTA ROSA
DOG,PIT BULL,BR BRINDLE,Male,2018-01-19T00:00:00.000,2023-02-15,CONFISCATE,FIELD,UNKNOWN,SANTA ROSA
DOG,GERM SHEPHERD,TAN/BLACK,Spayed,2019-05-09T00:00:00.000,2023-02-15,CONFISCATE,FIELD,UNKNOWN,SANTA ROSA
CAT,DOMESTIC SH,ORG TABBY,Neutered,2022-02-15T00:00:00.000,2023-02-15,OWNER SURRENDER,FIELD,HEALTHY,SANTA ROSA
CAT,DOMESTIC SH,GRAY TABBY,Male,,2023-02-15,STRAY,OVER THE COUNTER,UNKNOWN,COUNTY
DOG,PIT BULL/MIX,TRICOLOR,Female,2020-02-16T00:00:00.000,2023-02-15,STRAY,OVER THE COUNTER,UNKNOWN,COUNTY
DOG,ALASK MALAMUTE,BLACK/WHITE,Neutered,2016-08-21T00:00:00.000,2023-02-15,STRAY,FIELD,UNKNOWN,SANTA ROSA
CAT,DOMESTIC SH,GRAY,Male,,2023-02-15,STRAY,FIELD,UNKNOWN,COUNTY
OTHER,PIGEON,BLACK/PURPLE,Unknown,,2023-02-15,STRAY,OVER THE COUNTER,UNKNOWN,SANTA ROSA
CAT,DOMESTIC MH,BLACK/WHITE,Male,,2023-02-15,STRAY,OVER THE COUNTER,UNKNOWN,SANTA ROSA
DOG,GERM SH POINT,BROWN/LIVER TICK,Spayed,2021-02-21T00:00:00.000,2023-02-15,STRAY,OVER THE COUNTER,UNKNOWN,COUNTY
DOG,SIBERIAN HUSKY/GERM SHEPHERD,TAN,Female,,2023-02-16,QUARANTINE,FIELD,UNKNOWN,SANTA ROSA
CAT,DOMESTIC SH,BLACK/WHITE,Male,2022-06-16T00:00:00.000,2023-02-16,OWNER SURRENDER,FIELD,UNKNOWN,SANTA ROSA
CAT,DOMESTIC SH,BLACK,Neutered,2022-02-16T00:00:00.000,2023-02-16,OWNER SURRENDER,FIELD,HEALTHY,SANTA ROSA
CAT,DOMESTIC SH,BLACK,Spayed,2019-02-16T00:00:00.000,2023-02-16,OWNER SURRENDER,FIELD,UNKNOWN,SANTA ROSA
CAT,DOMESTIC SH,GRAY,Spayed,2022-03-14T00:00:00.000,2023-02-16,OWNER SURRENDER,FIELD,HEALTHY,SANTA ROSA
OTHER,REX,BROWN,Male,2021-02-16T00:00:00.000,2023-02-16,STRAY,OVER THE COUNTER,UNKNOWN,SANTA ROSA
OTHER,LIZARD,BROWN,Unknown,,2023-02-16,CONFISCATE,FLD_ARREST,UNKNOWN,SANTA ROSA
DOG,GERM SHEPHERD/AUST SHEPHERD,BLACK/BROWN,Male,2020-03-20T00:00:00.000,2023-02-17,CONFISCATE,FLD_ARREST,UNKNOWN,COUNTY
DOG,PIT BULL/MIX,BLACK/WHITE,Male,2021-03-20T00:00:00.000,2023-02-17,CONFISCATE,FLD_ARREST,UNKNOWN,COUNTY
DOG,LABRADOR RETR/MIX,BLACK/WHITE,Male,2020-03-20T00:00:00.000,2023-02-17,CONFISCATE,FLD_ARREST,UNKNOWN,COUNTY
CAT,DOMESTIC SH,BRN TABBY/WHITE,Spayed,2021-02-17T00:00:00.000,2023-02-17,STRAY,FIELD,HEALTHY,COUNTY
DOG,CHIHUAHUA SH,BLACK,Male,,2023-02-18,STRAY,OVER THE COUNTER,UNKNOWN,SANTA ROSA
CAT,DOMESTIC SH,BRN TABBY,Neutered,2021-02-18T00:00:00.000,2023-02-18,STRAY,OVER THE COUNTER,TREATABLE/MANAGEABLE,SANTA ROSA
DOG,CHIHUAHUA SH,WHITE/BLACK,Female,2013-02-22T00:00:00.000,2023-02-18,STRAY,FIELD,TREATABLE/REHAB,SANTA ROSA
DOG,BULLDOG,BLUE MERLE,Female,,2023-02-19,STRAY,FIELD,HEALTHY,SANTA ROSA
DOG,AMER BULLDOG,TRICOLOR,Female,2019-01-27T00:00:00.000,2023-02-19,STRAY,FIELD,HEALTHY,SANTA ROSA
CAT,DOMESTIC SH,GRAY,Female,,2023-02-20,STRAY,FIELD,UNKNOWN,SANTA ROSA
DOG,ALASKAN HUSKY,BROWN/WHITE,Female,2020-02-21T00:00:00.000,2023-02-21,STRAY,FIELD,UNKNOWN,SANTA ROSA
OTHER,SHEEP,WHITE/BLACK,Male,2022-03-09T00:00:00.000,2023-02-21,STRAY,FIELD,UNKNOWN,COUNTY
DOG,POODLE MIN/MIX,WHITE,Male,2010-04-19T00:00:00.000,2023-02-21,STRAY,FIELD,UNKNOWN,COUNTY
DOG,FRENCH BULLDOG,GRAY,Male,2020-04-23T00:00:00.000,2023-02-21,STRAY,FIELD,UNKNOWN,SANTA ROSA
DOG,BORDER COLLIE,BLACK/WHITE,Female,2014-02-21T00:00:00.000,2023-02-21,STRAY,FIELD,UNKNOWN,SANTA ROSA
DOG,PIT BULL,BLUE/WHITE,Neutered,2019-12-24T00:00:00.000,2023-02-21,STRAY,OVER THE COUNTER,UNKNOWN,SANTA ROSA
CAT,DOMESTIC SH,GRAY/WHITE,Neutered,2021-01-01T00:00:00.000,2023-02-21,STRAY,OVER THE COUNTER,UNKNOWN,SANTA ROSA
CAT,DOMESTIC SH,BRN TABBY,Female,,2023-02-22,STRAY,OVER THE COUNTER,UNKNOWN,SANTA ROSA
CAT,DOMESTIC SH,BLACK,Spayed,2022-12-02T00:00:00.000,2023-02-22,STRAY,OVER THE COUNTER,UNKNOWN,SANTA ROSA
CAT,DOMESTIC SH,BLACK,Spayed,2022-12-02T00:00:00.000,2023-02-22,STRAY,OVER THE COUNTER,HEALTHY,SANTA ROSA
CAT,DOMESTIC SH,GRAY,Female,,2023-02-22,STRAY,OVER THE COUNTER,UNKNOWN,SANTA ROSA
DOG,LABRADOR RETR/GOLDEN RETR,GOLD,Spayed,2015-12-30T00:00:00.000,2023-02-22,STRAY,OVER THE COUNTER,UNKNOWN,COUNTY
DOG,BELG MALINOIS,BLACK/BROWN,Neutered,2021-09-14T00:00:00.000,2023-02-23,STRAY,FIELD,TREATABLE/REHAB,COUNTY
DOG,GERM SHEPHERD,BROWN/BLACK,Spayed,2020-03-14T00:00:00.000,2023-02-23,STRAY,FIELD,HEALTHY,COUNTY
OTHER,GUINEA PIG,TRICOLOR,Female,2021-03-03T00:00:00.000,2023-02-23,CONFISCATE,FLD_EVICT,UNKNOWN,COUNTY
OTHER,GUINEA PIG,TRICOLOR,Female,2021-09-03T00:00:00.000,2023-02-23,CONFISCATE,FLD_EVICT,UNKNOWN,COUNTY
OTHER,GUINEA PIG,TRICOLOR,Female,2021-09-03T00:00:00.000,2023-02-23,CONFISCATE,FLD_EVICT,UNKNOWN,COUNTY
OTHER,GUINEA PIG,BROWN/WHITE,Female,2021-09-03T00:00:00.000,2023-02-23,CONFISCATE,FLD_EVICT,UNKNOWN,COUNTY
OTHER,BAT,BROWN,Unknown,,2023-02-23,QUARANTINE,FIELD,UNKNOWN,*ROHNERT PARK
DOG,BELG MALINOIS,BROWN/BLACK,Male,,2023-02-23,OWNER SURRENDER,OVER THE COUNTER,UNKNOWN,COUNTY
OTHER,CHICKEN,ORANGE/BLACK,Male,,2023-02-24,STRAY,FIELD,UNKNOWN,SANTA ROSA
CAT,DOMESTIC SH,FLAME PT,Male,2023-02-24T00:00:00.000,2023-02-24,BORN HERE,MOM OS,UNKNOWN,COUNTY
CAT,DOMESTIC SH,BRN TABBY,Male,2023-02-24T00:00:00.000,2023-02-24,BORN HERE,MOM OS,UNKNOWN,COUNTY
CAT,DOMESTIC SH,BRN TABBY/WHITE,Male,2023-02-24T00:00:00.000,2023-02-24,BORN HERE,MOM OS,UNKNOWN,COUNTY
CAT,DOMESTIC SH,BRN TABBY,Male,2023-02-24T00:00:00.000,2023-02-24,STRAY,BORN_HERE,UNTREATABLE,SANTA ROSA
CAT,DOMESTIC SH,BRN TABBY,Male,2023-02-24T00:00:00.000,2023-02-24,STRAY,BORN_HERE,UNTREATABLE,SANTA ROSA
DOG,AUST CATTLE DOG/MIX,TAN/WHITE,Spayed,2022-02-25T00:00:00.000,2023-02-25,STRAY,OVER THE COUNTER,HEALTHY,SANTA ROSA
DOG,SIBERIAN HUSKY,BLACK/WHITE,Male,2016-08-25T00:00:00.000,2023-02-25,STRAY,OVER THE COUNTER,UNKNOWN,COUNTY
DOG,GERM SHEPHERD/MIX,WHITE,Neutered,2020-12-18T00:00:00.000,2023-02-25,QUARANTINE,FIELD,UNKNOWN,SANTA ROSA
DOG,PIT BULL,BLACK/WHITE,Spayed,2008-06-19T00:00:00.000,2023-02-28,CONFISCATE,FLD_ARREST,TREATABLE/REHAB,COUNTY
DOG,SIBERIAN HUSKY,WHITE/GRAY,Spayed,2015-12-13T00:00:00.000,2023-02-28,OWNER SURRENDER,OVER THE COUNTER,HEALTHY,COUNTY
DOG,LABRADOR RETR/MIX,TAN/WHITE,Spayed,2022-11-09T00:00:00.000,2023-02-28,STRAY,FIELD,HEALTHY,SANTA ROSA
DOG,SIBERIAN HUSKY,GRAY/BLACK,Neutered,2020-07-13T00:00:00.000,2023-02-28,STRAY,FIELD,HEALTHY,SANTA ROSA
DOG,MALTESE/POODLE MIN,WHITE,Male,2021-08-28T00:00:00.000,2023-02-28,STRAY,FIELD,UNKNOWN,COUNTY
CAT,DOMESTIC MH,BRN TABBY/WHITE,Neutered,2021-01-19T00:00:00.000,2023-02-28,ADOPTION RETURN,OVER THE COUNTER,UNKNOWN,COUNTY
DOG,CATAHOULA/MIX,BRN MERLE/BLACK,Spayed,2009-09-13T00:00:00.000,2023-02-28,STRAY,OVER THE COUNTER_EMERGE,UNKNOWN,COUNTY
DOG,BELG MALINOIS,BROWN/WHITE,Neutered,2021-09-22T00:00:00.000,2023-02-28,STRAY,FIELD,UNKNOWN,COUNTY
DOG,SIBERIAN HUSKY,WHITE/GRAY,Male,2021-02-28T00:00:00.000,2023-02-28,STRAY,OVER THE COUNTER,UNKNOWN,SANTA ROSA
DOG,AUST CATTLE DOG,TAN/WHITE,Neutered,2022-02-28T00:00:00.000,2023-02-28,STRAY,OVER THE COUNTER,HEALTHY,SANTA ROSA
OTHER,BAT,BLACK,Unknown,,2023-02-28,QUARANTINE,OVER THE COUNTER,UNKNOWN,COUNTY
DOG,DACHSHUND/MIX,BROWN,Male,2013-03-02T00:00:00.000,2023-02-28,CONFISCATE,FIELD,UNKNOWN,SANTA ROSA
DOG,ROTTWEILER,BLACK/TAN,Male,2017-03-02T00:00:00.000,2023-03-01,STRAY,FIELD,UNKNOWN,SANTA ROSA
DOG,CHIHUAHUA SH/MIX,TAN/WHITE,Neutered,2015-03-14T00:00:00.000,2023-03-01,STRAY,FIELD,HEALTHY,SANTA ROSA
DOG,WOLF HYBRID/MIX,WHITE,Male,2020-06-01T00:00:00.000,2023-03-01,STRAY,FIELD,UNKNOWN,COUNTY
CAT,DOMESTIC LH,BLACK,Female,2021-03-01T00:00:00.000,2023-03-01,STRAY,OVER THE COUNTER,UNKNOWN,SANTA ROSA
DOG,PUG,TAN/BLACK,Spayed,2007-10-25T00:00:00.000,2023-03-01,CONFISCATE,FLD_CORONR,UNKNOWN,SANTA ROSA
CAT,DOMESTIC SH,GRAY TABBY,Spayed,2022-09-26T00:00:00.000,2023-03-02,QUARANTINE,FIELD,HEALTHY,SANTA ROSA
DOG,CHIHUAHUA SH,TAN,Female,,2023-03-02,STRAY,OVER THE COUNTER,UNKNOWN,SANTA ROSA
CAT,SIAMESE/MIX,BLK SMOKE,Neutered,2011-03-02T00:00:00.000,2023-03-02,STRAY,FIELD,UNKNOWN,SANTA ROSA
DOG,RHOD RIDGEBACK,BROWN,Female,,2023-03-02,STRAY,FIELD,UNKNOWN,COUNTY
CAT,DOMESTIC SH,CALICO,Female,2022-08-03T00:00:00.000,2023-03-03,QUARANTINE,FIELD,UNKNOWN,COUNTY
DOG,SIBERIAN HUSKY,BROWN/WHITE,Neutered,2021-07-11T00:00:00.000,2023-03-03,ADOPTION RETURN,OVER THE COUNTER,HEALTHY,*SEBASTOPOL
DOG,GERM SHEPHERD/MASTIFF,BROWN/BLACK,Female,2018-01-11T00:00:00.000,2023-03-03,STRAY,OVER THE COUNTER,UNKNOWN,WINDSOR
DOG,GERM SHEPHERD/MIX,BLACK/BROWN,Spayed,2020-03-03T00:00:00.000,2023-03-03,OWNER SURRENDER,OVER THE COUNTER,HEALTHY,COUNTY
CAT,DOMESTIC SH,BLACK,Male,,2023-03-03,CONFISCATE,FLD_CORONR,UNKNOWN,SANTA ROSA
CAT,DOMESTIC SH,WHITE,Spayed,2020-03-03T00:00:00.000,2023-03-03,CONFISCATE,FLD_CORONR,TREATABLE/MANAGEABLE,SANTA ROSA
DOG,CHIHUAHUA SH/MIX,BLACK/TAN,Male,2021-06-06T00:00:00.000,2023-03-03,STRAY,OVER THE COUNTER,UNKNOWN,SANTA ROSA
CAT,DOMESTIC SH,BLACK/WHITE,Unknown,,2023-03-03,STRAY,OVER THE COUNTER,UNKNOWN,SANTA ROSA
DOG,CHIHUAHUA SH,TAN,Neutered,2013-03-04T00:00:00.000,2023-03-03,STRAY,OVER THE COUNTER,UNKNOWN,COUNTY
DOG,CATAHOULA/MIX,BRN MERLE/BLACK,Spayed,2009-09-13T00:00:00.000,2023-03-04,STRAY,OVER THE COUNTER,UNKNOWN,COUNTY
CAT,DOMESTIC SH,BRN TABBY,Male,2017-08-01T00:00:00.000,2023-03-04,STRAY,OVER THE COUNTER,HEALTHY,SANTA ROSA
DOG,ANATOL SHEPHERD/MIX,WHITE,Female,2022-05-07T00:00:00.000,2023-03-04,STRAY,FIELD,UNKNOWN,COUNTY
DOG,POODLE MIN,WHITE,Male,2018-03-07T00:00:00.000,2023-03-04,STRAY,FIELD,UNKNOWN,SANTA ROSA
CAT,DOMESTIC LH,BRN TABBY/WHITE,Spayed,2015-03-04T00:00:00.000,2023-03-04,STRAY,OVER THE COUNTER,HEALTHY,COUNTY
DOG,DOGO ARGENTINO/AKITA,TAN,Female,2022-11-21T00:00:00.000,2023-03-04,STRAY,OVER THE COUNTER,UNKNOWN,SANTA ROSA
DOG,ANATOL SHEPHERD/MIX,TAN/BLACK,Neutered,2021-01-06T00:00:00.000,2023-03-04,ADOPTION RETURN,OVER THE COUNTER,HEALTHY,OUT OF COUNTY
DOG,PIT BULL/MIX,WHITE,Female,2011-03-06T00:00:00.000,2023-03-06,STRAY,FIELD,UNKNOWN,SANTA ROSA
DOG,AUST CATTLE DOG,TRICOLOR,Male,,2023-03-06,STRAY,FIELD,UNKNOWN,COUNTY
DOG,AUST CATTLE DOG,TRICOLOR,Spayed,2022-09-27T00:00:00.000,2023-03-06,STRAY,FIELD,UNKNOWN,COUNTY
DOG,SIBERIAN HUSKY,BLACK/WHITE,Neutered,2022-09-29T00:00:00.000,2023-03-06,STRAY,FIELD,TREATABLE/REHAB,SANTA ROSA
DOG,COCKER SPAN/MIX,TAN,Male,,2023-03-06,STRAY,FIELD,UNKNOWN,COUNTY
CAT,DOMESTIC SH,GRAY TABBY,Neutered,2022-10-06T00:00:00.000,2023-03-06,STRAY,FIELD,UNKNOWN,SANTA ROSA
DOG,ALASKAN HUSKY/GERM SHEPHERD,WHITE/BLACK,Female,2021-05-21T00:00:00.000,2023-03-06,OWNER SURRENDER,FIELD,HEALTHY,SANTA ROSA
DOG,BULL TERRIER,TAN/WHITE,Male,2011-03-06T00:00:00.000,2023-03-06,STRAY,FIELD,UNKNOWN,COUNTY
DOG,SIBERIAN HUSKY,WHITE,Neutered,2022-07-30T00:00:00.000,2023-03-06,STRAY,FIELD,HEALTHY,SANTA ROSA
DOG,PIT BULL/MIX,TRICOLOR,Male,,2023-03-06,STRAY,FIELD,HEALTHY,SANTA ROSA
CAT,DOMESTIC SH,WHITE/BROWN,Female,2022-09-07T00:00:00.000,2023-03-07,STRAY,OVER THE COUNTER,UNKNOWN,SANTA ROSA
DOG,PIT BULL,BR BRINDLE/WHITE,Neutered,2022-03-09T00:00:00.000,2023-03-07,ADOPTION RETURN,OVER THE COUNTER,UNKNOWN,COUNTY
DOG,SIBERIAN HUSKY,WHITE/BROWN,Spayed,2022-04-11T00:00:00.000,2023-03-07,STRAY,FIELD,HEALTHY,SANTA ROSA
DOG,PIT BULL/MIX,BLACK,Spayed,2022-04-06T00:00:00.000,2023-03-07,STRAY,FIELD,UNKNOWN,COUNTY
DOG,CHIHUAHUA SH/MIX,WHITE/TAN,Male,2021-09-08T00:00:00.000,2023-03-07,STRAY,FIELD,UNKNOWN,COUNTY
DOG,SHETLD SHEEPDOG/MIX,GRAY/WHITE,Neutered,2021-09-16T00:00:00.000,2023-03-07,STRAY,OVER THE COUNTER,HEALTHY,SANTA ROSA
DOG,GERM SHEPHERD/MIX,BLACK/TAN,Male,2022-03-07T00:00:00.000,2023-03-07,STRAY,FIELD,UNKNOWN,SANTA ROSA
CAT,DOMESTIC SH,BLACK/WHITE,Unknown,,2023-03-07,STRAY,OVER THE COUNTER,UNKNOWN,COUNTY
DOG,SIBERIAN HUSKY/MIX,WHITE/GRAY,Neutered,2022-11-15T00:00:00.000,2023-03-07,STRAY,FIELD,HEALTHY,SANTA ROSA
CAT,DOMESTIC SH,WHITE/BLACK,Neutered,2022-01-17T00:00:00.000,2023-03-07,ADOPTION RETURN,OVER THE COUNTER,HEALTHY,COUNTY
DOG,SIBERIAN HUSKY,RED/WHITE,Spayed,2020-04-11T00:00:00.000,2023-03-07,STRAY,FIELD,HEALTHY,SANTA ROSA
DOG,FRENCH BULLDOG,BROWN/WHITE,Spayed,2022-02-08T00:00:00.000,2023-03-07,STRAY,FIELD,UNKNOWN,SANTA ROSA
OTHER,BAT,BLACK,Unknown,,2023-03-08,QUARANTINE,FIELD,UNKNOWN,SANTA ROSA
OTHER,LOP-AMER FUZZY,BLACK,Female,2022-03-14T00:00:00.000,2023-03-08,STRAY,OVER THE COUNTER,HEALTHY,SANTA ROSA
DOG,CHIHUAHUA SH/MIX,TAN/BLACK,Male,2021-03-08T00:00:00.000,2023-03-08,STRAY,FIELD,UNKNOWN,COUNTY
DOG,PIT BULL,BROWN/WHITE,Male,,2023-03-08,STRAY,FLD_STRAY,UNKNOWN,SANTA ROSA
DOG,PIT BULL,BROWN/WHITE,Male,,2023-03-08,STRAY,FLD_STRAY,UNKNOWN,SANTA ROSA
DOG,LABRADOR RETR/MIX,BLACK,Male,2015-03-08T00:00:00.000,2023-03-08,STRAY,FIELD,UNKNOWN,SANTA ROSA
DOG,PIT BULL/MIX,BLACK/WHITE,Female,2000-10-01T00:00:00.000,2023-03-09,CONFISCATE,FLD_HOSPTL,UNKNOWN,SANTA ROSA
DOG,GERM SHEPHERD/MIX,BLACK/TAN,Female,,2023-03-09,STRAY,FIELD,UNKNOWN,SANTA ROSA
DOG,BELG MALINOIS/MIX,TAN/BLACK,Female,2020-03-09T00:00:00.000,2023-03-09,STRAY,FIELD,UNKNOWN,SANTA ROSA
CAT,DOMESTIC SH,SLVR TABBY,Female,2019-03-09T00:00:00.000,2023-03-09,STRAY,OVER THE COUNTER,UNKNOWN,SANTA ROSA
DOG,PARSON RUSS TER/MIX,TRICOLOR,Female,,2023-03-10,STRAY,OVER THE COUNTER,UNKNOWN,SANTA ROSA
DOG,SIBERIAN HUSKY,WHITE/GRAY,Female,2021-02-14T00:00:00.000,2023-03-10,STRAY,OVER THE COUNTER,HEALTHY,SANTA ROSA
DOG,CHIHUAHUA LH/MIX,BROWN,Male,2015-02-07T00:00:00.000,2023-03-11,STRAY,FIELD,HEALTHY,SANTA ROSA
DOG,POMERANIAN,TAN,Female,,2023-03-11,STRAY,FIELD,HEALTHY,SANTA ROSA
CAT,DOMESTIC SH,ORG TABBY,Spayed,2022-03-30T00:00:00.000,2023-03-11,STRAY,OVER THE COUNTER,HEALTHY,COUNTY
DOG,POMERANIAN/MIX,TAN,Male,,2023-03-11,STRAY,FIELD,HEALTHY,SANTA ROSA
DOG,SIBERIAN HUSKY,WHITE/BLACK,Spayed,2022-03-11T00:00:00.000,2023-03-11,STRAY,FIELD,HEALTHY,SANTA ROSA
DOG,GERM SHEPHERD/MIX,BLACK/TAN,Spayed,2022-07-20T00:00:00.000,2023-03-11,ADOPTION RETURN,OVER THE COUNTER,HEALTHY,SANTA ROSA
CAT,DOMESTIC SH,BRN TABBY,Unknown,,2023-03-11,STRAY,FIELD,UNKNOWN,COUNTY
DOG,AUST CATTLE DOG,BLACK/GRAY,Neutered,2010-03-11T00:00:00.000,2023-03-11,STRAY,FIELD,HEALTHY,SANTA ROSA
DOG,GERM SHEPHERD,BLACK/TAN,Spayed,2015-04-24T00:00:00.000,2023-03-13,STRAY,FIELD,HEALTHY,SANTA ROSA
OTHER,BAT,BLACK,Unknown,,2023-03-13,QUARANTINE,FIELD,UNKNOWN,COUNTY
DOG,SIBERIAN HUSKY,RED/WHITE,Neutered,2021-10-14T00:00:00.000,2023-03-13,STRAY,FIELD,TREATABLE/REHAB,COUNTY
DOG,ALASK KLEE KAI,WHITE/BROWN,Female,2021-03-13T00:00:00.000,2023-03-13,STRAY,FIELD,TREATABLE/REHAB,SANTA ROSA
OTHER,CHICKEN,ORANGE/BLACK,Male,,2023-03-14,STRAY,FIELD,HEALTHY,COUNTY
OTHER,BAT,BROWN,Unknown,,2023-03-14,QUARANTINE,FIELD,UNKNOWN,*SONOMA
DOG,GERM SHEPHERD,BLACK/BROWN,Neutered,2022-11-18T00:00:00.000,2023-03-14,STRAY,OVER THE COUNTER,HEALTHY,COUNTY
DOG,BEAGLE/MIX,TRICOLOR/WHITE,Spayed,2021-03-14T00:00:00.000,2023-03-14,STRAY,FIELD,HEALTHY,SANTA ROSA
CAT,DOMESTIC SH,GRAY TABBY,Female,2021-09-14T00:00:00.000,2023-03-14,STRAY,OVER THE COUNTER,UNKNOWN,SANTA ROSA
OTHER,ENGLISH SPOT,WHITE/BLACK,Neutered,2020-03-14T00:00:00.000,2023-03-14,STRAY,OVER THE COUNTER,HEALTHY,SANTA ROSA
OTHER,BAT/MEX FREE-TAIL,GRAY,Unknown,,2023-03-14,QUARANTINE,FIELD,UNKNOWN,SANTA ROSA
OTHER,BAT/MEX FREE-TAIL,GRAY,Unknown,,2023-03-14,QUARANTINE,FIELD,UNKNOWN,COUNTY
DOG,CHIHUAHUA SH,TAN,Male,2014-03-21T00:00:00.000,2023-03-14,STRAY,OVER THE COUNTER,UNKNOWN,SANTA ROSA
OTHER,BAT/MEX FREE-TAIL,GRAY,Unknown,,2023-03-15,QUARANTINE,FIELD,UNKNOWN,COUNTY
DOG,GERM SHEPHERD/GREAT PYRENEES,WHITE,Neutered,2022-07-04T00:00:00.000,2023-03-15,STRAY,FIELD,HEALTHY,COUNTY
DOG,GERM SHEPHERD/GREAT PYRENEES,WHITE,Female,2021-11-11T00:00:00.000,2023-03-15,STRAY,FIELD,HEALTHY,COUNTY
DOG,BORDER COLLIE,BLACK/TRICOLOR,Neutered,2020-03-10T00:00:00.000,2023-03-15,STRAY,FIELD,UNKNOWN,COUNTY
DOG,NEWFOUNDLAND/MIX,BLACK/WHITE,Neutered,2017-08-07T00:00:00.000,2023-03-15,OWNER SURRENDER,OVER THE COUNTER,UNKNOWN,PETALUMA
CAT,DOMESTIC SH,ORG TABBY,Neutered,2020-04-02T00:00:00.000,2023-03-15,QUARANTINE,FIELD,TREATABLE/REHAB,SANTA ROSA
OTHER,PIGEON,GRAY/WHITE,Unknown,,2023-03-15,STRAY,FIELD,UNKNOWN,SANTA ROSA
CAT,DOMESTIC SH,AGOUTI,Unknown,2023-03-15T00:00:00.000,2023-03-15,BORN HERE,MOM STRAY,HEALTHY,COUNTY
CAT,DOMESTIC SH,AGOUTI,Unknown,2023-03-15T00:00:00.000,2023-03-15,BORN HERE,MOM STRAY,HEALTHY,COUNTY
CAT,DOMESTIC SH,AGOUTI,Unknown,2023-03-15T00:00:00.000,2023-03-15,BORN HERE,MOM STRAY,HEALTHY,COUNTY
CAT,DOMESTIC SH,AGOUTI,Unknown,2023-03-15T00:00:00.000,2023-03-15,BORN HERE,MOM STRAY,HEALTHY,COUNTY
CAT,DOMESTIC SH,AGOUTI,Unknown,2023-03-15T00:00:00.000,2023-03-15,BORN HERE,MOM STRAY,HEALTHY,COUNTY
DOG,GERM SHEPHERD,BLACK/BROWN,Neutered,2016-03-16T00:00:00.000,2023-03-16,STRAY,OVER THE COUNTER,HEALTHY,SANTA ROSA
CAT,DOMESTIC LH,ORANGE/WHITE,Male,2021-03-16T00:00:00.000,2023-03-16,STRAY,OVER THE COUNTER,UNKNOWN,COUNTY
DOG,AUST CATTLE DOG/MIX,WHITE/BLACK,Neutered,2019-09-16T00:00:00.000,2023-03-16,STRAY,FIELD,UNKNOWN,SANTA ROSA
DOG,SIBERIAN HUSKY/MIX,BLACK/WHITE,Spayed,2022-11-29T00:00:00.000,2023-03-16,STRAY,OVER THE COUNTER,TREATABLE/REHAB,SANTA ROSA
CAT,DOMESTIC MH,GRAY,Neutered,2021-03-28T00:00:00.000,2023-03-16,STRAY,OVER THE COUNTER,HEALTHY,SANTA ROSA
CAT,DOMESTIC SH,BLACK/WHITE,Unknown,,2023-03-17,STRAY,OVER THE COUNTER,UNKNOWN,COUNTY
OTHER,BAT,BROWN,Male,,2023-03-17,QUARANTINE,FIELD,UNKNOWN,SANTA ROSA
CAT,DOMESTIC MH,CALICO,Spayed,2007-03-17T00:00:00.000,2023-03-17,STRAY,FLD_STRAY,UNKNOWN,SANTA ROSA
DOG,CHIHUAHUA SH/MIX,BROWN/TAN,Male,2017-03-17T00:00:00.000,2023-03-17,CONFISCATE,FLD_HOSPTL,UNKNOWN,SANTA ROSA
CAT,DOMESTIC LH,GRAY/WHITE,Male,,2023-03-17,STRAY,OVER THE COUNTER,UNTREATABLE,SANTA ROSA
DOG,PIT BULL,BLACK,Neutered,2022-12-11T00:00:00.000,2023-03-17,STRAY,FIELD,HEALTHY,SANTA ROSA
CAT,SIAMESE/MIX,SEAL PT,Male,2022-05-24T00:00:00.000,2023-03-18,STRAY,OVER THE COUNTER,UNKNOWN,COUNTY
OTHER,BAT,BROWN,Male,,2023-03-18,QUARANTINE,FIELD,UNKNOWN,COUNTY
DOG,DACHSHUND WH/MIX,CREAM,Female,2021-03-18T00:00:00.000,2023-03-18,STRAY,OVER THE COUNTER,UNKNOWN,COUNTY
DOG,WELSH CORGI PEM/MIX,BROWN,Neutered,2022-04-13T00:00:00.000,2023-03-18,STRAY,FIELD,HEALTHY,COUNTY
DOG,PARSON RUSS TER/MIX,WHITE/BROWN,Spayed,2022-07-19T00:00:00.000,2023-03-18,STRAY,OVER THE COUNTER,UNKNOWN,SANTA ROSA
DOG,VIZSLA,RED,Spayed,2019-11-05T00:00:00.000,2023-03-18,STRAY,OVER THE COUNTER,UNKNOWN,SANTA ROSA
DOG,SIBERIAN HUSKY,GRAY/WHITE,Male,2019-03-24T00:00:00.000,2023-03-18,OWNER SURRENDER,FIELD,UNKNOWN,COUNTY
DOG,PIT BULL/LABRADOR RETR,WHITE/BROWN,Female,2019-03-18T00:00:00.000,2023-03-18,STRAY,FLD_EMERGE,UNKNOWN,COUNTY
DOG,SIBERIAN HUSKY/GERM SHEPHERD,BLACK/TAN,Female,2022-03-19T00:00:00.000,2023-03-19,STRAY,FIELD,UNKNOWN,SANTA ROSA
DOG,LABRADOR RETR/MIX,BLACK/WHITE,Male,2020-03-20T00:00:00.000,2023-03-20,CONFISCATE,FIELD,UNKNOWN,COUNTY
DOG,PIT BULL/MIX,BLACK/WHITE,Male,2021-03-20T00:00:00.000,2023-03-20,CONFISCATE,FIELD,UNKNOWN,COUNTY
DOG,GERM SHEPHERD/AUST SHEPHERD,BLACK/BROWN,Male,2020-03-20T00:00:00.000,2023-03-20,CONFISCATE,FIELD,UNKNOWN,COUNTY
DOG,GERM SHEPHERD/MIX,TRICOLOR,Male,2021-03-20T00:00:00.000,2023-03-20,STRAY,FIELD,UNKNOWN,COUNTY
DOG,GERM SHEPHERD,BLACK/TAN,Neutered,2022-06-21T00:00:00.000,2023-03-21,STRAY,FIELD,TREATABLE/MANAGEABLE,SANTA ROSA
DOG,GERM SHEPHERD,BROWN/BLACK,Spayed,2020-03-14T00:00:00.000,2023-03-21,ADOPTION RETURN,OVER THE COUNTER,UNKNOWN,HEALDSBURG
OTHER,ENGLISH SPOT/MIX,WHITE/GRAY,Male,2021-03-21T00:00:00.000,2023-03-21,STRAY,OVER THE COUNTER,UNKNOWN,SANTA ROSA
OTHER,RABBIT SH,WHITE/BLACK,Male,2022-09-21T00:00:00.000,2023-03-21,STRAY,OVER THE COUNTER,UNKNOWN,SANTA ROSA
DOG,PIT BULL/MIX,FAWN,Neutered,2020-03-22T00:00:00.000,2023-03-22,QUARANTINE,FIELD,UNKNOWN,SANTA ROSA
CAT,DOMESTIC MH,BLACK/WHITE,Female,,2023-03-22,STRAY,OVER THE COUNTER,UNKNOWN,COUNTY
CAT,DOMESTIC SH,GRAY,Unknown,2023-03-15T00:00:00.000,2023-03-22,STRAY,OVER THE COUNTER,UNKNOWN,COUNTY
CAT,DOMESTIC SH,GRAY,Unknown,2023-03-15T00:00:00.000,2023-03-22,STRAY,OVER THE COUNTER,UNKNOWN,COUNTY
CAT,DOMESTIC SH,GRAY,Unknown,2023-03-15T00:00:00.000,2023-03-22,STRAY,OVER THE COUNTER,UNKNOWN,COUNTY
CAT,DOMESTIC SH,BLACK,Unknown,2023-03-15T00:00:00.000,2023-03-22,STRAY,OVER THE COUNTER,UNKNOWN,COUNTY
OTHER,DUCK,BROWN/RED,Unknown,,2023-03-22,STRAY,FIELD,UNKNOWN,COUNTY
DOG,PIT BULL/MIX,BLACK,Neutered,2016-03-22T00:00:00.000,2023-03-22,STRAY,OVER THE COUNTER,UNKNOWN,SANTA ROSA
DOG,POINTER,BROWN/WHITE,Female,2022-09-23T00:00:00.000,2023-03-23,STRAY,FIELD,UNKNOWN,COUNTY
DOG,CAIRN TERRIER/MIX,TAN,Male,2013-08-13T00:00:00.000,2023-03-23,QUARANTINE,FIELD,UNKNOWN,SANTA ROSA
DOG,PIT BULL,BLACK/WHITE,Male,2020-04-04T00:00:00.000,2023-03-23,STRAY,FIELD,UNKNOWN,SANTA ROSA
DOG,GERM SHEPHERD/GREAT PYRENEES,WHITE,Female,2021-11-11T00:00:00.000,2023-03-23,OWNER SURRENDER,OVER THE COUNTER,HEALTHY,COUNTY
DOG,GERM SHEPHERD/GREAT PYRENEES,WHITE,Neutered,2022-07-04T00:00:00.000,2023-03-23,OWNER SURRENDER,OVER THE COUNTER,HEALTHY,COUNTY
DOG,YORKSHIRE TERR,BROWN/BLACK,Spayed,2013-03-24T00:00:00.000,2023-03-23,STRAY,OVER THE COUNTER,UNKNOWN,SANTA ROSA
CAT,DOMESTIC SH,BLACK,Male,2023-03-08T00:00:00.000,2023-03-23,STRAY,OVER THE COUNTER,UNKNOWN,SANTA ROSA
CAT,DOMESTIC SH,BRN TABBY,Neutered,2021-09-23T00:00:00.000,2023-03-23,STRAY,OVER THE COUNTER,HEALTHY,SANTA ROSA
CAT,DOMESTIC SH,BRN TABBY,Spayed,2022-04-13T00:00:00.000,2023-03-23,STRAY,OVER THE COUNTER,HEALTHY,SANTA ROSA
DOG,PIT BULL/MIX,RED/BLACK,Male,2016-07-25T00:00:00.000,2023-03-23,STRAY,OVER THE COUNTER,UNKNOWN,COUNTY
DOG,SHIH TZU,CREAM,Neutered,2009-01-01T00:00:00.000,2023-03-24,STRAY,OVER THE COUNTER,UNKNOWN,COUNTY
DOG,TIBETAN TERR/POODLE MIN,GOLD,Female,2022-03-23T00:00:00.000,2023-03-24,STRAY,FIELD,UNKNOWN,COUNTY
DOG,FRENCH BULLDOG,TAN,Male,2022-05-19T00:00:00.000,2023-03-24,STRAY,OVER THE COUNTER,HEALTHY,COUNTY
DOG,POINTER,BROWN/WHITE,Female,2022-09-23T00:00:00.000,2023-03-24,OWNER SURRENDER,OVER THE COUNTER,UNKNOWN,COUNTY
DOG,PIT BULL/MIX,BLUE/WHITE,Spayed,2011-01-01T00:00:00.000,2023-03-24,STRAY,PHONE,UNKNOWN,COUNTY
DOG,BELG MALINOIS,BROWN/BLACK,Neutered,2019-08-10T00:00:00.000,2023-03-24,QUARANTINE,FIELD,UNKNOWN,COUNTY
DOG,CHIHUAHUA SH,BROWN,Spayed,2022-03-24T00:00:00.000,2023-03-24,STRAY,FIELD,HEALTHY,SANTA ROSA
CAT,DOMESTIC SH,BRN TABBY,Male,2022-11-25T00:00:00.000,2023-03-25,STRAY,OVER THE COUNTER,UNKNOWN,SANTA ROSA
DOG,CHIHUAHUA SH/PARSON RUSS TER,WHITE/BROWN,Female,2021-03-25T00:00:00.000,2023-03-25,OWNER SURRENDER,OVER THE COUNTER,UNKNOWN,COUNTY
DOG,CHIHUAHUA SH/MIX,BROWN,Male,2023-03-03T00:00:00.000,2023-03-25,OWNER SURRENDER,OVER THE COUNTER,UNKNOWN,COUNTY
DOG,CHIHUAHUA SH/MIX,BROWN,Male,2023-03-03T00:00:00.000,2023-03-25,OWNER SURRENDER,OVER THE COUNTER,UNKNOWN,COUNTY
DOG,CHIHUAHUA SH/MIX,BROWN,Male,2023-03-03T00:00:00.000,2023-03-25,OWNER SURRENDER,OVER THE COUNTER,UNKNOWN,COUNTY
DOG,CHIHUAHUA SH/MIX,BROWN,Male,2023-03-03T00:00:00.000,2023-03-25,OWNER SURRENDER,OVER THE COUNTER,UNKNOWN,COUNTY
DOG,CHIHUAHUA SH/MIX,BROWN,Male,2023-03-03T00:00:00.000,2023-03-25,OWNER SURRENDER,OVER THE COUNTER,UNKNOWN,COUNTY
DOG,CHIHUAHUA SH/MIX,BROWN,Female,2023-03-03T00:00:00.000,2023-03-25,OWNER SURRENDER,OVER THE COUNTER,UNKNOWN,COUNTY
DOG,CHIHUAHUA SH/MIX,BROWN,Female,2023-03-03T00:00:00.000,2023-03-25,OWNER SURRENDER,OVER THE COUNTER,UNKNOWN,COUNTY
CAT,DOMESTIC SH,LYNX PT,Spayed,2023-01-13T00:00:00.000,2023-03-25,OWNER SURRENDER,OVER THE COUNTER,HEALTHY,SANTA ROSA
CAT,SNOWSHOE/SIAMESE,LYNX PT/WHITE,Spayed,2023-01-13T00:00:00.000,2023-03-25,OWNER SURRENDER,OVER THE COUNTER,HEALTHY,SANTA ROSA
CAT,SIAMESE/MIX,LYNX PT,Spayed,2023-01-13T00:00:00.000,2023-03-25,OWNER SURRENDER,OVER THE COUNTER,HEALTHY,SANTA ROSA
DOG,CHINESE SHARPEI/FOX TERR SMOOTH,FAWN/WHITE,Neutered,2022-03-25T00:00:00.000,2023-03-25,STRAY,FIELD,HEALTHY,COUNTY
DOG,AUST SHEPHERD,BROWN/WHITE,Male,2022-03-15T00:00:00.000,2023-03-26,OWNER SURRENDER,FIELD,UNKNOWN,SANTA ROSA
DOG,GERM SHEPHERD/PIT BULL,WHITE,Neutered,2022-06-30T00:00:00.000,2023-03-26,CONFISCATE,FLD_ARREST,HEALTHY,SANTA ROSA
DOG,MALTESE/POODLE TOY,WHITE,Neutered,2019-07-01T00:00:00.000,2023-03-27,STRAY,FIELD,TREATABLE/MANAGEABLE,COUNTY
DOG,CHINESE SHARPEI/CHIHUAHUA SH,BLACK/BROWN,Neutered,2022-04-08T00:00:00.000,2023-03-27,STRAY,FIELD,HEALTHY,COUNTY
DOG,STAFFORDSHIRE,BR BRINDLE,Spayed,2021-10-08T00:00:00.000,2023-03-27,STRAY,FIELD,HEALTHY,SANTA ROSA
OTHER,CHICKEN,TRICOLOR,Female,,2023-03-27,STRAY,FIELD,HEALTHY,SANTA ROSA
OTHER,CHICKEN,WHITE,Male,,2023-03-28,STRAY,FIELD,UNKNOWN,COUNTY
OTHER,CANARY,YELLOW/BLACK,Unknown,,2023-03-28,STRAY,FIELD,UNKNOWN,SANTA ROSA
DOG,PARSON RUSS TER,WHITE/BLACK,Male,2020-03-28T00:00:00.000,2023-03-28,STRAY,OVER THE COUNTER,UNKNOWN,SANTA ROSA
CAT,DOMESTIC SH,BRN TABBY/WHITE,Neutered,2021-03-29T00:00:00.000,2023-03-29,STRAY,OVER THE COUNTER,UNKNOWN,SANTA ROSA
DOG,PIT BULL/MIX,BR BRINDLE/WHITE,Female,2017-04-21T00:00:00.000,2023-03-30,CONFISCATE,FLD_ABAND,UNKNOWN,SANTA ROSA
DOG,LABRADOR RETR/MIX,TAN/WHITE,Female,2022-04-13T00:00:00.000,2023-03-30,STRAY,OVER THE COUNTER,HEALTHY,SANTA ROSA
DOG,FOX TERR SMOOTH,TRICOLOR,Spayed,2008-06-24T00:00:00.000,2023-03-30,STRAY,FIELD,UNKNOWN,COUNTY
DOG,CHIHUAHUA SH/MIX,BROWN,Neutered,2009-07-15T00:00:00.000,2023-03-30,STRAY,FIELD,UNKNOWN,COUNTY
OTHER,HAMSTER,AGOUTI,Female,2022-11-30T00:00:00.000,2023-03-30,OWNER SURRENDER,OVER THE COUNTER,HEALTHY,SANTA ROSA
OTHER,HAMSTER,AGOUTI,Female,2022-11-01T00:00:00.000,2023-03-30,OWNER SURRENDER,OVER THE COUNTER,HEALTHY,SANTA ROSA
OTHER,HAMSTER,AGOUTI,Male,2022-11-01T00:00:00.000,2023-03-30,OWNER SURRENDER,OVER THE COUNTER,HEALTHY,SANTA ROSA
OTHER,HAMSTER,AGOUTI,Female,2022-11-01T00:00:00.000,2023-03-30,OWNER SURRENDER,OVER THE COUNTER,HEALTHY,SANTA ROSA
DOG,AM PIT BULL TER/BULLDOG,GRAY,Neutered,2017-04-11T00:00:00.000,2023-03-30,STRAY,FIELD,TREATABLE/MANAGEABLE,COUNTY
OTHER,RABBIT SH,BROWN/WHITE,Neutered,2021-05-05T00:00:00.000,2023-03-30,STRAY,OVER THE COUNTER,HEALTHY,SANTA ROSA
CAT,DOMESTIC MH,BRN TABBY,Neutered,2022-09-10T00:00:00.000,2023-03-30,STRAY,OVER THE COUNTER,HEALTHY,SANTA ROSA
OTHER,PIGEON,GRAY/GREEN,Unknown,2022-04-19T00:00:00.000,2023-03-30,STRAY,OVER THE COUNTER,HEALTHY,COUNTY
DOG,GERM SH POINT,CHOCOLATE,Neutered,2020-05-09T00:00:00.000,2023-03-30,STRAY,OVER THE COUNTER,UNKNOWN,COUNTY
DOG,POINTER/MIX,WHITE/BROWN,Neutered,2011-04-14T00:00:00.000,2023-03-30,STRAY,FIELD,UNKNOWN,COUNTY
DOG,PARSON RUSS TER/MIX,WHITE,Spayed,2009-08-12T00:00:00.000,2023-03-31,CONFISCATE,FLD_HOSPTL,UNKNOWN,SANTA ROSA
DOG,BULLMASTIFF/MIX,CHOCOLATE/WHITE,Neutered,2017-06-01T00:00:00.000,2023-03-31,STRAY,FIELD,UNKNOWN,SANTA ROSA
OTHER,GUINEA PIG,TRICOLOR,Male,2022-04-19T00:00:00.000,2023-04-01,OWNER SURRENDER,OVER THE COUNTER,UNKNOWN,COUNTY
OTHER,GUINEA PIG,BLACK/WHITE,Male,2022-04-19T00:00:00.000,2023-04-01,OWNER SURRENDER,OVER THE COUNTER,UNKNOWN,COUNTY
OTHER,SHEEP,WHITE,Female,,2023-04-01,STRAY,FIELD,UNKNOWN,COUNTY
DOG,GERM SHEPHERD,BLACK/TAN,Male,,2023-04-01,STRAY,FIELD,HEALTHY,COUNTY
OTHER,RABBIT LH,BROWN,Female,,2023-04-01,STRAY,FIELD,HEALTHY,SANTA ROSA
CAT,DOMESTIC SH,BRN TABBY/WHITE,Male,2019-04-01T00:00:00.000,2023-04-01,STRAY,FIELD,UNKNOWN,SANTA ROSA
DOG,RAT TERRIER/MIX,BLACK/WHITE,Spayed,2017-04-01T00:00:00.000,2023-04-01,STRAY,FIELD,HEALTHY,SANTA ROSA
DOG,AUST CATTLE DOG,BLUE TICK,Spayed,2022-08-03T00:00:00.000,2023-04-01,STRAY,FIELD,HEALTHY,SANTA ROSA
DOG,SIBERIAN HUSKY,BLACK/WHITE,Neutered,2020-04-01T00:00:00.000,2023-04-01,STRAY,OVER THE COUNTER,HEALTHY,COUNTY
DOG,SIBERIAN HUSKY,BLACK/WHITE,Spayed,2020-04-01T00:00:00.000,2023-04-01,STRAY,OVER THE COUNTER,HEALTHY,COUNTY
DOG,CHIHUAHUA SH/MIX,CREAM,Neutered,2022-12-13T00:00:00.000,2023-04-01,STRAY,OVER THE COUNTER,HEALTHY,COUNTY
CAT,DOMESTIC SH,BUFF,Neutered,2018-04-10T00:00:00.000,2023-04-01,STRAY,OVER THE COUNTER,TREATABLE/REHAB,SANTA ROSA
DOG,GERM SHEPHERD/MIX,BLACK,Male,2022-04-04T00:00:00.000,2023-04-01,STRAY,OVER THE COUNTER,UNKNOWN,COUNTY
DOG,DOBERMAN PINSCH,RED/TAN,Male,2022-09-04T00:00:00.000,2023-04-01,STRAY,OVER THE COUNTER,UNKNOWN,COUNTY
DOG,FRENCH BULLDOG,BLACK,Female,2022-03-05T00:00:00.000,2023-04-02,CONFISCATE,FLD_ARREST,UNKNOWN,SANTA ROSA
DOG,FRENCH BULLDOG,FAWN,Male,2022-09-05T00:00:00.000,2023-04-02,CONFISCATE,FLD_ARREST,UNKNOWN,SANTA ROSA
DOG,PIT BULL,TAN/WHITE,Female,,2023-04-02,STRAY,FIELD,HEALTHY,SANTA ROSA
CAT,DOMESTIC SH,TORTIE,Female,2023-02-05T00:00:00.000,2023-04-02,STRAY,PHONE,UNKNOWN,SANTA ROSA
CAT,DOMESTIC SH,ORG TABBY,Male,2023-02-05T00:00:00.000,2023-04-02,STRAY,PHONE,UNKNOWN,SANTA ROSA
DOG,WELSH CORGI PEM/CHIHUAHUA SH,BR BRINDLE/WHITE,Male,,2023-04-03,STRAY,FIELD,UNKNOWN,COUNTY
DOG,CAROLINA DOG,TAN/WHITE,Spayed,2017-04-03T00:00:00.000,2023-04-03,STRAY,FIELD,TREATABLE/MANAGEABLE,SANTA ROSA
DOG,GOLDEN RETR,GOLD,Female,,2023-04-03,STRAY,FIELD,UNKNOWN,COUNTY
DOG,GOLDEN RETR,GOLD,Female,,2023-04-03,STRAY,FIELD,UNKNOWN,COUNTY
DOG,SIBERIAN HUSKY/MIX,BROWN/WHITE,Female,,2023-04-03,STRAY,FIELD,UNKNOWN,SANTA ROSA
DOG,GERM SHEPHERD/MIX,TAN,Spayed,2020-04-26T00:00:00.000,2023-04-03,STRAY,FIELD,HEALTHY,SANTA ROSA
DOG,SIBERIAN HUSKY/MIX,BLACK/WHITE,Spayed,2021-04-27T00:00:00.000,2023-04-03,STRAY,FIELD,HEALTHY,SANTA ROSA
DOG,GERM SHEPHERD/MIX,BROWN/WHITE,Neutered,2022-12-03T00:00:00.000,2023-04-03,STRAY,FIELD,HEALTHY,SANTA ROSA
DOG,GERM SHEPHERD/MIX,BLACK/WHITE,Spayed,2022-12-03T00:00:00.000,2023-04-03,STRAY,FIELD,HEALTHY,SANTA ROSA
DOG,SIBERIAN HUSKY/MIX,BROWN/WHITE,Female,,2023-04-04,STRAY,FIELD,HEALTHY,SANTA ROSA
DOG,SIBERIAN HUSKY,BLACK,Neutered,,2023-04-04,STRAY,FIELD,HEALTHY,SANTA ROSA
DOG,GERM SHEPHERD/MIX,BLACK/TAN,Female,2023-01-04T00:00:00.000,2023-04-04,STRAY,OVER THE COUNTER,UNKNOWN,COUNTY
DOG,CHIHUAHUA SH,BROWN,Spayed,2022-04-21T00:00:00.000,2023-04-04,STRAY,OVER THE COUNTER,TREATABLE/REHAB,SANTA ROSA
CAT,DOMESTIC SH,BLACK,Neutered,2023-03-04T00:00:00.000,2023-04-04,STRAY,OVER THE COUNTER,UNKNOWN,SANTA ROSA
DOG,CHIHUAHUA SH/MIX,RED,Neutered,2019-05-01T00:00:00.000,2023-04-04,STRAY,OVER THE COUNTER,HEALTHY,SANTA ROSA
DOG,GERM SHEPHERD,RED/BLACK,Spayed,2020-04-11T00:00:00.000,2023-04-05,STRAY,OVER THE COUNTER,UNKNOWN,COUNTY
DOG,LABRADOR RETR/PIT BULL,BROWN/WHITE,Spayed,2016-04-26T00:00:00.000,2023-04-05,CONFISCATE,FLD_ARREST,UNKNOWN,SANTA ROSA
DOG,GERM SHEPHERD,TAN/BLACK,Spayed,2019-05-09T00:00:00.000,2023-04-05,CONFISCATE,FLD_ARREST,HEALTHY,SANTA ROSA
CAT,DOMESTIC SH,WHITE/BRN TABBY,Neutered,2021-10-05T00:00:00.000,2023-04-05,STRAY,FIELD,HEALTHY,SANTA ROSA
OTHER,BAT,BROWN,Unknown,,2023-04-05,QUARANTINE,FIELD,UNKNOWN,SANTA ROSA
CAT,DOMESTIC SH,TORTIE/BRN TABBY,Female,2010-04-05T00:00:00.000,2023-04-05,STRAY,FIELD,UNKNOWN,COUNTY
DOG,CHIHUAHUA SH/MIX,WHITE/TAN,Neutered,2012-06-15T00:00:00.000,2023-04-05,STRAY,FIELD,UNKNOWN,COUNTY
DOG,PIT BULL/MIX,BROWN,Neutered,2021-04-08T00:00:00.000,2023-04-05,CONFISCATE,FLD_HOSPTL,UNKNOWN,SANTA ROSA
OTHER,PIGEON,GRAY,Unknown,,2023-04-05,STRAY,OVER THE COUNTER,UNKNOWN,SANTA ROSA
CAT,DOMESTIC SH,BRN TABBY,Male,2020-04-06T00:00:00.000,2023-04-06,STRAY,FIELD,UNKNOWN,COUNTY
OTHER,BAT,BROWN,Unknown,,2023-04-06,QUARANTINE,FIELD,UNKNOWN,SANTA ROSA
DOG,FOX TERR WIRE,TAN,Female,2022-06-06T00:00:00.000,2023-04-06,STRAY,FIELD,UNKNOWN,SANTA ROSA
DOG,ENG BULLDOG,GRAY/WHITE,Spayed,2015-04-14T00:00:00.000,2023-04-06,STRAY,FIELD,TREATABLE/REHAB,SANTA ROSA
DOG,GERM SHEPHERD,TAN/BLACK,Male,2015-12-21T00:00:00.000,2023-04-06,STRAY,FIELD,UNKNOWN,SANTA ROSA
DOG,GERM SHEPHERD/MIX,BLACK,Male,2022-04-04T00:00:00.000,2023-04-06,STRAY,FIELD,UNKNOWN,COUNTY
DOG,DOBERMAN PINSCH,RED/TAN,Male,2022-09-04T00:00:00.000,2023-04-06,STRAY,FIELD,UNKNOWN,COUNTY
DOG,GERM SHEPHERD/MIX,BLACK,Male,,2023-04-06,STRAY,FIELD,UNKNOWN,SANTA ROSA
DOG,SIBERIAN HUSKY,BLACK/WHITE,Neutered,2021-04-06T00:00:00.000,2023-04-06,STRAY,FIELD,UNKNOWN,COUNTY
OTHER,BAT,BROWN,Male,,2023-04-06,QUARANTINE,FIELD,UNKNOWN,SANTA ROSA
DOG,GERM SHEPHERD/MIX,BLACK/TAN,Female,2021-04-07T00:00:00.000,2023-04-07,STRAY,FIELD,UNKNOWN,SANTA ROSA
DOG,SAMOYED,WHITE,Female,2021-04-07T00:00:00.000,2023-04-07,STRAY,OVER THE COUNTER,UNKNOWN,SANTA ROSA
OTHER,BAT,BROWN,Unknown,,2023-04-07,QUARANTINE,FIELD,UNKNOWN,COUNTY
CAT,DOMESTIC SH,BLACK,Female,2005-04-08T00:00:00.000,2023-04-08,STRAY,FLD_STRAY,UNKNOWN,COUNTY
CAT,DOMESTIC SH,SLVR TABBY,Spayed,2021-04-08T00:00:00.000,2023-04-08,STRAY,OVER THE COUNTER,HEALTHY,SANTA ROSA
DOG,ALASKAN HUSKY,WHITE/RED,Spayed,2022-07-28T00:00:00.000,2023-04-08,STRAY,FIELD,HEALTHY,COUNTY
CAT,DOMESTIC MH,BLACK,Neutered,2021-10-21T00:00:00.000,2023-04-08,STRAY,FLD_STRAY,HEALTHY,COUNTY
CAT,DOMESTIC SH,BLACK/WHITE,Female,2023-03-25T00:00:00.000,2023-04-08,STRAY,OVER THE COUNTER,UNKNOWN,SANTA ROSA
CAT,DOMESTIC SH,BLACK/WHITE,Female,2023-03-25T00:00:00.000,2023-04-08,STRAY,OVER THE COUNTER,UNKNOWN,SANTA ROSA
CAT,DOMESTIC SH,BLACK/WHITE,Male,2023-03-25T00:00:00.000,2023-04-08,STRAY,OVER THE COUNTER,UNKNOWN,SANTA ROSA
CAT,DOMESTIC SH,BLACK,Male,2023-03-25T00:00:00.000,2023-04-08,STRAY,OVER THE COUNTER,UNKNOWN,SANTA ROSA
CAT,DOMESTIC SH,BLACK,Female,2021-04-08T00:00:00.000,2023-04-08,STRAY,OVER THE COUNTER,UNKNOWN,SANTA ROSA
CAT,DOMESTIC SH,BLACK,Female,2023-03-25T00:00:00.000,2023-04-08,STRAY,OVER THE COUNTER,UNKNOWN,SANTA ROSA
CAT,DOMESTIC SH,BLACK,Female,,2023-04-08,STRAY,OVER THE COUNTER,UNKNOWN,SANTA ROSA
CAT,DOMESTIC SH,BLACK/WHITE,Unknown,,2023-04-08,STRAY,OVER THE COUNTER,UNKNOWN,SANTA ROSA
DOG,LABRADOR RETR/MIX,BLACK/WHITE,Female,2021-11-07T00:00:00.000,2023-04-08,STRAY,OVER THE COUNTER,UNKNOWN,COUNTY
DOG,SIBERIAN HUSKY,BLACK/WHITE,Neutered,2021-04-06T00:00:00.000,2023-04-08,OWNER SURRENDER,OVER THE COUNTER,HEALTHY,COUNTY
OTHER,BAT,BROWN,Unknown,,2023-04-08,QUARANTINE,FIELD,UNKNOWN,COUNTY
DOG,DOGO ARGENTINO,WHITE/BLACK,Female,2020-04-12T00:00:00.000,2023-04-09,CONFISCATE,FLD_ARREST,HEALTHY,SANTA ROSA
OTHER,BAT,BROWN,Unknown,,2023-04-09,QUARANTINE,FIELD,UNKNOWN,COUNTY
DOG,AUST CATTLE DOG,BLUE MERLE/BLACK,Male,,2023-04-10,QUARANTINE,FIELD,UNKNOWN,COUNTY
OTHER,PEAFOWL,TRICOLOR,Male,,2023-04-10,STRAY,FIELD,UNKNOWN,COUNTY
DOG,AUST CATTLE DOG/MIX,WHITE/BROWN,Spayed,2019-05-09T00:00:00.000,2023-04-10,STRAY,FIELD,HEALTHY,SANTA ROSA
CAT,DOMESTIC SH,BLUE CREAM/TORTIE,Spayed,,2023-04-11,STRAY,OVER THE COUNTER,UNKNOWN,SANTA ROSA
DOG,GERM SHEPHERD/MIX,BR BRINDLE,Spayed,2011-02-01T00:00:00.000,2023-04-11,STRAY,OVER THE COUNTER,UNKNOWN,SANTA ROSA
CAT,DOMESTIC SH,CHOCOLATE,Neutered,2021-10-11T00:00:00.000,2023-04-11,STRAY,FIELD,HEALTHY,SANTA ROSA
OTHER,BAT/MEX FREE-TAIL,BROWN,Unknown,,2023-04-11,QUARANTINE,FIELD,UNKNOWN,COUNTY
DOG,GERM SHEPHERD/MIX,BROWN/BLACK,Spayed,2022-02-21T00:00:00.000,2023-04-11,STRAY,FIELD,UNKNOWN,SANTA ROSA
DOG,PIT BULL,WHITE/GRAY,Male,2022-04-14T00:00:00.000,2023-04-11,STRAY,FIELD,UNKNOWN,SANTA ROSA
CAT,DOMESTIC LH,BLACK,Neutered,2021-04-17T00:00:00.000,2023-04-11,STRAY,OVER THE COUNTER,HEALTHY,SANTA ROSA
CAT,DOMESTIC SH,BLACK,Neutered,2020-04-12T00:00:00.000,2023-04-12,STRAY,OVER THE COUNTER,TREATABLE/MANAGEABLE,COUNTY
OTHER,BAT/MEX FREE-TAIL,BROWN,Unknown,,2023-04-12,QUARANTINE,FIELD,UNKNOWN,COUNTY
CAT,DOMESTIC SH,BRN TABBY/CALICO,Spayed,2021-10-12T00:00:00.000,2023-04-12,STRAY,OVER THE COUNTER,HEALTHY,COUNTY
CAT,DOMESTIC SH,ORANGE,Neutered,2023-03-02T00:00:00.000,2023-04-12,STRAY,OVER THE COUNTER,UNKNOWN,COUNTY
OTHER,DOVE,WHITE,Unknown,,2023-04-12,STRAY,OVER THE COUNTER,UNKNOWN,SANTA ROSA
CAT,DOMESTIC SH,BRN TABBY,Unknown,2023-03-13T00:00:00.000,2023-04-13,STRAY,EMAIL,TREATABLE/REHAB,SANTA ROSA
CAT,DOMESTIC SH,BRN TABBY,Unknown,2023-03-13T00:00:00.000,2023-04-13,STRAY,EMAIL,TREATABLE/REHAB,SANTA ROSA
CAT,DOMESTIC SH,BRN TABBY,Unknown,2023-03-13T00:00:00.000,2023-04-13,STRAY,EMAIL,TREATABLE/REHAB,SANTA ROSA
CAT,DOMESTIC SH,BRN TABBY,Unknown,2023-03-13T00:00:00.000,2023-04-13,STRAY,EMAIL,TREATABLE/REHAB,SANTA ROSA
CAT,DOMESTIC SH,BRN TABBY,Unknown,2023-03-13T00:00:00.000,2023-04-13,STRAY,EMAIL,TREATABLE/REHAB,SANTA ROSA
CAT,DOMESTIC SH,BRN TABBY,Unknown,2023-03-13T00:00:00.000,2023-04-13,STRAY,EMAIL,TREATABLE/REHAB,SANTA ROSA
DOG,PIT BULL,BLACK/WHITE,Neutered,2023-03-03T00:00:00.000,2023-04-13,STRAY,OVER THE COUNTER,HEALTHY,SANTA ROSA
DOG,WELSH CORGI CAR/MIX,BR BRINDLE,Neutered,2009-11-13T00:00:00.000,2023-04-13,STRAY,FIELD,UNKNOWN,COUNTY
CAT,DOMESTIC SH,BLACK,Neutered,2022-04-13T00:00:00.000,2023-04-13,STRAY,OVER THE COUNTER,HEALTHY,SANTA ROSA
CAT,DOMESTIC SH,BRN TABBY/WHITE,Neutered,2022-04-13T00:00:00.000,2023-04-13,STRAY,OVER THE COUNTER,HEALTHY,SANTA ROSA
CAT,DOMESTIC SH,BRN TABBY,Neutered,2022-04-13T00:00:00.000,2023-04-13,STRAY,OVER THE COUNTER,HEALTHY,SANTA ROSA
OTHER,DOVE,WHITE,Unknown,,2023-04-13,STRAY,FIELD,UNKNOWN,COUNTY
DOG,SIBERIAN HUSKY,WHITE/BLACK,Spayed,2022-03-11T00:00:00.000,2023-04-13,STRAY,OVER THE COUNTER,UNKNOWN,SANTA ROSA
DOG,SHIH TZU,WHITE/BLACK,Neutered,2019-04-14T00:00:00.000,2023-04-13,STRAY,FIELD,UNKNOWN,SANTA ROSA
DOG,DACHSHUND/CHIHUAHUA SH,BLACK/TAN,Female,2013-11-22T00:00:00.000,2023-04-13,STRAY,OVER THE COUNTER,UNKNOWN,SANTA ROSA
DOG,PIT BULL,GRAY,Male,,2023-04-13,STRAY,OVER THE COUNTER,UNKNOWN,SANTA ROSA
DOG,BRUSS GRIFFON/MIX,CHOCOLATE/WHITE,Neutered,2021-10-14T00:00:00.000,2023-04-14,STRAY,FIELD,HEALTHY,SANTA ROSA
OTHER,GUINEA PIG,BROWN/WHITE,Female,2022-05-01T00:00:00.000,2023-04-14,STRAY,FIELD,HEALTHY,SANTA ROSA
OTHER,GUINEA PIG,BROWN/WHITE,Female,2022-05-01T00:00:00.000,2023-04-14,STRAY,FIELD,HEALTHY,SANTA ROSA
OTHER,GUINEA PIG,AGOUTI,Female,2021-05-01T00:00:00.000,2023-04-14,STRAY,FIELD,HEALTHY,SANTA ROSA
OTHER,BAT/MEX FREE-TAIL,BROWN,Unknown,,2023-04-14,QUARANTINE,FIELD,UNKNOWN,SANTA ROSA
CAT,DOMESTIC SH,BRN TABBY/WHITE,Neutered,2022-04-14T00:00:00.000,2023-04-14,OWNER SURRENDER,OVER THE COUNTER,HEALTHY,SANTA ROSA
CAT,DOMESTIC MH,BLACK/WHITE,Neutered,2022-04-14T00:00:00.000,2023-04-14,OWNER SURRENDER,OVER THE COUNTER,HEALTHY,SANTA ROSA
OTHER,BAT,BROWN,Male,,2023-04-14,QUARANTINE,FIELD,UNKNOWN,COUNTY
OTHER,HORSE,RED,Female,,2023-04-15,STRAY,FIELD,UNKNOWN,SANTA ROSA
DOG,ANATOL SHEPHERD/MIX,TAN/BLACK,Neutered,2021-01-06T00:00:00.000,2023-04-15,ADOPTION RETURN,OVER THE COUNTER,HEALTHY,*ROHNERT PARK
OTHER,GUINEA PIG,SILVER,Male,2021-04-15T00:00:00.000,2023-04-15,STRAY,OVER THE COUNTER,HEALTHY,COUNTY
DOG,CHIHUAHUA SH/MIX,WHITE/BROWN,Neutered,2021-04-15T00:00:00.000,2023-04-15,STRAY,OVER THE COUNTER,HEALTHY,SANTA ROSA
DOG,GOLDEN RETR/MIX,GOLD/WHITE,Neutered,2019-05-01T00:00:00.000,2023-04-15,STRAY,FIELD,UNKNOWN,SANTA ROSA
CAT,DOMESTIC SH,BLACK,Unknown,2023-04-15T00:00:00.000,2023-04-15,BORN HERE,MOM STRAY,UNKNOWN,COUNTY
CAT,DOMESTIC SH,BLACK,Unknown,2023-04-15T00:00:00.000,2023-04-15,BORN HERE,MOM STRAY,UNKNOWN,COUNTY
CAT,DOMESTIC SH,BLACK,Unknown,2023-04-15T00:00:00.000,2023-04-15,BORN HERE,MOM STRAY,UNKNOWN,COUNTY
DOG,PIT BULL/MIX,WHITE/BLACK,Male,,2023-04-15,STRAY,FIELD,UNKNOWN,SANTA ROSA
OTHER,BAT,BROWN,Unknown,,2023-04-16,QUARANTINE,FIELD,UNKNOWN,SANTA ROSA
DOG,FRENCH BULLDOG,GRAY/WHITE,Male,2021-01-01T00:00:00.000,2023-04-16,STRAY,FIELD,HEALTHY,SANTA ROSA
DOG,AUST SHEPHERD/MIX,TRICOLOR,Spayed,2018-09-26T00:00:00.000,2023-04-17,STRAY,FIELD,HEALTHY,SANTA ROSA
DOG,PIT BULL/MIX,BR BRINDLE/WHITE,Male,,2023-04-17,STRAY,FIELD,HEALTHY,SANTA ROSA
DOG,GERM SHEPHERD,BROWN/BLACK,Spayed,2018-05-25T00:00:00.000,2023-04-17,STRAY,FIELD,HEALTHY,COUNTY
DOG,GERM SHEPHERD/BEAGLE,BROWN/BLACK,Spayed,2022-05-04T00:00:00.000,2023-04-17,STRAY,FIELD,HEALTHY,SANTA ROSA
OTHER,BAT,BROWN,Unknown,,2023-04-17,QUARANTINE,FIELD,UNKNOWN,COUNTY
DOG,PIT BULL/MIX,WHITE/BLACK,Female,,2023-04-18,STRAY,FIELD,UNKNOWN,COUNTY
DOG,PIT BULL/LABRADOR RETR,BR BRINDLE,Spayed,,2023-04-18,STRAY,FIELD,UNKNOWN,COUNTY
DOG,GREAT PYRENEES,WHITE,Male,2021-04-17T00:00:00.000,2023-04-18,STRAY,FIELD,UNKNOWN,COUNTY
DOG,DACHSHUND/MIX,BROWN,Spayed,2015-10-23T00:00:00.000,2023-04-18,STRAY,FIELD,UNKNOWN,SANTA ROSA
DOG,LABRADOR RETR,BLACK,Male,2016-04-18T00:00:00.000,2023-04-18,STRAY,FIELD,UNKNOWN,COUNTY
CAT,DOMESTIC SH,WHITE/BRN TABBY,Spayed,2021-06-07T00:00:00.000,2023-04-18,STRAY,OVER THE COUNTER,UNKNOWN,SANTA ROSA
DOG,CHIHUAHUA SH,BROWN,Neutered,2018-04-18T00:00:00.000,2023-04-18,OWNER SURRENDER,OVER THE COUNTER,UNKNOWN,SANTA ROSA
DOG,POODLE MIN/MIX,CREAM,Neutered,2012-04-19T00:00:00.000,2023-04-19,STRAY,FIELD,UNKNOWN,COUNTY
CAT,DOMESTIC SH,BLACK/WHITE,Spayed,2021-05-16T00:00:00.000,2023-04-19,STRAY,FIELD,HEALTHY,COUNTY
OTHER,BAT,BROWN,Unknown,,2023-04-19,QUARANTINE,FIELD,UNKNOWN,SANTA ROSA
DOG,PIT BULL,TAN,Spayed,2021-09-23T00:00:00.000,2023-04-20,STRAY,PHONE,UNKNOWN,SANTA ROSA
DOG,BOSTON TERRIER,BLACK,Neutered,2014-11-17T00:00:00.000,2023-04-20,QUARANTINE,FIELD,UNKNOWN,SANTA ROSA
DOG,BOSTON TERRIER,BLACK,Neutered,2021-09-20T00:00:00.000,2023-04-20,QUARANTINE,FIELD,UNKNOWN,SANTA ROSA
CAT,DOMESTIC SH,GRAY TABBY,Neutered,2022-10-06T00:00:00.000,2023-04-20,STRAY,OVER THE COUNTER,TREATABLE/MANAGEABLE,SANTA ROSA
DOG,PAPILLON/MIX,RED/WHITE,Female,,2023-04-20,STRAY,FIELD,HEALTHY,SANTA ROSA
DOG,SHIH TZU/MIX,BLACK/WHITE,Spayed,2020-05-09T00:00:00.000,2023-04-21,STRAY,FIELD,HEALTHY,COUNTY
DOG,PIT BULL,RED MERLE/WHITE,Male,2022-08-25T00:00:00.000,2023-04-21,STRAY,FIELD,UNKNOWN,SANTA ROSA
DOG,ROTTWEILER,BLACK/TAN,Male,,2023-04-21,CONFISCATE,FLD_ARREST,UNKNOWN,COUNTY
CAT,DOMESTIC SH,GRAY TABBY,Female,2011-04-21T00:00:00.000,2023-04-21,OWNER SURRENDER,OVER THE COUNTER,UNKNOWN,WINDSOR
CAT,DOMESTIC SH,TRICOLOR,Spayed,2020-10-16T00:00:00.000,2023-04-21,STRAY,FIELD,UNKNOWN,SANTA ROSA
DOG,CHIHUAHUA SH/MIX,RED,Spayed,2022-05-18T00:00:00.000,2023-04-21,STRAY,FIELD,HEALTHY,COUNTY
DOG,SIBERIAN HUSKY/MIX,BLACK/WHITE,Spayed,2022-11-29T00:00:00.000,2023-04-21,ADOPTION RETURN,OVER THE COUNTER,UNKNOWN,COUNTY
DOG,CHIHUAHUA LH,BLACK/BROWN,Spayed,2020-05-12T00:00:00.000,2023-04-21,STRAY,FIELD,HEALTHY,COUNTY
OTHER,FOX,GRAY,Unknown,,2023-04-21,STRAY,FIELD,UNKNOWN,COUNTY
OTHER,QUAIL,BLACK/BROWN,Unknown,,2023-04-21,STRAY,OVER THE COUNTER,UNKNOWN,SANTA ROSA
DOG,PARSON RUSS TER/MIX,WHITE/BROWN,Female,2017-04-22T00:00:00.000,2023-04-22,CONFISCATE,FLD_HOSPTL,UNKNOWN,SANTA ROSA
DOG,PARSON RUSS TER,WHITE,Neutered,2017-01-10T00:00:00.000,2023-04-22,STRAY,OVER THE COUNTER,UNKNOWN,COUNTY
DOG,PARSON RUSS TER,BROWN/WHITE,Neutered,2014-04-22T00:00:00.000,2023-04-22,STRAY,OVER THE COUNTER,UNKNOWN,COUNTY
DOG,PIT BULL/MIX,BLACK/BR BRINDLE,Male,2016-04-22T00:00:00.000,2023-04-22,STRAY,OVER THE COUNTER,UNKNOWN,SANTA ROSA
DOG,GERM SHEPHERD/MIX,TAN/BLACK,Female,,2023-04-22,STRAY,OVER THE COUNTER,UNKNOWN,COUNTY
CAT,SIAMESE,FLAME PT,Neutered,2023-03-07T00:00:00.000,2023-04-22,STRAY,OVER THE COUNTER,HEALTHY,COUNTY
CAT,DOMESTIC SH,BRN TABBY/WHITE,Neutered,2023-05-04T00:00:00.000,2023-04-22,BORN HERE,MOM STRAY,UNKNOWN,SANTA ROSA
CAT,DOMESTIC SH,BLUE CREAM,Spayed,2023-05-04T00:00:00.000,2023-04-22,BORN HERE,MOM STRAY,UNKNOWN,SANTA ROSA
CAT,DOMESTIC SH,BLACK/WHITE,Neutered,2023-05-04T00:00:00.000,2023-04-22,BORN HERE,MOM STRAY,UNKNOWN,SANTA ROSA
CAT,DOMESTIC SH,CALICO,Spayed,2023-05-04T00:00:00.000,2023-04-22,BORN HERE,MOM STRAY,UNKNOWN,SANTA ROSA
CAT,DOMESTIC SH,GRAY/WHITE,Spayed,2023-05-04T00:00:00.000,2023-04-22,BORN HERE,MOM STRAY,UNKNOWN,SANTA ROSA
DOG,CHIHUAHUA SH,WHITE,Spayed,2009-04-25T00:00:00.000,2023-04-22,STRAY,OVER THE COUNTER,UNKNOWN,SANTA ROSA
DOG,BOSTON TERRIER,BLACK/WHITE,Neutered,2009-10-29T00:00:00.000,2023-04-22,STRAY,OVER THE COUNTER,UNKNOWN,SANTA ROSA
DOG,CHIHUAHUA SH,BROWN,Neutered,2009-04-25T00:00:00.000,2023-04-24,STRAY,FIELD,UNKNOWN,COUNTY
DOG,GERM SHEPHERD,BLACK/TAN,Spayed,2021-11-18T00:00:00.000,2023-04-24,STRAY,FIELD,HEALTHY,SANTA ROSA
CAT,DOMESTIC SH,BLACK,Male,,2023-04-24,STRAY,FIELD,UNKNOWN,SANTA ROSA
DOG,GERM SHEPHERD/ALASKAN HUSKY,TAN/BROWN,Male,,2023-04-24,STRAY,FIELD,UNKNOWN,COUNTY
DOG,GERM SHEPHERD/PIT BULL,TRICOLOR,Neutered,2019-10-07T00:00:00.000,2023-04-24,QUARANTINE,FIELD,UNKNOWN,SANTA ROSA
DOG,AUST SHEPHERD/MIX,TAN/WHITE,Spayed,2018-03-09T00:00:00.000,2023-04-25,STRAY,FIELD,UNKNOWN,COUNTY
DOG,SIBERIAN HUSKY,BLACK/WHITE,Male,,2023-04-25,STRAY,FIELD,UNKNOWN,SANTA ROSA
DOG,SIBERIAN HUSKY/MIX,WHITE/BLACK,Female,,2023-04-25,STRAY,FIELD,UNKNOWN,SANTA ROSA
CAT,DOMESTIC SH,ORG TABBY,Neutered,,2023-04-25,STRAY,FIELD,UNTREATABLE,SANTA ROSA
OTHER,SHEEP,WHITE/BLACK,Unknown,2023-04-24T00:00:00.000,2023-04-25,BORN HERE,MOM STRAY,UNKNOWN,COUNTY
DOG,POODLE MIN,WHITE,Neutered,,2023-04-25,STRAY,FIELD,UNKNOWN,SANTA ROSA
DOG,AUST CATTLE DOG/MIX,TRICOLOR,Spayed,2022-07-25T00:00:00.000,2023-04-25,STRAY,OVER THE COUNTER,HEALTHY,SANTA ROSA
DOG,MALTESE,WHITE,Neutered,2020-05-08T00:00:00.000,2023-04-25,STRAY,OVER THE COUNTER,TREATABLE/MANAGEABLE,SANTA ROSA
DOG,POODLE MIN,WHITE,Female,,2023-04-25,STRAY,OVER THE COUNTER,UNKNOWN,SANTA ROSA
DOG,PIT BULL,GRAY,Male,,2023-04-26,STRAY,FIELD,UNKNOWN,SANTA ROSA
CAT,DOMESTIC SH,BLACK/WHITE,Spayed,2018-04-27T00:00:00.000,2023-04-27,OWNER SURRENDER,OVER THE COUNTER,HEALTHY,*SONOMA
CAT,DOMESTIC SH,BLACK/WHITE,Neutered,2018-04-27T00:00:00.000,2023-04-27,OWNER SURRENDER,OVER THE COUNTER,HEALTHY,*SONOMA
CAT,DOMESTIC SH,BRN TABBY,Spayed,2022-04-27T00:00:00.000,2023-04-27,STRAY,OVER THE COUNTER,HEALTHY,SANTA ROSA
CAT,DOMESTIC SH,ORG TABBY/WHITE,Male,2021-04-27T00:00:00.000,2023-04-27,STRAY,OVER THE COUNTER,UNKNOWN,SANTA ROSA
DOG,DACHSHUND,BLACK/TAN,Neutered,,2023-04-27,STRAY,FIELD,UNKNOWN,SANTA ROSA
CAT,SIAMESE,LYNX PT,Female,2021-04-27T00:00:00.000,2023-04-27,STRAY,OVER THE COUNTER,UNKNOWN,SANTA ROSA
CAT,DOMESTIC SH,ORANGE/WHITE,Male,2023-04-18T00:00:00.000,2023-04-27,STRAY,OVER THE COUNTER,UNKNOWN,SANTA ROSA
CAT,DOMESTIC SH,ORANGE/WHITE,Male,2023-04-18T00:00:00.000,2023-04-27,STRAY,OVER THE COUNTER,UNKNOWN,SANTA ROSA
CAT,DOMESTIC SH,TORTIE/BRN TABBY,Female,2023-04-18T00:00:00.000,2023-04-27,STRAY,OVER THE COUNTER,UNKNOWN,SANTA ROSA
CAT,DOMESTIC SH,BRN TABBY/WHITE,Unknown,2023-04-18T00:00:00.000,2023-04-27,STRAY,OVER THE COUNTER,UNKNOWN,SANTA ROSA
CAT,DOMESTIC SH,BRN TABBY,Male,2023-04-18T00:00:00.000,2023-04-27,STRAY,OVER THE COUNTER,UNKNOWN,SANTA ROSA
CAT,DOMESTIC SH,BRN TABBY,Female,2023-04-18T00:00:00.000,2023-04-27,STRAY,OVER THE COUNTER,UNKNOWN,SANTA ROSA
CAT,DOMESTIC SH,BRN TABBY,Male,2023-04-18T00:00:00.000,2023-04-27,STRAY,OVER THE COUNTER,UNKNOWN,SANTA ROSA
DOG,SIBERIAN HUSKY,WHITE,Female,2021-04-28T00:00:00.000,2023-04-28,STRAY,OVER THE COUNTER,HEALTHY,COUNTY
CAT,DOMESTIC SH,GRAY,Male,2020-04-28T00:00:00.000,2023-04-28,STRAY,OVER THE COUNTER,UNKNOWN,SANTA ROSA
CAT,DOMESTIC SH,BLACK,Unknown,2023-04-13T00:00:00.000,2023-04-28,STRAY,EMAIL,TREATABLE/REHAB,SANTA ROSA
CAT,DOMESTIC SH,BLACK,Unknown,2023-04-13T00:00:00.000,2023-04-28,STRAY,EMAIL,TREATABLE/REHAB,SANTA ROSA
CAT,DOMESTIC SH,BLACK,Unknown,2023-04-13T00:00:00.000,2023-04-28,STRAY,EMAIL,TREATABLE/REHAB,SANTA ROSA
CAT,DOMESTIC SH,GRAY,Unknown,2023-04-13T00:00:00.000,2023-04-28,STRAY,EMAIL,TREATABLE/REHAB,SANTA ROSA
CAT,DOMESTIC SH,GRAY,Unknown,2023-04-13T00:00:00.000,2023-04-28,STRAY,EMAIL,TREATABLE/REHAB,SANTA ROSA
CAT,DOMESTIC SH,GRAY/WHITE,Unknown,2023-04-13T00:00:00.000,2023-04-28,STRAY,EMAIL,TREATABLE/REHAB,SANTA ROSA
CAT,DOMESTIC SH,BLACK/WHITE,Unknown,2023-04-13T00:00:00.000,2023-04-28,STRAY,EMAIL,TREATABLE/REHAB,SANTA ROSA
CAT,DOMESTIC MH,BUFF/WHITE,Neutered,2021-05-08T00:00:00.000,2023-04-28,STRAY,OVER THE COUNTER,HEALTHY,COUNTY
OTHER,BAT,BROWN,Unknown,,2023-04-28,QUARANTINE,OVER THE COUNTER,UNKNOWN,COUNTY
DOG,CAIRN TERRIER/MIX,TRICOLOR,Female,,2023-04-28,STRAY,OVER THE COUNTER,UNKNOWN,SANTA ROSA
DOG,DOGO ARGENTINO,WHITE/BLACK,Female,2020-04-12T00:00:00.000,2023-04-28,CONFISCATE,FLD_ARREST,UNKNOWN,SANTA ROSA
OTHER,PARAKEET,YELLOW/GREEN,Female,2022-05-12T00:00:00.000,2023-04-29,STRAY,OVER THE COUNTER,HEALTHY,SANTA ROSA
CAT,DOMESTIC MH,BLACK,Male,,2023-04-29,QUARANTINE,FIELD,UNKNOWN,SANTA ROSA
DOG,GERM SHEPHERD,BLACK/TAN,Male,2021-06-24T00:00:00.000,2023-04-29,OWNER SURRENDER,OVER THE COUNTER,UNKNOWN,COUNTY
DOG,ALASKAN HUSKY,WHITE/GRAY,Neutered,2021-11-19T00:00:00.000,2023-05-01,STRAY,FIELD,HEALTHY,COUNTY
DOG,PIT BULL,BROWN/WHITE,Spayed,2023-01-18T00:00:00.000,2023-05-01,STRAY,FIELD,HEALTHY,SANTA ROSA
CAT,DOMESTIC SH,GRAY TABBY,Male,,2023-05-01,STRAY,FIELD,UNKNOWN,SANTA ROSA
CAT,DOMESTIC SH,GRAY TABBY,Unknown,2023-04-28T00:00:00.000,2023-05-01,STRAY,OVER THE COUNTER,UNTREATABLE,SANTA ROSA
DOG,BLACK MOUTH CUR,BR BRINDLE,Neutered,2014-05-02T00:00:00.000,2023-05-02,STRAY,FIELD,UNKNOWN,SANTA ROSA
DOG,YORKSHIRE TERR/MIX,BLACK,Spayed,2012-05-19T00:00:00.000,2023-05-02,STRAY,OVER THE COUNTER,UNKNOWN,SANTA ROSA
DOG,ALASKAN HUSKY/MIX,BROWN/WHITE,Male,,2023-05-02,STRAY,FIELD,UNKNOWN,SANTA ROSA
DOG,GERM SHEPHERD/MIX,BLACK/TAN,Female,2021-04-07T00:00:00.000,2023-05-02,STRAY,FIELD,UNKNOWN,SANTA ROSA
DOG,TR WALKER HOUND/MIX,BLACK/TAN,Neutered,2022-07-02T00:00:00.000,2023-05-02,STRAY,FIELD,HEALTHY,SANTA ROSA
DOG,GERM SHEPHERD,TAN/BLACK,Male,2019-05-03T00:00:00.000,2023-05-02,CONFISCATE,FLD_ARREST,UNKNOWN,COUNTY
DOG,GERM SHEPHERD,TAN/BLACK,Female,2021-05-03T00:00:00.000,2023-05-02,CONFISCATE,FLD_ARREST,UNKNOWN,COUNTY
DOG,GERM SHEPHERD,BLACK/TAN,Spayed,2022-03-06T00:00:00.000,2023-05-02,OWNER SURRENDER,FIELD,UNKNOWN,SANTA ROSA
DOG,GERM SHEPHERD,BLACK/TAN,Neutered,2021-10-17T00:00:00.000,2023-05-02,OWNER SURRENDER,FIELD,UNKNOWN,SANTA ROSA
DOG,SIBERIAN HUSKY/MIX,WHITE/TAN,Male,2022-02-03T00:00:00.000,2023-05-03,STRAY,OVER THE COUNTER,UNKNOWN,COUNTY
CAT,DOMESTIC SH,ORANGE,Male,,2023-05-03,STRAY,OVER THE COUNTER,UNKNOWN,COUNTY
DOG,PIT BULL/MIX,RED/WHITE,Spayed,2017-05-31T00:00:00.000,2023-05-03,STRAY,FIELD,HEALTHY,COUNTY
DOG,SAMOYED,WHITE,Neutered,2021-05-16T00:00:00.000,2023-05-03,STRAY,FIELD,HEALTHY,COUNTY
CAT,DOMESTIC SH,BRN TABBY/WHITE,Neutered,2018-05-03T00:00:00.000,2023-05-03,STRAY,OVER THE COUNTER,TREATABLE/MANAGEABLE,SANTA ROSA
CAT,DOMESTIC SH,TRICOLOR,Female,2018-05-03T00:00:00.000,2023-05-03,STRAY,OVER THE COUNTER,HEALTHY,SANTA ROSA
DOG,CHIHUAHUA LH/MIX,CREAM,Male,2021-05-04T00:00:00.000,2023-05-04,STRAY,OVER THE COUNTER,UNKNOWN,SANTA ROSA
OTHER,HORSE,BLACK,Male,,2023-05-04,STRAY,FIELD,UNKNOWN,SANTA ROSA
DOG,DACHSHUND/MIN PINSCHER,TRICOLOR,Female,2023-01-20T00:00:00.000,2023-05-04,STRAY,FIELD,UNKNOWN,SANTA ROSA
CAT,DOMESTIC SH,BUFF,Spayed,2013-02-12T00:00:00.000,2023-05-04,OWNER SURRENDER,OVER THE COUNTER,HEALTHY,SANTA ROSA
DOG,SIBERIAN HUSKY,GRAY/BLACK,Neutered,2020-07-13T00:00:00.000,2023-05-04,STRAY,OVER THE COUNTER,UNKNOWN,SANTA ROSA
DOG,CHIHUAHUA SH,WHITE,Neutered,2011-05-05T00:00:00.000,2023-05-04,STRAY,OVER THE COUNTER,UNKNOWN,SANTA ROSA
DOG,CHIHUAHUA SH/MIX,BLACK/WHITE,Spayed,2022-05-05T00:00:00.000,2023-05-05,STRAY,FLD_STRAY,HEALTHY,SANTA ROSA
DOG,LABRADOR RETR/MIX,BLACK,Neutered,2021-11-19T00:00:00.000,2023-05-05,STRAY,OVER THE COUNTER,HEALTHY,SANTA ROSA
DOG,PIT BULL/MIX,TAN,Male,2021-11-05T00:00:00.000,2023-05-05,STRAY,OVER THE COUNTER,UNKNOWN,SANTA ROSA
DOG,BEAGLE/MIX,BLACK/BROWN,Spayed,2022-08-05T00:00:00.000,2023-05-05,STRAY,OVER THE COUNTER,HEALTHY,SANTA ROSA
DOG,NEWFOUNDLAND/MIX,CHOCOLATE,Neutered,2022-06-03T00:00:00.000,2023-05-05,STRAY,FIELD,HEALTHY,SANTA ROSA
DOG,GREAT PYRENEES/LABRADOR RETR,WHITE,Male,2022-06-05T00:00:00.000,2023-05-05,STRAY,FIELD,UNKNOWN,COUNTY
DOG,GERM SHEPHERD,FAWN,Spayed,2017-07-04T00:00:00.000,2023-05-05,STRAY,OVER THE COUNTER,UNKNOWN,WINDSOR
CAT,DOMESTIC SH,ORG TABBY,Unknown,,2023-05-05,STRAY,OVER THE COUNTER,UNKNOWN,SANTA ROSA
DOG,AUST CATTLE DOG,BLACK/WHITE,Male,2020-11-12T00:00:00.000,2023-05-05,STRAY,OVER THE COUNTER,HEALTHY,SANTA ROSA
CAT,DOMESTIC MH,BRN TABBY/WHITE,Male,,2023-05-06,STRAY,FIELD,UNKNOWN,COUNTY
DOG,AUST SHEPHERD,BROWN/WHITE,Spayed,2017-12-06T00:00:00.000,2023-05-06,STRAY,FIELD,UNKNOWN,COUNTY
DOG,AUST SHEPHERD,BROWN/WHITE,Neutered,2021-09-09T00:00:00.000,2023-05-06,STRAY,FIELD,UNKNOWN,COUNTY
DOG,PIT BULL/MIX,WHITE/BROWN,Male,,2023-05-06,STRAY,OVER THE COUNTER,UNKNOWN,COUNTY
CAT,DOMESTIC SH,BRN TABBY,Spayed,2016-05-09T00:00:00.000,2023-05-07,STRAY,FLD_STRAY,UNKNOWN,COUNTY
DOG,CHIHUAHUA SH,TAN/WHITE,Spayed,2021-05-25T00:00:00.000,2023-05-08,STRAY,FIELD,HEALTHY,SANTA ROSA
DOG,GERM SHEPHERD/MIX,TAN/BLACK,Female,2022-03-15T00:00:00.000,2023-05-08,STRAY,FIELD,UNKNOWN,COUNTY
DOG,PIT BULL,GRAY/WHITE,Male,2018-04-16T00:00:00.000,2023-05-08,STRAY,FIELD,UNKNOWN,SANTA ROSA
DOG,POODLE MIN/MIX,TAN,Neutered,2021-03-01T00:00:00.000,2023-05-09,STRAY,FIELD,UNKNOWN,SANTA ROSA
CAT,DOMESTIC SH,GRAY TABBY,Spayed,2023-04-17T00:00:00.000,2023-05-09,STRAY,OVER THE COUNTER,UNKNOWN,SANTA ROSA
CAT,DOMESTIC SH,GRAY,Neutered,2023-04-17T00:00:00.000,2023-05-09,STRAY,OVER THE COUNTER,UNKNOWN,SANTA ROSA
CAT,DOMESTIC SH,GRAY TABBY,Spayed,2021-06-06T00:00:00.000,2023-05-09,CONFISCATE,FLD_EVICT,HEALTHY,COUNTY
DOG,CHIHUAHUA SH,WHITE/TAN,Male,2019-05-09T00:00:00.000,2023-05-09,STRAY,FIELD,UNKNOWN,SANTA ROSA
OTHER,BAT,BROWN,Unknown,,2023-05-09,QUARANTINE,FIELD,UNKNOWN,COUNTY
DOG,CATAHOULA/PIT BULL,RED MERLE/BLUE MERLE,Neutered,2021-12-13T00:00:00.000,2023-05-09,STRAY,OVER THE COUNTER,HEALTHY,SANTA ROSA
DOG,PIT BULL/MIX,GRAY,Neutered,2022-07-26T00:00:00.000,2023-05-09,STRAY,OVER THE COUNTER,HEALTHY,SANTA ROSA
DOG,PIT BULL/MIX,BROWN/WHITE,Neutered,2021-12-12T00:00:00.000,2023-05-10,STRAY,FIELD,UNKNOWN,COUNTY
DOG,GERM SHEPHERD,TAN/BLACK,Neutered,2021-05-10T00:00:00.000,2023-05-10,STRAY,FIELD,UNKNOWN,COUNTY
CAT,DOMESTIC SH,BLK TABBY,Neutered,2023-04-12T00:00:00.000,2023-05-10,STRAY,OVER THE COUNTER,UNKNOWN,SANTA ROSA
CAT,DOMESTIC SH,BLK TABBY,Spayed,2023-04-12T00:00:00.000,2023-05-10,STRAY,OVER THE COUNTER,UNKNOWN,SANTA ROSA
CAT,DOMESTIC SH,BLK TABBY,Neutered,2023-04-12T00:00:00.000,2023-05-10,STRAY,OVER THE COUNTER,UNKNOWN,SANTA ROSA
CAT,DOMESTIC SH,BLK TABBY,Neutered,2023-04-12T00:00:00.000,2023-05-10,STRAY,OVER THE COUNTER,UNKNOWN,SANTA ROSA
CAT,DOMESTIC SH,BLK TABBY,Neutered,2023-04-12T00:00:00.000,2023-05-10,STRAY,OVER THE COUNTER,UNKNOWN,SANTA ROSA
DOG,POODLE STND/MIX,WHITE,Male,,2023-05-10,STRAY,FIELD,UNKNOWN,SANTA ROSA
DOG,POODLE MIN/MIX,WHITE,Neutered,2018-12-24T00:00:00.000,2023-05-10,STRAY,FIELD,UNKNOWN,SANTA ROSA
DOG,CHIHUAHUA SH,TRICOLOR,Male,2022-11-10T00:00:00.000,2023-05-10,STRAY,FIELD,UNKNOWN,SANTA ROSA
DOG,SIBERIAN HUSKY/MIX,TAN/BLACK,Female,2022-12-31T00:00:00.000,2023-05-10,STRAY,FIELD,UNKNOWN,SANTA ROSA
DOG,AUST CATTLE DOG,TRICOLOR,Male,2022-05-11T00:00:00.000,2023-05-11,STRAY,FIELD,UNKNOWN,SANTA ROSA
DOG,PIT BULL,BROWN/TAN,Female,2021-01-27T00:00:00.000,2023-05-11,STRAY,FIELD,UNKNOWN,SANTA ROSA
CAT,DOMESTIC SH,BLUE CREAM,Female,2023-04-11T00:00:00.000,2023-05-11,STRAY,OVER THE COUNTER,UNKNOWN,COUNTY
CAT,SIAMESE/MIX,LILAC PT,Male,2023-04-11T00:00:00.000,2023-05-11,STRAY,OVER THE COUNTER,UNKNOWN,COUNTY
CAT,SIAMESE/MIX,LILAC PT,Male,2023-04-11T00:00:00.000,2023-05-11,STRAY,OVER THE COUNTER,UNKNOWN,COUNTY
CAT,SIAMESE/MIX,LILAC PT,Female,2023-04-11T00:00:00.000,2023-05-11,STRAY,OVER THE COUNTER,UNKNOWN,COUNTY
DOG,CHIHUAHUA SH/MIX,BLACK/WHITE,Spayed,2021-05-25T00:00:00.000,2023-05-11,STRAY,OVER THE COUNTER,HEALTHY,COUNTY
CAT,DOMESTIC SH,BRN TABBY,Neutered,2022-05-11T00:00:00.000,2023-05-11,CONFISCATE,FIELD,UNKNOWN,COUNTY
CAT,DOMESTIC LH,GRAY,Spayed,2014-04-24T00:00:00.000,2023-05-11,CONFISCATE,FLD_EVICT,UNKNOWN,SANTA ROSA
DOG,SHIH TZU/MIX,WHITE,Spayed,2011-05-11T00:00:00.000,2023-05-11,CONFISCATE,FLD_EVICT,UNKNOWN,SANTA ROSA
DOG,BULLDOG/MIX,TAN,Male,,2023-05-11,CONFISCATE,FIELD,UNKNOWN,COUNTY
DOG,PAPILLON/MIX,AGOUTI,Unknown,2023-05-12T00:00:00.000,2023-05-12,BORN HERE,MOM STRAY,UNKNOWN,COUNTY
DOG,PAPILLON/MIX,AGOUTI,Unknown,2023-05-12T00:00:00.000,2023-05-12,BORN HERE,MOM STRAY,UNKNOWN,COUNTY
DOG,PAPILLON/MIX,AGOUTI,Unknown,2023-05-12T00:00:00.000,2023-05-12,BORN HERE,MOM STRAY,UNKNOWN,COUNTY
DOG,PAPILLON/MIX,AGOUTI,Unknown,2023-05-12T00:00:00.000,2023-05-12,BORN HERE,MOM STRAY,UNKNOWN,COUNTY
DOG,PAPILLON/MIX,AGOUTI,Unknown,2023-05-12T00:00:00.000,2023-05-12,BORN HERE,MOM STRAY,UNKNOWN,COUNTY
DOG,PIT BULL,BLACK/TAN,Neutered,2011-06-02T00:00:00.000,2023-05-12,STRAY,FIELD,UNKNOWN,SANTA ROSA
CAT,DOMESTIC SH,CALICO,Spayed,2013-01-01T00:00:00.000,2023-05-12,STRAY,OVER THE COUNTER,UNKNOWN,SANTA ROSA
CAT,DOMESTIC SH,CALICO,Spayed,2023-04-01T00:00:00.000,2023-05-12,OWNER SURRENDER,OVER THE COUNTER,HEALTHY,SANTA ROSA
CAT,DOMESTIC SH,BLUE CREAM,Spayed,2023-04-01T00:00:00.000,2023-05-12,OWNER SURRENDER,OVER THE COUNTER,HEALTHY,SANTA ROSA
CAT,DOMESTIC LH,CALICO,Spayed,2023-04-01T00:00:00.000,2023-05-12,OWNER SURRENDER,OVER THE COUNTER,HEALTHY,SANTA ROSA
CAT,DOMESTIC LH,ORG TABBY,Neutered,2023-04-01T00:00:00.000,2023-05-12,OWNER SURRENDER,OVER THE COUNTER,HEALTHY,SANTA ROSA
CAT,DOMESTIC MH,CALICO,Spayed,2023-04-01T00:00:00.000,2023-05-12,OWNER SURRENDER,OVER THE COUNTER,HEALTHY,SANTA ROSA
CAT,DOMESTIC SH,TORTIE,Spayed,2023-04-01T00:00:00.000,2023-05-12,OWNER SURRENDER,OVER THE COUNTER,HEALTHY,SANTA ROSA
DOG,AUST CATTLE DOG,BLUE MERLE,Male,2021-11-13T00:00:00.000,2023-05-12,CONFISCATE,FLD_ARREST,UNKNOWN,SANTA ROSA
DOG,NORFOLK TERRIER/MIX,TAN,Neutered,2022-06-01T00:00:00.000,2023-05-13,STRAY,FIELD,HEALTHY,SANTA ROSA
CAT,DOMESTIC SH,GRAY,Spayed,2015-05-15T00:00:00.000,2023-05-13,STRAY,OVER THE COUNTER,UNKNOWN,SANTA ROSA
DOG,CHIHUAHUA SH,WHITE/TAN,Spayed,2010-05-13T00:00:00.000,2023-05-13,STRAY,OVER THE COUNTER,UNKNOWN,SANTA ROSA
CAT,DOMESTIC LH,TORTIE/WHITE,Spayed,2021-05-13T00:00:00.000,2023-05-13,STRAY,OVER THE COUNTER,HEALTHY,COUNTY
DOG,PIT BULL,CREAM/WHITE,Neutered,,2023-05-13,STRAY,OVER THE COUNTER,UNKNOWN,SANTA ROSA
DOG,BEAGLE/MIX,TAN,Neutered,2018-05-13T00:00:00.000,2023-05-13,STRAY,OVER THE COUNTER,HEALTHY,COUNTY
CAT,DOMESTIC SH,BLACK,Spayed,2007-01-01T00:00:00.000,2023-05-13,STRAY,OVER THE COUNTER,UNKNOWN,SANTA ROSA
CAT,DOMESTIC SH,CREAM,Male,,2023-05-14,STRAY,FLD_EMERGE,UNKNOWN,COUNTY
OTHER,CHICKEN,TRICOLOR,Male,,2023-05-15,CONFISCATE,FLD_INVEST,UNKNOWN,COUNTY
OTHER,CHICKEN,TRICOLOR,Male,,2023-05-15,CONFISCATE,FLD_INVEST,UNKNOWN,COUNTY
OTHER,CHICKEN,TRICOLOR,Male,,2023-05-15,CONFISCATE,FLD_INVEST,UNKNOWN,COUNTY
OTHER,CHICKEN,TRICOLOR,Male,,2023-05-15,CONFISCATE,FLD_INVEST,UNKNOWN,COUNTY
OTHER,CHICKEN,TRICOLOR,Male,,2023-05-15,CONFISCATE,FLD_INVEST,UNKNOWN,COUNTY
OTHER,CHICKEN,TRICOLOR,Male,,2023-05-15,CONFISCATE,FLD_INVEST,UNKNOWN,COUNTY
OTHER,CHICKEN,TRICOLOR,Male,,2023-05-15,CONFISCATE,FLD_INVEST,UNKNOWN,COUNTY
OTHER,CHICKEN,TRICOLOR,Male,,2023-05-15,CONFISCATE,FLD_INVEST,UNKNOWN,COUNTY
OTHER,CHICKEN,TRICOLOR,Male,,2023-05-15,CONFISCATE,FLD_INVEST,UNKNOWN,COUNTY
OTHER,CHICKEN,TRICOLOR,Male,,2023-05-15,CONFISCATE,FLD_INVEST,UNKNOWN,COUNTY
OTHER,CHICKEN,TRICOLOR,Male,,2023-05-15,CONFISCATE,FLD_INVEST,UNKNOWN,COUNTY
OTHER,CHICKEN,TRICOLOR,Male,,2023-05-15,CONFISCATE,FLD_INVEST,UNKNOWN,COUNTY
OTHER,CHICKEN,TRICOLOR,Male,,2023-05-15,CONFISCATE,FLD_INVEST,UNKNOWN,COUNTY
OTHER,CHICKEN,TRICOLOR,Male,,2023-05-15,CONFISCATE,FLD_INVEST,UNKNOWN,COUNTY
OTHER,CHICKEN,TRICOLOR,Male,,2023-05-15,CONFISCATE,FLD_INVEST,UNKNOWN,COUNTY
OTHER,CHICKEN,TRICOLOR,Male,,2023-05-15,CONFISCATE,FLD_INVEST,UNKNOWN,COUNTY
OTHER,CHICKEN,TRICOLOR,Male,,2023-05-15,CONFISCATE,FLD_INVEST,UNKNOWN,COUNTY
OTHER,CHICKEN,TRICOLOR,Male,,2023-05-15,CONFISCATE,FLD_INVEST,UNKNOWN,COUNTY
OTHER,CHICKEN,TRICOLOR,Male,,2023-05-15,CONFISCATE,FLD_INVEST,UNKNOWN,COUNTY
OTHER,CHICKEN,TRICOLOR,Male,,2023-05-15,CONFISCATE,FLD_INVEST,UNKNOWN,COUNTY
OTHER,CHICKEN,TRICOLOR,Male,,2023-05-15,CONFISCATE,FLD_INVEST,UNKNOWN,COUNTY
OTHER,CHICKEN,TRICOLOR,Male,,2023-05-15,CONFISCATE,FLD_INVEST,UNKNOWN,COUNTY
OTHER,CHICKEN,TRICOLOR,Male,,2023-05-15,CONFISCATE,FLD_INVEST,UNKNOWN,COUNTY
OTHER,CHICKEN,TRICOLOR,Male,,2023-05-15,CONFISCATE,FLD_INVEST,UNKNOWN,COUNTY
OTHER,CHICKEN,TRICOLOR,Male,,2023-05-15,CONFISCATE,FLD_INVEST,UNKNOWN,COUNTY
OTHER,CHICKEN,TRICOLOR,Male,,2023-05-15,CONFISCATE,FLD_INVEST,UNKNOWN,COUNTY
OTHER,CHICKEN,TRICOLOR,Male,,2023-05-15,CONFISCATE,FLD_INVEST,UNKNOWN,COUNTY
OTHER,CHICKEN,TRICOLOR,Male,,2023-05-15,CONFISCATE,FLD_INVEST,UNKNOWN,COUNTY
OTHER,CHICKEN,TRICOLOR,Male,,2023-05-15,CONFISCATE,FLD_INVEST,UNKNOWN,COUNTY
OTHER,CHICKEN,TRICOLOR,Male,,2023-05-15,CONFISCATE,FLD_INVEST,UNKNOWN,COUNTY
OTHER,CHICKEN,TRICOLOR,Male,,2023-05-15,CONFISCATE,FLD_INVEST,UNKNOWN,COUNTY
OTHER,CHICKEN,TRICOLOR,Male,,2023-05-15,CONFISCATE,FLD_INVEST,UNKNOWN,COUNTY
OTHER,CHICKEN,TRICOLOR,Male,,2023-05-15,CONFISCATE,FLD_INVEST,UNKNOWN,COUNTY
OTHER,CHICKEN,TRICOLOR,Male,,2023-05-15,CONFISCATE,FLD_INVEST,UNKNOWN,COUNTY
OTHER,CHICKEN,TRICOLOR,Male,,2023-05-15,CONFISCATE,FLD_INVEST,UNKNOWN,COUNTY
OTHER,CHICKEN,TRICOLOR,Male,,2023-05-15,CONFISCATE,FLD_INVEST,UNKNOWN,COUNTY
OTHER,CHICKEN,TRICOLOR,Male,,2023-05-15,CONFISCATE,FLD_INVEST,UNKNOWN,COUNTY
OTHER,CHICKEN,TRICOLOR,Male,,2023-05-15,CONFISCATE,FLD_INVEST,UNKNOWN,COUNTY
OTHER,CHICKEN,TRICOLOR,Male,,2023-05-15,CONFISCATE,FLD_INVEST,UNKNOWN,COUNTY
OTHER,CHICKEN,TRICOLOR,Male,,2023-05-15,CONFISCATE,FLD_INVEST,UNKNOWN,COUNTY
OTHER,CHICKEN,TRICOLOR,Male,,2023-05-15,CONFISCATE,FLD_INVEST,UNKNOWN,COUNTY
OTHER,CHICKEN,TRICOLOR,Male,,2023-05-15,CONFISCATE,FLD_INVEST,UNKNOWN,COUNTY
OTHER,CHICKEN,TRICOLOR,Male,,2023-05-15,CONFISCATE,FLD_INVEST,UNKNOWN,COUNTY
OTHER,CHICKEN,TRICOLOR,Male,,2023-05-15,CONFISCATE,FLD_INVEST,UNKNOWN,COUNTY
OTHER,CHICKEN,TRICOLOR,Male,,2023-05-15,CONFISCATE,FLD_INVEST,UNKNOWN,COUNTY
OTHER,CHICKEN,TRICOLOR,Male,,2023-05-15,CONFISCATE,FLD_INVEST,UNKNOWN,COUNTY
OTHER,CHICKEN,TRICOLOR,Male,,2023-05-15,CONFISCATE,FLD_INVEST,UNKNOWN,COUNTY
OTHER,CHICKEN,TRICOLOR,Male,,2023-05-15,CONFISCATE,FLD_INVEST,UNKNOWN,COUNTY
OTHER,CHICKEN,TRICOLOR,Male,,2023-05-15,CONFISCATE,FLD_INVEST,UNKNOWN,COUNTY
OTHER,CHICKEN,TRICOLOR,Male,,2023-05-15,CONFISCATE,FLD_INVEST,UNKNOWN,COUNTY
OTHER,CHICKEN,TRICOLOR,Male,,2023-05-15,CONFISCATE,FLD_INVEST,UNKNOWN,COUNTY
OTHER,CHICKEN,TRICOLOR,Male,,2023-05-15,CONFISCATE,FLD_INVEST,UNKNOWN,COUNTY
OTHER,CHICKEN,TRICOLOR,Male,,2023-05-15,CONFISCATE,FLD_INVEST,UNKNOWN,COUNTY
OTHER,CHICKEN,TRICOLOR,Male,,2023-05-15,CONFISCATE,FLD_INVEST,UNKNOWN,COUNTY
OTHER,CHICKEN,TRICOLOR,Male,,2023-05-15,CONFISCATE,FLD_INVEST,UNKNOWN,COUNTY
OTHER,CHICKEN,TRICOLOR,Male,,2023-05-15,CONFISCATE,FLD_INVEST,UNKNOWN,COUNTY
OTHER,CHICKEN,TRICOLOR,Male,,2023-05-15,CONFISCATE,FLD_INVEST,UNKNOWN,COUNTY
OTHER,CHICKEN,TRICOLOR,Male,,2023-05-15,CONFISCATE,FLD_INVEST,UNKNOWN,COUNTY
OTHER,CHICKEN,TRICOLOR,Male,,2023-05-15,CONFISCATE,FLD_INVEST,UNKNOWN,COUNTY
OTHER,CHICKEN,TRICOLOR,Male,,2023-05-15,CONFISCATE,FLD_INVEST,UNKNOWN,COUNTY
OTHER,CHICKEN,TRICOLOR,Male,,2023-05-15,CONFISCATE,FLD_INVEST,UNKNOWN,COUNTY
OTHER,CHICKEN,TRICOLOR,Male,,2023-05-15,CONFISCATE,FLD_INVEST,UNKNOWN,COUNTY
OTHER,CHICKEN,TRICOLOR,Male,,2023-05-15,CONFISCATE,FLD_INVEST,UNKNOWN,COUNTY
OTHER,CHICKEN,TRICOLOR,Male,,2023-05-15,CONFISCATE,FLD_INVEST,UNKNOWN,COUNTY
OTHER,CHICKEN,TRICOLOR,Male,,2023-05-15,CONFISCATE,FLD_INVEST,UNKNOWN,COUNTY
OTHER,CHICKEN,TRICOLOR,Male,,2023-05-15,CONFISCATE,FLD_INVEST,UNKNOWN,COUNTY
OTHER,CHICKEN,TRICOLOR,Male,,2023-05-15,CONFISCATE,FLD_INVEST,UNKNOWN,COUNTY
OTHER,DONKEY,BROWN/WHITE,Female,,2023-05-15,STRAY,FIELD,UNKNOWN,COUNTY
DOG,GERM SHEPHERD,BROWN/BLACK,Spayed,2021-06-03T00:00:00.000,2023-05-15,STRAY,FIELD,HEALTHY,SANTA ROSA
DOG,ROTTWEILER/PIT BULL,TAN/BLACK,Male,2021-03-26T00:00:00.000,2023-05-15,CONFISCATE,FLD_ABAND,UNKNOWN,SANTA ROSA
DOG,POODLE STND/LABRADOR RETR,BROWN,Male,,2023-05-16,STRAY,OVER THE COUNTER,UNKNOWN,COUNTY
CAT,DOMESTIC SH,BRN TABBY/WHITE,Neutered,2023-04-09T00:00:00.000,2023-05-16,STRAY,OVER THE COUNTER,HEALTHY,SANTA ROSA
DOG,PIT BULL,GRAY/TRICOLOR,Male,,2023-05-16,STRAY,FIELD,UNKNOWN,SANTA ROSA
OTHER,SATIN,GRAY/WHITE,Male,2021-11-16T00:00:00.000,2023-05-16,STRAY,FIELD,UNKNOWN,SANTA ROSA
DOG,CHIHUAHUA SH,TAN,Neutered,,2023-05-16,QUARANTINE,FIELD,UNKNOWN,SANTA ROSA
DOG,AUST CATTLE DOG,RED TICK,Neutered,2015-05-19T00:00:00.000,2023-05-18,STRAY,FLD_STRAY,UNKNOWN,COUNTY
CAT,DOMESTIC SH,BLACK,Male,2022-09-18T00:00:00.000,2023-05-18,CONFISCATE,FLD_EVICT,UNKNOWN,SANTA ROSA
CAT,DOMESTIC SH,BRN TABBY,Female,2022-09-18T00:00:00.000,2023-05-18,CONFISCATE,FLD_EVICT,UNKNOWN,SANTA ROSA
DOG,ALASKAN HUSKY,BLACK/WHITE,Spayed,2017-07-13T00:00:00.000,2023-05-18,STRAY,FIELD,UNKNOWN,COUNTY
DOG,SIBERIAN HUSKY,BLACK/WHITE,Female,2022-05-18T00:00:00.000,2023-05-18,STRAY,FIELD,UNKNOWN,COUNTY
DOG,GREAT PYRENEES,WHITE,Female,,2023-05-18,STRAY,FLD_STRAY,UNKNOWN,SANTA ROSA
DOG,GREAT PYRENEES,WHITE,Male,,2023-05-18,STRAY,FLD_STRAY,UNKNOWN,SANTA ROSA
CAT,DOMESTIC SH,TORTIE,Spayed,2021-05-11T00:00:00.000,2023-05-18,STRAY,OVER THE COUNTER,HEALTHY,SANTA ROSA
CAT,DOMESTIC SH,ORANGE,Spayed,2021-05-11T00:00:00.000,2023-05-18,STRAY,OVER THE COUNTER,HEALTHY,SANTA ROSA
DOG,DACHSHUND,TAN/GRAY,Female,2022-06-18T00:00:00.000,2023-05-18,STRAY,FIELD,UNKNOWN,COUNTY
DOG,POODLE MIN,BLACK,Male,2022-08-20T00:00:00.000,2023-05-18,STRAY,FIELD,UNKNOWN,COUNTY
DOG,SIBERIAN HUSKY/MIX,RED,Female,,2023-05-18,STRAY,OVER THE COUNTER,UNKNOWN,COUNTY
DOG,GERM SHEPHERD/MIX,BLACK/BROWN,Neutered,,2023-05-18,STRAY,OVER THE COUNTER,UNKNOWN,COUNTY
DOG,GERM SHEPHERD,BLACK/BROWN,Neutered,,2023-05-18,STRAY,OVER THE COUNTER,UNKNOWN,COUNTY
CAT,DOMESTIC SH,BLACK/WHITE,Male,2014-05-19T00:00:00.000,2023-05-19,STRAY,FIELD,UNKNOWN,COUNTY
CAT,DOMESTIC SH,BRN TABBY,Spayed,2022-11-19T00:00:00.000,2023-05-19,STRAY,OVER THE COUNTER,UNKNOWN,SANTA ROSA
DOG,PIT BULL,GRAY/WHITE,Neutered,2013-01-01T00:00:00.000,2023-05-19,STRAY,OVER THE COUNTER,UNKNOWN,COUNTY
DOG,PIT BULL,BLUE/WHITE,Male,2021-09-01T00:00:00.000,2023-05-19,STRAY,OVER THE COUNTER,UNKNOWN,SANTA ROSA
DOG,PIT BULL,WHITE/BROWN,Male,,2023-05-19,STRAY,OVER THE COUNTER,UNKNOWN,SANTA ROSA
CAT,DOMESTIC SH,TORTIE,Unknown,,2023-05-19,STRAY,OVER THE COUNTER,UNKNOWN,SANTA ROSA
CAT,DOMESTIC SH,ORANGE,Unknown,,2023-05-19,STRAY,OVER THE COUNTER,UNKNOWN,SANTA ROSA
DOG,ROTTWEILER/MIX,BLACK,Male,,2023-05-20,STRAY,FIELD,UNKNOWN,COUNTY
DOG,ALASKAN HUSKY/GERM SHEPHERD,BLACK/WHITE,Neutered,2017-10-23T00:00:00.000,2023-05-20,STRAY,FIELD,UNKNOWN,COUNTY
CAT,DOMESTIC MH,CALICO,Spayed,2011-05-19T00:00:00.000,2023-05-20,STRAY,OVER THE COUNTER,UNKNOWN,COUNTY
DOG,GERM SHEPHERD/BEAGLE,BROWN/BLACK,Spayed,2022-05-04T00:00:00.000,2023-05-20,ADOPTION RETURN,OVER THE COUNTER,UNKNOWN,PETALUMA
DOG,YORKSHIRE TERR,GRAY,Spayed,2022-06-03T00:00:00.000,2023-05-20,STRAY,OVER THE COUNTER,HEALTHY,COUNTY
DOG,YORKSHIRE TERR/MIX,BLACK,Spayed,2022-06-01T00:00:00.000,2023-05-20,STRAY,OVER THE COUNTER,HEALTHY,COUNTY
DOG,CHIHUAHUA SH,BLACK,Female,2012-06-03T00:00:00.000,2023-05-20,STRAY,OVER THE COUNTER,UNKNOWN,COUNTY
DOG,PIT BULL,BR BRINDLE,Neutered,2017-05-20T00:00:00.000,2023-05-20,STRAY,OVER THE COUNTER,UNKNOWN,SANTA ROSA
CAT,DOMESTIC SH,CALICO,Spayed,2021-05-20T00:00:00.000,2023-05-20,STRAY,OVER THE COUNTER,HEALTHY,SANTA ROSA
CAT,DOMESTIC SH,TORTIE/BRN TABBY,Spayed,2021-05-20T00:00:00.000,2023-05-20,STRAY,OVER THE COUNTER,HEALTHY,SANTA ROSA
CAT,DOMESTIC SH,BRN TABBY,Spayed,2021-05-20T00:00:00.000,2023-05-20,STRAY,OVER THE COUNTER,HEALTHY,SANTA ROSA
OTHER,GUINEA PIG,CREAM,Male,2021-06-05T00:00:00.000,2023-05-20,STRAY,OVER THE COUNTER,HEALTHY,SANTA ROSA
DOG,ALASKAN HUSKY,WHITE/GRAY,Male,,2023-05-21,STRAY,FIELD,UNKNOWN,COUNTY
DOG,LABRADOR RETR,YELLOW,Neutered,2020-12-24T00:00:00.000,2023-05-22,STRAY,FIELD,UNKNOWN,COUNTY
DOG,LABRADOR RETR,YELLOW,Female,2022-02-01T00:00:00.000,2023-05-22,STRAY,FIELD,UNKNOWN,COUNTY
DOG,CHIHUAHUA SH/MIX,BROWN/BLACK,Neutered,2023-03-22T00:00:00.000,2023-05-22,STRAY,FIELD,HEALTHY,SANTA ROSA
DOG,CHIHUAHUA SH/MIX,BROWN,Neutered,2021-06-05T00:00:00.000,2023-05-22,STRAY,FIELD,HEALTHY,SANTA ROSA
DOG,PIT BULL,GRAY/WHITE,Neutered,2022-08-27T00:00:00.000,2023-05-23,STRAY,FIELD,TREATABLE/MANAGEABLE,COUNTY
CAT,DOMESTIC SH,WHITE/GRAY,Unknown,,2023-05-23,STRAY,FIELD,UNKNOWN,COUNTY
CAT,DOMESTIC MH,BRN TABBY,Male,,2023-05-23,STRAY,FIELD,UNKNOWN,COUNTY
DOG,PIT BULL,RED/WHITE,Male,,2023-05-23,STRAY,OVER THE COUNTER,UNKNOWN,COUNTY
DOG,PUG,FAWN/BLACK,Male,2016-12-23T00:00:00.000,2023-05-24,STRAY,FIELD,HEALTHY,COUNTY
DOG,PUG,FAWN,Male,2016-12-23T00:00:00.000,2023-05-24,STRAY,FIELD,UNKNOWN,COUNTY
CAT,DOMESTIC SH,BLACK,Female,2021-05-24T00:00:00.000,2023-05-24,STRAY,OVER THE COUNTER,UNKNOWN,COUNTY
CAT,DOMESTIC SH,GRAY/WHITE,Neutered,2022-05-25T00:00:00.000,2023-05-25,STRAY,OVER THE COUNTER,HEALTHY,SANTA ROSA
DOG,BELG MALINOIS,BROWN/BLACK,Female,2020-10-25T00:00:00.000,2023-05-25,STRAY,PHONE,UNKNOWN,SANTA ROSA
DOG,PIT BULL,WHITE/BROWN,Female,,2023-05-25,STRAY,OVER THE COUNTER,UNKNOWN,SANTA ROSA
CAT,DOMESTIC MH,BUFF/WHITE,Neutered,2021-05-08T00:00:00.000,2023-05-25,ADOPTION RETURN,OVER THE COUNTER,HEALTHY,COUNTY
DOG,GERM SHEPHERD/MIX,BLACK/TAN,Neutered,2021-06-09T00:00:00.000,2023-05-25,STRAY,FIELD,HEALTHY,COUNTY
CAT,BENGAL/MIX,BRN TABBY,Neutered,2022-05-25T00:00:00.000,2023-05-25,STRAY,OVER THE COUNTER,UNKNOWN,SANTA ROSA
DOG,SIBERIAN HUSKY,BLACK/WHITE,Neutered,2019-05-25T00:00:00.000,2023-05-25,QUARANTINE,FIELD,HEALTHY,SANTA ROSA
CAT,DOMESTIC SH,BLACK,Neutered,2023-04-30T00:00:00.000,2023-05-25,STRAY,OVER THE COUNTER,HEALTHY,COUNTY
CAT,DOMESTIC SH,GRAY TABBY/WHITE,Spayed,2023-05-01T00:00:00.000,2023-05-25,STRAY,OVER THE COUNTER,HEALTHY,COUNTY
CAT,DOMESTIC SH,BRN TABBY,Male,2023-04-30T00:00:00.000,2023-05-25,STRAY,OVER THE COUNTER,UNKNOWN,COUNTY
CAT,DOMESTIC SH,GRAY TABBY/WHITE,Spayed,2023-04-30T00:00:00.000,2023-05-25,STRAY,OVER THE COUNTER,HEALTHY,COUNTY
CAT,DOMESTIC SH,GRAY,Spayed,2023-05-01T00:00:00.000,2023-05-25,STRAY,OVER THE COUNTER,HEALTHY,COUNTY
CAT,DOMESTIC SH,BLACK,Spayed,2023-04-30T00:00:00.000,2023-05-25,STRAY,OVER THE COUNTER,HEALTHY,COUNTY
CAT,DOMESTIC SH,GRAY,Spayed,2023-04-30T00:00:00.000,2023-05-25,STRAY,OVER THE COUNTER,HEALTHY,COUNTY
CAT,DOMESTIC SH,GRAY TABBY,Spayed,2023-04-30T00:00:00.000,2023-05-25,STRAY,OVER THE COUNTER,HEALTHY,COUNTY
CAT,DOMESTIC SH,BLACK,Spayed,2021-05-25T00:00:00.000,2023-05-25,STRAY,OVER THE COUNTER,HEALTHY,COUNTY
CAT,DOMESTIC SH,BRN TABBY,Spayed,2022-11-19T00:00:00.000,2023-05-25,OWNER SURRENDER,OVER THE COUNTER,UNKNOWN,SANTA ROSA
DOG,AUST CATTLE DOG,BLUE/RED,Spayed,2022-08-26T00:00:00.000,2023-05-26,STRAY,FLD_STRAY,UNKNOWN,SANTA ROSA
DOG,AUST CATTLE DOG,TRICOLOR,Female,2023-03-26T00:00:00.000,2023-05-26,CONFISCATE,FLD_ABAND,UNKNOWN,SANTA ROSA
DOG,AUST CATTLE DOG,TRICOLOR,Spayed,2023-03-26T00:00:00.000,2023-05-26,CONFISCATE,FLD_ABAND,HEALTHY,SANTA ROSA
DOG,AUST CATTLE DOG,TRICOLOR,Spayed,2023-03-26T00:00:00.000,2023-05-26,CONFISCATE,FLD_ABAND,HEALTHY,SANTA ROSA
DOG,AUST CATTLE DOG,TRICOLOR,Spayed,2023-03-26T00:00:00.000,2023-05-26,CONFISCATE,FLD_ABAND,HEALTHY,SANTA ROSA
DOG,AUST CATTLE DOG,GRAY/BROWN,Neutered,2021-10-11T00:00:00.000,2023-05-26,CONFISCATE,FLD_ABAND,TREATABLE/REHAB,SANTA ROSA
DOG,AUST CATTLE DOG,BLACK/BLUE,Spayed,2022-01-02T00:00:00.000,2023-05-26,CONFISCATE,FLD_ABAND,HEALTHY,SANTA ROSA
DOG,AUST CATTLE DOG,TRICOLOR,Spayed,2022-01-02T00:00:00.000,2023-05-26,CONFISCATE,FLD_ABAND,UNKNOWN,SANTA ROSA
DOG,AUST CATTLE DOG,TRICOLOR,Male,,2023-05-26,CONFISCATE,FLD_ABAND,UNKNOWN,SANTA ROSA
DOG,PIT BULL,BR BRINDLE/WHITE,Female,,2023-05-26,CONFISCATE,FLD_ABAND,UNKNOWN,SANTA ROSA
DOG,BORDER COLLIE,BLACK/WHITE,Neutered,2021-11-26T00:00:00.000,2023-05-26,STRAY,FIELD,HEALTHY,SANTA ROSA
OTHER,SKUNK,BLACK/WHITE,Unknown,,2023-05-26,QUARANTINE,FIELD,UNKNOWN,COUNTY
OTHER,CALIFORNIAN/MIX,LILAC PT,Male,2021-05-26T00:00:00.000,2023-05-26,STRAY,OVER THE COUNTER,UNKNOWN,COUNTY
CAT,DOMESTIC SH,LYNX PT,Neutered,2021-06-08T00:00:00.000,2023-05-27,STRAY,OVER THE COUNTER,HEALTHY,COUNTY
DOG,POMERANIAN,TAN,Female,2018-10-12T00:00:00.000,2023-05-27,STRAY,OVER THE COUNTER,UNKNOWN,SANTA ROSA
CAT,DOMESTIC SH,SEAL PT,Spayed,2023-04-13T00:00:00.000,2023-05-27,STRAY,OVER THE COUNTER,HEALTHY,COUNTY
CAT,DOMESTIC SH,BLACK,Neutered,2023-05-01T00:00:00.000,2023-05-27,STRAY,OVER THE COUNTER,HEALTHY,COUNTY
CAT,DOMESTIC SH,BLACK,Spayed,2023-04-27T00:00:00.000,2023-05-27,STRAY,OVER THE COUNTER,HEALTHY,COUNTY
CAT,DOMESTIC SH,BLACK,Spayed,2023-04-27T00:00:00.000,2023-05-27,STRAY,OVER THE COUNTER,HEALTHY,COUNTY
DOG,ALASKAN HUSKY,BROWN/WHITE,Female,2020-02-21T00:00:00.000,2023-05-27,STRAY,OVER THE COUNTER,HEALTHY,SANTA ROSA
DOG,AUST CATTLE DOG,BLACK/WHITE,Male,2020-11-12T00:00:00.000,2023-05-27,STRAY,FLD_STRAY,UNKNOWN,SANTA ROSA
DOG,AUST CATTLE DOG,BLUE MERLE,Male,,2023-05-27,STRAY,FLD_STRAY,UNKNOWN,SANTA ROSA
CAT,DOMESTIC SH,BRN TABBY/WHITE,Spayed,2022-05-27T00:00:00.000,2023-05-27,STRAY,OVER THE COUNTER,HEALTHY,SANTA ROSA
DOG,PIT BULL,BLACK/WHITE,Female,2020-05-27T00:00:00.000,2023-05-27,STRAY,OVER THE COUNTER,UNKNOWN,SANTA ROSA
DOG,POODLE MIN,BLACK,Male,2022-08-20T00:00:00.000,2023-05-30,STRAY,FIELD,UNKNOWN,COUNTY
CAT,DOMESTIC SH,ORG TABBY/WHITE,Spayed,2023-05-07T00:00:00.000,2023-05-30,STRAY,OVER THE COUNTER,UNKNOWN,COUNTY
CAT,DOMESTIC SH,LYNX PT,Spayed,2023-05-07T00:00:00.000,2023-05-30,STRAY,OVER THE COUNTER,UNKNOWN,COUNTY
CAT,DOMESTIC SH,BLACK,Neutered,2023-04-30T00:00:00.000,2023-05-30,STRAY,OVER THE COUNTER,UNKNOWN,COUNTY
DOG,PIT BULL,GRAY/WHITE,Neutered,2019-08-26T00:00:00.000,2023-05-30,QUARANTINE,FIELD,UNKNOWN,COUNTY
OTHER,CHICKEN,WHITE,Female,,2023-05-30,STRAY,PHONE,UNKNOWN,SANTA ROSA
DOG,GREAT PYRENEES,WHITE,Spayed,2021-07-05T00:00:00.000,2023-05-30,STRAY,FIELD,HEALTHY,SANTA ROSA
DOG,GREAT PYRENEES,WHITE,Neutered,2021-12-21T00:00:00.000,2023-05-30,STRAY,FIELD,HEALTHY,SANTA ROSA
DOG,POMERANIAN/BEAGLE,TAN/WHITE,Female,2009-05-02T00:00:00.000,2023-05-30,STRAY,FIELD,UNKNOWN,SANTA ROSA
DOG,CHIHUAHUA SH/MIX,TAN/WHITE,Female,2017-08-11T00:00:00.000,2023-05-31,STRAY,OVER THE COUNTER,UNKNOWN,SANTA ROSA
CAT,DOMESTIC SH,BLACK/WHITE,Unknown,2023-05-16T00:00:00.000,2023-05-31,STRAY,OVER THE COUNTER,TREATABLE/REHAB,COUNTY
CAT,DOMESTIC SH,BLACK/WHITE,Unknown,2023-05-16T00:00:00.000,2023-05-31,STRAY,OVER THE COUNTER,TREATABLE/REHAB,COUNTY
DOG,TR WALKER HOUND/MIX,BLACK/TAN,Neutered,2022-07-02T00:00:00.000,2023-05-31,ADOPTION RETURN,OVER THE COUNTER,HEALTHY,SANTA ROSA
CAT,DOMESTIC SH,LYNX PT,Neutered,2020-06-21T00:00:00.000,2023-05-31,STRAY,FIELD,HEALTHY,SANTA ROSA
DOG,LHASA APSO,GRAY/WHITE,Female,2021-05-31T00:00:00.000,2023-05-31,STRAY,OVER THE COUNTER,UNKNOWN,COUNTY
DOG,POODLE MIN,WHITE,Male,2021-05-31T00:00:00.000,2023-05-31,STRAY,OVER THE COUNTER,UNKNOWN,COUNTY
DOG,GERM SHEPHERD,BLACK/BROWN,Female,2023-01-31T00:00:00.000,2023-05-31,STRAY,OVER THE COUNTER,UNKNOWN,SANTA ROSA
DOG,PEKINGESE/MIX,WHITE/BROWN,Male,2019-06-15T00:00:00.000,2023-06-01,STRAY,FIELD,UNKNOWN,SANTA ROSA
DOG,CHIHUAHUA SH/MIX,BROWN,Neutered,2011-08-28T00:00:00.000,2023-06-01,STRAY,OVER THE COUNTER,UNKNOWN,SANTA ROSA
CAT,DOMESTIC SH,BRN TABBY/WHITE,Spayed,2015-08-11T00:00:00.000,2023-06-01,STRAY,OVER THE COUNTER,HEALTHY,SANTA ROSA
DOG,PIT BULL,TAN,Spayed,2014-06-01T00:00:00.000,2023-06-01,STRAY,OVER THE COUNTER,UNKNOWN,SANTA ROSA
CAT,DOMESTIC SH,GRAY TABBY,Neutered,2023-03-01T00:00:00.000,2023-06-01,STRAY,OVER THE COUNTER,HEALTHY,COUNTY
DOG,CHIHUAHUA SH,TAN/WHITE,Spayed,2012-12-07T00:00:00.000,2023-06-02,CONFISCATE,FLD_HOSPTL,UNKNOWN,SANTA ROSA
DOG,CHIHUAHUA LH/MIX,BLACK/TAN,Spayed,2022-06-02T00:00:00.000,2023-06-02,STRAY,FLD_STRAY,HEALTHY,SANTA ROSA
DOG,CHIHUAHUA LH/MIX,BLACK/TAN,Spayed,2022-06-02T00:00:00.000,2023-06-02,STRAY,FLD_STRAY,HEALTHY,SANTA ROSA
OTHER,PEAFOWL,BROWN,Female,,2023-06-02,STRAY,FIELD,UNKNOWN,COUNTY
DOG,FRENCH BULLDOG,BLUE MERLE,Male,2022-06-02T00:00:00.000,2023-06-02,STRAY,OVER THE COUNTER,UNKNOWN,SANTA ROSA
DOG,COCKER SPAN/POODLE MIN,BLACK/GRAY,Male,2018-03-19T00:00:00.000,2023-06-02,STRAY,OVER THE COUNTER,UNKNOWN,SANTA ROSA
OTHER,PIG,BLACK/TAN,Unknown,,2023-06-02,STRAY,FIELD,UNKNOWN,COUNTY
CAT,DOMESTIC SH,AGOUTI,Unknown,2023-05-01T00:00:00.000,2023-06-02,STRAY,OVER THE COUNTER,TREATABLE/REHAB,COUNTY
CAT,DOMESTIC SH,AGOUTI,Unknown,2023-05-01T00:00:00.000,2023-06-02,STRAY,OVER THE COUNTER,TREATABLE/REHAB,COUNTY
CAT,DOMESTIC SH,AGOUTI,Unknown,2023-05-01T00:00:00.000,2023-06-02,STRAY,OVER THE COUNTER,TREATABLE/REHAB,COUNTY
CAT,DOMESTIC SH,AGOUTI,Unknown,2023-05-01T00:00:00.000,2023-06-02,STRAY,OVER THE COUNTER,TREATABLE/REHAB,COUNTY
CAT,DOMESTIC SH,AGOUTI,Unknown,2023-05-01T00:00:00.000,2023-06-02,STRAY,OVER THE COUNTER,TREATABLE/REHAB,COUNTY
CAT,DOMESTIC SH,BRN TABBY,Female,2021-06-08T00:00:00.000,2023-06-03,STRAY,OVER THE COUNTER,UNKNOWN,COUNTY
CAT,DOMESTIC MH,BRN TABBY/WHITE,Unknown,2023-05-19T00:00:00.000,2023-06-03,STRAY,OVER THE COUNTER,UNKNOWN,COUNTY
CAT,DOMESTIC MH,BRN TABBY/WHITE,Male,2023-04-18T00:00:00.000,2023-06-03,STRAY,OVER THE COUNTER,UNKNOWN,COUNTY
CAT,DOMESTIC MH,BLACK/WHITE,Female,2023-04-18T00:00:00.000,2023-06-03,STRAY,OVER THE COUNTER,UNKNOWN,COUNTY
CAT,DOMESTIC MH,GRAY TABBY,Male,2023-04-15T00:00:00.000,2023-06-03,STRAY,OVER THE COUNTER,UNKNOWN,COUNTY
CAT,DOMESTIC MH,BRN TABBY,Male,2023-04-18T00:00:00.000,2023-06-03,STRAY,OVER THE COUNTER,UNKNOWN,COUNTY
CAT,DOMESTIC MH,BLACK/WHITE,Unknown,2023-04-18T00:00:00.000,2023-06-03,STRAY,OVER THE COUNTER,UNKNOWN,COUNTY
CAT,DOMESTIC SH,BLACK,Neutered,2023-04-24T00:00:00.000,2023-06-03,STRAY,OVER THE COUNTER,HEALTHY,SANTA ROSA
CAT,DOMESTIC SH,GRAY,Neutered,2023-05-01T00:00:00.000,2023-06-03,STRAY,OVER THE COUNTER,TREATABLE/REHAB,SANTA ROSA
CAT,DOMESTIC SH,GRAY,Neutered,2023-05-01T00:00:00.000,2023-06-03,STRAY,OVER THE COUNTER,HEALTHY,SANTA ROSA
CAT,DOMESTIC SH,BRN TABBY,Neutered,2023-04-24T00:00:00.000,2023-06-03,STRAY,OVER THE COUNTER,HEALTHY,SANTA ROSA
CAT,DOMESTIC LH,BLACK/WHITE,Male,2019-06-03T00:00:00.000,2023-06-03,STRAY,FIELD,UNKNOWN,SANTA ROSA
DOG,BORDER COLLIE,BLACK/WHITE,Male,2022-06-03T00:00:00.000,2023-06-03,STRAY,OVER THE COUNTER,UNKNOWN,SANTA ROSA
DOG,YORKSHIRE TERR,RED,Male,,2023-06-05,STRAY,FIELD,UNKNOWN,SANTA ROSA
DOG,GERM SHEPHERD/AUST SHEPHERD,BLACK/BROWN,Spayed,2022-10-10T00:00:00.000,2023-06-05,STRAY,FIELD,HEALTHY,SANTA ROSA
DOG,AM PIT BULL TER,WHITE/BLUE MERLE,Male,2014-12-29T00:00:00.000,2023-06-05,STRAY,FIELD,UNKNOWN,SANTA ROSA
DOG,PIT BULL/MIX,TAN/WHITE,Spayed,2022-07-13T00:00:00.000,2023-06-05,STRAY,OVER THE COUNTER,HEALTHY,COUNTY
DOG,PIT BULL,WHITE/RED,Male,2022-03-28T00:00:00.000,2023-06-05,CONFISCATE,FLD_ARREST,UNKNOWN,COUNTY
DOG,CHIHUAHUA SH,TAN,Female,2021-12-22T00:00:00.000,2023-06-05,CONFISCATE,FLD_ARREST,UNKNOWN,COUNTY
DOG,GERM SHEPHERD/MIX,BLACK/TAN,Spayed,2023-03-12T00:00:00.000,2023-06-06,STRAY,FIELD,UNKNOWN,SANTA ROSA
DOG,GERM SHEPHERD/MIX,BROWN/TAN,Neutered,2023-03-12T00:00:00.000,2023-06-06,STRAY,FIELD,HEALTHY,SANTA ROSA
CAT,DOMESTIC SH,BRN TABBY,Neutered,2020-06-06T00:00:00.000,2023-06-06,STRAY,FIELD,HEALTHY,SANTA ROSA
DOG,PUG/MIX,FAWN,Neutered,2017-09-27T00:00:00.000,2023-06-06,STRAY,FIELD,UNKNOWN,SANTA ROSA
DOG,PUG/MIX,BL BRINDLE,Spayed,2017-09-27T00:00:00.000,2023-06-06,STRAY,FIELD,UNKNOWN,SANTA ROSA
DOG,ALASKAN HUSKY,WHITE/GRAY,Male,,2023-06-07,STRAY,FIELD,UNKNOWN,SANTA ROSA
DOG,ALASKAN HUSKY,WHITE/GRAY,Male,2022-02-01T00:00:00.000,2023-06-07,STRAY,FIELD,UNKNOWN,SANTA ROSA
DOG,PIT BULL/CATAHOULA,TAN/WHITE,Male,,2023-06-07,OWNER SURRENDER,FIELD,UNKNOWN,SANTA ROSA
DOG,ROTTWEILER/MIX,BLACK/TAN,Spayed,2020-06-29T00:00:00.000,2023-06-07,STRAY,OVER THE COUNTER,HEALTHY,SANTA ROSA
CAT,DOMESTIC SH,GRAY,Neutered,,2023-06-07,STRAY,OVER THE COUNTER,UNKNOWN,SANTA ROSA
DOG,CHINESE SHARPEI/BEAGLE,TAN,Neutered,2017-06-29T00:00:00.000,2023-06-08,STRAY,FLD_STRAY,HEALTHY,COUNTY
DOG,PIT BULL/MIX,BR BRINDLE/WHITE,Neutered,2016-12-20T00:00:00.000,2023-06-08,CONFISCATE,FLD_INVEST,UNKNOWN,COUNTY
DOG,PIT BULL,WHITE/BROWN,Spayed,2017-01-24T00:00:00.000,2023-06-08,CONFISCATE,FLD_INVEST,UNKNOWN,COUNTY
DOG,PIT BULL/MIX,TRICOLOR,Female,,2023-06-08,STRAY,OVER THE COUNTER,UNKNOWN,SANTA ROSA
CAT,DOMESTIC SH,BLACK,Spayed,2023-04-08T00:00:00.000,2023-06-08,STRAY,OVER THE COUNTER,HEALTHY,COUNTY
CAT,DOMESTIC SH,LYNX PT,Neutered,2023-04-08T00:00:00.000,2023-06-08,STRAY,OVER THE COUNTER,HEALTHY,COUNTY
DOG,CHIHUAHUA LH/MIX,WHITE,Female,,2023-06-08,STRAY,FIELD,UNKNOWN,COUNTY
DOG,CHIHUAHUA LH/MIX,BLACK,Unknown,2023-06-08T00:00:00.000,2023-06-08,STRAY,FIELD,UNKNOWN,COUNTY
DOG,CHIHUAHUA LH/MIX,BLACK,Unknown,2023-06-08T00:00:00.000,2023-06-08,STRAY,FIELD,UNKNOWN,COUNTY
DOG,LABRADOR RETR/MIX,BROWN,Spayed,2019-07-18T00:00:00.000,2023-06-09,CONFISCATE,FLD_HOSPTL,UNKNOWN,SANTA ROSA
DOG,CHIHUAHUA SH,AGOUTI,Unknown,2023-06-09T00:00:00.000,2023-06-09,BORN HERE,MOM STRAY,UNKNOWN,SANTA ROSA
DOG,BICHON FRISE,CREAM,Spayed,2011-01-02T00:00:00.000,2023-06-09,STRAY,FLD_STRAY,UNKNOWN,COUNTY
DOG,GREAT PYRENEES/MIX,CREAM/WHITE,Spayed,2022-11-18T00:00:00.000,2023-06-09,STRAY,FIELD,HEALTHY,SANTA ROSA
DOG,ALASKAN HUSKY,WHITE,Neutered,2021-07-11T00:00:00.000,2023-06-09,STRAY,FIELD,UNKNOWN,SANTA ROSA
CAT,DOMESTIC SH,TORTIE,Spayed,2020-06-09T00:00:00.000,2023-06-09,STRAY,OVER THE COUNTER,HEALTHY,SANTA ROSA
CAT,DOMESTIC SH,BLACK/WHITE,Spayed,2023-03-10T00:00:00.000,2023-06-09,STRAY,OVER THE COUNTER,HEALTHY,COUNTY
CAT,DOMESTIC SH,BLACK/WHITE,Neutered,2023-03-10T00:00:00.000,2023-06-09,STRAY,OVER THE COUNTER,HEALTHY,COUNTY
CAT,DOMESTIC SH,ORANGE/WHITE,Neutered,2023-03-10T00:00:00.000,2023-06-09,STRAY,OVER THE COUNTER,HEALTHY,COUNTY
CAT,DOMESTIC SH,ORANGE/WHITE,Neutered,2023-03-10T00:00:00.000,2023-06-09,STRAY,OVER THE COUNTER,HEALTHY,COUNTY
CAT,DOMESTIC SH,CALICO,Spayed,2022-06-14T00:00:00.000,2023-06-09,STRAY,OVER THE COUNTER,HEALTHY,COUNTY
CAT,DOMESTIC SH,BRN TABBY,Spayed,2022-06-10T00:00:00.000,2023-06-10,STRAY,OVER THE COUNTER,HEALTHY,SANTA ROSA
CAT,DOMESTIC SH,BRN TABBY/WHITE,Unknown,,2023-06-10,QUARANTINE,FIELD,UNKNOWN,SANTA ROSA
CAT,DOMESTIC SH,BRN TABBY,Male,2020-06-10T00:00:00.000,2023-06-10,STRAY,OVER THE COUNTER,UNKNOWN,SANTA ROSA
OTHER,CANARY,YELLOW,Male,,2023-06-10,STRAY,FIELD,UNKNOWN,SANTA ROSA
OTHER,LIZARD,GREEN/BROWN,Male,,2023-06-10,STRAY,FIELD,HEALTHY,SANTA ROSA
CAT,DOMESTIC SH,BLACK,Neutered,2020-06-14T00:00:00.000,2023-06-10,STRAY,OVER THE COUNTER,HEALTHY,SANTA ROSA
DOG,BICHON FRISE,CREAM,Spayed,2011-01-02T00:00:00.000,2023-06-10,OWNER SURRENDER,OVER THE COUNTER,UNKNOWN,SANTA ROSA
DOG,CAIRN TERRIER,WHITE/TAN,Spayed,2007-11-20T00:00:00.000,2023-06-11,CONFISCATE,FLD_HOSPTL,UNKNOWN,COUNTY
DOG,PIT BULL/MIX,GRAY/WHITE,Neutered,2020-07-14T00:00:00.000,2023-06-12,STRAY,FIELD,HEALTHY,SANTA ROSA
OTHER,CHECKERED GIANT,WHITE/BLACK,Neutered,2021-06-16T00:00:00.000,2023-06-12,STRAY,FIELD,HEALTHY,SANTA ROSA
DOG,CHIHUAHUA SH/MIX,TAN,Male,,2023-06-13,STRAY,OVER THE COUNTER,UNKNOWN,SANTA ROSA
CAT,DOMESTIC SH,CALICO,Spayed,2021-07-21T00:00:00.000,2023-06-13,STRAY,OVER THE COUNTER,UNKNOWN,COUNTY
CAT,DOMESTIC SH,BLACK/WHITE,Neutered,2023-05-22T00:00:00.000,2023-06-13,STRAY,OVER THE COUNTER,UNKNOWN,COUNTY
CAT,DOMESTIC SH,BLACK,Neutered,2023-05-22T00:00:00.000,2023-06-13,STRAY,OVER THE COUNTER,UNKNOWN,COUNTY
CAT,DOMESTIC SH,BLACK,Neutered,2023-05-22T00:00:00.000,2023-06-13,STRAY,OVER THE COUNTER,UNKNOWN,COUNTY
CAT,DOMESTIC SH,ORANGE,Neutered,2023-05-22T00:00:00.000,2023-06-13,STRAY,OVER THE COUNTER,UNKNOWN,COUNTY
CAT,DOMESTIC SH,BLACK/WHITE,Male,2023-04-28T00:00:00.000,2023-06-13,STRAY,EMAIL,UNKNOWN,COUNTY
DOG,ALASKAN HUSKY,WHITE/GRAY,Female,,2023-06-13,STRAY,FIELD,UNKNOWN,SANTA ROSA
DOG,BORDER COLLIE,BLACK/WHITE,Spayed,2022-11-30T00:00:00.000,2023-06-13,STRAY,FIELD,HEALTHY,SANTA ROSA
CAT,DOMESTIC LH,BRN TABBY,Neutered,2023-04-29T00:00:00.000,2023-06-13,STRAY,OVER THE COUNTER,HEALTHY,COUNTY
OTHER,TURTLE,GREEN/YELLOW,Unknown,,2023-06-13,STRAY,OVER THE COUNTER,UNKNOWN,SANTA ROSA
CAT,DOMESTIC SH,BRN TABBY/WHITE,Neutered,2020-06-21T00:00:00.000,2023-06-14,STRAY,OVER THE COUNTER,HEALTHY,SANTA ROSA
DOG,PIT BULL,BROWN/WHITE,Spayed,2019-06-14T00:00:00.000,2023-06-14,STRAY,FIELD,HEALTHY,COUNTY
CAT,DOMESTIC SH,WHITE,Neutered,2020-06-14T00:00:00.000,2023-06-14,STRAY,OVER THE COUNTER,HEALTHY,SANTA ROSA
CAT,DOMESTIC SH,BRN TABBY,Unknown,,2023-06-14,STRAY,FIELD,UNKNOWN,COUNTY
DOG,AUST CATTLE DOG/MIX,BLUE TICK/BLACK,Neutered,2022-10-12T00:00:00.000,2023-06-14,STRAY,FIELD,HEALTHY,SANTA ROSA
DOG,CHIHUAHUA LH/MIX,BLACK,Female,2019-06-15T00:00:00.000,2023-06-14,STRAY,FIELD,UNKNOWN,SANTA ROSA
DOG,CAIRN TERRIER/MIX,TAN,Male,2022-11-27T00:00:00.000,2023-06-14,STRAY,FIELD,UNKNOWN,SANTA ROSA
DOG,CHIHUAHUA SH/MIX,TAN,Female,2013-06-14T00:00:00.000,2023-06-14,STRAY,FIELD,UNKNOWN,SANTA ROSA
DOG,CHIHUAHUA SH/MIX,TAN,Female,2019-06-14T00:00:00.000,2023-06-14,STRAY,FIELD,UNKNOWN,SANTA ROSA
DOG,MALTESE/MIX,WHITE,Neutered,,2023-06-14,QUARANTINE,FIELD,UNKNOWN,COUNTY
CAT,DOMESTIC SH,BRN TABBY,Spayed,2021-06-14T00:00:00.000,2023-06-14,STRAY,OVER THE COUNTER,HEALTHY,COUNTY
CAT,DOMESTIC SH,BRN TABBY/WHITE,Spayed,2023-04-14T00:00:00.000,2023-06-14,STRAY,OVER THE COUNTER,HEALTHY,COUNTY
CAT,DOMESTIC MH,WHITE/BLACK,Spayed,2023-04-14T00:00:00.000,2023-06-14,STRAY,OVER THE COUNTER,HEALTHY,COUNTY
DOG,WELSH CORGI CAR/MIX,BLACK,Male,2009-06-15T00:00:00.000,2023-06-14,STRAY,OVER THE COUNTER,UNKNOWN,SANTA ROSA
CAT,DOMESTIC SH,ORG TABBY/WHITE,Male,,2023-06-15,STRAY,FIELD,UNKNOWN,SANTA ROSA
DOG,CHIHUAHUA SH/DACHSHUND,CREAM,Neutered,2023-04-15T00:00:00.000,2023-06-15,STRAY,OVER THE COUNTER,HEALTHY,COUNTY
CAT,DOMESTIC SH,ORG TABBY,Neutered,2014-06-17T00:00:00.000,2023-06-15,STRAY,FIELD,UNKNOWN,COUNTY
CAT,DOMESTIC SH,ORG TABBY,Male,2010-06-16T00:00:00.000,2023-06-16,STRAY,OVER THE COUNTER,UNKNOWN,COUNTY
DOG,PARSON RUSS TER,TAN,Neutered,2021-06-16T00:00:00.000,2023-06-16,STRAY,FLD_STRAY,HEALTHY,COUNTY
CAT,DOMESTIC SH,BLACK,Female,2021-06-16T00:00:00.000,2023-06-16,STRAY,OVER THE COUNTER,UNKNOWN,SANTA ROSA
CAT,DOMESTIC MH,WHITE/BLACK,Spayed,2023-04-16T00:00:00.000,2023-06-16,STRAY,OVER THE COUNTER,HEALTHY,COUNTY
CAT,DOMESTIC MH,WHITE/BLACK,Neutered,2023-04-16T00:00:00.000,2023-06-16,STRAY,OVER THE COUNTER,HEALTHY,COUNTY
DOG,BORDER COLLIE/MIX,BLACK/WHITE,Female,2023-05-01T00:00:00.000,2023-06-16,STRAY,OVER THE COUNTER,UNKNOWN,SANTA ROSA
DOG,BORDER COLLIE/MIX,BLACK/WHITE,Female,2023-05-01T00:00:00.000,2023-06-16,STRAY,OVER THE COUNTER,UNKNOWN,SANTA ROSA
DOG,BORDER COLLIE/MIX,BLACK/WHITE,Male,2023-05-01T00:00:00.000,2023-06-16,STRAY,OVER THE COUNTER,UNKNOWN,SANTA ROSA
DOG,BORDER COLLIE/MIX,BLACK/WHITE,Female,2023-05-01T00:00:00.000,2023-06-16,STRAY,OVER THE COUNTER,UNKNOWN,SANTA ROSA
DOG,BORDER COLLIE/MIX,RED/WHITE,Female,2023-05-01T00:00:00.000,2023-06-16,STRAY,OVER THE COUNTER,UNKNOWN,SANTA ROSA
DOG,BORDER COLLIE/MIX,BLACK/WHITE,Female,2023-05-01T00:00:00.000,2023-06-16,STRAY,OVER THE COUNTER,UNKNOWN,SANTA ROSA
DOG,BORDER COLLIE/MIX,BLACK/WHITE,Male,2023-05-01T00:00:00.000,2023-06-16,STRAY,OVER THE COUNTER,UNKNOWN,SANTA ROSA
DOG,BORDER COLLIE/MIX,BLACK/WHITE,Male,2023-05-01T00:00:00.000,2023-06-16,STRAY,OVER THE COUNTER,UNKNOWN,SANTA ROSA
DOG,PARSON RUSS TER/DACHSHUND,BROWN/TAN,Neutered,2015-01-01T00:00:00.000,2023-06-17,CONFISCATE,FLD_ARREST,UNKNOWN,COUNTY
CAT,DOMESTIC MH,BLACK,Neutered,2020-06-22T00:00:00.000,2023-06-17,STRAY,OVER THE COUNTER,HEALTHY,SANTA ROSA
DOG,POODLE TOY,WHITE,Spayed,2013-06-17T00:00:00.000,2023-06-17,STRAY,OVER THE COUNTER,UNKNOWN,SANTA ROSA
CAT,DOMESTIC SH,BRN TABBY,Neutered,2023-04-20T00:00:00.000,2023-06-17,OWNER SURRENDER,OVER THE COUNTER,HEALTHY,SANTA ROSA
DOG,DACHSHUND/MIX,TRICOLOR,Neutered,2013-08-31T00:00:00.000,2023-06-17,QUARANTINE,FIELD,UNKNOWN,COUNTY
CAT,SIAMESE,LILAC PT,Spayed,2022-03-17T00:00:00.000,2023-06-17,STRAY,OVER THE COUNTER,HEALTHY,SANTA ROSA
DOG,GERM SHEPHERD,BLACK/TAN,Male,2017-06-17T00:00:00.000,2023-06-17,STRAY,FIELD,UNKNOWN,COUNTY
OTHER,RABBIT SH,BROWN,Male,2021-06-20T00:00:00.000,2023-06-19,STRAY,FIELD,UNKNOWN,COUNTY
DOG,LABRADOR RETR,BLACK,Male,2015-06-27T00:00:00.000,2023-06-19,STRAY,FIELD,UNKNOWN,SANTA ROSA
DOG,AUST CATTLE DOG,BLUE/BLACK,Female,,2023-06-19,STRAY,FLD_STRAY,UNKNOWN,COUNTY
DOG,AKITA,BLACK/WHITE,Male,,2023-06-19,STRAY,FIELD,UNKNOWN,SANTA ROSA
CAT,DOMESTIC MH,BLACK/WHITE,Spayed,2015-07-06T00:00:00.000,2023-06-20,QUARANTINE,FIELD,TREATABLE/REHAB,SANTA ROSA
DOG,CHOW CHOW/MIX,RED/WHITE,Male,,2023-06-20,STRAY,FIELD,UNKNOWN,SANTA ROSA
DOG,SIBERIAN HUSKY,BLACK/WHITE,Neutered,2022-01-18T00:00:00.000,2023-06-20,STRAY,FIELD,HEALTHY,SANTA ROSA
DOG,BEAGLE/PUG,TAN,Neutered,,2023-06-20,CONFISCATE,FLD_CORONR,UNKNOWN,COUNTY
DOG,POODLE MIN/MIX,WHITE,Neutered,,2023-06-20,CONFISCATE,FLD_CORONR,UNKNOWN,COUNTY
DOG,CHIHUAHUA SH,BLACK,Female,,2023-06-20,CONFISCATE,FLD_CORONR,UNKNOWN,COUNTY
OTHER,TORTOISE,BROWN,Female,,2023-06-20,STRAY,FIELD,UNKNOWN,SANTA ROSA
DOG,CHIHUAHUA SH/MIX,RED/WHITE,Male,,2023-06-20,CONFISCATE,FLD_ARREST,UNKNOWN,COUNTY
DOG,YORKSHIRE TERR,BLACK/BROWN,Neutered,2017-07-27T00:00:00.000,2023-06-20,STRAY,FIELD,HEALTHY,COUNTY
DOG,CHIHUAHUA SH,BLACK/BROWN,Neutered,2020-07-17T00:00:00.000,2023-06-20,STRAY,OVER THE COUNTER,HEALTHY,COUNTY
DOG,GERM SHEPHERD,RED/BLACK,Male,,2023-06-20,STRAY,FIELD,UNKNOWN,COUNTY
DOG,QUEENSLAND HEEL/MIX,BLUE MERLE/TAN,Female,2022-11-21T00:00:00.000,2023-06-20,CONFISCATE,FIELD,UNKNOWN,SANTA ROSA
CAT,ABYSSINIAN/DOMESTIC SH,AGOUTI/BRN TABBY,Neutered,2021-07-19T00:00:00.000,2023-06-21,STRAY,OVER THE COUNTER,HEALTHY,SANTA ROSA
DOG,LABRADOR RETR,YELLOW,Male,2017-05-14T00:00:00.000,2023-06-21,STRAY,FIELD,UNKNOWN,SANTA ROSA
DOG,LABRADOR RETR,YELLOW,Male,2021-04-23T00:00:00.000,2023-06-21,STRAY,FIELD,UNKNOWN,SANTA ROSA
DOG,GERM SHEPHERD,BLACK/TAN,Female,2023-01-21T00:00:00.000,2023-06-21,STRAY,OVER THE COUNTER,UNKNOWN,SANTA ROSA
CAT,DOMESTIC SH,BLACK,Neutered,2023-04-21T00:00:00.000,2023-06-21,STRAY,OVER THE COUNTER,HEALTHY,COUNTY
CAT,DOMESTIC SH,LYNX PT,Neutered,2023-04-21T00:00:00.000,2023-06-21,STRAY,OVER THE COUNTER,HEALTHY,COUNTY
CAT,DOMESTIC SH,BRN TABBY,Neutered,2023-04-21T00:00:00.000,2023-06-21,STRAY,OVER THE COUNTER,HEALTHY,COUNTY
CAT,DOMESTIC SH,TORTIE,Spayed,2019-05-01T00:00:00.000,2023-06-21,STRAY,OVER THE COUNTER,UNKNOWN,SANTA ROSA
DOG,POMERANIAN/MIX,BLACK/WHITE,Female,2018-11-13T00:00:00.000,2023-06-22,STRAY,FIELD,UNKNOWN,SANTA ROSA
DOG,PIT BULL,GRAY/WHITE,Neutered,2018-01-19T00:00:00.000,2023-06-22,STRAY,OVER THE COUNTER,UNKNOWN,COUNTY
DOG,PIT BULL/MIX,FAWN/WHITE,Male,2022-12-22T00:00:00.000,2023-06-22,STRAY,OVER THE COUNTER,UNKNOWN,COUNTY
DOG,TR WALKER HOUND/MIX,TAN/WHITE,Spayed,2023-02-12T00:00:00.000,2023-06-22,STRAY,OVER THE COUNTER,HEALTHY,SANTA ROSA
DOG,GERM SHEPHERD/MIX,TAN/BLACK,Male,,2023-06-22,STRAY,FIELD,UNKNOWN,SANTA ROSA
DOG,BLUETICK HOUND/MIX,WHITE/TAN,Male,2022-12-19T00:00:00.000,2023-06-23,STRAY,FIELD,UNKNOWN,COUNTY
CAT,DOMESTIC SH,ORG TABBY/WHITE,Male,2022-06-24T00:00:00.000,2023-06-23,STRAY,OVER THE COUNTER,UNKNOWN,SANTA ROSA
DOG,LABRADOR RETR,BLACK,Spayed,2022-04-12T00:00:00.000,2023-06-23,STRAY,FIELD,UNKNOWN,SANTA ROSA
DOG,PIT BULL/MIX,BROWN/WHITE,Female,2023-05-23T00:00:00.000,2023-06-23,STRAY,FIELD,UNKNOWN,SANTA ROSA
DOG,SIBERIAN HUSKY,BLACK/WHITE,Female,2020-10-27T00:00:00.000,2023-06-23,STRAY,OVER THE COUNTER,UNKNOWN,COUNTY
DOG,PIT BULL/MIX,BLUE MERLE,Spayed,2022-08-01T00:00:00.000,2023-06-23,STRAY,OVER THE COUNTER,HEALTHY,COUNTY
CAT,DOMESTIC SH,ORG TABBY,Neutered,2023-04-23T00:00:00.000,2023-06-23,STRAY,OVER THE COUNTER,HEALTHY,COUNTY
DOG,PIT BULL,BROWN/WHITE,Female,,2023-06-24,STRAY,FIELD,UNKNOWN,SANTA ROSA
DOG,FOX TERR SMOOTH,WHITE/BROWN,Male,2012-06-27T00:00:00.000,2023-06-24,STRAY,FIELD,UNKNOWN,SANTA ROSA
DOG,GERM SHEPHERD/BORDER COLLIE,BROWN/WHITE,Neutered,,2023-06-24,QUARANTINE,FIELD,UNKNOWN,COUNTY
CAT,DOMESTIC SH,CALICO,Spayed,2023-05-17T00:00:00.000,2023-06-24,STRAY,OVER THE COUNTER,HEALTHY,COUNTY
CAT,DOMESTIC SH,BRN TABBY/WHITE,Female,2021-06-24T00:00:00.000,2023-06-24,STRAY,OVER THE COUNTER,UNKNOWN,SANTA ROSA
DOG,GERM SHEPHERD,BROWN/BLACK,Spayed,2021-06-03T00:00:00.000,2023-06-24,ADOPTION RETURN,OVER THE COUNTER,HEALTHY,SANTA ROSA
DOG,CHIHUAHUA SH,TAN/WHITE,Neutered,2010-05-18T00:00:00.000,2023-06-26,STRAY,FIELD,UNKNOWN,SANTA ROSA
DOG,GREAT PYRENEES/MIX,WHITE/BLACK,Spayed,2020-08-15T00:00:00.000,2023-06-26,STRAY,FIELD,TREATABLE/MANAGEABLE,SANTA ROSA
CAT,DOMESTIC SH,ORG TABBY,Spayed,2022-06-27T00:00:00.000,2023-06-26,STRAY,FIELD,HEALTHY,SANTA ROSA
DOG,PIT BULL/MIX,BLACK/WHITE,Male,2023-05-19T00:00:00.000,2023-06-26,STRAY,FIELD,UNKNOWN,SANTA ROSA
DOG,CHIHUAHUA SH/MIX,BLACK/TAN,Male,2021-06-27T00:00:00.000,2023-06-27,STRAY,FIELD,HEALTHY,SANTA ROSA
CAT,DOMESTIC SH,WHITE/BRN TABBY,Female,2023-04-24T00:00:00.000,2023-06-27,OWNER SURRENDER,OVER THE COUNTER,HEALTHY,SANTA ROSA
CAT,DOMESTIC SH,WHITE/BRN TABBY,Female,2023-04-24T00:00:00.000,2023-06-27,OWNER SURRENDER,OVER THE COUNTER,UNKNOWN,SANTA ROSA
CAT,DOMESTIC SH,BRN TABBY/WHITE,Male,2023-04-24T00:00:00.000,2023-06-27,OWNER SURRENDER,OVER THE COUNTER,HEALTHY,SANTA ROSA
CAT,DOMESTIC SH,BRN TABBY/WHITE,Male,2023-04-24T00:00:00.000,2023-06-27,OWNER SURRENDER,OVER THE COUNTER,HEALTHY,SANTA ROSA
CAT,DOMESTIC SH,GRAY/WHITE,Female,2023-04-24T00:00:00.000,2023-06-27,OWNER SURRENDER,OVER THE COUNTER,UNKNOWN,SANTA ROSA
CAT,DOMESTIC SH,BLACK/WHITE,Spayed,2021-09-11T00:00:00.000,2023-06-27,STRAY,OVER THE COUNTER,UNKNOWN,SANTA ROSA
CAT,DOMESTIC SH,BRN TABBY/WHITE,Neutered,2023-06-25T00:00:00.000,2023-06-27,STRAY,OVER THE COUNTER,UNKNOWN,SANTA ROSA
CAT,DOMESTIC SH,BLACK/WHITE,Neutered,2023-06-26T00:00:00.000,2023-06-27,STRAY,OVER THE COUNTER,UNKNOWN,SANTA ROSA
CAT,DOMESTIC SH,BLACK/WHITE,Spayed,2023-06-26T00:00:00.000,2023-06-27,STRAY,OVER THE COUNTER,UNKNOWN,SANTA ROSA
CAT,DOMESTIC SH,BLACK/WHITE,Spayed,2023-06-26T00:00:00.000,2023-06-27,STRAY,OVER THE COUNTER,UNKNOWN,SANTA ROSA
CAT,DOMESTIC SH,BRN TABBY,Spayed,2023-06-26T00:00:00.000,2023-06-27,STRAY,OVER THE COUNTER,UNKNOWN,SANTA ROSA
CAT,DOMESTIC SH,BLACK,Spayed,2023-03-03T00:00:00.000,2023-06-27,STRAY,OVER THE COUNTER,HEALTHY,SANTA ROSA
CAT,DOMESTIC SH,BLACK,Male,2023-05-27T00:00:00.000,2023-06-27,STRAY,OVER THE COUNTER,UNKNOWN,SANTA ROSA
DOG,CATAHOULA/LABRADOR RETR,BR BRINDLE/WHITE,Neutered,2019-12-25T00:00:00.000,2023-06-27,QUARANTINE,FIELD,UNKNOWN,SANTA ROSA
CAT,DOMESTIC SH,BLACK,Neutered,2023-04-27T00:00:00.000,2023-06-27,STRAY,OVER THE COUNTER,HEALTHY,SANTA ROSA
CAT,DOMESTIC SH,LYNX PT,Spayed,2023-05-01T00:00:00.000,2023-06-28,STRAY,OVER THE COUNTER,HEALTHY,SANTA ROSA
DOG,LABRADOR RETR/MIX,BLACK,Spayed,2014-10-29T00:00:00.000,2023-06-28,CONFISCATE,FLD_ARREST,UNKNOWN,SANTA ROSA
CAT,DOMESTIC SH,GRAY TABBY,Unknown,2023-06-26T00:00:00.000,2023-06-28,BORN HERE,MOM STRAY,UNKNOWN,SANTA ROSA
CAT,DOMESTIC SH,BLACK,Unknown,2023-06-27T00:00:00.000,2023-06-28,BORN HERE,MOM STRAY,UNKNOWN,COUNTY
CAT,DOMESTIC SH,BLACK,Unknown,2023-06-27T00:00:00.000,2023-06-28,BORN HERE,MOM STRAY,UNKNOWN,COUNTY
CAT,DOMESTIC SH,BLACK,Unknown,2023-06-27T00:00:00.000,2023-06-28,BORN HERE,MOM STRAY,UNKNOWN,COUNTY
CAT,DOMESTIC SH,BLACK,Unknown,2023-06-27T00:00:00.000,2023-06-28,BORN HERE,MOM STRAY,UNKNOWN,COUNTY
CAT,DOMESTIC SH,BLACK,Unknown,2023-06-27T00:00:00.000,2023-06-28,BORN HERE,MOM STRAY,UNKNOWN,COUNTY
CAT,DOMESTIC SH,GRAY TABBY,Unknown,2023-06-26T00:00:00.000,2023-06-28,BORN HERE,MOM STRAY,UNKNOWN,SANTA ROSA
CAT,DOMESTIC SH,BLACK,Unknown,2023-06-27T00:00:00.000,2023-06-28,BORN HERE,MOM STRAY,UNKNOWN,COUNTY
CAT,DOMESTIC SH,BRN TABBY,Unknown,2023-06-26T00:00:00.000,2023-06-28,BORN HERE,MOM STRAY,UNKNOWN,SANTA ROSA
CAT,DOMESTIC SH,BLACK,Unknown,2023-06-26T00:00:00.000,2023-06-28,BORN HERE,MOM STRAY,UNKNOWN,SANTA ROSA
CAT,DOMESTIC SH,BLACK,Unknown,2023-06-26T00:00:00.000,2023-06-28,BORN HERE,MOM STRAY,UNKNOWN,SANTA ROSA
CAT,DOMESTIC SH,BRN TABBY,Female,2010-06-28T00:00:00.000,2023-06-28,STRAY,OVER THE COUNTER,UNKNOWN,SANTA ROSA
CAT,DOMESTIC SH,ORG TABBY,Neutered,2023-03-28T00:00:00.000,2023-06-28,STRAY,OVER THE COUNTER,HEALTHY,SANTA ROSA
DOG,PIT BULL/MIX,RED/TAN,Female,2023-06-06T00:00:00.000,2023-06-28,STRAY,FIELD,UNKNOWN,SANTA ROSA
DOG,GERM SHEPHERD,BROWN/BLACK,Spayed,2018-06-29T00:00:00.000,2023-06-29,STRAY,OVER THE COUNTER,UNKNOWN,SANTA ROSA
DOG,LABRADOR RETR,BLACK,Spayed,2012-06-29T00:00:00.000,2023-06-29,STRAY,OVER THE COUNTER,UNKNOWN,SANTA ROSA
DOG,DACHSHUND/MIX,TRICOLOR,Spayed,2018-07-06T00:00:00.000,2023-06-29,STRAY,FIELD,HEALTHY,COUNTY
DOG,PARSON RUSS TER/MIX,WHITE,Neutered,2021-07-06T00:00:00.000,2023-06-29,STRAY,FIELD,UNKNOWN,SANTA ROSA
DOG,SCHNAUZER MIN/MIX,GRAY,Spayed,2020-06-29T00:00:00.000,2023-06-29,STRAY,FLD_STRAY,HEALTHY,SANTA ROSA
CAT,DOMESTIC MH,TORTIE/GRAY,Spayed,2023-06-29T00:00:00.000,2023-06-29,STRAY,OVER THE COUNTER,HEALTHY,SANTA ROSA
CAT,DOMESTIC SH,BUFF,Neutered,2023-06-26T00:00:00.000,2023-06-29,STRAY,OVER THE COUNTER,HEALTHY,SANTA ROSA
CAT,DOMESTIC SH,BUFF,Neutered,2023-06-26T00:00:00.000,2023-06-29,STRAY,OVER THE COUNTER,HEALTHY,SANTA ROSA
CAT,DOMESTIC SH,BUFF,Neutered,2023-06-26T00:00:00.000,2023-06-29,STRAY,OVER THE COUNTER,HEALTHY,SANTA ROSA
CAT,DOMESTIC SH,BUFF,Spayed,2023-06-26T00:00:00.000,2023-06-29,STRAY,OVER THE COUNTER,HEALTHY,SANTA ROSA
CAT,DOMESTIC SH,BUFF,Spayed,2023-06-26T00:00:00.000,2023-06-29,STRAY,OVER THE COUNTER,HEALTHY,SANTA ROSA
CAT,DOMESTIC SH,TORTIE,Spayed,2023-06-26T00:00:00.000,2023-06-29,STRAY,OVER THE COUNTER,HEALTHY,SANTA ROSA
DOG,BOXER/MIX,WHITE,Spayed,2022-06-29T00:00:00.000,2023-06-29,STRAY,OVER THE COUNTER,HEALTHY,COUNTY
OTHER,CHINCHILLA,GRAY,Female,,2023-06-29,STRAY,OVER THE COUNTER,UNKNOWN,COUNTY
OTHER,CHINCHILLA,GRAY,Female,,2023-06-29,STRAY,OVER THE COUNTER,UNKNOWN,COUNTY
DOG,SCHNAUZER MIN/MIX,WHITE/BLACK,Spayed,2020-06-29T00:00:00.000,2023-06-29,STRAY,FLD_STRAY,UNKNOWN,SANTA ROSA
CAT,DOMESTIC SH,BLACK/WHITE,Female,2023-05-07T00:00:00.000,2023-06-29,STRAY,FIELD,UNKNOWN,COUNTY
CAT,DOMESTIC SH,BLACK/WHITE,Female,2023-05-07T00:00:00.000,2023-06-29,STRAY,FIELD,UNKNOWN,COUNTY
CAT,DOMESTIC SH,BLACK/WHITE,Female,2023-05-07T00:00:00.000,2023-06-29,STRAY,FIELD,UNKNOWN,COUNTY
CAT,DOMESTIC SH,BLACK/WHITE,Female,2023-05-07T00:00:00.000,2023-06-29,STRAY,FIELD,UNKNOWN,COUNTY
CAT,DOMESTIC SH,BLACK/WHITE,Female,2023-05-07T00:00:00.000,2023-06-29,STRAY,FIELD,UNKNOWN,COUNTY
CAT,DOMESTIC SH,BRN TABBY/WHITE,Female,2023-05-07T00:00:00.000,2023-06-29,STRAY,FIELD,UNKNOWN,COUNTY
CAT,DOMESTIC SH,BRN TABBY/WHITE,Male,2023-05-07T00:00:00.000,2023-06-29,STRAY,FIELD,UNKNOWN,COUNTY
CAT,DOMESTIC SH,GRAY TABBY/WHITE,Male,2023-05-07T00:00:00.000,2023-06-29,STRAY,FIELD,UNKNOWN,COUNTY
CAT,DOMESTIC SH,GRAY,Male,2023-05-07T00:00:00.000,2023-06-29,STRAY,FIELD,UNKNOWN,COUNTY
CAT,DOMESTIC SH,LYNX PT,Male,2023-05-07T00:00:00.000,2023-06-29,STRAY,FIELD,UNKNOWN,COUNTY
CAT,DOMESTIC SH,BRN TABBY/WHITE,Male,2023-05-07T00:00:00.000,2023-06-29,STRAY,FIELD,UNKNOWN,COUNTY
CAT,DOMESTIC SH,BRN TABBY/WHITE,Spayed,2021-06-29T00:00:00.000,2023-06-29,STRAY,OVER THE COUNTER,HEALTHY,SANTA ROSA
DOG,PIT BULL/MIX,BLACK/WHITE,Female,,2023-06-30,CONFISCATE,FLD_ARREST,UNKNOWN,SANTA ROSA
OTHER,DUCK,WHITE,Unknown,,2023-06-30,STRAY,FLD_STRAY,UNKNOWN,COUNTY
OTHER,DUCK,WHITE,Female,,2023-06-30,STRAY,FLD_STRAY,UNKNOWN,COUNTY
OTHER,DUCK,WHITE,Female,,2023-06-30,STRAY,FLD_STRAY,UNKNOWN,COUNTY
CAT,DOMESTIC SH,BLACK,Neutered,2019-06-30T00:00:00.000,2023-06-30,STRAY,OVER THE COUNTER,HEALTHY,SANTA ROSA
CAT,DOMESTIC SH,GRAY/WHITE,Spayed,,2023-06-30,STRAY,OVER THE COUNTER,HEALTHY,SANTA ROSA
CAT,DOMESTIC MH,BRN TABBY/WHITE,Neutered,2022-06-30T00:00:00.000,2023-06-30,STRAY,OVER THE COUNTER,HEALTHY,SANTA ROSA
OTHER,TURTLE,BLACK,Unknown,,2023-06-30,STRAY,OVER THE COUNTER,UNKNOWN,COUNTY
DOG,CHIHUAHUA SH/MIX,BLACK/BROWN,Male,,2023-06-30,CONFISCATE,FIELD,UNKNOWN,SANTA ROSA
DOG,YORKSHIRE TERR/MIX,BLACK,Male,2018-07-01T00:00:00.000,2023-07-01,STRAY,OVER THE COUNTER,UNKNOWN,SANTA ROSA
CAT,DOMESTIC SH,BLUE,Neutered,2008-07-01T00:00:00.000,2023-07-01,STRAY,FIELD,UNKNOWN,COUNTY
CAT,DOMESTIC LH,BRN TABBY,Male,2022-02-12T00:00:00.000,2023-07-01,STRAY,FLD_STRAY,UNKNOWN,SANTA ROSA
CAT,DOMESTIC SH,BLACK,Neutered,2010-08-10T00:00:00.000,2023-07-01,STRAY,FIELD,UNKNOWN,SANTA ROSA
DOG,PIT BULL/MIX,BLACK,Female,,2023-07-01,CONFISCATE,FLD_ARREST,UNKNOWN,SANTA ROSA
DOG,CHIHUAHUA SH,TAN/WHITE,Female,2017-04-01T00:00:00.000,2023-07-01,CONFISCATE,FLD_ARREST,UNKNOWN,SANTA ROSA
DOG,SIBERIAN HUSKY,BLACK/WHITE,Male,2016-01-10T00:00:00.000,2023-07-01,STRAY,OVER THE COUNTER,UNKNOWN,WINDSOR
DOG,DACHSHUND/MIX,BRN MERLE,Neutered,2013-11-12T00:00:00.000,2023-07-01,CONFISCATE,FLD_ARREST,UNKNOWN,SANTA ROSA
DOG,POODLE MIN/MIX,WHITE,Neutered,2018-12-24T00:00:00.000,2023-07-02,STRAY,FIELD,UNKNOWN,SANTA ROSA
DOG,GERM SHEPHERD,BLACK,Male,2020-11-08T00:00:00.000,2023-07-02,STRAY,FIELD,UNKNOWN,SANTA ROSA
DOG,ALASKAN HUSKY/MIX,WHITE,Male,,2023-07-02,STRAY,FIELD,UNKNOWN,SANTA ROSA
CAT,DOMESTIC SH,BRN TABBY/WHITE,Spayed,2023-03-07T00:00:00.000,2023-07-03,STRAY,FIELD,UNKNOWN,SANTA ROSA
CAT,DOMESTIC SH,GRAY,Male,,2023-07-03,STRAY,FIELD,UNTREATABLE,SANTA ROSA
DOG,CHIHUAHUA SH,TAN,Spayed,2014-01-10T00:00:00.000,2023-07-03,STRAY,FIELD,UNKNOWN,SANTA ROSA
DOG,YORKSHIRE TERR/MIX,BLACK/WHITE,Neutered,2012-07-07T00:00:00.000,2023-07-03,STRAY,FIELD,UNKNOWN,SANTA ROSA
DOG,AUST SHEPHERD/AMERICAN STAFF,ORANGE/WHITE,Neutered,2016-10-19T00:00:00.000,2023-07-03,STRAY,FIELD,UNKNOWN,SANTA ROSA
DOG,PIT BULL,TAN/WHITE,Female,2020-07-07T00:00:00.000,2023-07-04,STRAY,FIELD,UNKNOWN,COUNTY
DOG,CATAHOULA/MIX,BR BRINDLE/BLACK,Spayed,2015-07-07T00:00:00.000,2023-07-04,STRAY,FIELD,UNKNOWN,COUNTY
DOG,SILKY TERRIER,WHITE,Female,2016-08-08T00:00:00.000,2023-07-05,STRAY,OVER THE COUNTER,UNKNOWN,COUNTY
DOG,GERM SHEPHERD,SABLE,Female,2022-12-05T00:00:00.000,2023-07-05,STRAY,FIELD,UNKNOWN,SANTA ROSA
CAT,DOMESTIC SH,BLACK/WHITE,Male,2011-07-17T00:00:00.000,2023-07-05,STRAY,FIELD,HEALTHY,SANTA ROSA
DOG,MALTESE/POODLE TOY,WHITE,Spayed,2014-10-06T00:00:00.000,2023-07-05,STRAY,FIELD,UNKNOWN,SANTA ROSA
DOG,PIT BULL/MIX,GRAY/WHITE,Neutered,2019-08-13T00:00:00.000,2023-07-05,STRAY,FIELD,HEALTHY,SANTA ROSA
DOG,PIT BULL,BROWN,Female,,2023-07-05,STRAY,FIELD,HEALTHY,SANTA ROSA
DOG,PIT BULL/MIX,BLACK,Male,2022-12-06T00:00:00.000,2023-07-05,STRAY,OVER THE COUNTER,UNKNOWN,SANTA ROSA
OTHER,CHICKEN,BROWN,Male,,2023-07-05,STRAY,FIELD,UNKNOWN,SANTA ROSA
OTHER,CHICKEN,BROWN,Female,,2023-07-05,STRAY,FIELD,UNKNOWN,SANTA ROSA
DOG,PIT BULL,TRICOLOR/WHITE,Female,2021-07-05T00:00:00.000,2023-07-05,STRAY,FIELD,UNKNOWN,COUNTY
DOG,PIT BULL,WHITE,Male,,2023-07-05,STRAY,FIELD,UNKNOWN,COUNTY
DOG,GERM SHEPHERD/BOXER,TAN/WHITE,Neutered,2020-07-05T00:00:00.000,2023-07-05,STRAY,OVER THE COUNTER,TREATABLE/MANAGEABLE,SANTA ROSA
CAT,DOMESTIC SH,ORANGE/WHITE,Neutered,2020-07-05T00:00:00.000,2023-07-05,STRAY,OVER THE COUNTER,HEALTHY,COUNTY
DOG,AUST CATTLE DOG,BLACK/WHITE,Spayed,2023-04-20T00:00:00.000,2023-07-05,STRAY,OVER THE COUNTER,HEALTHY,COUNTY
CAT,DOMESTIC SH,BRN TABBY,Spayed,2023-05-31T00:00:00.000,2023-07-05,STRAY,OVER THE COUNTER,HEALTHY,COUNTY
CAT,DOMESTIC SH,BRN TABBY,Neutered,2023-03-15T00:00:00.000,2023-07-05,STRAY,OVER THE COUNTER,HEALTHY,COUNTY
DOG,POODLE MIN/MIX,WHITE,Neutered,2018-12-24T00:00:00.000,2023-07-06,OWNER SURRENDER,OVER THE COUNTER,HEALTHY,SANTA ROSA
DOG,CHIHUAHUA SH,WHITE/BROWN,Spayed,2010-07-06T00:00:00.000,2023-07-06,STRAY,OVER THE COUNTER,UNKNOWN,SANTA ROSA
OTHER,DUCK,BROWN,Female,,2023-07-06,STRAY,FIELD,UNKNOWN,SANTA ROSA
CAT,SIAMESE,LILAC PT,Spayed,2022-03-17T00:00:00.000,2023-07-06,ADOPTION RETURN,OVER THE COUNTER,HEALTHY,SANTA ROSA
CAT,DOMESTIC SH,ORG TABBY,Neutered,2023-04-06T00:00:00.000,2023-07-06,STRAY,OVER THE COUNTER,HEALTHY,COUNTY
DOG,GERM SHEPHERD/PIT BULL,WHITE,Neutered,,2023-07-06,STRAY,OVER THE COUNTER,UNKNOWN,COUNTY
CAT,DOMESTIC SH,BLACK/WHITE,Female,,2023-07-06,STRAY,FIELD,UNKNOWN,SANTA ROSA
CAT,DOMESTIC SH,BLACK/WHITE,Spayed,2021-08-01T00:00:00.000,2023-07-06,STRAY,FIELD,HEALTHY,SANTA ROSA
DOG,RHOD RIDGEBACK/MIX,BROWN/BLACK,Neutered,2022-08-15T00:00:00.000,2023-07-06,STRAY,OVER THE COUNTER,HEALTHY,COUNTY
DOG,AUST SHEPHERD,BROWN,Neutered,2019-07-06T00:00:00.000,2023-07-06,STRAY,FIELD,UNKNOWN,COUNTY
CAT,DOMESTIC SH,BRN TABBY/WHITE,Female,2023-05-06T00:00:00.000,2023-07-06,STRAY,OVER THE COUNTER,UNKNOWN,SANTA ROSA
CAT,DOMESTIC SH,BRN TABBY/WHITE,Neutered,2023-05-06T00:00:00.000,2023-07-06,STRAY,OVER THE COUNTER,HEALTHY,SANTA ROSA
DOG,SIBERIAN HUSKY/LABRADOR RETR,TRICOLOR,Neutered,2017-01-23T00:00:00.000,2023-07-07,CONFISCATE,FLD_HOSPTL,HEALTHY,COUNTY
CAT,DOMESTIC SH,BLACK,Spayed,2017-01-03T00:00:00.000,2023-07-07,CONFISCATE,FLD_CORONR,UNKNOWN,COUNTY
CAT,DOMESTIC SH,GRAY,Spayed,2023-05-31T00:00:00.000,2023-07-07,STRAY,OVER THE COUNTER,TREATABLE/REHAB,SANTA ROSA
OTHER,CHECKERED GIANT,WHITE/BLACK,Neutered,2021-07-11T00:00:00.000,2023-07-07,STRAY,OVER THE COUNTER,HEALTHY,SANTA ROSA
CAT,DOMESTIC SH,GRAY TABBY,Neutered,2023-04-25T00:00:00.000,2023-07-07,STRAY,OVER THE COUNTER,HEALTHY,COUNTY
CAT,DOMESTIC MH,GRAY,Spayed,2023-04-25T00:00:00.000,2023-07-07,STRAY,OVER THE COUNTER,HEALTHY,COUNTY
CAT,DOMESTIC SH,GRAY TABBY,Female,,2023-07-08,STRAY,OVER THE COUNTER,UNTREATABLE,SANTA ROSA
CAT,DOMESTIC SH,BRN TABBY/TORTIE,Spayed,2023-05-08T00:00:00.000,2023-07-08,STRAY,OVER THE COUNTER,HEALTHY,COUNTY
CAT,DOMESTIC MH,GRAY,Neutered,2023-05-08T00:00:00.000,2023-07-08,STRAY,OVER THE COUNTER,HEALTHY,COUNTY
DOG,CHIHUAHUA SH/MIX,WHITE/TAN,Male,2005-07-10T00:00:00.000,2023-07-08,STRAY,OVER THE COUNTER,UNKNOWN,SANTA ROSA
DOG,MALTESE/POODLE TOY,WHITE,Spayed,2011-07-11T00:00:00.000,2023-07-08,STRAY,FIELD,UNKNOWN,COUNTY
CAT,DOMESTIC SH,BLACK,Neutered,2022-05-08T00:00:00.000,2023-07-08,STRAY,OVER THE COUNTER,HEALTHY,COUNTY
CAT,DOMESTIC SH,BRN TABBY,Female,,2023-07-08,STRAY,OVER THE COUNTER,UNKNOWN,SANTA ROSA
DOG,PIT BULL/LABRADOR RETR,BLACK/WHITE,Neutered,2023-01-11T00:00:00.000,2023-07-09,CONFISCATE,FIELD,UNKNOWN,SANTA ROSA
DOG,BULLMASTIFF/PIT BULL,BLACK,Male,2023-02-11T00:00:00.000,2023-07-09,CONFISCATE,FIELD,UNKNOWN,SANTA ROSA
CAT,DOMESTIC SH,BLACK/WHITE,Male,,2023-07-09,STRAY,FIELD,UNKNOWN,COUNTY
DOG,STAFFORDSHIRE/BULLDOG,TRICOLOR,Female,2022-07-14T00:00:00.000,2023-07-10,STRAY,FIELD,UNKNOWN,SANTA ROSA
DOG,LABRADOR RETR,BLACK,Spayed,2018-07-11T00:00:00.000,2023-07-10,CONFISCATE,FLD_HOSPTL,UNKNOWN,COUNTY
DOG,GERM SHEPHERD,BROWN/BLACK,Male,2020-03-02T00:00:00.000,2023-07-10,OWNER SURRENDER,FIELD,UNKNOWN,COUNTY
CAT,DOMESTIC SH,BRN TABBY/WHITE,Neutered,2023-01-10T00:00:00.000,2023-07-10,STRAY,FIELD,UNKNOWN,SANTA ROSA
DOG,PIT BULL,BLACK/WHITE,Spayed,2020-08-14T00:00:00.000,2023-07-10,STRAY,FIELD,HEALTHY,SANTA ROSA
DOG,PIT BULL,BR BRINDLE/WHITE,Neutered,2014-03-21T00:00:00.000,2023-07-11,CONFISCATE,FIELD,UNKNOWN,COUNTY
OTHER,DUTCH/MIX,BROWN/WHITE,Neutered,2021-07-11T00:00:00.000,2023-07-11,STRAY,FIELD,TREATABLE/REHAB,SANTA ROSA
DOG,GERM SHEPHERD/AUST SHEPHERD,BLACK/BROWN,Male,2020-03-20T00:00:00.000,2023-07-11,STRAY,FIELD,UNKNOWN,COUNTY
DOG,ALASKAN HUSKY,WHITE,Neutered,2021-07-11T00:00:00.000,2023-07-11,STRAY,FIELD,UNKNOWN,SANTA ROSA
DOG,ENG BULLDOG,WHITE/BROWN,Male,,2023-07-12,STRAY,FIELD,UNKNOWN,SANTA ROSA
DOG,DACHSHUND/POODLE MIN,TAN,Neutered,2023-05-14T00:00:00.000,2023-07-12,OWNER SURRENDER,OVER THE COUNTER,HEALTHY,SANTA ROSA
DOG,DACHSHUND/POODLE MIN,TAN,Neutered,2023-05-14T00:00:00.000,2023-07-12,OWNER SURRENDER,OVER THE COUNTER,TREATABLE/MANAGEABLE,SANTA ROSA
DOG,DACHSHUND/POODLE MIN,TAN,Neutered,2023-05-14T00:00:00.000,2023-07-12,OWNER SURRENDER,OVER THE COUNTER,HEALTHY,SANTA ROSA
DOG,DACHSHUND/POODLE MIN,TAN,Male,,2023-07-12,OWNER SURRENDER,OVER THE COUNTER,UNKNOWN,SANTA ROSA
DOG,DACHSHUND/POODLE MIN,TAN,Male,,2023-07-12,OWNER SURRENDER,OVER THE COUNTER,UNKNOWN,SANTA ROSA
DOG,DACHSHUND/POODLE MIN,TAN,Male,,2023-07-12,OWNER SURRENDER,OVER THE COUNTER,UNKNOWN,SANTA ROSA
DOG,DACHSHUND/POODLE MIN,TAN,Female,,2023-07-12,OWNER SURRENDER,OVER THE COUNTER,UNKNOWN,SANTA ROSA
DOG,PIT BULL,BROWN/WHITE,Female,,2023-07-12,STRAY,FIELD,UNKNOWN,SANTA ROSA
DOG,GREAT PYRENEES,WHITE,Neutered,2022-02-17T00:00:00.000,2023-07-12,STRAY,FIELD,TREATABLE/REHAB,COUNTY
DOG,AUST CATTLE DOG,BROWN/WHITE,Female,2022-11-29T00:00:00.000,2023-07-12,STRAY,FIELD,UNKNOWN,OUT OF COUNTY
DOG,CHIHUAHUA SH,WHITE/TAN,Female,2009-07-13T00:00:00.000,2023-07-12,STRAY,OVER THE COUNTER,UNKNOWN,SANTA ROSA
DOG,PIT BULL,BR BRINDLE,Female,,2023-07-12,STRAY,FIELD,UNKNOWN,COUNTY
CAT,DOMESTIC LH,ORG TABBY/WHITE,Neutered,2020-07-26T00:00:00.000,2023-07-12,STRAY,OVER THE COUNTER,HEALTHY,SANTA ROSA
DOG,CHIHUAHUA SH,CREAM,Spayed,2012-07-13T00:00:00.000,2023-07-12,STRAY,FIELD,UNKNOWN,SANTA ROSA
CAT,DOMESTIC SH,CALICO,Spayed,2023-04-12T00:00:00.000,2023-07-12,STRAY,OVER THE COUNTER,UNKNOWN,COUNTY
CAT,DOMESTIC SH,WHITE/BLACK,Female,,2023-07-12,STRAY,OVER THE COUNTER,UNKNOWN,SANTA ROSA
CAT,DOMESTIC SH,BRN TABBY,Neutered,2023-02-13T00:00:00.000,2023-07-13,STRAY,OVER THE COUNTER,HEALTHY,SANTA ROSA
CAT,DOMESTIC SH,BRN TABBY,Spayed,2023-02-13T00:00:00.000,2023-07-13,STRAY,OVER THE COUNTER,HEALTHY,SANTA ROSA
CAT,DOMESTIC SH,GRAY TABBY/WHITE,Spayed,2023-02-13T00:00:00.000,2023-07-13,STRAY,OVER THE COUNTER,HEALTHY,SANTA ROSA
CAT,DOMESTIC SH,BLACK,Neutered,2023-06-19T00:00:00.000,2023-07-13,STRAY,OVER THE COUNTER,UNKNOWN,SANTA ROSA
CAT,DOMESTIC SH,BLACK/WHITE,Neutered,2023-06-19T00:00:00.000,2023-07-13,STRAY,OVER THE COUNTER,UNKNOWN,SANTA ROSA
DOG,CHIHUAHUA SH,TAN,Neutered,2008-07-13T00:00:00.000,2023-07-13,STRAY,FIELD,UNKNOWN,COUNTY
CAT,DOMESTIC LH,BLACK/BLACK,Unknown,,2023-07-13,STRAY,FLD_STRAY,UNKNOWN,COUNTY
DOG,PIT BULL/MIX,BLACK/WHITE,Neutered,2018-06-09T00:00:00.000,2023-07-13,CONFISCATE,FLD_ARREST,UNKNOWN,SANTA ROSA
DOG,PIT BULL/MIX,TRICOLOR,Male,,2023-07-14,STRAY,FIELD,UNKNOWN,SANTA ROSA
DOG,POMERANIAN/MIX,TAN,Neutered,2014-04-20T00:00:00.000,2023-07-14,CONFISCATE,FLD_HOSPTL,UNKNOWN,COUNTY
CAT,DOMESTIC SH,BRN TABBY,Neutered,2023-04-15T00:00:00.000,2023-07-14,STRAY,OVER THE COUNTER,HEALTHY,SANTA ROSA
DOG,PIT BULL,BR BRINDLE,Male,2020-07-15T00:00:00.000,2023-07-14,CONFISCATE,FLD_ARREST,UNKNOWN,COUNTY
CAT,DOMESTIC SH,BRN TABBY,Unknown,2023-07-13T00:00:00.000,2023-07-14,BORN HERE,MOM STRAY,UNKNOWN,SANTA ROSA
CAT,DOMESTIC SH,BLK TABBY/WHITE,Unknown,2023-07-13T00:00:00.000,2023-07-14,BORN HERE,MOM STRAY,UNKNOWN,SANTA ROSA
CAT,DOMESTIC SH,BLACK/WHITE,Unknown,2023-07-13T00:00:00.000,2023-07-14,BORN HERE,MOM STRAY,UNKNOWN,SANTA ROSA
CAT,DOMESTIC SH,BLACK/WHITE,Unknown,2023-07-13T00:00:00.000,2023-07-14,BORN HERE,MOM STRAY,UNKNOWN,SANTA ROSA
DOG,BELG MALINOIS/MIX,TAN/BLACK,Neutered,2023-05-08T00:00:00.000,2023-07-14,OWNER SURRENDER,OVER THE COUNTER,TREATABLE/REHAB,COUNTY
DOG,BELG MALINOIS/MIX,TAN/BLACK,Male,2023-05-08T00:00:00.000,2023-07-14,OWNER SURRENDER,OVER THE COUNTER,UNKNOWN,COUNTY
DOG,BELG MALINOIS/MIX,BLACK/TAN,Spayed,2023-05-08T00:00:00.000,2023-07-14,OWNER SURRENDER,OVER THE COUNTER,HEALTHY,COUNTY
DOG,BELG MALINOIS/MIX,TAN/BLACK,Male,2023-05-08T00:00:00.000,2023-07-14,OWNER SURRENDER,OVER THE COUNTER,UNKNOWN,COUNTY
DOG,PIT BULL,BLUE,Male,2017-08-02T00:00:00.000,2023-07-14,CONFISCATE,FLD_ABAND,UNKNOWN,SANTA ROSA
DOG,BELG MALINOIS/MIX,BLACK/TAN,Female,2023-05-08T00:00:00.000,2023-07-14,OWNER SURRENDER,OVER THE COUNTER,UNKNOWN,COUNTY
DOG,PIT BULL,RED/WHITE,Neutered,2013-07-18T00:00:00.000,2023-07-15,CONFISCATE,FLD_ARREST,UNKNOWN,*SONOMA
DOG,LABRADOR RETR/MIX,BROWN,Spayed,2019-07-18T00:00:00.000,2023-07-15,STRAY,FIELD,UNKNOWN,SANTA ROSA
CAT,DOMESTIC SH,BRN TABBY/WHITE,Female,2012-07-15T00:00:00.000,2023-07-15,STRAY,OVER THE COUNTER,UNKNOWN,SANTA ROSA
DOG,PIT BULL,BLACK/WHITE,Spayed,2022-02-04T00:00:00.000,2023-07-16,STRAY,FIELD,HEALTHY,SANTA ROSA
CAT,DOMESTIC SH,BRN TABBY,Neutered,2017-04-20T00:00:00.000,2023-07-16,QUARANTINE,FIELD,UNKNOWN,SANTA ROSA
DOG,CHIHUAHUA SH,TRICOLOR,Male,2016-07-17T00:00:00.000,2023-07-17,STRAY,FIELD,UNKNOWN,SANTA ROSA
DOG,BOXER,TAN/WHITE,Male,2021-07-17T00:00:00.000,2023-07-17,QUARANTINE,FIELD,UNKNOWN,SANTA ROSA
CAT,DOMESTIC SH,BLACK/WHITE,Male,,2023-07-17,STRAY,FIELD,UNKNOWN,SANTA ROSA
DOG,GERM SH POINT/LABRADOR RETR,BROWN/WHITE,Spayed,2019-05-20T00:00:00.000,2023-07-17,STRAY,FIELD,UNKNOWN,SANTA ROSA
DOG,GERM SHEPHERD,BLACK/BROWN,Spayed,2020-03-15T00:00:00.000,2023-07-17,STRAY,FIELD,UNKNOWN,SANTA ROSA
OTHER,GOAT,WHITE,Male,,2023-07-17,STRAY,FIELD,UNKNOWN,COUNTY
OTHER,GOAT,WHITE,Male,,2023-07-17,STRAY,FIELD,UNKNOWN,COUNTY
OTHER,GOAT,WHITE/TAN,Male,,2023-07-17,STRAY,FIELD,UNKNOWN,COUNTY
OTHER,GOAT,WHITE/BROWN,Male,,2023-07-17,STRAY,FIELD,UNKNOWN,COUNTY
OTHER,GOAT,BROWN/BLACK,Male,,2023-07-17,STRAY,FIELD,UNKNOWN,COUNTY
OTHER,GOAT,BLACK/WHITE,Male,,2023-07-17,STRAY,FIELD,UNKNOWN,COUNTY
OTHER,GOAT,BROWN/BLACK,Male,,2023-07-17,STRAY,FIELD,UNKNOWN,COUNTY
OTHER,GOAT,BROWN/BLACK,Male,,2023-07-17,STRAY,FIELD,UNKNOWN,COUNTY
OTHER,POTBELLY PIG,BROWN/BLACK,Male,2023-02-09T00:00:00.000,2023-07-18,STRAY,FIELD,UNKNOWN,COUNTY
CAT,DOMESTIC SH,BLACK/WHITE,Spayed,,2023-07-18,STRAY,FIELD,UNKNOWN,SANTA ROSA
DOG,LABRADOR RETR/POODLE MIN,BLACK/WHITE,Spayed,2022-08-18T00:00:00.000,2023-07-18,STRAY,OVER THE COUNTER,HEALTHY,SANTA ROSA
CAT,DOMESTIC SH,BLACK/WHITE,Male,2023-05-18T00:00:00.000,2023-07-18,STRAY,EMAIL,UNKNOWN,COUNTY
CAT,DOMESTIC SH,TORTIE,Spayed,2021-07-18T00:00:00.000,2023-07-18,STRAY,OVER THE COUNTER,HEALTHY,COUNTY
CAT,DOMESTIC SH,TORTIE,Spayed,2022-07-18T00:00:00.000,2023-07-18,STRAY,OVER THE COUNTER,HEALTHY,COUNTY
CAT,DOMESTIC SH,BRN TABBY,Male,,2023-07-18,STRAY,FIELD,UNKNOWN,COUNTY
OTHER,DUCK,BROWN/WHITE,Unknown,,2023-07-18,STRAY,OVER THE COUNTER,UNTREATABLE,COUNTY
DOG,GERM SHEPHERD,BLACK/TAN,Female,,2023-07-18,STRAY,OVER THE COUNTER,UNKNOWN,SANTA ROSA
DOG,GERM SHEPHERD,BROWN/BLACK,Unknown,,2023-07-19,STRAY,OVER THE COUNTER,UNKNOWN,COUNTY
OTHER,OPOSSUM,GRAY,Unknown,,2023-07-19,QUARANTINE,FIELD,UNKNOWN,SANTA ROSA
OTHER,HARLEQUIN,BROWN/BLACK,Neutered,2021-07-19T00:00:00.000,2023-07-19,STRAY,FIELD,HEALTHY,COUNTY
DOG,SCOT TERRIER/MIX,TAN,Spayed,2009-09-18T00:00:00.000,2023-07-19,STRAY,FIELD,UNKNOWN,SANTA ROSA
CAT,DOMESTIC SH,GRAY TABBY,Spayed,2023-05-19T00:00:00.000,2023-07-19,STRAY,OVER THE COUNTER,HEALTHY,SANTA ROSA
CAT,DOMESTIC SH,BLACK/WHITE,Neutered,,2023-07-19,STRAY,OVER THE COUNTER,UNKNOWN,SANTA ROSA
DOG,GREAT PYRENEES,WHITE,Spayed,2018-08-22T00:00:00.000,2023-07-19,STRAY,FIELD,TREATABLE/MANAGEABLE,SANTA ROSA
DOG,PIT BULL,BR BRINDLE/WHITE,Female,2017-07-19T00:00:00.000,2023-07-19,STRAY,FIELD,UNKNOWN,COUNTY
DOG,ANATOL SHEPHERD,CREAM,Spayed,2017-09-06T00:00:00.000,2023-07-19,STRAY,FIELD,HEALTHY,SANTA ROSA
CAT,DOMESTIC SH,BRN TABBY/WHITE,Neutered,2021-07-20T00:00:00.000,2023-07-19,STRAY,OVER THE COUNTER,HEALTHY,SANTA ROSA
CAT,SIAMESE/MIX,LYNX PT,Female,,2023-07-19,STRAY,VET_HOSP,UNKNOWN,SANTA ROSA
CAT,DOMESTIC SH,ORG TABBY,Neutered,2021-07-27T00:00:00.000,2023-07-20,STRAY,OVER THE COUNTER,UNKNOWN,SANTA ROSA
OTHER,CHICKEN,BROWN,Female,,2023-07-20,STRAY,FIELD,HEALTHY,SANTA ROSA
OTHER,CHICKEN,BROWN,Unknown,,2023-07-20,STRAY,FIELD,HEALTHY,SANTA ROSA
OTHER,CHICKEN,TAN,Unknown,,2023-07-20,STRAY,FIELD,HEALTHY,SANTA ROSA
OTHER,CHICKEN,TAN,Unknown,,2023-07-20,STRAY,FIELD,HEALTHY,SANTA ROSA
OTHER,BAT,BROWN,Unknown,,2023-07-20,QUARANTINE,OVER THE COUNTER,UNKNOWN,SANTA ROSA
CAT,DOMESTIC SH,BRN TABBY,Neutered,2021-08-02T00:00:00.000,2023-07-20,STRAY,OVER THE COUNTER,HEALTHY,SANTA ROSA
CAT,DOMESTIC SH,BLACK/WHITE,Unknown,,2023-07-21,STRAY,FIELD,UNKNOWN,SANTA ROSA
DOG,PARSON RUSS TER/MIX,WHITE/BR BRINDLE,Spayed,2022-02-08T00:00:00.000,2023-07-21,STRAY,FIELD,UNKNOWN,COUNTY
DOG,PIT BULL,GRAY,Female,2016-07-25T00:00:00.000,2023-07-21,STRAY,OVER THE COUNTER,UNKNOWN,SANTA ROSA
DOG,GERM SHEPHERD,BLACK/TAN,Spayed,2022-02-28T00:00:00.000,2023-07-22,STRAY,FIELD,HEALTHY,COUNTY
CAT,DOMESTIC SH,WHITE/BLACK,Spayed,2023-02-22T00:00:00.000,2023-07-22,STRAY,OVER THE COUNTER,HEALTHY,SANTA ROSA
DOG,KUVASZ/MIX,WHITE,Male,2022-04-04T00:00:00.000,2023-07-22,CONFISCATE,FLD_ARREST,UNKNOWN,SANTA ROSA
CAT,DOMESTIC MH,SEAL PT/WHITE,Spayed,2013-07-25T00:00:00.000,2023-07-22,STRAY,OVER THE COUNTER,UNKNOWN,SANTA ROSA
DOG,CHIHUAHUA LH/MIX,BROWN/WHITE,Male,2020-01-22T00:00:00.000,2023-07-22,STRAY,FIELD,UNKNOWN,SANTA ROSA
DOG,PIT BULL/MIX,GRAY,Neutered,2022-07-26T00:00:00.000,2023-07-22,ADOPTION RETURN,OVER THE COUNTER,HEALTHY,SANTA ROSA
DOG,PIT BULL/MIX,BROWN/WHITE,Neutered,2018-02-08T00:00:00.000,2023-07-23,QUARANTINE,FIELD,UNKNOWN,SANTA ROSA
DOG,DACHSHUND/MIX,BRN MERLE,Neutered,2013-11-12T00:00:00.000,2023-07-23,CONFISCATE,FLD_ARREST,UNKNOWN,COUNTY
CAT,DOMESTIC MH,BLACK/WHITE,Male,2021-08-03T00:00:00.000,2023-07-24,QUARANTINE,FIELD,UNKNOWN,COUNTY
OTHER,LOP-HOLLAND,BLACK,Neutered,2020-09-12T00:00:00.000,2023-07-24,STRAY,FIELD,HEALTHY,SANTA ROSA
OTHER,BAT,BROWN,Unknown,,2023-07-24,QUARANTINE,FIELD,UNKNOWN,COUNTY
OTHER,BAT,BROWN,Unknown,,2023-07-24,QUARANTINE,FIELD,UNKNOWN,COUNTY
DOG,CHIHUAHUA LH/MIX,TRICOLOR,Neutered,2022-03-02T00:00:00.000,2023-07-24,STRAY,FIELD,HEALTHY,SANTA ROSA
DOG,DOBERMAN PINSCH,SILVER/TAN,Neutered,2022-09-06T00:00:00.000,2023-07-24,STRAY,FIELD,UNKNOWN,SANTA ROSA
DOG,AUST SHEPHERD/MIX,TRICOLOR,Spayed,2018-09-26T00:00:00.000,2023-07-25,STRAY,FIELD,UNKNOWN,SANTA ROSA
DOG,PIT BULL/MIX,BR BRINDLE/WHITE,Male,,2023-07-25,STRAY,FIELD,UNKNOWN,SANTA ROSA
DOG,PIT BULL,BROWN/WHITE,Male,2020-07-26T00:00:00.000,2023-07-25,STRAY,FIELD,HEALTHY,COUNTY
DOG,TIBETAN TERR/MIX,TAN/WHITE,Spayed,2018-08-30T00:00:00.000,2023-07-26,STRAY,OVER THE COUNTER,HEALTHY,SANTA ROSA
DOG,PIT BULL,BLUE,Male,2017-08-02T00:00:00.000,2023-07-26,CONFISCATE,FLD_ARREST,UNKNOWN,SANTA ROSA
CAT,DOMESTIC MH,BRN TABBY,Male,,2023-07-26,STRAY,OVER THE COUNTER,TREATABLE/REHAB,COUNTY
CAT,DOMESTIC MH,GRAY,Neutered,2023-06-26T00:00:00.000,2023-07-26,STRAY,OVER THE COUNTER,TREATABLE/REHAB,COUNTY
CAT,DOMESTIC SH,GRAY TABBY,Neutered,2023-06-26T00:00:00.000,2023-07-26,STRAY,OVER THE COUNTER,HEALTHY,COUNTY
CAT,DOMESTIC MH,BRN TABBY,Male,2023-06-26T00:00:00.000,2023-07-26,STRAY,OVER THE COUNTER,TREATABLE/REHAB,COUNTY
CAT,DOMESTIC SH,BRN TABBY,Neutered,2023-06-26T00:00:00.000,2023-07-26,STRAY,OVER THE COUNTER,HEALTHY,COUNTY
CAT,DOMESTIC SH,GRAY,Spayed,2023-05-01T00:00:00.000,2023-07-26,ADOPTION RETURN,OVER THE COUNTER,HEALTHY,SANTA ROSA
DOG,PIT BULL/MIX,BLACK/WHITE,Female,2022-06-01T00:00:00.000,2023-07-26,CONFISCATE,FLD_ARREST,UNKNOWN,SANTA ROSA
DOG,GREAT PYRENEES,WHITE,Male,,2023-07-26,CONFISCATE,FLD_ARREST,UNKNOWN,COUNTY
DOG,GREAT PYRENEES,WHITE,Spayed,2019-07-26T00:00:00.000,2023-07-26,CONFISCATE,FLD_ARREST,HEALTHY,COUNTY
DOG,BORDER COLLIE/MIX,BR BRINDLE,Male,2019-07-26T00:00:00.000,2023-07-26,STRAY,OVER THE COUNTER,UNKNOWN,COUNTY
DOG,GERM SHEPHERD/MIX,BLACK,Spayed,2022-09-21T00:00:00.000,2023-07-27,STRAY,OVER THE COUNTER,TREATABLE/MANAGEABLE,COUNTY
DOG,GERM SHEPHERD,BLACK,Female,2022-10-27T00:00:00.000,2023-07-27,STRAY,OVER THE COUNTER,UNKNOWN,COUNTY
DOG,BOXER/MIX,TAN/WHITE,Spayed,2022-10-27T00:00:00.000,2023-07-27,STRAY,OVER THE COUNTER,TREATABLE/MANAGEABLE,COUNTY
DOG,BOXER/MIX,TAN/WHITE,Spayed,2023-05-24T00:00:00.000,2023-07-27,STRAY,OVER THE COUNTER,HEALTHY,COUNTY
DOG,GERM SHEPHERD,TAN/WHITE,Female,2022-10-27T00:00:00.000,2023-07-27,STRAY,OVER THE COUNTER,UNKNOWN,COUNTY
DOG,BOXER/MIX,TAN/WHITE,Spayed,2023-05-24T00:00:00.000,2023-07-27,STRAY,OVER THE COUNTER,TREATABLE/REHAB,COUNTY
DOG,BOXER,TAN/WHITE,Spayed,2023-05-24T00:00:00.000,2023-07-27,STRAY,OVER THE COUNTER,HEALTHY,COUNTY
DOG,GERM SHEPHERD/MIX,TAN/WHITE,Spayed,2022-10-27T00:00:00.000,2023-07-27,STRAY,OVER THE COUNTER,HEALTHY,COUNTY
DOG,BOXER/MIX,TAN/WHITE,Neutered,2023-05-24T00:00:00.000,2023-07-27,STRAY,OVER THE COUNTER,HEALTHY,COUNTY
DOG,BOXER/MIX,TAN/WHITE,Male,2023-05-12T00:00:00.000,2023-07-27,STRAY,OVER THE COUNTER,UNKNOWN,COUNTY
DOG,GERM SHEPHERD,BLACK/WHITE,Spayed,2022-10-27T00:00:00.000,2023-07-27,STRAY,OVER THE COUNTER,HEALTHY,COUNTY
DOG,LABRADOR RETR,YELLOW,Male,2011-05-01T00:00:00.000,2023-07-27,STRAY,OVER THE COUNTER,UNKNOWN,SANTA ROSA
DOG,CAIRN TERRIER/MIX,BROWN,Spayed,2016-07-27T00:00:00.000,2023-07-27,STRAY,FIELD,UNKNOWN,COUNTY
DOG,CHIHUAHUA SH/MIX,WHITE,Neutered,2018-08-25T00:00:00.000,2023-07-27,STRAY,OVER THE COUNTER,UNKNOWN,SANTA ROSA
DOG,GERM SHEPHERD,BLACK/TAN,Neutered,2022-03-06T00:00:00.000,2023-07-27,STRAY,FLD_STRAY,HEALTHY,COUNTY
DOG,CHIHUAHUA SH/MIX,BROWN/BLACK,Neutered,2011-07-29T00:00:00.000,2023-07-28,STRAY,PHONE,UNKNOWN,SANTA ROSA
CAT,DOMESTIC SH,CALICO,Spayed,2023-04-28T00:00:00.000,2023-07-28,STRAY,OVER THE COUNTER,HEALTHY,SANTA ROSA
CAT,DOMESTIC SH,GRAY TABBY,Female,2023-03-28T00:00:00.000,2023-07-28,STRAY,OVER THE COUNTER,UNKNOWN,COUNTY
CAT,DOMESTIC SH,BLACK/WHITE,Neutered,2023-04-28T00:00:00.000,2023-07-28,STRAY,FIELD,HEALTHY,SANTA ROSA
OTHER,TURTLE,BROWN,Unknown,,2023-07-28,STRAY,FIELD,UNKNOWN,SANTA ROSA
DOG,PARSON RUSS TER/MIX,BLACK/WHITE,Neutered,2012-05-07T00:00:00.000,2023-07-28,STRAY,OVER THE COUNTER,UNKNOWN,SANTA ROSA
OTHER,BAT,BROWN,Unknown,,2023-07-28,QUARANTINE,FIELD,UNKNOWN,SANTA ROSA
CAT,DOMESTIC SH,BRN TABBY,Female,2023-05-29T00:00:00.000,2023-07-29,STRAY,FIELD,UNKNOWN,SANTA ROSA
CAT,DOMESTIC SH,BRN TABBY,Female,2023-05-29T00:00:00.000,2023-07-29,STRAY,FIELD,UNKNOWN,SANTA ROSA
CAT,DOMESTIC SH,WHITE/BRN TABBY,Neutered,2023-05-29T00:00:00.000,2023-07-29,STRAY,OVER THE COUNTER,HEALTHY,SANTA ROSA
CAT,DOMESTIC SH,BRN TABBY/TORTIE,Female,2023-06-14T00:00:00.000,2023-07-29,STRAY,EMAIL,TREATABLE/REHAB,SANTA ROSA
CAT,DOMESTIC SH,CALICO,Female,2023-06-14T00:00:00.000,2023-07-29,STRAY,EMAIL,TREATABLE/REHAB,SANTA ROSA
CAT,DOMESTIC SH,BRN TABBY,Neutered,2023-04-14T00:00:00.000,2023-07-29,OWNER SURRENDER,OVER THE COUNTER,HEALTHY,SANTA ROSA
CAT,DOMESTIC SH,BRN TABBY,Spayed,2023-03-28T00:00:00.000,2023-07-29,OWNER SURRENDER,OVER THE COUNTER,HEALTHY,SANTA ROSA
CAT,DOMESTIC SH,TORTIE,Spayed,2023-03-28T00:00:00.000,2023-07-29,OWNER SURRENDER,OVER THE COUNTER,HEALTHY,SANTA ROSA
DOG,GERM SHEPHERD/MIX,TAN/BLACK,Male,,2023-07-29,STRAY,FIELD,UNKNOWN,COUNTY
DOG,CATAHOULA,BLUE MERLE,Neutered,2012-05-13T00:00:00.000,2023-07-29,STRAY,FIELD,UNKNOWN,SANTA ROSA
DOG,PIT BULL,GRAY,Neutered,2019-09-08T00:00:00.000,2023-07-29,STRAY,FIELD,HEALTHY,SANTA ROSA
OTHER,BAT,BROWN,Unknown,,2023-07-31,QUARANTINE,FIELD,UNKNOWN,COUNTY
OTHER,DUCK,BROWN/WHITE,Unknown,,2023-07-31,STRAY,OVER THE COUNTER,UNKNOWN,COUNTY
CAT,DOMESTIC SH,BLACK/WHITE,Neutered,2023-07-17T00:00:00.000,2023-08-01,STRAY,OVER THE COUNTER,HEALTHY,SANTA ROSA
CAT,DOMESTIC SH,BLACK,Neutered,2023-07-13T00:00:00.000,2023-08-01,STRAY,OVER THE COUNTER,UNKNOWN,SANTA ROSA
DOG,MASTIFF,FAWN/BLACK,Male,2013-08-01T00:00:00.000,2023-08-01,STRAY,OVER THE COUNTER,UNKNOWN,COUNTY
CAT,DOMESTIC SH,BRN TABBY,Spayed,2017-01-28T00:00:00.000,2023-08-01,STRAY,OVER THE COUNTER,UNKNOWN,COUNTY
CAT,DOMESTIC SH,BRN TABBY,Neutered,2023-06-16T00:00:00.000,2023-08-01,STRAY,OVER THE COUNTER,HEALTHY,COUNTY
DOG,GERM SHEPHERD,TAN/BLACK,Female,2021-08-01T00:00:00.000,2023-08-01,STRAY,FIELD,UNKNOWN,SANTA ROSA
CAT,DOMESTIC SH,CALICO,Spayed,2012-08-02T00:00:00.000,2023-08-02,STRAY,OVER THE COUNTER,UNKNOWN,SANTA ROSA
DOG,GERM SHEPHERD,BLACK,Male,2020-08-02T00:00:00.000,2023-08-02,CONFISCATE,FLD_ARREST,UNKNOWN,SANTA ROSA
CAT,DOMESTIC LH,ORANGE/WHITE,Male,2021-06-27T00:00:00.000,2023-08-02,STRAY,FIELD,UNKNOWN,SANTA ROSA
CAT,DOMESTIC LH,BLK SMOKE,Neutered,2020-08-02T00:00:00.000,2023-08-02,STRAY,OVER THE COUNTER,UNKNOWN,COUNTY
DOG,PIT BULL,GRAY/WHITE,Male,2021-08-02T00:00:00.000,2023-08-02,STRAY,OVER THE COUNTER,UNKNOWN,SANTA ROSA
DOG,BLOODHOUND/MIX,WHITE/BLACK,Neutered,2013-08-02T00:00:00.000,2023-08-02,STRAY,FLD_STRAY,UNKNOWN,COUNTY
DOG,SIBERIAN HUSKY,BLACK/WHITE,Male,,2023-08-02,STRAY,FIELD,UNKNOWN,SANTA ROSA
DOG,BORDER COLLIE/MIX,BLACK/WHITE,Neutered,2022-10-07T00:00:00.000,2023-08-02,STRAY,FIELD,HEALTHY,SANTA ROSA
CAT,DOMESTIC SH,GRAY TABBY,Spayed,2020-08-03T00:00:00.000,2023-08-03,QUARANTINE,COMM CAT,UNTREATABLE,COUNTY
DOG,CHIHUAHUA SH,WHITE,Female,2022-08-03T00:00:00.000,2023-08-03,STRAY,FIELD,HEALTHY,SANTA ROSA
CAT,DOMESTIC SH,GRAY TABBY,Neutered,2023-04-03T00:00:00.000,2023-08-03,STRAY,OVER THE COUNTER,HEALTHY,COUNTY
DOG,GERM SHEPHERD,BLACK/TAN,Male,2015-08-04T00:00:00.000,2023-08-03,STRAY,FIELD,UNKNOWN,SANTA ROSA
CAT,DOMESTIC SH,BLACK,Spayed,2023-05-07T00:00:00.000,2023-08-03,STRAY,OVER THE COUNTER,HEALTHY,SANTA ROSA
OTHER,GOAT,WHITE,Male,,2023-08-03,STRAY,FIELD,UNKNOWN,COUNTY
OTHER,BAT,BROWN,Unknown,,2023-08-03,QUARANTINE,FIELD,UNKNOWN,COUNTY
CAT,DOMESTIC SH,BLACK,Spayed,2023-04-04T00:00:00.000,2023-08-04,STRAY,OVER THE COUNTER,HEALTHY,SANTA ROSA
DOG,MALTESE,WHITE,Neutered,2010-08-19T00:00:00.000,2023-08-04,STRAY,FLD_STRAY,HEALTHY,SANTA ROSA
CAT,DOMESTIC SH,TORTIE,Female,2023-07-28T00:00:00.000,2023-08-04,STRAY,EMAIL,TREATABLE/REHAB,COUNTY
CAT,DOMESTIC SH,TORTIE,Female,2023-07-28T00:00:00.000,2023-08-04,STRAY,EMAIL,TREATABLE/REHAB,COUNTY
CAT,DOMESTIC SH,BRN TABBY,Unknown,2023-07-28T00:00:00.000,2023-08-04,STRAY,EMAIL,TREATABLE/REHAB,COUNTY
CAT,DOMESTIC SH,BRN TABBY,Unknown,2023-07-28T00:00:00.000,2023-08-04,STRAY,EMAIL,TREATABLE/REHAB,COUNTY
CAT,DOMESTIC SH,BRN TABBY,Unknown,2023-07-28T00:00:00.000,2023-08-04,STRAY,EMAIL,TREATABLE/REHAB,COUNTY
CAT,DOMESTIC SH,BRN TABBY,Unknown,2023-07-28T00:00:00.000,2023-08-04,STRAY,EMAIL,TREATABLE/REHAB,COUNTY
CAT,DOMESTIC SH,BRN TABBY,Unknown,2023-07-28T00:00:00.000,2023-08-04,STRAY,EMAIL,TREATABLE/REHAB,COUNTY
CAT,DOMESTIC SH,BRN TABBY,Unknown,2023-07-28T00:00:00.000,2023-08-04,STRAY,EMAIL,TREATABLE/REHAB,COUNTY
CAT,DOMESTIC SH,BRN TABBY,Unknown,2023-07-28T00:00:00.000,2023-08-04,STRAY,EMAIL,TREATABLE/REHAB,COUNTY
CAT,DOMESTIC SH,GRAY TABBY,Neutered,2023-07-04T00:00:00.000,2023-08-04,STRAY,OVER THE COUNTER,TREATABLE/REHAB,COUNTY
CAT,DOMESTIC SH,GRAY TABBY/TORTIE,Spayed,2023-05-04T00:00:00.000,2023-08-04,STRAY,OVER THE COUNTER,HEALTHY,COUNTY
OTHER,PARAKEET,PURPLE,Male,,2023-08-04,STRAY,OVER THE COUNTER,HEALTHY,SANTA ROSA
DOG,CHIHUAHUA SH/MIX,BLACK/BROWN,Spayed,2020-08-04T00:00:00.000,2023-08-04,STRAY,OVER THE COUNTER,HEALTHY,COUNTY
DOG,YORKSHIRE TERR,BROWN/BLACK,Spayed,2021-09-06T00:00:00.000,2023-08-04,STRAY,OVER THE COUNTER,HEALTHY,SANTA ROSA
DOG,WELSH CORGI CAR/MIX,WHITE/BROWN,Neutered,2020-09-19T00:00:00.000,2023-08-05,STRAY,FIELD,HEALTHY,SANTA ROSA
CAT,DOMESTIC SH,GRAY,Neutered,2023-03-02T00:00:00.000,2023-08-05,STRAY,OVER THE COUNTER,HEALTHY,COUNTY
CAT,DOMESTIC SH,BRN TABBY,Female,2023-03-02T00:00:00.000,2023-08-05,STRAY,OVER THE COUNTER,UNKNOWN,COUNTY
CAT,DOMESTIC SH,TORTIE,Female,,2023-08-05,STRAY,EMAIL,TREATABLE/REHAB,SANTA ROSA
DOG,GERM SHEPHERD/SIBERIAN HUSKY,BLACK/TAN,Male,2022-10-28T00:00:00.000,2023-08-06,STRAY,OVER THE COUNTER,UNKNOWN,COUNTY
DOG,LABRADOR RETR/MIX,BROWN,Spayed,2019-07-18T00:00:00.000,2023-08-06,CONFISCATE,FLD_ARREST,HEALTHY,SANTA ROSA
OTHER,BAT,BROWN,Unknown,,2023-08-06,QUARANTINE,FIELD,UNKNOWN,*SONOMA
DOG,CHIHUAHUA SH,WHITE/BROWN,Spayed,2010-08-31T00:00:00.000,2023-08-07,STRAY,FIELD,UNKNOWN,SANTA ROSA
DOG,SIBERIAN HUSKY/MIX,BLACK/WHITE,Spayed,2023-05-29T00:00:00.000,2023-08-07,STRAY,FIELD,HEALTHY,COUNTY
DOG,SIBERIAN HUSKY/MIX,BROWN/WHITE,Neutered,2023-05-29T00:00:00.000,2023-08-07,STRAY,FIELD,HEALTHY,COUNTY
CAT,DOMESTIC SH,BRN TABBY/WHITE,Male,,2023-08-07,STRAY,FIELD,UNKNOWN,SANTA ROSA
DOG,PIT BULL,FAWN,Male,,2023-08-07,STRAY,FLD_STRAY,UNKNOWN,COUNTY
DOG,PIT BULL,BLACK/WHITE,Female,2014-09-08T00:00:00.000,2023-08-08,STRAY,FIELD,UNKNOWN,SANTA ROSA
DOG,SHIH TZU/POODLE MIN,BROWN,Spayed,2008-08-31T00:00:00.000,2023-08-08,STRAY,FIELD,UNKNOWN,COUNTY
DOG,PUG,FAWN,Male,2021-08-11T00:00:00.000,2023-08-08,STRAY,OVER THE COUNTER,HEALTHY,COUNTY
OTHER,CALIFORNIAN/MIX,SEAL PT,Spayed,2023-02-10T00:00:00.000,2023-08-08,STRAY,FIELD,HEALTHY,SANTA ROSA
CAT,DOMESTIC SH,ORANGE/WHITE,Neutered,2018-02-22T00:00:00.000,2023-08-08,STRAY,FIELD,UNKNOWN,SANTA ROSA
DOG,PARSON RUSS TER/MIX,WHITE/BROWN,Neutered,2021-08-08T00:00:00.000,2023-08-08,STRAY,OVER THE COUNTER,HEALTHY,SANTA ROSA
CAT,DOMESTIC SH,BRN TABBY/WHITE,Male,2015-08-09T00:00:00.000,2023-08-08,STRAY,FIELD,UNKNOWN,SANTA ROSA
CAT,DOMESTIC SH,ORG TABBY/WHITE,Male,2023-07-18T00:00:00.000,2023-08-08,STRAY,OVER THE COUNTER,UNKNOWN,SANTA ROSA
CAT,SIAMESE,SEAL PT,Spayed,2019-08-08T00:00:00.000,2023-08-08,STRAY,OVER THE COUNTER,HEALTHY,COUNTY
CAT,DOMESTIC SH,BLACK,Female,2017-08-08T00:00:00.000,2023-08-08,STRAY,OVER THE COUNTER,UNKNOWN,COUNTY
DOG,ROTTWEILER/MIX,BLACK/RED,Female,2021-02-16T00:00:00.000,2023-08-09,CONFISCATE,FLD_ARREST,UNKNOWN,SANTA ROSA
DOG,BORDER COLLIE/MIX,BLACK/WHITE,Female,2022-04-17T00:00:00.000,2023-08-09,STRAY,OVER THE COUNTER,UNKNOWN,SANTA ROSA
DOG,PIT BULL/MIX,BR BRINDLE,Male,,2023-08-09,STRAY,OVER THE COUNTER,UNKNOWN,SANTA ROSA
DOG,FRENCH BULLDOG,GRAY/WHITE,Male,2022-02-14T00:00:00.000,2023-08-09,STRAY,PHONE,UNKNOWN,SANTA ROSA
CAT,DOMESTIC SH,BLACK/WHITE,Neutered,2018-04-27T00:00:00.000,2023-08-09,OWNER SURRENDER,OVER THE COUNTER,UNKNOWN,COUNTY
DOG,GERM SHEPHERD,TAN/BLACK,Neutered,2018-08-09T00:00:00.000,2023-08-09,STRAY,OVER THE COUNTER,HEALTHY,COUNTY
DOG,GERM SHEPHERD/BORDER COLLIE,BLACK,Male,2022-08-10T00:00:00.000,2023-08-10,CONFISCATE,FLD_HOSPTL,UNKNOWN,COUNTY
DOG,GERM SHEPHERD/BORDER COLLIE,BLACK/BROWN,Male,2022-08-10T00:00:00.000,2023-08-10,CONFISCATE,FLD_HOSPTL,UNKNOWN,COUNTY
CAT,DOMESTIC SH,BLACK,Neutered,2010-04-01T00:00:00.000,2023-08-10,CONFISCATE,FLD_HOSPTL,UNKNOWN,COUNTY
DOG,LABRADOR RETR,YELLOW,Male,2020-06-09T00:00:00.000,2023-08-10,CONFISCATE,FLD_HOSPTL,HEALTHY,SANTA ROSA
OTHER,CHICKEN,BLACK/WHITE,Male,,2023-08-10,STRAY,FIELD,UNKNOWN,SANTA ROSA
CAT,DOMESTIC SH,BLACK,Neutered,2022-06-13T00:00:00.000,2023-08-11,CONFISCATE,FLD_HOSPTL,UNKNOWN,COUNTY
CAT,DOMESTIC SH,BRN TABBY,Spayed,2023-06-29T00:00:00.000,2023-08-11,STRAY,OVER THE COUNTER,UNKNOWN,SANTA ROSA
CAT,DOMESTIC SH,GRAY TABBY,Spayed,2023-06-29T00:00:00.000,2023-08-11,STRAY,OVER THE COUNTER,UNKNOWN,SANTA ROSA
CAT,DOMESTIC SH,BLK TABBY,Neutered,2023-06-29T00:00:00.000,2023-08-11,STRAY,OVER THE COUNTER,UNKNOWN,SANTA ROSA
CAT,DOMESTIC SH,BLK TABBY/TORTIE,Spayed,2023-06-29T00:00:00.000,2023-08-11,STRAY,OVER THE COUNTER,UNKNOWN,SANTA ROSA
DOG,PIT BULL,GRAY/WHITE,Male,2016-02-17T00:00:00.000,2023-08-11,CONFISCATE,FLD_ABAND,UNKNOWN,SANTA ROSA
DOG,PIT BULL,BLACK/WHITE,Male,2012-08-17T00:00:00.000,2023-08-11,CONFISCATE,FLD_ABAND,UNKNOWN,SANTA ROSA
DOG,BEAGLE/MIX,WHITE/TAN,Male,2022-08-11T00:00:00.000,2023-08-11,STRAY,OVER THE COUNTER,HEALTHY,SANTA ROSA
CAT,DOMESTIC SH,BRN TABBY,Female,2023-06-17T00:00:00.000,2023-08-11,STRAY,OVER THE COUNTER,UNKNOWN,SANTA ROSA
CAT,DOMESTIC SH,BLACK/WHITE,Neutered,2023-05-04T00:00:00.000,2023-08-11,ADOPTION RETURN,OVER THE COUNTER,HEALTHY,SANTA ROSA
DOG,CHIHUAHUA SH,BROWN,Neutered,2011-04-27T00:00:00.000,2023-08-11,STRAY,FIELD,UNKNOWN,COUNTY
OTHER,BAT,BROWN,Unknown,,2023-08-11,QUARANTINE,FIELD,UNKNOWN,COUNTY
DOG,DACHSHUND,RED,Female,,2023-08-12,STRAY,FLD_STRAY,UNKNOWN,SANTA ROSA
CAT,DOMESTIC SH,BRN TABBY,Neutered,2023-02-12T00:00:00.000,2023-08-12,STRAY,OVER THE COUNTER,UNKNOWN,COUNTY
CAT,DOMESTIC MH,BLACK,Neutered,2020-06-22T00:00:00.000,2023-08-12,ADOPTION RETURN,OVER THE COUNTER,HEALTHY,SANTA ROSA
CAT,SIAMESE,SEAL PT,Neutered,2021-08-12T00:00:00.000,2023-08-12,STRAY,OVER THE COUNTER,TREATABLE/REHAB,COUNTY
CAT,DOMESTIC SH,CALICO,Female,2023-07-15T00:00:00.000,2023-08-12,STRAY,EMAIL,TREATABLE/REHAB,COUNTY
CAT,DOMESTIC SH,TORTIE,Female,2023-07-15T00:00:00.000,2023-08-12,STRAY,EMAIL,TREATABLE/REHAB,COUNTY
CAT,DOMESTIC SH,BLACK/WHITE,Male,2023-07-15T00:00:00.000,2023-08-12,STRAY,EMAIL,TREATABLE/REHAB,COUNTY
DOG,GERM SHEPHERD,BLACK,Male,2020-08-02T00:00:00.000,2023-08-13,CONFISCATE,FLD_ARREST,UNKNOWN,SANTA ROSA
DOG,CHIHUAHUA SH,TAN,Neutered,2011-08-15T00:00:00.000,2023-08-13,CONFISCATE,FLD_HOSPTL,UNKNOWN,SANTA ROSA
DOG,PAPILLON/MIX,BLACK/WHITE,Female,2020-08-16T00:00:00.000,2023-08-14,STRAY,FIELD,UNKNOWN,SANTA ROSA
DOG,SCHNAUZER MIN/MIX,GRAY/TAN,Neutered,2020-08-30T00:00:00.000,2023-08-14,STRAY,FIELD,HEALTHY,SANTA ROSA
CAT,DOMESTIC SH,BRN TABBY/WHITE,Spayed,2023-05-11T00:00:00.000,2023-08-15,STRAY,OVER THE COUNTER,HEALTHY,SANTA ROSA
CAT,DOMESTIC SH,ORG TABBY,Neutered,2021-08-15T00:00:00.000,2023-08-15,STRAY,OVER THE COUNTER,TREATABLE/MANAGEABLE,COUNTY
CAT,DOMESTIC MH,BRN TABBY,Spayed,2023-07-22T00:00:00.000,2023-08-15,STRAY,OVER THE COUNTER,UNKNOWN,COUNTY
CAT,DOMESTIC MH,GRAY TABBY,Neutered,2023-07-22T00:00:00.000,2023-08-15,STRAY,OVER THE COUNTER,UNKNOWN,COUNTY
DOG,BEAGLE/CHIHUAHUA SH,TAN,Female,2020-08-16T00:00:00.000,2023-08-16,STRAY,OVER THE COUNTER,UNKNOWN,SANTA ROSA
CAT,DOMESTIC MH,BRN TABBY,Spayed,2021-08-16T00:00:00.000,2023-08-16,STRAY,OVER THE COUNTER,HEALTHY,SANTA ROSA
CAT,DOMESTIC MH,AGOUTI,Unknown,,2023-08-16,STRAY,OVER THE COUNTER,UNKNOWN,SANTA ROSA
CAT,DOMESTIC MH,AGOUTI,Unknown,,2023-08-16,STRAY,OVER THE COUNTER,UNKNOWN,SANTA ROSA
CAT,DOMESTIC MH,AGOUTI,Unknown,,2023-08-16,STRAY,OVER THE COUNTER,UNKNOWN,SANTA ROSA
CAT,DOMESTIC MH,BRN TABBY,Spayed,2023-08-09T00:00:00.000,2023-08-16,STRAY,OVER THE COUNTER,HEALTHY,SANTA ROSA
CAT,DOMESTIC MH,BRN TABBY,Spayed,2023-08-09T00:00:00.000,2023-08-16,STRAY,OVER THE COUNTER,HEALTHY,SANTA ROSA
CAT,DOMESTIC MH,BLACK,Spayed,2023-07-03T00:00:00.000,2023-08-16,STRAY,OVER THE COUNTER,UNKNOWN,SANTA ROSA
CAT,DOMESTIC SH,BRN TABBY/WHITE,Spayed,2021-06-29T00:00:00.000,2023-08-16,ADOPTION RETURN,FIELD,UNKNOWN,SANTA ROSA
CAT,DOMESTIC SH,BLACK,Spayed,2022-08-16T00:00:00.000,2023-08-16,STRAY,OVER THE COUNTER,UNKNOWN,COUNTY
CAT,DOMESTIC SH,BLACK,Female,2022-08-16T00:00:00.000,2023-08-16,STRAY,OVER THE COUNTER,UNKNOWN,COUNTY
CAT,DOMESTIC SH,BLACK,Spayed,2022-02-16T00:00:00.000,2023-08-16,STRAY,OVER THE COUNTER,HEALTHY,COUNTY
CAT,DOMESTIC MH,GRAY TABBY,Neutered,2009-08-16T00:00:00.000,2023-08-16,STRAY,FIELD,UNTREATABLE,SANTA ROSA
DOG,GERM SHEPHERD/MIX,BLACK/TAN,Female,2021-08-16T00:00:00.000,2023-08-16,STRAY,FIELD,UNKNOWN,COUNTY
DOG,BLACK/TAN HOUND/MIX,BLACK/BROWN,Neutered,2011-08-16T00:00:00.000,2023-08-16,STRAY,PHONE,UNKNOWN,COUNTY
CAT,DOMESTIC SH,GRAY/WHITE,Unknown,2023-05-01T00:00:00.000,2023-08-16,STRAY,EMAIL,UNKNOWN,COUNTY
DOG,PIT BULL,FAWN/WHITE,Neutered,2018-08-17T00:00:00.000,2023-08-17,STRAY,OVER THE COUNTER,TREATABLE/MANAGEABLE,COUNTY
DOG,CHIHUAHUA SH,TAN,Neutered,2021-06-19T00:00:00.000,2023-08-17,CONFISCATE,FLD_ARREST,HEALTHY,SANTA ROSA
DOG,PIT BULL,BROWN/TAN,Spayed,2022-11-07T00:00:00.000,2023-08-17,STRAY,FLD_STRAY,UNKNOWN,COUNTY
DOG,POODLE MIN/MIX,GRAY,Neutered,2005-08-17T00:00:00.000,2023-08-17,STRAY,OVER THE COUNTER,UNKNOWN,COUNTY
DOG,PIT BULL,BLACK/WHITE,Male,2015-08-17T00:00:00.000,2023-08-17,STRAY,FIELD,UNKNOWN,SANTA ROSA
CAT,DOMESTIC SH,CALICO,Female,,2023-08-17,STRAY,FLD_STRAY,UNKNOWN,COUNTY
OTHER,CHICKEN,GRAY/BROWN,Female,,2023-08-17,STRAY,OVER THE COUNTER,UNKNOWN,SANTA ROSA
DOG,PIT BULL/MIX,WHITE,Male,2020-02-18T00:00:00.000,2023-08-17,STRAY,FIELD,UNKNOWN,SANTA ROSA
CAT,DOMESTIC MH,BRN TABBY/WHITE,Neutered,2021-08-30T00:00:00.000,2023-08-17,STRAY,OVER THE COUNTER,HEALTHY,SANTA ROSA
DOG,MANCHESTER TERR,BLACK/TAN,Female,,2023-08-17,STRAY,OVER THE COUNTER,UNKNOWN,SANTA ROSA
DOG,MANCHESTER TERR,BLACK/TAN,Female,,2023-08-17,STRAY,OVER THE COUNTER,UNKNOWN,SANTA ROSA
DOG,PARSON RUSS TER/MIX,TAN/WHITE,Male,,2023-08-17,STRAY,OVER THE COUNTER,UNKNOWN,SANTA ROSA
CAT,DOMESTIC SH,GRAY,Unknown,2023-05-01T00:00:00.000,2023-08-18,STRAY,EMAIL,UNKNOWN,COUNTY
CAT,DOMESTIC SH,GRAY,Unknown,2023-05-01T00:00:00.000,2023-08-18,STRAY,EMAIL,UNKNOWN,COUNTY
CAT,DOMESTIC SH,BLACK,Unknown,2023-05-01T00:00:00.000,2023-08-18,STRAY,EMAIL,UNKNOWN,COUNTY
CAT,DOMESTIC SH,BLACK,Unknown,2023-05-01T00:00:00.000,2023-08-18,STRAY,EMAIL,UNKNOWN,COUNTY
DOG,PIT BULL,BLACK/TAN,Male,2022-12-18T00:00:00.000,2023-08-18,STRAY,FLD_STRAY,UNKNOWN,COUNTY
DOG,PIT BULL,GRAY/WHITE,Male,2023-04-18T00:00:00.000,2023-08-18,STRAY,FLD_STRAY,UNKNOWN,COUNTY
DOG,CHIHUAHUA SH,TRICOLOR,Male,2020-08-18T00:00:00.000,2023-08-18,STRAY,OVER THE COUNTER,UNKNOWN,COUNTY
CAT,DOMESTIC SH,BLACK/WHITE,Spayed,2017-05-26T00:00:00.000,2023-08-18,OWNER SURRENDER,OVER THE COUNTER,UNKNOWN,SANTA ROSA
CAT,DOMESTIC SH,TORTIE/WHITE,Spayed,2017-05-11T00:00:00.000,2023-08-18,OWNER SURRENDER,OVER THE COUNTER,TREATABLE/MANAGEABLE,SANTA ROSA
DOG,LABRADOR RETR/MIX,BLACK/WHITE,Spayed,2013-08-18T00:00:00.000,2023-08-18,STRAY,OVER THE COUNTER,TREATABLE/REHAB,COUNTY
CAT,DOMESTIC SH,BRN TABBY,Unknown,2023-07-09T00:00:00.000,2023-08-19,STRAY,EMAIL,TREATABLE/REHAB,COUNTY
CAT,DOMESTIC SH,BRN TABBY,Unknown,2023-07-09T00:00:00.000,2023-08-19,STRAY,EMAIL,TREATABLE/REHAB,COUNTY
CAT,DOMESTIC SH,BRN TABBY,Unknown,2023-07-09T00:00:00.000,2023-08-19,STRAY,EMAIL,TREATABLE/REHAB,COUNTY
CAT,DOMESTIC SH,ORG TABBY,Unknown,2023-07-09T00:00:00.000,2023-08-19,STRAY,EMAIL,TREATABLE/REHAB,COUNTY
CAT,DOMESTIC SH,ORG TABBY,Unknown,2023-07-09T00:00:00.000,2023-08-19,STRAY,EMAIL,TREATABLE/REHAB,COUNTY
OTHER,DUCK,WHITE,Unknown,,2023-08-19,STRAY,OVER THE COUNTER,UNKNOWN,*SONOMA
DOG,WELSH CORGI CAR/MIX,FAWN/GRAY,Neutered,2020-08-19T00:00:00.000,2023-08-19,STRAY,OVER THE COUNTER,HEALTHY,SANTA ROSA
DOG,PARSON RUSS TER,TRICOLOR,Female,2017-08-19T00:00:00.000,2023-08-19,STRAY,OVER THE COUNTER,HEALTHY,COUNTY
DOG,CHIHUAHUA SH,TAN,Neutered,2011-08-15T00:00:00.000,2023-08-21,CONFISCATE,FLD_HOSPTL,UNKNOWN,SANTA ROSA
DOG,PIT BULL,TAN,Spayed,2019-08-22T00:00:00.000,2023-08-21,STRAY,FIELD,HEALTHY,SANTA ROSA
DOG,CANE CORSO,BLACK/WHITE,Male,2022-02-26T00:00:00.000,2023-08-21,STRAY,FIELD,UNKNOWN,SANTA ROSA
OTHER,HORSE,BROWN/BLACK,Neutered,2000-05-01T00:00:00.000,2023-08-21,CONFISCATE,FLD_CRUEL,UNKNOWN,COUNTY
CAT,DOMESTIC MH,BRN TABBY/WHITE,Spayed,2023-04-14T00:00:00.000,2023-08-22,OWNER SURRENDER,OVER THE COUNTER,HEALTHY,SANTA ROSA
CAT,DOMESTIC MH,BRN TABBY/WHITE,Spayed,2023-04-14T00:00:00.000,2023-08-22,OWNER SURRENDER,OVER THE COUNTER,HEALTHY,SANTA ROSA
DOG,WELSH CORGI PEM/CAVALIER SPAN,BLACK/WHITE,Neutered,2021-08-22T00:00:00.000,2023-08-22,STRAY,OVER THE COUNTER,HEALTHY,SANTA ROSA
CAT,DOMESTIC SH,WHITE/BLACK,Neutered,2023-03-06T00:00:00.000,2023-08-22,STRAY,PHONE,TREATABLE/REHAB,COUNTY
CAT,DOMESTIC SH,GRAY TABBY,Spayed,,2023-08-22,STRAY,OVER THE COUNTER,UNKNOWN,COUNTY
DOG,PIT BULL,BLACK/WHITE,Female,2011-08-22T00:00:00.000,2023-08-22,OWNER SURRENDER,FIELD,UNKNOWN,SANTA ROSA
DOG,PIT BULL,FAWN/WHITE,Female,2016-04-23T00:00:00.000,2023-08-23,CONFISCATE,FLD_ARREST,UNKNOWN,SANTA ROSA
DOG,PIT BULL,FAWN/WHITE,Male,2022-08-10T00:00:00.000,2023-08-23,CONFISCATE,FLD_ARREST,UNKNOWN,SANTA ROSA
DOG,CHIHUAHUA SH/YORKSHIRE TERR,TAN,Unknown,2023-08-21T00:00:00.000,2023-08-23,STRAY,OVER THE COUNTER,UNKNOWN,SANTA ROSA
OTHER,RABBIT LH/MIX,WHITE,Spayed,2021-09-29T00:00:00.000,2023-08-24,STRAY,OVER THE COUNTER,HEALTHY,COUNTY
CAT,DOMESTIC SH,BRN TABBY,Spayed,2021-07-16T00:00:00.000,2023-08-24,STRAY,OVER THE COUNTER,HEALTHY,SANTA ROSA
CAT,DOMESTIC LH,BLACK,Neutered,2019-08-23T00:00:00.000,2023-08-24,QUARANTINE,FIELD,UNKNOWN,PETALUMA
CAT,SIAMESE/MIX,SEAL PT,Spayed,2023-04-21T00:00:00.000,2023-08-24,STRAY,FLD_STRAY,HEALTHY,COUNTY
DOG,GERM SHEPHERD,BLACK/BROWN,Spayed,2022-03-26T00:00:00.000,2023-08-24,STRAY,OVER THE COUNTER,HEALTHY,COUNTY
CAT,DOMESTIC LH,BLACK,Unknown,,2023-08-24,STRAY,OVER THE COUNTER,UNKNOWN,COUNTY
OTHER,RABBIT SH,WHITE/GRAY,Spayed,2022-10-03T00:00:00.000,2023-08-24,STRAY,OVER THE COUNTER,HEALTHY,SANTA ROSA
OTHER,BAT,BROWN,Unknown,,2023-08-25,QUARANTINE,FIELD,UNKNOWN,COUNTY
DOG,YORKSHIRE TERR/MIX,WHITE/BROWN,Male,,2023-08-25,STRAY,FLD_STRAY,UNKNOWN,SANTA ROSA
DOG,MALTESE/MIX,WHITE,Male,2015-09-21T00:00:00.000,2023-08-25,STRAY,FLD_STRAY,UNKNOWN,SANTA ROSA
DOG,PIT BULL/MIX,TAN/BLACK,Male,2022-08-25T00:00:00.000,2023-08-25,STRAY,FLD_STRAY,HEALTHY,COUNTY
DOG,BORDER COLLIE/MIX,WHITE/BLACK,Male,2022-02-25T00:00:00.000,2023-08-25,STRAY,OVER THE COUNTER,UNKNOWN,COUNTY
CAT,DOMESTIC SH,GRAY TABBY,Neutered,2023-07-10T00:00:00.000,2023-08-25,STRAY,FLD_STRAY,UNKNOWN,COUNTY
CAT,DOMESTIC SH,BLACK/WHITE,Neutered,2023-03-25T00:00:00.000,2023-08-25,STRAY,OVER THE COUNTER,HEALTHY,SANTA ROSA
CAT,DOMESTIC SH,GRAY/WHITE,Neutered,2023-03-25T00:00:00.000,2023-08-25,STRAY,OVER THE COUNTER,HEALTHY,SANTA ROSA
CAT,DOMESTIC SH,TORTIE,Spayed,2022-08-26T00:00:00.000,2023-08-26,STRAY,OVER THE COUNTER,UNKNOWN,SANTA ROSA
DOG,ROTTWEILER/MIX,BLACK/RED,Female,2021-02-16T00:00:00.000,2023-08-26,STRAY,FIELD,UNKNOWN,COUNTY
DOG,BOXER/MIX,TAN/WHITE,Spayed,2023-05-24T00:00:00.000,2023-08-26,ADOPTION RETURN,OVER THE COUNTER,HEALTHY,PETALUMA
DOG,GERM SHEPHERD,BLACK/TAN,Spayed,2022-08-26T00:00:00.000,2023-08-26,STRAY,OVER THE COUNTER,HEALTHY,SANTA ROSA
DOG,ANATOL SHEPHERD,CREAM/BLACK,Male,,2023-08-26,STRAY,FLD_STRAY,UNKNOWN,COUNTY
OTHER,BAT,BROWN,Unknown,,2023-08-26,QUARANTINE,OVER THE COUNTER,UNKNOWN,SANTA ROSA
DOG,BULLDOG,TRICOLOR,Neutered,2014-05-17T00:00:00.000,2023-08-27,STRAY,FLD_STRAY,UNKNOWN,COUNTY
DOG,POODLE MIN/LABRADOR RETR,GRAY,Female,2019-08-29T00:00:00.000,2023-08-27,STRAY,FLD_STRAY,UNKNOWN,COUNTY
DOG,PIT BULL,TAN/WHITE,Neutered,,2023-08-28,STRAY,FIELD,UNKNOWN,SANTA ROSA
DOG,BEAGLE/LABRADOR RETR,TRICOLOR,Male,2016-02-23T00:00:00.000,2023-08-28,STRAY,FLD_STRAY,HEALTHY,COUNTY
DOG,POODLE MIN/MIX,TAN/WHITE,Male,2023-06-29T00:00:00.000,2023-08-29,STRAY,OVER THE COUNTER,UNKNOWN,SANTA ROSA
OTHER,CHICKEN,RED,Female,,2023-08-29,STRAY,FIELD,UNKNOWN,SANTA ROSA
CAT,DOMESTIC SH,WHITE/BLACK,Neutered,2019-08-29T00:00:00.000,2023-08-29,STRAY,FIELD,TREATABLE/MANAGEABLE,SANTA ROSA
DOG,BELG MALINOIS/MIX,TAN/BLACK,Neutered,2023-05-08T00:00:00.000,2023-08-29,ADOPTION RETURN,OVER THE COUNTER,HEALTHY,COUNTY
CAT,DOMESTIC MH,BLUE CREAM,Spayed,2021-09-13T00:00:00.000,2023-08-29,STRAY,OVER THE COUNTER,HEALTHY,SANTA ROSA
CAT,DOMESTIC SH,BRN TABBY/TORTIE,Spayed,2023-07-29T00:00:00.000,2023-08-29,STRAY,OVER THE COUNTER,UNKNOWN,SANTA ROSA
CAT,DOMESTIC SH,BRN TABBY/TORTIE,Spayed,2023-08-02T00:00:00.000,2023-08-29,STRAY,OVER THE COUNTER,UNKNOWN,SANTA ROSA
CAT,DOMESTIC SH,BRN TABBY,Neutered,2023-07-29T00:00:00.000,2023-08-29,STRAY,OVER THE COUNTER,UNKNOWN,SANTA ROSA
CAT,DOMESTIC SH,ORG TABBY/WHITE,Spayed,2023-07-29T00:00:00.000,2023-08-29,STRAY,OVER THE COUNTER,UNKNOWN,SANTA ROSA
CAT,DOMESTIC SH,CALICO/BRN TABBY,Spayed,2023-07-29T00:00:00.000,2023-08-29,STRAY,OVER THE COUNTER,UNKNOWN,SANTA ROSA
CAT,DOMESTIC SH,ORG TABBY,Spayed,2023-07-25T00:00:00.000,2023-08-29,STRAY,OVER THE COUNTER,UNKNOWN,SANTA ROSA
CAT,DOMESTIC SH,ORG TABBY,Neutered,2023-07-29T00:00:00.000,2023-08-29,STRAY,OVER THE COUNTER,UNKNOWN,SANTA ROSA
DOG,SIBERIAN HUSKY/MIX,WHITE/BLACK,Spayed,2022-09-20T00:00:00.000,2023-08-29,STRAY,OVER THE COUNTER,HEALTHY,COUNTY
CAT,DOMESTIC SH,GRAY TABBY,Unknown,,2023-08-29,STRAY,EMAIL,TREATABLE/REHAB,SANTA ROSA
DOG,BELG MALINOIS/MIX,BLACK/TAN,Neutered,2023-06-03T00:00:00.000,2023-08-29,STRAY,OVER THE COUNTER,HEALTHY,SANTA ROSA
DOG,BELG MALINOIS/MIX,BLACK/TAN,Spayed,2023-06-03T00:00:00.000,2023-08-29,STRAY,OVER THE COUNTER,HEALTHY,SANTA ROSA
DOG,BELG MALINOIS/MIX,BLACK/TAN,Neutered,2023-06-02T00:00:00.000,2023-08-29,STRAY,OVER THE COUNTER,HEALTHY,SANTA ROSA
DOG,SIBERIAN HUSKY/MIX,TAN,Spayed,2021-08-29T00:00:00.000,2023-08-29,STRAY,OVER THE COUNTER,UNKNOWN,SANTA ROSA
CAT,DOMESTIC LH,BLACK/WHITE,Neutered,2023-05-26T00:00:00.000,2023-08-30,STRAY,FIELD,HEALTHY,SANTA ROSA
CAT,DOMESTIC SH,GRAY TABBY,Spayed,2022-12-30T00:00:00.000,2023-08-30,OWNER SURRENDER,OVER THE COUNTER,HEALTHY,COUNTY
DOG,LABRADOR RETR,YELLOW,Male,2022-12-30T00:00:00.000,2023-08-30,STRAY,FIELD,UNKNOWN,SANTA ROSA
DOG,ALASK MALAMUTE/MIX,WHITE/BLACK,Male,2019-08-30T00:00:00.000,2023-08-30,QUARANTINE,FIELD,UNKNOWN,SANTA ROSA
DOG,AUST SHEPHERD,RED/TRICOLOR,Neutered,2011-03-19T00:00:00.000,2023-08-31,CONFISCATE,FLD_ARREST,UNKNOWN,COUNTY
CAT,DOMESTIC MH,BLACK/WHITE,Neutered,2019-08-31T00:00:00.000,2023-08-31,STRAY,OVER THE COUNTER,HEALTHY,SANTA ROSA
DOG,CHIHUAHUA SH,TAN/WHITE,Spayed,2020-10-10T00:00:00.000,2023-08-31,STRAY,OVER THE COUNTER,HEALTHY,COUNTY
DOG,GERM SHEPHERD,BROWN/BLACK,Spayed,,2023-08-31,STRAY,OVER THE COUNTER,UNKNOWN,COUNTY
CAT,DOMESTIC SH,GRAY/WHITE,Male,,2023-08-31,STRAY,FIELD,TREATABLE/REHAB,COUNTY
CAT,DOMESTIC MH,CALICO,Spayed,2023-06-22T00:00:00.000,2023-09-01,OWNER SURRENDER,OVER THE COUNTER,HEALTHY,SANTA ROSA
CAT,DOMESTIC SH,GRAY/WHITE,Neutered,2023-05-30T00:00:00.000,2023-09-01,OWNER SURRENDER,OVER THE COUNTER,HEALTHY,SANTA ROSA
CAT,DOMESTIC SH,BLACK/WHITE,Neutered,2023-05-30T00:00:00.000,2023-09-01,OWNER SURRENDER,OVER THE COUNTER,HEALTHY,SANTA ROSA
DOG,CHIHUAHUA SH,WHITE/TAN,Spayed,2016-10-20T00:00:00.000,2023-09-01,CONFISCATE,FLD_ABAND,HEALTHY,SANTA ROSA
DOG,LABRADOR RETR,CHOCOLATE/WHITE,Spayed,2019-09-01T00:00:00.000,2023-09-01,STRAY,OVER THE COUNTER,HEALTHY,COUNTY
CAT,DOMESTIC SH,LYNX PT,Neutered,2020-09-01T00:00:00.000,2023-09-01,CONFISCATE,FIELD,HEALTHY,COUNTY
CAT,DOMESTIC SH,BLACK,Neutered,2023-03-01T00:00:00.000,2023-09-01,CONFISCATE,FIELD,HEALTHY,COUNTY
CAT,DOMESTIC MH,GRAY/WHITE,Spayed,2009-06-01T00:00:00.000,2023-09-01,CONFISCATE,FIELD,TREATABLE/MANAGEABLE,COUNTY
CAT,DOMESTIC SH,LYNX PT,Neutered,2017-09-01T00:00:00.000,2023-09-01,CONFISCATE,FIELD,HEALTHY,COUNTY
CAT,DOMESTIC SH,BRN TABBY,Neutered,2023-03-01T00:00:00.000,2023-09-01,CONFISCATE,FIELD,HEALTHY,COUNTY
CAT,DOMESTIC SH,BLACK,Neutered,2020-09-01T00:00:00.000,2023-09-01,CONFISCATE,FIELD,HEALTHY,COUNTY
CAT,DOMESTIC SH,BLUE CREAM/BRN TABBY,Spayed,2020-09-01T00:00:00.000,2023-09-01,CONFISCATE,FIELD,HEALTHY,COUNTY
DOG,AUST KELPIE,BLACK/BROWN,Spayed,2022-11-01T00:00:00.000,2023-09-01,STRAY,PHONE,HEALTHY,SANTA ROSA
DOG,DACHSHUND/MIX,TAN,Neutered,2022-09-25T00:00:00.000,2023-09-01,STRAY,FLD_STRAY,HEALTHY,SANTA ROSA
DOG,POMERANIAN,CREAM,Male,2021-03-02T00:00:00.000,2023-09-01,STRAY,FLD_STRAY,UNKNOWN,SANTA ROSA
CAT,DOMESTIC SH,SLVR TABBY,Neutered,2020-09-25T00:00:00.000,2023-09-01,CONFISCATE,FIELD,HEALTHY,COUNTY
DOG,PIT BULL/MIX,BLACK,Female,,2023-09-02,STRAY,FLD_STRAY,UNKNOWN,COUNTY
CAT,DOMESTIC SH,BLACK/WHITE,Female,,2023-09-02,STRAY,OVER THE COUNTER,HEALTHY,SANTA ROSA
CAT,DOMESTIC SH,BLACK/WHITE,Unknown,2023-07-02T00:00:00.000,2023-09-02,STRAY,OVER THE COUNTER,HEALTHY,SANTA ROSA
CAT,DOMESTIC SH,WHITE/BLACK,Spayed,2023-06-17T00:00:00.000,2023-09-02,STRAY,OVER THE COUNTER,TREATABLE/REHAB,SANTA ROSA
CAT,DOMESTIC SH,BLACK,Neutered,2023-05-30T00:00:00.000,2023-09-02,STRAY,OVER THE COUNTER,TREATABLE/REHAB,SANTA ROSA
DOG,POMERANIAN,BLACK/TAN,Neutered,2013-01-01T00:00:00.000,2023-09-02,STRAY,OVER THE COUNTER,HEALTHY,COUNTY
DOG,POMERANIAN,TRICOLOR,Male,2015-09-02T00:00:00.000,2023-09-02,STRAY,OVER THE COUNTER,HEALTHY,SANTA ROSA
CAT,DOMESTIC SH,BRN TABBY,Unknown,2023-08-30T00:00:00.000,2023-09-02,STRAY,OVER THE COUNTER,UNKNOWN,SANTA ROSA
CAT,DOMESTIC SH,GRAY TABBY/WHITE,Unknown,2023-08-30T00:00:00.000,2023-09-02,STRAY,OVER THE COUNTER,UNKNOWN,SANTA ROSA
CAT,DOMESTIC SH,BLACK/WHITE,Unknown,2023-08-30T00:00:00.000,2023-09-02,STRAY,OVER THE COUNTER,UNKNOWN,SANTA ROSA
DOG,BASENJI/MIX,TAN/BLACK,Male,2019-09-02T00:00:00.000,2023-09-02,STRAY,OVER THE COUNTER,UNKNOWN,SANTA ROSA
DOG,SHIH TZU,CREAM/BLACK,Neutered,2021-12-11T00:00:00.000,2023-09-02,STRAY,OVER THE COUNTER,HEALTHY,COUNTY
CAT,DOMESTIC SH,TORTIE,Spayed,2021-09-02T00:00:00.000,2023-09-02,STRAY,OVER THE COUNTER,HEALTHY,SANTA ROSA
CAT,DOMESTIC SH,BRN TABBY,Neutered,2023-04-02T00:00:00.000,2023-09-02,STRAY,OVER THE COUNTER,HEALTHY,SANTA ROSA
CAT,DOMESTIC SH,ORG TABBY,Spayed,2021-11-06T00:00:00.000,2023-09-02,STRAY,OVER THE COUNTER,HEALTHY,SANTA ROSA
CAT,DOMESTIC SH,BRN TABBY,Male,2023-04-02T00:00:00.000,2023-09-02,STRAY,OVER THE COUNTER,UNKNOWN,SANTA ROSA
CAT,DOMESTIC SH,ORG TABBY,Spayed,2023-04-06T00:00:00.000,2023-09-02,STRAY,OVER THE COUNTER,HEALTHY,SANTA ROSA
CAT,DOMESTIC SH,ORG TABBY,Spayed,2023-04-02T00:00:00.000,2023-09-02,STRAY,OVER THE COUNTER,HEALTHY,SANTA ROSA
DOG,LABRADOR RETR,YELLOW,Neutered,2019-09-03T00:00:00.000,2023-09-03,STRAY,FIELD,UNKNOWN,COUNTY
DOG,PIT BULL/MIX,BROWN,Neutered,2021-04-08T00:00:00.000,2023-09-05,CONFISCATE,FLD_ARREST,UNKNOWN,SANTA ROSA
DOG,POODLE MIN/CAVALIER SPAN,RED/WHITE,Female,2022-09-25T00:00:00.000,2023-09-05,STRAY,FIELD,HEALTHY,SANTA ROSA
CAT,DOMESTIC MH,TORTIE,Spayed,2023-04-05T00:00:00.000,2023-09-05,OWNER SURRENDER,OVER THE COUNTER,HEALTHY,SANTA ROSA
CAT,DOMESTIC MH,TORTIE,Spayed,2023-03-25T00:00:00.000,2023-09-05,OWNER SURRENDER,OVER THE COUNTER,HEALTHY,SANTA ROSA
CAT,DOMESTIC MH,GRAY/WHITE,Spayed,2023-04-05T00:00:00.000,2023-09-05,OWNER SURRENDER,OVER THE COUNTER,HEALTHY,SANTA ROSA
CAT,DOMESTIC SH,BLACK,Spayed,2023-08-05T00:00:00.000,2023-09-05,STRAY,OVER THE COUNTER,HEALTHY,SANTA ROSA
CAT,DOMESTIC MH,BLACK/WHITE,Neutered,2023-08-05T00:00:00.000,2023-09-05,STRAY,OVER THE COUNTER,HEALTHY,SANTA ROSA
CAT,DOMESTIC SH,BRN TABBY,Spayed,2023-08-05T00:00:00.000,2023-09-05,STRAY,OVER THE COUNTER,HEALTHY,SANTA ROSA
CAT,DOMESTIC SH,BRN TABBY/WHITE,Neutered,2023-07-05T00:00:00.000,2023-09-05,STRAY,OVER THE COUNTER,TREATABLE/REHAB,SANTA ROSA
CAT,DOMESTIC SH,BRN TABBY,Male,2023-07-05T00:00:00.000,2023-09-05,STRAY,OVER THE COUNTER,UNKNOWN,SANTA ROSA
CAT,DOMESTIC SH,GRAY TABBY,Neutered,2023-07-05T00:00:00.000,2023-09-05,STRAY,FIELD,HEALTHY,SANTA ROSA
CAT,DOMESTIC SH,GRAY TABBY/BLUE CREAM,Spayed,2023-07-05T00:00:00.000,2023-09-05,STRAY,FIELD,HEALTHY,SANTA ROSA
CAT,DOMESTIC SH,GRAY TABBY,Neutered,2023-07-07T00:00:00.000,2023-09-05,STRAY,FIELD,HEALTHY,SANTA ROSA
DOG,GERM SHEPHERD/MIX,BLACK/TAN,Male,2021-09-05T00:00:00.000,2023-09-05,STRAY,FIELD,UNKNOWN,SANTA ROSA
DOG,PIT BULL,WHITE/GRAY,Male,2023-01-07T00:00:00.000,2023-09-05,STRAY,FIELD,HEALTHY,COUNTY
DOG,GREAT PYRENEES/MIX,WHITE,Female,2023-03-07T00:00:00.000,2023-09-05,STRAY,FIELD,HEALTHY,COUNTY
DOG,RHOD RIDGEBACK/MIX,TAN/WHITE,Neutered,2022-11-21T00:00:00.000,2023-09-05,STRAY,FLD_STRAY,HEALTHY,COUNTY
CAT,DOMESTIC SH,BRN TABBY,Male,2023-08-05T00:00:00.000,2023-09-05,STRAY,OVER THE COUNTER,UNKNOWN,COUNTY
CAT,DOMESTIC SH,BRN TABBY,Female,2023-08-05T00:00:00.000,2023-09-05,STRAY,OVER THE COUNTER,UNKNOWN,COUNTY
DOG,PIT BULL,WHITE,Spayed,2021-07-24T00:00:00.000,2023-09-05,ADOPTION RETURN,FIELD,HEALTHY,COUNTY
DOG,PATTERDALE TERR/MIX,BLACK,Neutered,2023-04-04T00:00:00.000,2023-09-06,STRAY,FIELD,HEALTHY,SANTA ROSA
DOG,CHIHUAHUA SH/MIX,TAN/BLACK,Male,2022-03-06T00:00:00.000,2023-09-06,STRAY,FIELD,UNKNOWN,SANTA ROSA
DOG,BORDER COLLIE/MIX,BLACK,Male,,2023-09-06,STRAY,FIELD,UNKNOWN,SANTA ROSA
DOG,BORDER COLLIE/MIX,BLACK/WHITE,Female,,2023-09-06,STRAY,FIELD,UNKNOWN,SANTA ROSA
DOG,CHIHUAHUA SH,TAN,Male,2017-09-06T00:00:00.000,2023-09-06,STRAY,FIELD,UNKNOWN,SANTA ROSA
DOG,GERM SHEPHERD/MIX,TAN/WHITE,Spayed,2022-10-27T00:00:00.000,2023-09-06,ADOPTION RETURN,OVER THE COUNTER,HEALTHY,COUNTY
CAT,DOMESTIC SH,BLACK,Spayed,2023-04-06T00:00:00.000,2023-09-06,CONFISCATE,FIELD,TREATABLE/REHAB,COUNTY
CAT,DOMESTIC SH,TORTIE,Spayed,2023-04-06T00:00:00.000,2023-09-06,CONFISCATE,FIELD,HEALTHY,COUNTY
CAT,DOMESTIC SH,BRN TABBY,Unknown,2023-08-28T00:00:00.000,2023-09-07,STRAY,OVER THE COUNTER,UNKNOWN,COUNTY
CAT,DOMESTIC SH,ORG TABBY,Spayed,2021-09-07T00:00:00.000,2023-09-07,STRAY,OVER THE COUNTER,HEALTHY,COUNTY
DOG,GERM SHEPHERD/MIX,WHITE,Neutered,2020-12-18T00:00:00.000,2023-09-07,CONFISCATE,FLD_CRUEL,UNKNOWN,COUNTY
CAT,DOMESTIC SH,GRAY TABBY,Neutered,2023-07-07T00:00:00.000,2023-09-07,STRAY,OVER THE COUNTER,HEALTHY,COUNTY
CAT,DOMESTIC LH,BUFF,Neutered,2023-07-07T00:00:00.000,2023-09-07,STRAY,OVER THE COUNTER,HEALTHY,COUNTY
OTHER,CHINCHILLA,GRAY,Unknown,,2023-09-07,STRAY,OVER THE COUNTER,UNKNOWN,COUNTY
CAT,DOMESTIC SH,BLUE CREAM,Spayed,2021-09-08T00:00:00.000,2023-09-08,CONFISCATE,FIELD,HEALTHY,COUNTY
OTHER,SWAN,WHITE/BROWN,Unknown,,2023-09-08,STRAY,FIELD,UNKNOWN,COUNTY
CAT,DOMESTIC SH,GRAY,Male,,2023-09-08,STRAY,FIELD,UNKNOWN,COUNTY
DOG,BEAGLE/MIX,WHITE/BROWN,Male,2009-09-08T00:00:00.000,2023-09-08,STRAY,FIELD,UNKNOWN,SANTA ROSA
CAT,DOMESTIC SH,BLACK,Spayed,2023-03-08T00:00:00.000,2023-09-08,STRAY,OVER THE COUNTER,HEALTHY,COUNTY
DOG,GERM SHEPHERD/MIX,TAN/BLACK,Neutered,2018-09-07T00:00:00.000,2023-09-08,QUARANTINE,FIELD,UNKNOWN,COUNTY
DOG,GERM SHEPHERD/MIX,TAN/BLACK,Spayed,2016-08-01T00:00:00.000,2023-09-08,QUARANTINE,FIELD,UNKNOWN,COUNTY
CAT,DOMESTIC SH,TORTIE,Spayed,2015-04-20T00:00:00.000,2023-09-08,STRAY,OVER THE COUNTER,TREATABLE/MANAGEABLE,COUNTY
OTHER,SKUNK,BLACK/WHITE,Unknown,,2023-09-08,QUARANTINE,FIELD,UNKNOWN,SANTA ROSA
CAT,DOMESTIC SH,TORTIE,Spayed,2022-07-18T00:00:00.000,2023-09-08,ADOPTION RETURN,OVER THE COUNTER,HEALTHY,WINDSOR
DOG,LABRADOR RETR,YELLOW,Neutered,2019-09-03T00:00:00.000,2023-09-08,OWNER SURRENDER,OVER THE COUNTER,UNKNOWN,COUNTY
CAT,DOMESTIC MH,BRN TABBY/WHITE,Neutered,,2023-09-09,QUARANTINE,FIELD,UNKNOWN,OUT OF COUNTY
CAT,DOMESTIC SH,BLACK,Spayed,2022-04-18T00:00:00.000,2023-09-09,CONFISCATE,FIELD,HEALTHY,COUNTY
CAT,DOMESTIC SH,ORANGE/WHITE,Neutered,2020-07-05T00:00:00.000,2023-09-09,ADOPTION RETURN,OVER THE COUNTER,HEALTHY,SANTA ROSA
DOG,PARSON RUSS TER/DACHSHUND,WHITE/RED,Neutered,2023-03-09T00:00:00.000,2023-09-09,STRAY,EMAIL,HEALTHY,SANTA ROSA
DOG,CATAHOULA/MIX,WHITE/BLACK,Neutered,2016-04-01T00:00:00.000,2023-09-09,QUARANTINE,FIELD,UNKNOWN,COUNTY
DOG,PARSON RUSS TER/MIX,WHITE/BROWN,Neutered,2021-08-08T00:00:00.000,2023-09-09,ADOPTION RETURN,OVER THE COUNTER,HEALTHY,COUNTY
CAT,DOMESTIC SH,BRN TABBY/WHITE,Neutered,2021-09-09T00:00:00.000,2023-09-09,CONFISCATE,FIELD,HEALTHY,COUNTY
CAT,DOMESTIC SH,TORTIE/WHITE,Spayed,2021-09-10T00:00:00.000,2023-09-10,CONFISCATE,FIELD,HEALTHY,COUNTY
DOG,BLUETICK HOUND/MIX,WHITE/TAN,Male,2022-12-19T00:00:00.000,2023-09-10,CONFISCATE,FLD_ARREST,TREATABLE/MANAGEABLE,COUNTY
DOG,MALTESE,WHITE,Neutered,2010-01-03T00:00:00.000,2023-09-10,CONFISCATE,FLD_CORONR,UNKNOWN,SANTA ROSA
OTHER,BAT,BROWN,Unknown,,2023-09-10,QUARANTINE,FIELD,UNKNOWN,SANTA ROSA
CAT,DOMESTIC SH,GRAY,Neutered,2023-08-13T00:00:00.000,2023-09-10,STRAY,FIELD,UNKNOWN,COUNTY
CAT,DOMESTIC MH,GRAY TABBY,Spayed,2023-08-13T00:00:00.000,2023-09-10,STRAY,FIELD,UNKNOWN,COUNTY
CAT,DOMESTIC SH,BLACK,Neutered,2023-08-13T00:00:00.000,2023-09-10,STRAY,FIELD,UNKNOWN,COUNTY
CAT,DOMESTIC SH,BLACK,Neutered,2023-08-13T00:00:00.000,2023-09-10,STRAY,FIELD,UNKNOWN,COUNTY
DOG,MALTESE/MIX,WHITE,Female,,2023-09-10,CONFISCATE,FLD_ARREST,UNKNOWN,SANTA ROSA
DOG,LABRADOR RETR/MIX,WHITE,Spayed,2022-09-11T00:00:00.000,2023-09-11,STRAY,FIELD,HEALTHY,SANTA ROSA
CAT,DOMESTIC SH,ORANGE/WHITE,Neutered,2015-04-11T00:00:00.000,2023-09-11,STRAY,FLD_STRAY,UNKNOWN,COUNTY
OTHER,BAT,BROWN,Unknown,,2023-09-11,QUARANTINE,FIELD,UNKNOWN,SANTA ROSA
DOG,CHIHUAHUA SH,TAN/WHITE,Female,2011-09-11T00:00:00.000,2023-09-11,STRAY,FIELD,UNKNOWN,SANTA ROSA
CAT,DOMESTIC SH,BRN TABBY/WHITE,Spayed,2023-07-13T00:00:00.000,2023-09-12,STRAY,OVER THE COUNTER,HEALTHY,SANTA ROSA
CAT,SIAMESE/MIX,LYNX PT,Neutered,2023-05-13T00:00:00.000,2023-09-12,OWNER SURRENDER,OVER THE COUNTER,HEALTHY,COUNTY
CAT,DOMESTIC SH/MIX,BRN TABBY,Spayed,2023-06-15T00:00:00.000,2023-09-12,OWNER SURRENDER,OVER THE COUNTER,HEALTHY,COUNTY
CAT,DOMESTIC SH/MIX,BRN TABBY/WHITE,Spayed,2023-06-15T00:00:00.000,2023-09-12,OWNER SURRENDER,OVER THE COUNTER,HEALTHY,COUNTY
CAT,DOMESTIC SH/MIX,BLACK,Spayed,2023-06-15T00:00:00.000,2023-09-12,OWNER SURRENDER,OVER THE COUNTER,HEALTHY,COUNTY
CAT,DOMESTIC SH,BRN TABBY,Spayed,2022-10-09T00:00:00.000,2023-09-12,STRAY,OVER THE COUNTER,HEALTHY,SANTA ROSA
DOG,CHIHUAHUA SH/PARSON RUSS TER,TAN,Male,2013-09-12T00:00:00.000,2023-09-12,STRAY,OVER THE COUNTER,UNKNOWN,SANTA ROSA
CAT,DOMESTIC SH,GRAY TABBY,Spayed,2022-04-09T00:00:00.000,2023-09-12,CONFISCATE,FIELD,HEALTHY,COUNTY
CAT,DOMESTIC SH,GRAY,Unknown,,2023-09-12,CONFISCATE,FIELD,UNKNOWN,COUNTY
DOG,GREAT PYRENEES,WHITE,Spayed,2020-10-17T00:00:00.000,2023-09-12,STRAY,FLD_STRAY,HEALTHY,COUNTY
DOG,RHOD RIDGEBACK/ANATOL SHEPHERD,RED/WHITE,Neutered,2023-02-27T00:00:00.000,2023-09-12,STRAY,FLD_STRAY,HEALTHY,COUNTY
DOG,TR WALKER HOUND/MIX,RED/WHITE,Neutered,2023-02-27T00:00:00.000,2023-09-12,STRAY,FLD_STRAY,HEALTHY,COUNTY
DOG,CAIRN TERRIER/MIX,TAN,Neutered,2022-09-12T00:00:00.000,2023-09-12,STRAY,OVER THE COUNTER,HEALTHY,SANTA ROSA
OTHER,SILKIE,GRAY/RED,Male,,2023-09-12,STRAY,FIELD,UNKNOWN,SANTA ROSA
CAT,DOMESTIC SH,GRAY TABBY/WHITE,Female,,2023-09-13,STRAY,EMAIL,UNKNOWN,COUNTY
CAT,DOMESTIC LH,WHITE/ORG TABBY,Male,2019-09-13T00:00:00.000,2023-09-13,STRAY,OVER THE COUNTER,UNKNOWN,SANTA ROSA
DOG,POODLE MIN,CREAM,Male,2013-10-09T00:00:00.000,2023-09-13,STRAY,PHONE,UNKNOWN,SANTA ROSA
DOG,GREAT PYRENEES,WHITE,Neutered,2022-02-17T00:00:00.000,2023-09-13,ADOPTION RETURN,OVER THE COUNTER,UNKNOWN,COUNTY
CAT,DOMESTIC SH,ORG TABBY,Neutered,2013-02-10T00:00:00.000,2023-09-13,STRAY,OVER THE COUNTER,UNKNOWN,COUNTY
CAT,DOMESTIC SH,BRN TABBY,Spayed,2022-09-13T00:00:00.000,2023-09-13,CONFISCATE,FIELD,HEALTHY,COUNTY
CAT,DOMESTIC SH,BLACK,Spayed,2022-09-13T00:00:00.000,2023-09-13,STRAY,OVER THE COUNTER,HEALTHY,COUNTY
CAT,DOMESTIC SH,BLACK,Spayed,2023-07-13T00:00:00.000,2023-09-13,STRAY,OVER THE COUNTER,HEALTHY,COUNTY
CAT,DOMESTIC SH,BLACK,Neutered,2023-07-13T00:00:00.000,2023-09-13,STRAY,OVER THE COUNTER,HEALTHY,COUNTY
CAT,DOMESTIC SH,BLACK,Spayed,2023-07-13T00:00:00.000,2023-09-13,STRAY,OVER THE COUNTER,HEALTHY,COUNTY
CAT,DOMESTIC SH,BLACK,Neutered,2023-07-13T00:00:00.000,2023-09-13,STRAY,OVER THE COUNTER,HEALTHY,COUNTY
CAT,DOMESTIC SH,GRAY,Spayed,2023-07-13T00:00:00.000,2023-09-13,STRAY,OVER THE COUNTER,HEALTHY,COUNTY
DOG,BELG MALINOIS/MIX,BLACK/BROWN,Spayed,2014-03-13T00:00:00.000,2023-09-13,QUARANTINE,OVER THE COUNTER,UNKNOWN,COUNTY
CAT,DOMESTIC SH,TORTIE/WHITE,Female,,2023-09-13,STRAY,FIELD,UNTREATABLE,COUNTY
CAT,DOMESTIC SH,GRAY/WHITE,Unknown,2023-08-30T00:00:00.000,2023-09-14,STRAY,OVER THE COUNTER,TREATABLE/REHAB,COUNTY
CAT,DOMESTIC SH,TORTIE,Female,2023-08-30T00:00:00.000,2023-09-14,STRAY,OVER THE COUNTER,TREATABLE/REHAB,COUNTY
CAT,DOMESTIC SH,LYNX PT,Unknown,2023-08-30T00:00:00.000,2023-09-14,STRAY,OVER THE COUNTER,TREATABLE/REHAB,COUNTY
CAT,DOMESTIC SH,BUFF,Unknown,2023-08-30T00:00:00.000,2023-09-14,STRAY,OVER THE COUNTER,TREATABLE/REHAB,COUNTY
CAT,DOMESTIC SH,BUFF/WHITE,Unknown,2023-08-30T00:00:00.000,2023-09-14,STRAY,OVER THE COUNTER,TREATABLE/REHAB,COUNTY
CAT,DOMESTIC SH,BLACK/WHITE,Unknown,2023-08-30T00:00:00.000,2023-09-14,STRAY,OVER THE COUNTER,TREATABLE/REHAB,COUNTY
CAT,DOMESTIC SH,BLUE CREAM/CALICO,Female,2023-08-30T00:00:00.000,2023-09-14,STRAY,OVER THE COUNTER,TREATABLE/REHAB,COUNTY
CAT,DOMESTIC SH,BRN TABBY/WHITE,Unknown,2023-08-30T00:00:00.000,2023-09-14,STRAY,OVER THE COUNTER,TREATABLE/REHAB,COUNTY
CAT,DOMESTIC SH,BLACK/WHITE,Unknown,2023-08-30T00:00:00.000,2023-09-14,STRAY,OVER THE COUNTER,TREATABLE/REHAB,COUNTY
CAT,DOMESTIC SH,BLACK/WHITE,Unknown,2023-08-30T00:00:00.000,2023-09-14,STRAY,OVER THE COUNTER,TREATABLE/REHAB,COUNTY
DOG,PIT BULL,BLACK/WHITE,Male,,2023-09-14,STRAY,FIELD,UNKNOWN,SANTA ROSA
DOG,BORDER COLLIE/GERM SHEPHERD,BLACK/WHITE,Male,2022-03-01T00:00:00.000,2023-09-14,STRAY,FIELD,HEALTHY,SANTA ROSA
DOG,AUST CATTLE DOG/MIX,BLUE TICK/BLACK,Neutered,2022-10-12T00:00:00.000,2023-09-14,ADOPTION RETURN,OVER THE COUNTER,HEALTHY,SANTA ROSA
DOG,SIBERIAN HUSKY,WHITE,Neutered,2022-07-30T00:00:00.000,2023-09-14,ADOPTION RETURN,OVER THE COUNTER,HEALTHY,SANTA ROSA
DOG,CHIHUAHUA LH/MIX,CREAM,Spayed,2018-11-07T00:00:00.000,2023-09-14,STRAY,OVER THE COUNTER,HEALTHY,SANTA ROSA
DOG,REDBONE HOUND,BROWN/TAN,Spayed,2023-05-21T00:00:00.000,2023-09-14,STRAY,FLD_STRAY,HEALTHY,COUNTY
DOG,REDBONE HOUND,BROWN/TAN,Spayed,2023-06-05T00:00:00.000,2023-09-14,STRAY,FLD_STRAY,HEALTHY,COUNTY
CAT,DOMESTIC SH,GRAY/WHITE,Neutered,2010-04-10T00:00:00.000,2023-09-14,STRAY,FIELD,UNKNOWN,COUNTY
DOG,PIT BULL/MIX,CHOCOLATE/WHITE,Male,2010-09-15T00:00:00.000,2023-09-14,STRAY,FIELD,UNKNOWN,COUNTY
DOG,BOXER/MIX,BR BRINDLE/WHITE,Neutered,2023-05-14T00:00:00.000,2023-09-14,STRAY,OVER THE COUNTER,HEALTHY,SANTA ROSA
DOG,PIT BULL/MIX,BLACK,Male,2022-12-06T00:00:00.000,2023-09-14,CONFISCATE,FLD_ARREST,UNKNOWN,SANTA ROSA
DOG,GERM SHEPHERD,TAN/BLACK,Male,,2023-09-15,STRAY,FIELD,UNKNOWN,COUNTY
DOG,GREAT PYRENEES,WHITE,Spayed,2018-08-22T00:00:00.000,2023-09-15,ADOPTION RETURN,OVER THE COUNTER,TREATABLE/MANAGEABLE,COUNTY
DOG,PIT BULL/MIX,BLUE/WHITE,Spayed,2019-09-15T00:00:00.000,2023-09-15,STRAY,FLD_STRAY,TREATABLE/REHAB,COUNTY
DOG,PIT BULL/LABRADOR RETR,BLACK/WHITE,Neutered,2023-01-11T00:00:00.000,2023-09-15,CONFISCATE,FLD_HOSPTL,UNKNOWN,SANTA ROSA
DOG,BULLMASTIFF/PIT BULL,BLACK,Male,2023-02-11T00:00:00.000,2023-09-15,CONFISCATE,FLD_HOSPTL,UNKNOWN,SANTA ROSA
DOG,BELG MALINOIS,BLACK/TAN,Spayed,2022-10-19T00:00:00.000,2023-09-16,STRAY,OVER THE COUNTER,UNKNOWN,COUNTY
DOG,DOBERMAN PINSCH,BLACK/TAN,Male,2011-09-12T00:00:00.000,2023-09-16,STRAY,FLD_STRAY,UNKNOWN,COUNTY
CAT,DOMESTIC SH,WHITE/BLACK,Spayed,2023-08-01T00:00:00.000,2023-09-16,STRAY,PHONE,HEALTHY,COUNTY
DOG,GREAT PYRENEES,WHITE,Female,,2023-09-16,STRAY,FLD_STRAY,UNKNOWN,COUNTY
DOG,GREAT PYRENEES,WHITE,Female,,2023-09-16,STRAY,FLD_STRAY,UNKNOWN,COUNTY
DOG,MALTESE,WHITE,Spayed,2022-04-04T00:00:00.000,2023-09-16,STRAY,OVER THE COUNTER,HEALTHY,SANTA ROSA
DOG,CHIHUAHUA SH,BROWN,Male,2019-09-19T00:00:00.000,2023-09-16,STRAY,FLD_STRAY,UNKNOWN,SANTA ROSA
DOG,POMERANIAN,CREAM,Male,2021-03-02T00:00:00.000,2023-09-17,STRAY,FIELD,HEALTHY,SANTA ROSA
DOG,CHIHUAHUA SH/MIX,TAN,Neutered,2011-06-09T00:00:00.000,2023-09-17,CONFISCATE,FLD_ARREST,UNKNOWN,SANTA ROSA
DOG,CHIHUAHUA SH,TAN/WHITE,Neutered,2013-09-20T00:00:00.000,2023-09-18,STRAY,FIELD,UNKNOWN,SANTA ROSA
DOG,GERM SHEPHERD,BROWN/BLACK,Male,2018-01-22T00:00:00.000,2023-09-18,STRAY,FIELD,UNKNOWN,COUNTY
DOG,BORDER COLLIE/MIX,BLACK/WHITE,Female,2020-09-18T00:00:00.000,2023-09-18,STRAY,FIELD,UNKNOWN,COUNTY
DOG,FRENCH BULLDOG/MIX,BL BRINDLE,Neutered,2021-09-19T00:00:00.000,2023-09-19,STRAY,FIELD,HEALTHY,SANTA ROSA
DOG,DOGO ARGENTINO,WHITE/GRAY,Female,2022-05-23T00:00:00.000,2023-09-19,STRAY,FIELD,UNKNOWN,SANTA ROSA
DOG,BORDER COLLIE/MIX,BLACK/WHITE,Spayed,2022-10-06T00:00:00.000,2023-09-19,STRAY,OVER THE COUNTER,UNKNOWN,COUNTY
DOG,POMERANIAN,CREAM,Male,2021-03-02T00:00:00.000,2023-09-20,OWNER SURRENDER,OVER THE COUNTER,HEALTHY,SANTA ROSA
CAT,DOMESTIC SH,BLACK/WHITE,Unknown,,2023-09-20,STRAY,OVER THE COUNTER,HEALTHY,SANTA ROSA
DOG,PIT BULL/MIX,RED/WHITE,Neutered,2021-10-28T00:00:00.000,2023-09-20,STRAY,OVER THE COUNTER,UNKNOWN,SANTA ROSA
DOG,PIT BULL/MIX,BR BRINDLE/WHITE,Spayed,2022-09-20T00:00:00.000,2023-09-20,STRAY,OVER THE COUNTER,HEALTHY,SANTA ROSA
CAT,DOMESTIC SH,ORG TABBY,Neutered,2023-07-20T00:00:00.000,2023-09-20,OWNER SURRENDER,OVER THE COUNTER,HEALTHY,SANTA ROSA
CAT,DOMESTIC SH,ORG TABBY,Neutered,2023-07-27T00:00:00.000,2023-09-20,OWNER SURRENDER,OVER THE COUNTER,HEALTHY,SANTA ROSA
CAT,DOMESTIC SH,ORG TABBY,Neutered,2023-07-27T00:00:00.000,2023-09-20,OWNER SURRENDER,OVER THE COUNTER,HEALTHY,SANTA ROSA
CAT,ABYSSINIAN/MIX,BRN TABBY,Spayed,2023-07-27T00:00:00.000,2023-09-20,OWNER SURRENDER,OVER THE COUNTER,HEALTHY,SANTA ROSA
CAT,DOMESTIC SH,BRN TABBY/TORTIE,Spayed,2023-07-27T00:00:00.000,2023-09-20,OWNER SURRENDER,OVER THE COUNTER,HEALTHY,SANTA ROSA
CAT,DOMESTIC SH,BRN TABBY,Spayed,2023-07-27T00:00:00.000,2023-09-20,OWNER SURRENDER,OVER THE COUNTER,HEALTHY,SANTA ROSA
CAT,ABYSSINIAN,BRN TABBY,Spayed,2023-07-27T00:00:00.000,2023-09-20,OWNER SURRENDER,OVER THE COUNTER,HEALTHY,SANTA ROSA
CAT,DOMESTIC SH,BRN TABBY,Spayed,2023-07-27T00:00:00.000,2023-09-20,OWNER SURRENDER,OVER THE COUNTER,HEALTHY,SANTA ROSA
DOG,PARSON RUSS TER/CHIHUAHUA SH,BLACK/TAN,Female,2023-07-01T00:00:00.000,2023-09-21,STRAY,OVER THE COUNTER,UNKNOWN,SANTA ROSA
OTHER,BAT,BROWN,Unknown,,2023-09-21,QUARANTINE,FIELD,UNKNOWN,*COTATI
DOG,GERM SHEPHERD/MIX,TAN/BROWN,Spayed,2021-04-26T00:00:00.000,2023-09-21,ADOPTION RETURN,OVER THE COUNTER,UNKNOWN,COUNTY
CAT,DOMESTIC SH,GRAY TABBY/WHITE,Neutered,2023-04-22T00:00:00.000,2023-09-22,OWNER SURRENDER,OVER THE COUNTER,HEALTHY,SANTA ROSA
CAT,DOMESTIC SH,GRAY TABBY,Neutered,2023-04-22T00:00:00.000,2023-09-22,OWNER SURRENDER,OVER THE COUNTER,HEALTHY,SANTA ROSA
CAT,DOMESTIC SH,GRAY TABBY/WHITE,Neutered,2023-04-22T00:00:00.000,2023-09-22,OWNER SURRENDER,OVER THE COUNTER,HEALTHY,SANTA ROSA
CAT,DOMESTIC SH,GRAY TABBY,Neutered,2023-04-22T00:00:00.000,2023-09-22,OWNER SURRENDER,OVER THE COUNTER,HEALTHY,SANTA ROSA
CAT,DOMESTIC SH,BLACK,Spayed,2021-09-22T00:00:00.000,2023-09-22,STRAY,OVER THE COUNTER,UNKNOWN,COUNTY
CAT,DOMESTIC SH,BRN TABBY,Neutered,2023-08-19T00:00:00.000,2023-09-22,STRAY,OVER THE COUNTER,UNKNOWN,COUNTY
CAT,DOMESTIC SH,BLACK/WHITE,Spayed,2023-08-19T00:00:00.000,2023-09-22,STRAY,OVER THE COUNTER,UNKNOWN,COUNTY
CAT,DOMESTIC SH,BRN TABBY/WHITE,Neutered,2023-08-19T00:00:00.000,2023-09-22,STRAY,OVER THE COUNTER,UNKNOWN,COUNTY
CAT,DOMESTIC MH,BRN TABBY/WHITE,Neutered,2023-08-19T00:00:00.000,2023-09-22,STRAY,OVER THE COUNTER,UNKNOWN,COUNTY
CAT,DOMESTIC SH,BRN TABBY,Neutered,2023-08-24T00:00:00.000,2023-09-22,STRAY,OVER THE COUNTER,UNKNOWN,COUNTY
CAT,DOMESTIC SH,BRN TABBY,Spayed,2023-08-24T00:00:00.000,2023-09-22,STRAY,OVER THE COUNTER,UNKNOWN,COUNTY
CAT,DOMESTIC SH,BLACK,Neutered,2023-08-24T00:00:00.000,2023-09-22,STRAY,OVER THE COUNTER,UNKNOWN,COUNTY
CAT,DOMESTIC SH,BLACK/WHITE,Neutered,2023-08-24T00:00:00.000,2023-09-22,STRAY,OVER THE COUNTER,UNKNOWN,COUNTY
DOG,POODLE MIN,BLACK,Female,2005-09-26T00:00:00.000,2023-09-22,STRAY,FLD_STRAY,UNKNOWN,SANTA ROSA
CAT,DOMESTIC SH,BLACK/WHITE,Spayed,2021-03-26T00:00:00.000,2023-09-22,STRAY,OVER THE COUNTER,UNKNOWN,SANTA ROSA
DOG,GERM SHEPHERD,BLACK/TAN,Male,2021-09-23T00:00:00.000,2023-09-23,STRAY,FLD_STRAY,UNKNOWN,COUNTY
DOG,MIN PINSCHER,BLACK/WHITE,Spayed,2006-07-08T00:00:00.000,2023-09-23,STRAY,OVER THE COUNTER,HEALTHY,SANTA ROSA
CAT,DOMESTIC LH,GRAY,Spayed,2005-08-23T00:00:00.000,2023-09-23,STRAY,OVER THE COUNTER,UNTREATABLE,COUNTY
DOG,SIBERIAN HUSKY/MIX,BLACK/WHITE,Spayed,2022-03-26T00:00:00.000,2023-09-23,STRAY,OVER THE COUNTER,UNKNOWN,SANTA ROSA
DOG,GERM SHEPHERD,TAN/BLACK,Female,,2023-09-23,STRAY,FLD_STRAY,UNKNOWN,SANTA ROSA
DOG,PAPILLON/CHIHUAHUA LH,TAN/WHITE,Neutered,2022-05-25T00:00:00.000,2023-09-25,STRAY,FIELD,HEALTHY,SANTA ROSA
CAT,DOMESTIC SH,WHITE/GRAY TABBY,Male,,2023-09-25,STRAY,FIELD,UNKNOWN,SANTA ROSA
CAT,DOMESTIC SH,BRN TABBY,Neutered,2023-08-05T00:00:00.000,2023-09-25,STRAY,FLD_STRAY,HEALTHY,SANTA ROSA
DOG,PIT BULL/MIX,BR BRINDLE/WHITE,Male,,2023-09-25,STRAY,FIELD,UNKNOWN,SANTA ROSA
DOG,AUST SHEPHERD/MIX,TRICOLOR,Spayed,2018-09-26T00:00:00.000,2023-09-25,STRAY,FIELD,UNKNOWN,SANTA ROSA
OTHER,GOAT,WHITE/BROWN,Male,,2023-09-25,STRAY,FIELD,UNKNOWN,COUNTY
OTHER,GOAT,WHITE,Male,,2023-09-25,STRAY,FIELD,UNKNOWN,COUNTY
OTHER,GOAT,BLACK/WHITE,Male,,2023-09-25,STRAY,FIELD,UNKNOWN,COUNTY
OTHER,GOAT,BLACK/WHITE,Male,,2023-09-25,STRAY,FIELD,UNKNOWN,COUNTY
OTHER,GOAT,BROWN/WHITE,Male,,2023-09-25,STRAY,FIELD,UNKNOWN,COUNTY
DOG,LABRADOR RETR,BLACK/WHITE,Female,2021-07-23T00:00:00.000,2023-09-25,CONFISCATE,FLD_ARREST,UNKNOWN,COUNTY
OTHER,BAT,GRAY,Unknown,,2023-09-26,QUARANTINE,FIELD,UNKNOWN,COUNTY
DOG,GOLDEN RETR,GOLD,Female,2019-10-05T00:00:00.000,2023-09-26,STRAY,OVER THE COUNTER,UNKNOWN,COUNTY
OTHER,RABBIT LH,GRAY,Male,,2023-09-26,STRAY,FIELD,UNKNOWN,SANTA ROSA
DOG,CHIHUAHUA SH/MIX,BLACK/TAN,Female,2023-07-12T00:00:00.000,2023-09-26,CONFISCATE,FLD_HOSPTL,HEALTHY,SANTA ROSA
DOG,CHIHUAHUA SH/MIX,BLACK/TAN,Male,2021-11-17T00:00:00.000,2023-09-26,CONFISCATE,FLD_HOSPTL,HEALTHY,SANTA ROSA
CAT,DOMESTIC SH,GRAY,Unknown,,2023-09-26,STRAY,OVER THE COUNTER,UNKNOWN,SANTA ROSA
DOG,AUST SHEPHERD/MIX,TRICOLOR,Male,2019-09-26T00:00:00.000,2023-09-26,STRAY,FLD_STRAY,UNKNOWN,COUNTY
DOG,ROTTWEILER/MIX,BLACK/WHITE,Neutered,2017-09-26T00:00:00.000,2023-09-26,STRAY,FLD_STRAY,HEALTHY,COUNTY
DOG,GREAT DANE/BELG MALINOIS,BROWN,Neutered,2020-09-26T00:00:00.000,2023-09-26,QUARANTINE,FIELD,UNKNOWN,COUNTY
CAT,DOMESTIC SH,BLACK/WHITE,Neutered,2022-10-18T00:00:00.000,2023-09-27,STRAY,OVER THE COUNTER,HEALTHY,COUNTY
CAT,DOMESTIC MH,CALICO/BRN TABBY,Spayed,2023-07-29T00:00:00.000,2023-09-27,OWNER SURRENDER,OVER THE COUNTER,HEALTHY,SANTA ROSA
CAT,DOMESTIC MH,CALICO/BRN TABBY,Spayed,2023-07-29T00:00:00.000,2023-09-27,OWNER SURRENDER,OVER THE COUNTER,HEALTHY,SANTA ROSA
CAT,DOMESTIC MH,CALICO/BRN TABBY,Spayed,2023-07-29T00:00:00.000,2023-09-27,OWNER SURRENDER,OVER THE COUNTER,HEALTHY,SANTA ROSA
CAT,DOMESTIC MH,TORTIE,Spayed,2023-07-29T00:00:00.000,2023-09-27,OWNER SURRENDER,OVER THE COUNTER,HEALTHY,SANTA ROSA
CAT,DOMESTIC MH,BRN TABBY,Neutered,2023-07-29T00:00:00.000,2023-09-27,OWNER SURRENDER,OVER THE COUNTER,HEALTHY,SANTA ROSA
CAT,DOMESTIC MH,TORTIE,Spayed,2023-07-29T00:00:00.000,2023-09-27,OWNER SURRENDER,OVER THE COUNTER,HEALTHY,SANTA ROSA
CAT,DOMESTIC MH,BLACK,Neutered,2023-07-29T00:00:00.000,2023-09-27,OWNER SURRENDER,OVER THE COUNTER,HEALTHY,SANTA ROSA
CAT,DOMESTIC MH,ORG TABBY,Neutered,2023-07-29T00:00:00.000,2023-09-27,OWNER SURRENDER,OVER THE COUNTER,HEALTHY,SANTA ROSA
CAT,DOMESTIC MH,GRAY TABBY,Neutered,2023-07-29T00:00:00.000,2023-09-27,OWNER SURRENDER,OVER THE COUNTER,HEALTHY,SANTA ROSA
DOG,COCKER SPAN/POODLE MIN,WHITE,Male,2021-09-29T00:00:00.000,2023-09-27,STRAY,FIELD,HEALTHY,SANTA ROSA
DOG,LABRADOR RETR,YELLOW,Male,2020-06-09T00:00:00.000,2023-09-28,CONFISCATE,FLD_EVICT,UNKNOWN,SANTA ROSA
DOG,BERNESE MTN DOG,TRICOLOR,Neutered,2016-10-01T00:00:00.000,2023-09-28,OWNER SURRENDER,FIELD,UNKNOWN,*SONOMA
DOG,DACHSHUND/MIX,TRICOLOR,Neutered,2013-08-31T00:00:00.000,2023-09-28,STRAY,FIELD,UNKNOWN,SANTA ROSA
OTHER,TORTOISE,GRAY,Unknown,,2023-09-28,STRAY,FLD_STRAY,UNKNOWN,SANTA ROSA
DOG,BORDER COLLIE,TRICOLOR,Unknown,,2023-09-28,CONFISCATE,FLD_EVICT,UNKNOWN,SANTA ROSA
DOG,CHIHUAHUA SH,TAN/WHITE,Spayed,2021-10-19T00:00:00.000,2023-09-28,STRAY,FLD_STRAY,HEALTHY,SANTA ROSA
DOG,CHIHUAHUA SH,RED/WHITE,Spayed,2019-10-27T00:00:00.000,2023-09-28,STRAY,FLD_STRAY,HEALTHY,SANTA ROSA
DOG,ALASKAN HUSKY,BLACK/WHITE,Female,2019-05-09T00:00:00.000,2023-09-29,CONFISCATE,FLD_ARREST,UNKNOWN,SANTA ROSA
DOG,FRENCH BULLDOG,BLUE MERLE/WHITE,Male,2019-03-29T00:00:00.000,2023-09-29,STRAY,OVER THE COUNTER,UNKNOWN,COUNTY
DOG,FRENCH BULLDOG,TAN,Female,2019-03-29T00:00:00.000,2023-09-29,STRAY,OVER THE COUNTER,UNKNOWN,COUNTY
CAT,DOMESTIC MH,WHITE/BLACK,Neutered,2023-08-05T00:00:00.000,2023-09-29,STRAY,OVER THE COUNTER,HEALTHY,SANTA ROSA
CAT,DOMESTIC LH,BLACK/WHITE,Neutered,2013-09-29T00:00:00.000,2023-09-29,STRAY,OVER THE COUNTER,HEALTHY,COUNTY
DOG,TOY FOX TERRIER/MIX,BROWN/WHITE,Spayed,2020-11-03T00:00:00.000,2023-09-29,STRAY,OVER THE COUNTER,HEALTHY,COUNTY
DOG,TOY FOX TERRIER/MIX,WHITE/TAN,Neutered,2023-08-03T00:00:00.000,2023-09-29,STRAY,OVER THE COUNTER,HEALTHY,COUNTY
CAT,DOMESTIC SH,BLACK,Unknown,,2023-09-30,STRAY,OVER THE COUNTER,UNKNOWN,COUNTY
CAT,DOMESTIC MH,ORANGE/WHITE,Unknown,2023-08-30T00:00:00.000,2023-09-30,STRAY,FLD_STRAY,UNKNOWN,SANTA ROSA
CAT,DOMESTIC MH,BRN TABBY,Spayed,2007-10-19T00:00:00.000,2023-09-30,STRAY,OVER THE COUNTER,TREATABLE/MANAGEABLE,SANTA ROSA
CAT,DOMESTIC SH,BRN TABBY,Male,2023-08-15T00:00:00.000,2023-09-30,STRAY,OVER THE COUNTER,UNKNOWN,COUNTY
CAT,DOMESTIC SH,BRN TABBY/TORTIE,Female,2023-08-15T00:00:00.000,2023-09-30,STRAY,OVER THE COUNTER,UNKNOWN,COUNTY
CAT,DOMESTIC SH,BRN TABBY,Male,2023-08-15T00:00:00.000,2023-09-30,STRAY,OVER THE COUNTER,UNKNOWN,COUNTY
CAT,DOMESTIC SH,BRN TABBY,Male,2023-08-15T00:00:00.000,2023-09-30,STRAY,OVER THE COUNTER,UNKNOWN,COUNTY
CAT,DOMESTIC SH,BRN TABBY,Male,2023-08-15T00:00:00.000,2023-09-30,STRAY,OVER THE COUNTER,UNKNOWN,COUNTY
CAT,DOMESTIC SH,BRN TABBY,Male,2023-08-15T00:00:00.000,2023-09-30,STRAY,OVER THE COUNTER,UNKNOWN,COUNTY
CAT,DOMESTIC SH,BRN TABBY,Neutered,2023-07-30T00:00:00.000,2023-09-30,STRAY,OVER THE COUNTER,UNKNOWN,COUNTY
CAT,DOMESTIC SH,BRN TABBY/TORTIE,Spayed,2023-08-15T00:00:00.000,2023-09-30,STRAY,OVER THE COUNTER,UNKNOWN,COUNTY
CAT,DOMESTIC SH,BRN TABBY,Male,2023-08-15T00:00:00.000,2023-09-30,STRAY,OVER THE COUNTER,UNKNOWN,COUNTY
CAT,DOMESTIC SH,BRN TABBY,Male,2023-08-15T00:00:00.000,2023-09-30,STRAY,OVER THE COUNTER,UNKNOWN,COUNTY
CAT,DOMESTIC SH,BRN TABBY,Male,2023-08-15T00:00:00.000,2023-09-30,STRAY,OVER THE COUNTER,UNKNOWN,COUNTY
CAT,DOMESTIC SH,BRN TABBY/WHITE,Male,2023-08-15T00:00:00.000,2023-09-30,STRAY,OVER THE COUNTER,UNKNOWN,COUNTY
CAT,DOMESTIC SH,BRN TABBY,Spayed,2023-08-15T00:00:00.000,2023-09-30,STRAY,OVER THE COUNTER,UNKNOWN,COUNTY
DOG,LABRADOR RETR,YELLOW,Neutered,2017-11-05T00:00:00.000,2023-09-30,STRAY,FIELD,HEALTHY,COUNTY
CAT,DOMESTIC SH,BRN TABBY/WHITE,Female,2023-08-15T00:00:00.000,2023-09-30,STRAY,OVER THE COUNTER,UNKNOWN,COUNTY
DOG,GERM SHEPHERD,TAN/BLACK,Male,2022-10-01T00:00:00.000,2023-10-01,QUARANTINE,FIELD,HEALTHY,SANTA ROSA
DOG,BULLDOG,BROWN/WHITE,Male,2021-10-03T00:00:00.000,2023-10-02,STRAY,FLD_STRAY,UNKNOWN,COUNTY
DOG,GERM SHEPHERD,BROWN/BLACK,Female,,2023-10-03,CONFISCATE,FLD_ARREST,UNKNOWN,SANTA ROSA
DOG,ALASKAN HUSKY/AUST KELPIE,TAN/WHITE,Spayed,2022-11-03T00:00:00.000,2023-10-03,STRAY,FIELD,UNKNOWN,SANTA ROSA
DOG,LABRADOR RETR/POODLE STND,GOLD/TAN,Male,2022-04-17T00:00:00.000,2023-10-03,STRAY,FIELD,UNKNOWN,SANTA ROSA
CAT,DOMESTIC SH,GRAY,Male,,2023-10-03,STRAY,FIELD,UNKNOWN,SANTA ROSA
CAT,DOMESTIC SH,AGOUTI,Unknown,,2023-10-03,STRAY,OVER THE COUNTER,UNKNOWN,WINDSOR
CAT,DOMESTIC SH,AGOUTI,Unknown,,2023-10-03,STRAY,OVER THE COUNTER,UNKNOWN,WINDSOR
CAT,DOMESTIC SH,AGOUTI,Unknown,,2023-10-03,STRAY,OVER THE COUNTER,UNKNOWN,WINDSOR
CAT,DOMESTIC SH,AGOUTI,Unknown,,2023-10-03,STRAY,OVER THE COUNTER,UNKNOWN,WINDSOR
CAT,DOMESTIC SH,AGOUTI,Unknown,,2023-10-03,STRAY,OVER THE COUNTER,UNKNOWN,WINDSOR
CAT,DOMESTIC SH,GRAY/WHITE,Spayed,2023-05-03T00:00:00.000,2023-10-03,STRAY,OVER THE COUNTER,UNKNOWN,COUNTY
DOG,GERM SHEPHERD,TAN/BLACK,Female,2020-10-07T00:00:00.000,2023-10-03,OWNER SURRENDER,OVER THE COUNTER,UNKNOWN,COUNTY
OTHER,CHICKEN,BROWN,Male,,2023-10-03,CONFISCATE,FLD_ARREST,UNKNOWN,COUNTY
OTHER,CHICKEN,BROWN,Unknown,,2023-10-03,CONFISCATE,FLD_ARREST,UNKNOWN,COUNTY
OTHER,CHICKEN,BROWN,Unknown,,2023-10-03,CONFISCATE,FLD_ARREST,UNKNOWN,COUNTY
DOG,GERM SHEPHERD,BLACK,Male,2020-08-02T00:00:00.000,2023-10-03,CONFISCATE,FLD_ARREST,TREATABLE/MANAGEABLE,SANTA ROSA
DOG,AM PIT BULL TER/MIX,BROWN/WHITE,Female,2017-10-04T00:00:00.000,2023-10-04,STRAY,FIELD,UNKNOWN,SANTA ROSA
CAT,DOMESTIC SH,BRN TABBY/TORTIE,Spayed,2016-10-04T00:00:00.000,2023-10-04,OWNER SURRENDER,OVER THE COUNTER,TREATABLE/MANAGEABLE,SANTA ROSA
DOG,PIT BULL/MIX,TRICOLOR,Male,,2023-10-04,STRAY,OVER THE COUNTER,UNKNOWN,SANTA ROSA
DOG,PIT BULL,BR BRINDLE,Female,,2023-10-04,STRAY,FIELD,UNKNOWN,SANTA ROSA
DOG,PIT BULL,BLACK/WHITE,Male,2014-10-11T00:00:00.000,2023-10-04,STRAY,FIELD,UNKNOWN,SANTA ROSA
DOG,POODLE MIN,WHITE,Spayed,2010-02-28T00:00:00.000,2023-10-04,STRAY,FIELD,UNKNOWN,SANTA ROSA
DOG,CHIHUAHUA SH/MIX,BROWN/WHITE,Neutered,2015-10-04T00:00:00.000,2023-10-04,STRAY,OVER THE COUNTER,UNKNOWN,SANTA ROSA
DOG,DOBERMAN PINSCH,BLACK/TAN,Male,2011-09-12T00:00:00.000,2023-10-05,STRAY,FIELD,UNKNOWN,COUNTY
CAT,DOMESTIC SH,TORTIE,Spayed,2021-10-05T00:00:00.000,2023-10-05,STRAY,FIELD,HEALTHY,COUNTY
CAT,DOMESTIC SH,BLACK,Unknown,,2023-10-05,STRAY,OVER THE COUNTER,UNTREATABLE,SANTA ROSA
CAT,DOMESTIC SH,BRN TABBY,Spayed,2021-10-19T00:00:00.000,2023-10-05,STRAY,OVER THE COUNTER,HEALTHY,SANTA ROSA
CAT,DOMESTIC SH,BRN TABBY,Spayed,2023-07-12T00:00:00.000,2023-10-05,STRAY,OVER THE COUNTER,UNKNOWN,SANTA ROSA
CAT,DOMESTIC SH,BLACK,Spayed,2023-07-12T00:00:00.000,2023-10-05,STRAY,OVER THE COUNTER,UNKNOWN,SANTA ROSA
CAT,DOMESTIC SH,BLACK/WHITE,Neutered,2023-08-18T00:00:00.000,2023-10-05,STRAY,OVER THE COUNTER,UNKNOWN,SANTA ROSA
DOG,FRENCH BULLDOG,TAN,Female,2019-03-29T00:00:00.000,2023-10-06,STRAY,PHONE,UNKNOWN,COUNTY
DOG,FRENCH BULLDOG,BLUE MERLE/WHITE,Male,2019-03-29T00:00:00.000,2023-10-06,STRAY,OVER THE COUNTER,UNKNOWN,COUNTY
DOG,ROTTWEILER,BLACK/TAN,Neutered,2018-10-10T00:00:00.000,2023-10-06,STRAY,PHONE,UNKNOWN,SANTA ROSA
DOG,ROTTWEILER/MIX,TAN/BLACK,Female,2020-01-11T00:00:00.000,2023-10-06,STRAY,PHONE,UNKNOWN,SANTA ROSA
CAT,DOMESTIC SH,SLVR TABBY/TORTIE,Spayed,2017-04-01T00:00:00.000,2023-10-06,STRAY,OVER THE COUNTER,UNKNOWN,SANTA ROSA
DOG,PIT BULL,RED,Male,2011-10-26T00:00:00.000,2023-10-06,CONFISCATE,FLD_ABAND,UNKNOWN,COUNTY
DOG,PIT BULL,TAN,Female,2022-11-07T00:00:00.000,2023-10-06,CONFISCATE,FLD_ABAND,UNKNOWN,COUNTY
DOG,PIT BULL/SIBERIAN HUSKY,TAN,Female,2017-10-07T00:00:00.000,2023-10-06,CONFISCATE,FLD_ABAND,UNKNOWN,COUNTY
DOG,PIT BULL,BROWN/WHITE,Female,2017-10-07T00:00:00.000,2023-10-06,CONFISCATE,FLD_ABAND,UNKNOWN,COUNTY
CAT,DOMESTIC SH,BLACK/WHITE,Neutered,2010-10-07T00:00:00.000,2023-10-07,STRAY,OVER THE COUNTER,UNKNOWN,COUNTY
DOG,AUST CATTLE DOG,BLACK/TAN,Male,2019-10-19T00:00:00.000,2023-10-07,STRAY,FIELD,UNKNOWN,SANTA ROSA
CAT,DOMESTIC SH,WHITE/BLACK,Neutered,2023-03-06T00:00:00.000,2023-10-07,ADOPTION RETURN,OVER THE COUNTER,TREATABLE/REHAB,SANTA ROSA
DOG,ANATOL SHEPHERD,TRICOLOR,Neutered,2023-01-07T00:00:00.000,2023-10-07,STRAY,OVER THE COUNTER,HEALTHY,SANTA ROSA
DOG,GERM SHEPHERD,BLACK/WHITE,Neutered,2021-05-15T00:00:00.000,2023-10-07,STRAY,OVER THE COUNTER,UNKNOWN,COUNTY
CAT,DOMESTIC LH,WHITE/BLACK,Neutered,2022-04-07T00:00:00.000,2023-10-07,STRAY,OVER THE COUNTER,HEALTHY,SANTA ROSA
CAT,DOMESTIC SH,BLACK,Spayed,2023-08-07T00:00:00.000,2023-10-07,STRAY,OVER THE COUNTER,HEALTHY,COUNTY
DOG,GERM SHEPHERD,BLACK,Neutered,2013-01-01T00:00:00.000,2023-10-08,STRAY,FIELD,UNKNOWN,COUNTY
DOG,BELG MALINOIS,TAN/BLACK,Neutered,2022-10-11T00:00:00.000,2023-10-08,STRAY,FIELD,UNKNOWN,COUNTY
CAT,DOMESTIC MH,TORTIE,Spayed,2013-04-10T00:00:00.000,2023-10-08,STRAY,FLD_STRAY,UNKNOWN,SANTA ROSA
CAT,DOMESTIC MH,BLACK/WHITE,Neutered,2023-08-24T00:00:00.000,2023-10-08,STRAY,FIELD,HEALTHY,COUNTY
CAT,DOMESTIC MH,BLACK,Spayed,2023-08-24T00:00:00.000,2023-10-08,STRAY,FIELD,HEALTHY,COUNTY
CAT,DOMESTIC MH,BRN TABBY/WHITE,Neutered,2023-08-24T00:00:00.000,2023-10-08,STRAY,FIELD,HEALTHY,COUNTY
CAT,DOMESTIC SH,GRAY TABBY,Spayed,2022-10-08T00:00:00.000,2023-10-08,STRAY,FIELD,HEALTHY,COUNTY
DOG,PIT BULL/MIX,BROWN/WHITE,Female,2022-12-11T00:00:00.000,2023-10-08,CONFISCATE,FLD_HOSPTL,UNKNOWN,SANTA ROSA
DOG,BEAGLE,TRICOLOR,Spayed,2009-04-22T00:00:00.000,2023-10-09,STRAY,FLD_STRAY,UNKNOWN,SANTA ROSA
DOG,PIT BULL,BROWN/WHITE,Neutered,2020-11-03T00:00:00.000,2023-10-09,STRAY,FLD_STRAY,HEALTHY,SANTA ROSA
CAT,DOMESTIC SH,BRN TABBY,Neutered,2023-06-20T00:00:00.000,2023-10-10,OWNER SURRENDER,OVER THE COUNTER,HEALTHY,COUNTY
CAT,DOMESTIC SH,BRN TABBY,Neutered,2023-06-20T00:00:00.000,2023-10-10,OWNER SURRENDER,OVER THE COUNTER,HEALTHY,COUNTY
DOG,LABRADOR RETR,YELLOW,Male,2020-06-09T00:00:00.000,2023-10-10,CONFISCATE,FLD_HOSPTL,HEALTHY,SANTA ROSA
CAT,DOMESTIC SH,GRAY/WHITE,Neutered,2022-10-18T00:00:00.000,2023-10-10,STRAY,EMAIL,HEALTHY,SANTA ROSA
CAT,DOMESTIC SH,BLACK/WHITE,Spayed,2016-04-12T00:00:00.000,2023-10-10,STRAY,FLD_STRAY,UNKNOWN,COUNTY
DOG,PIT BULL/MIX,TAN,Neutered,2022-07-23T00:00:00.000,2023-10-10,STRAY,FIELD,UNKNOWN,SANTA ROSA
DOG,GREAT PYRENEES,WHITE,Neutered,2022-02-17T00:00:00.000,2023-10-10,ADOPTION RETURN,OVER THE COUNTER,UNKNOWN,COUNTY
CAT,DOMESTIC SH,BRN TABBY/BLACK,Male,2023-09-10T00:00:00.000,2023-10-10,STRAY,OVER THE COUNTER,UNKNOWN,SANTA ROSA
DOG,GERM SHEPHERD,BLACK/BROWN,Male,,2023-10-10,STRAY,FLD_STRAY,UNKNOWN,SANTA ROSA
DOG,CHIHUAHUA SH,WHITE,Female,,2023-10-10,CONFISCATE,FLD_ARREST,UNKNOWN,COUNTY
DOG,GERM SHEPHERD/MIX,BLACK/TAN,Spayed,2023-05-09T00:00:00.000,2023-10-10,STRAY,OVER THE COUNTER,HEALTHY,SANTA ROSA
DOG,GERM SHEPHERD/MIX,BLACK,Spayed,2023-05-09T00:00:00.000,2023-10-10,STRAY,OVER THE COUNTER,HEALTHY,SANTA ROSA
CAT,DOMESTIC SH,BRN TABBY,Male,2023-08-05T00:00:00.000,2023-10-10,STRAY,OVER THE COUNTER,UNKNOWN,SANTA ROSA
CAT,DOMESTIC SH,TORTIE,Female,2023-08-05T00:00:00.000,2023-10-10,STRAY,OVER THE COUNTER,UNKNOWN,SANTA ROSA
CAT,DOMESTIC SH,TORTIE,Female,2023-08-05T00:00:00.000,2023-10-10,STRAY,OVER THE COUNTER,UNKNOWN,SANTA ROSA
CAT,DOMESTIC SH,BRN TABBY,Female,2023-08-05T00:00:00.000,2023-10-10,STRAY,OVER THE COUNTER,UNKNOWN,SANTA ROSA
CAT,DOMESTIC SH,BLACK,Male,2023-08-05T00:00:00.000,2023-10-10,STRAY,OVER THE COUNTER,UNKNOWN,SANTA ROSA
OTHER,BAT,BROWN,Unknown,,2023-10-10,QUARANTINE,PHONE,UNKNOWN,PETALUMA
CAT,DOMESTIC SH,ORG TABBY,Neutered,2022-12-25T00:00:00.000,2023-10-10,STRAY,OVER THE COUNTER,HEALTHY,COUNTY
CAT,DOMESTIC SH,BRN TABBY/WHITE,Spayed,2007-10-11T00:00:00.000,2023-10-10,STRAY,OVER THE COUNTER,UNKNOWN,SANTA ROSA
OTHER,CHICKEN,GOLD/BLACK,Unknown,,2023-10-11,STRAY,FIELD,UNKNOWN,SANTA ROSA
DOG,FOX TERR SMOOTH,WHITE/BROWN,Male,2012-06-27T00:00:00.000,2023-10-11,STRAY,FIELD,UNKNOWN,SANTA ROSA
CAT,DOMESTIC MH,ORG TABBY,Female,2023-08-20T00:00:00.000,2023-10-11,OWNER SURRENDER,OVER THE COUNTER,UNKNOWN,COUNTY
CAT,DOMESTIC MH,ORG TABBY,Female,2023-08-20T00:00:00.000,2023-10-11,OWNER SURRENDER,OVER THE COUNTER,UNKNOWN,COUNTY
CAT,DOMESTIC MH,ORG TABBY,Male,2023-08-20T00:00:00.000,2023-10-11,OWNER SURRENDER,OVER THE COUNTER,UNKNOWN,COUNTY
CAT,DOMESTIC MH,BRN TABBY/ORANGE,Male,2023-08-20T00:00:00.000,2023-10-11,OWNER SURRENDER,OVER THE COUNTER,UNKNOWN,COUNTY
DOG,PARSON RUSS TER/MIX,TRICOLOR,Spayed,2021-10-11T00:00:00.000,2023-10-11,STRAY,OVER THE COUNTER,HEALTHY,SANTA ROSA
DOG,TOY FOX TERRIER/MIX,WHITE/BROWN,Neutered,2022-05-01T00:00:00.000,2023-10-11,STRAY,FLD_STRAY,HEALTHY,HEALDSBURG
DOG,DOBERMAN PINSCH,BLACK/BROWN,Female,2023-04-14T00:00:00.000,2023-10-11,STRAY,FLD_STRAY,UNKNOWN,SANTA ROSA
CAT,SIAMESE,SEAL PT,Neutered,2022-10-11T00:00:00.000,2023-10-11,STRAY,OVER THE COUNTER,HEALTHY,SANTA ROSA
DOG,GREAT PYRENEES,WHITE,Female,,2023-10-11,CONFISCATE,FLD_ABAND,UNKNOWN,COUNTY
DOG,DUTCH SHEPHERD,BLACK/TAN,Spayed,2023-02-16T00:00:00.000,2023-10-11,CONFISCATE,FLD_ABAND,HEALTHY,COUNTY
DOG,AUST SHEPHERD,BLACK/TRICOLOR,Neutered,2023-01-12T00:00:00.000,2023-10-11,CONFISCATE,FLD_ABAND,UNKNOWN,COUNTY
OTHER,PIGEON,WHITE/BROWN,Unknown,,2023-10-11,CONFISCATE,FLD_ABAND,UNKNOWN,COUNTY
DOG,LABRADOR RETR/MIX,BLACK,Spayed,2023-02-08T00:00:00.000,2023-10-12,STRAY,OVER THE COUNTER,UNKNOWN,SANTA ROSA
DOG,CHIHUAHUA SH,TAN,Female,2007-10-14T00:00:00.000,2023-10-12,STRAY,FIELD,UNTREATABLE,COUNTY
DOG,ROTTWEILER,BLACK/TAN,Female,2022-11-29T00:00:00.000,2023-10-12,STRAY,FIELD,UNKNOWN,SANTA ROSA
DOG,CHIHUAHUA LH/MIX,WHITE/TAN,Spayed,2021-11-02T00:00:00.000,2023-10-12,STRAY,OVER THE COUNTER,HEALTHY,SANTA ROSA
DOG,LABRADOR RETR,BLACK,Female,,2023-10-12,STRAY,FLD_STRAY,UNKNOWN,SANTA ROSA
DOG,LABRADOR RETR,BROWN,Female,,2023-10-12,STRAY,FLD_STRAY,UNKNOWN,SANTA ROSA
CAT,DOMESTIC SH,GRAY TABBY,Spayed,2022-07-04T00:00:00.000,2023-10-12,STRAY,OVER THE COUNTER,HEALTHY,SANTA ROSA
CAT,DOMESTIC SH,BRN TABBY/WHITE,Spayed,2023-10-02T00:00:00.000,2023-10-12,STRAY,OVER THE COUNTER,HEALTHY,SANTA ROSA
CAT,DOMESTIC SH,BRN TABBY/WHITE,Neutered,2023-09-17T00:00:00.000,2023-10-12,STRAY,OVER THE COUNTER,HEALTHY,SANTA ROSA
CAT,DOMESTIC SH,BRN TABBY/WHITE,Spayed,2023-10-02T00:00:00.000,2023-10-12,STRAY,OVER THE COUNTER,HEALTHY,SANTA ROSA
CAT,DOMESTIC SH,BRN TABBY/WHITE,Spayed,2023-10-02T00:00:00.000,2023-10-12,STRAY,OVER THE COUNTER,HEALTHY,SANTA ROSA
CAT,DOMESTIC SH,BLACK/WHITE,Neutered,2022-10-12T00:00:00.000,2023-10-12,STRAY,OVER THE COUNTER,HEALTHY,COUNTY
CAT,DOMESTIC SH,WHITE/BLACK,Female,2023-09-10T00:00:00.000,2023-10-13,STRAY,OVER THE COUNTER,UNTREATABLE,SANTA ROSA
DOG,YORKSHIRE TERR,TAN/BLACK,Neutered,2007-07-20T00:00:00.000,2023-10-13,CONFISCATE,FLD_HOSPTL,UNKNOWN,SANTA ROSA
CAT,DOMESTIC SH,WHITE/BLACK,Neutered,2023-02-15T00:00:00.000,2023-10-13,CONFISCATE,FLD_HOSPTL,HEALTHY,SANTA ROSA
DOG,PIT BULL/MIX,BROWN/WHITE,Neutered,2021-12-12T00:00:00.000,2023-10-13,STRAY,FIELD,UNKNOWN,COUNTY
DOG,PIT BULL,TRICOLOR,Female,2022-04-13T00:00:00.000,2023-10-13,STRAY,FIELD,UNKNOWN,SANTA ROSA
OTHER,CHICKEN,RED,Unknown,,2023-10-13,CONFISCATE,FLD_ABAND,UNTREATABLE,COUNTY
CAT,DOMESTIC SH,SLVR TABBY/TORTIE,Spayed,2017-04-01T00:00:00.000,2023-10-13,STRAY,OVER THE COUNTER,HEALTHY,SANTA ROSA
DOG,PARSON RUSS TER/CHIHUAHUA SH,BLACK/TAN,Female,2023-07-01T00:00:00.000,2023-10-14,CONFISCATE,FLD_ARREST,UNKNOWN,SANTA ROSA
DOG,PARSON RUSS TER,BLACK/WHITE,Male,,2023-10-14,QUARANTINE,FIELD,UNKNOWN,SANTA ROSA
CAT,DOMESTIC SH,CALICO/BRN TABBY,Spayed,2023-08-05T00:00:00.000,2023-10-14,STRAY,OVER THE COUNTER,HEALTHY,COUNTY
DOG,LABRADOR RETR,BLACK,Neutered,2015-12-21T00:00:00.000,2023-10-14,CONFISCATE,FLD_HOSPTL,UNKNOWN,SANTA ROSA
DOG,LABRADOR RETR,BROWN,Spayed,2015-12-21T00:00:00.000,2023-10-14,CONFISCATE,FLD_HOSPTL,UNKNOWN,SANTA ROSA
DOG,CHIHUAHUA LH/MIX,WHITE,Spayed,2023-01-14T00:00:00.000,2023-10-14,STRAY,FLD_STRAY,HEALTHY,*SEBASTOPOL
DOG,CHIHUAHUA SH,TAN/WHITE,Spayed,2023-01-14T00:00:00.000,2023-10-14,STRAY,FLD_STRAY,HEALTHY,COUNTY
DOG,CHIHUAHUA SH/MIX,TAN/WHITE,Male,2021-10-14T00:00:00.000,2023-10-14,STRAY,FLD_STRAY,UNKNOWN,*SEBASTOPOL
CAT,DOMESTIC SH,CALICO,Spayed,2023-04-14T00:00:00.000,2023-10-14,STRAY,OVER THE COUNTER,HEALTHY,COUNTY
DOG,SHIH TZU/MIX,WHITE/GRAY,Male,2022-10-25T00:00:00.000,2023-10-14,STRAY,OVER THE COUNTER,UNKNOWN,SANTA ROSA
DOG,PIT BULL/MIX,WHITE,Neutered,2022-12-13T00:00:00.000,2023-10-15,STRAY,FIELD,UNKNOWN,COUNTY
DOG,PIT BULL/MIX,GRAY,Neutered,,2023-10-15,STRAY,FIELD,UNKNOWN,COUNTY
OTHER,CHICKEN,BROWN/RED,Male,,2023-10-15,CONFISCATE,FLD_ABAND,UNKNOWN,COUNTY
OTHER,CHICKEN,BROWN,Female,,2023-10-15,CONFISCATE,FLD_ABAND,UNKNOWN,COUNTY
OTHER,CHICKEN,GRAY,Female,,2023-10-15,CONFISCATE,FLD_ABAND,UNKNOWN,COUNTY
OTHER,GAMEFOWL,GRAY/WHITE,Unknown,,2023-10-15,CONFISCATE,FLD_ABAND,UNKNOWN,COUNTY
DOG,PIT BULL/LABRADOR RETR,TAN/WHITE,Spayed,2019-03-13T00:00:00.000,2023-10-15,QUARANTINE,FIELD,UNKNOWN,COUNTY
DOG,GERM SHEPHERD/MIX,BROWN/BLACK,Neutered,,2023-10-15,CONFISCATE,FLD_ABAND,UNKNOWN,SANTA ROSA
DOG,STAFFORDSHIRE/MIX,BLACK,Male,2020-04-17T00:00:00.000,2023-10-16,STRAY,FIELD,HEALTHY,SANTA ROSA
DOG,GERM SHEPHERD,BLACK/TAN,Neutered,2023-06-16T00:00:00.000,2023-10-16,STRAY,FIELD,HEALTHY,COUNTY
DOG,GERM SHEPHERD,BLACK/TAN,Male,,2023-10-16,STRAY,FIELD,UNKNOWN,COUNTY
DOG,GERM SHEPHERD/MIX,BLACK,Female,,2023-10-16,STRAY,FIELD,UNKNOWN,COUNTY
DOG,CHIHUAHUA SH/MIX,BLACK/TAN,Female,2023-07-12T00:00:00.000,2023-10-16,CONFISCATE,FLD_HOSPTL,UNKNOWN,COUNTY
DOG,CHIHUAHUA SH/MIX,BLACK/TAN,Male,2021-11-17T00:00:00.000,2023-10-16,CONFISCATE,FLD_HOSPTL,UNKNOWN,COUNTY
CAT,DOMESTIC SH,BRN TABBY/TORTIE,Spayed,2023-07-20T00:00:00.000,2023-10-17,OWNER SURRENDER,OVER THE COUNTER,HEALTHY,COUNTY
CAT,DOMESTIC SH,BRN TABBY,Spayed,2023-07-20T00:00:00.000,2023-10-17,OWNER SURRENDER,OVER THE COUNTER,HEALTHY,COUNTY
CAT,DOMESTIC SH,BRN TABBY,Spayed,2023-07-20T00:00:00.000,2023-10-17,OWNER SURRENDER,OVER THE COUNTER,HEALTHY,COUNTY
CAT,DOMESTIC SH,BRN TABBY/TORTIE,Spayed,2023-07-20T00:00:00.000,2023-10-17,OWNER SURRENDER,OVER THE COUNTER,HEALTHY,COUNTY
DOG,BOXER,TRICOLOR,Neutered,2016-01-01T00:00:00.000,2023-10-17,CONFISCATE,FLD_HOSPTL,UNKNOWN,COUNTY
DOG,CHIHUAHUA SH/MIX,BROWN/TAN,Spayed,2020-10-17T00:00:00.000,2023-10-17,STRAY,OVER THE COUNTER,HEALTHY,COUNTY
CAT,DOMESTIC SH,TORTIE,Spayed,2013-10-25T00:00:00.000,2023-10-17,STRAY,OVER THE COUNTER,TREATABLE/MANAGEABLE,SANTA ROSA
CAT,DOMESTIC SH,ORG TABBY,Spayed,2023-04-02T00:00:00.000,2023-10-17,ADOPTION RETURN,OVER THE COUNTER,HEALTHY,*ROHNERT PARK
CAT,DOMESTIC SH,GRAY TABBY/WHITE,Spayed,2023-08-31T00:00:00.000,2023-10-17,STRAY,OVER THE COUNTER,UNKNOWN,SANTA ROSA
CAT,DOMESTIC SH,BRN TABBY,Spayed,2023-08-17T00:00:00.000,2023-10-17,STRAY,OVER THE COUNTER,HEALTHY,COUNTY
DOG,CHIHUAHUA SH,CREAM,Male,,2023-10-17,STRAY,FLD_STRAY,UNKNOWN,COUNTY
DOG,GERM SHEPHERD,TAN/BLACK,Male,,2023-10-17,STRAY,FLD_STRAY,UNKNOWN,COUNTY
CAT,DOMESTIC SH,BLACK,Neutered,2023-08-17T00:00:00.000,2023-10-17,STRAY,OVER THE COUNTER,UNKNOWN,COUNTY
CAT,DOMESTIC SH,BLACK,Neutered,2023-08-17T00:00:00.000,2023-10-17,STRAY,OVER THE COUNTER,UNKNOWN,COUNTY
CAT,DOMESTIC SH,BRN TABBY,Neutered,2023-08-17T00:00:00.000,2023-10-17,STRAY,OVER THE COUNTER,HEALTHY,COUNTY
OTHER,CHICKEN,WHITE,Unknown,,2023-10-17,STRAY,FLD_STRAY,UNKNOWN,SANTA ROSA
CAT,DOMESTIC SH,BLACK,Neutered,2023-07-18T00:00:00.000,2023-10-18,OWNER SURRENDER,OVER THE COUNTER,HEALTHY,SANTA ROSA
CAT,DOMESTIC SH,BLACK,Neutered,2023-07-18T00:00:00.000,2023-10-18,OWNER SURRENDER,OVER THE COUNTER,HEALTHY,SANTA ROSA
CAT,DOMESTIC SH,TORTIE,Spayed,2023-08-12T00:00:00.000,2023-10-18,OWNER SURRENDER,OVER THE COUNTER,HEALTHY,SANTA ROSA
CAT,DOMESTIC SH,CALICO,Spayed,2023-08-05T00:00:00.000,2023-10-18,OWNER SURRENDER,OVER THE COUNTER,HEALTHY,SANTA ROSA
CAT,DOMESTIC SH,BLACK/WHITE,Neutered,2023-07-18T00:00:00.000,2023-10-18,OWNER SURRENDER,OVER THE COUNTER,HEALTHY,SANTA ROSA
CAT,DOMESTIC SH,CALICO,Spayed,2023-08-05T00:00:00.000,2023-10-18,OWNER SURRENDER,OVER THE COUNTER,HEALTHY,SANTA ROSA
CAT,DOMESTIC LH,BLACK/WHITE,Female,2022-10-18T00:00:00.000,2023-10-18,STRAY,OVER THE COUNTER,UNKNOWN,SANTA ROSA
DOG,PIT BULL,WHITE/GRAY,Male,2022-04-14T00:00:00.000,2023-10-18,STRAY,FIELD,HEALTHY,SANTA ROSA
DOG,PIT BULL/MIX,WHITE/BROWN,Spayed,,2023-10-18,STRAY,FIELD,UNKNOWN,SANTA ROSA
DOG,BELG MALINOIS/MIX,BLACK/TAN,Neutered,2023-06-02T00:00:00.000,2023-10-18,ADOPTION RETURN,OVER THE COUNTER,HEALTHY,SANTA ROSA
DOG,PUG,BLACK,Neutered,2020-11-17T00:00:00.000,2023-10-18,STRAY,OVER THE COUNTER,HEALTHY,COUNTY
DOG,PARSON RUSS TER,WHITE,Neutered,2017-01-10T00:00:00.000,2023-10-19,STRAY,OVER THE COUNTER,UNKNOWN,SANTA ROSA
DOG,PARSON RUSS TER,BROWN/WHITE,Female,,2023-10-19,STRAY,OVER THE COUNTER,UNKNOWN,SANTA ROSA
DOG,PIT BULL,BLACK/WHITE,Female,2018-10-20T00:00:00.000,2023-10-20,STRAY,OVER THE COUNTER,UNKNOWN,COUNTY
CAT,DOMESTIC SH,GRAY TABBY/WHITE,Spayed,2023-07-20T00:00:00.000,2023-10-20,STRAY,OVER THE COUNTER,HEALTHY,COUNTY
CAT,DOMESTIC SH,BRN TABBY,Male,2023-05-20T00:00:00.000,2023-10-20,STRAY,OVER THE COUNTER,UNKNOWN,SANTA ROSA
DOG,BEAGLE,TRICOLOR,Male,2023-01-20T00:00:00.000,2023-10-20,STRAY,FIELD,HEALTHY,SANTA ROSA
DOG,PIT BULL/MIX,BLACK/WHITE,Neutered,2022-10-20T00:00:00.000,2023-10-20,STRAY,FIELD,HEALTHY,SANTA ROSA
DOG,GERM SHEPHERD/MIX,BLACK,Neutered,2015-02-09T00:00:00.000,2023-10-21,OWNER SURRENDER,OVER THE COUNTER,UNKNOWN,SANTA ROSA
CAT,DOMESTIC SH,WHITE/BLACK,Neutered,2023-03-06T00:00:00.000,2023-10-21,ADOPTION RETURN,OVER THE COUNTER,TREATABLE/REHAB,SANTA ROSA
DOG,LABRADOR RETR/MIX,BLACK/WHITE,Spayed,2013-10-23T00:00:00.000,2023-10-21,STRAY,OVER THE COUNTER,UNKNOWN,SANTA ROSA
DOG,TR WALKER HOUND,TRICOLOR,Neutered,2016-05-12T00:00:00.000,2023-10-21,QUARANTINE,FIELD,UNKNOWN,COUNTY
DOG,YORKSHIRE TERR,BLACK/BROWN,Neutered,2021-10-21T00:00:00.000,2023-10-21,STRAY,PHONE,HEALTHY,SANTA ROSA
CAT,DOMESTIC SH,ORG TABBY,Neutered,2023-05-21T00:00:00.000,2023-10-21,STRAY,OVER THE COUNTER,HEALTHY,SANTA ROSA
CAT,DOMESTIC MH,BRN TABBY/WHITE,Male,2022-04-21T00:00:00.000,2023-10-21,STRAY,OVER THE COUNTER,UNKNOWN,SANTA ROSA
DOG,BULLMASTIFF/PIT BULL,BLACK,Male,2023-02-11T00:00:00.000,2023-10-22,CONFISCATE,FIELD,UNKNOWN,SANTA ROSA
DOG,PIT BULL/LABRADOR RETR,BLACK/WHITE,Neutered,2023-01-11T00:00:00.000,2023-10-22,CONFISCATE,FIELD,UNKNOWN,SANTA ROSA
DOG,ROTTWEILER/MIX,BLACK/BL BRINDLE,Male,,2023-10-22,STRAY,FLD_STRAY,UNKNOWN,SANTA ROSA
DOG,PIT BULL/MIX,BLACK/WHITE,Male,2022-10-24T00:00:00.000,2023-10-22,CONFISCATE,FIELD,UNKNOWN,COUNTY
DOG,ALASKAN HUSKY/PIT BULL,TAN/BLUE,Female,2021-10-23T00:00:00.000,2023-10-23,STRAY,FLD_STRAY,UNKNOWN,COUNTY
DOG,BORDER COLLIE/MIX,BLACK/WHITE,Spayed,2023-05-16T00:00:00.000,2023-10-23,STRAY,FIELD,HEALTHY,COUNTY
DOG,GERM SHEPHERD/MIX,BLACK/TAN,Spayed,2023-05-16T00:00:00.000,2023-10-23,STRAY,FIELD,HEALTHY,COUNTY
DOG,CAVALIER SPAN/MIX,TRICOLOR,Female,,2023-10-23,STRAY,FLD_STRAY,UNKNOWN,SANTA ROSA
DOG,GERM SHEPHERD,BROWN/BLACK,Male,,2023-10-23,STRAY,FIELD,UNKNOWN,SANTA ROSA
DOG,GERM SHEPHERD,TAN/BLACK,Neutered,2022-12-20T00:00:00.000,2023-10-23,STRAY,FLD_STRAY,HEALTHY,SANTA ROSA
DOG,AUST SHEPHERD,BROWN/WHITE,Spayed,2011-10-24T00:00:00.000,2023-10-23,STRAY,FLD_STRAY,UNKNOWN,COUNTY
DOG,GERM SHEPHERD,TAN/BLACK,Neutered,2022-12-20T00:00:00.000,2023-10-23,STRAY,FLD_STRAY,HEALTHY,SANTA ROSA
DOG,LABRADOR RETR/MIX,BLACK,Spayed,2014-02-04T00:00:00.000,2023-10-24,STRAY,FIELD,UNKNOWN,SANTA ROSA
CAT,DOMESTIC SH,WHITE/BLACK,Male,2023-06-19T00:00:00.000,2023-10-24,STRAY,FIELD,UNTREATABLE,SANTA ROSA
CAT,DOMESTIC SH,BLACK/WHITE,Neutered,2005-10-25T00:00:00.000,2023-10-24,STRAY,OVER THE COUNTER,UNTREATABLE,COUNTY
DOG,PIT BULL,BROWN,Male,,2023-10-24,STRAY,FLD_STRAY,UNKNOWN,SANTA ROSA
DOG,AUST KELPIE/MIX,BLACK/TAN,Male,2022-12-26T00:00:00.000,2023-10-25,STRAY,OVER THE COUNTER,UNKNOWN,COUNTY
CAT,DOMESTIC SH,BLACK/WHITE,Spayed,2006-11-01T00:00:00.000,2023-10-25,STRAY,FIELD,UNKNOWN,SANTA ROSA
CAT,DOMESTIC SH,BRN TABBY,Male,2023-05-25T00:00:00.000,2023-10-25,STRAY,OVER THE COUNTER,UNKNOWN,SANTA ROSA
DOG,PIT BULL/MIX,BLACK/WHITE,Female,2020-10-25T00:00:00.000,2023-10-25,STRAY,OVER THE COUNTER,UNKNOWN,COUNTY
DOG,GREAT PYRENEES,WHITE,Neutered,2022-02-17T00:00:00.000,2023-10-25,ADOPTION RETURN,OVER THE COUNTER,UNKNOWN,OUT OF COUNTY
DOG,ALASKAN HUSKY/GERM SHEPHERD,BLACK/WHITE,Neutered,2017-10-23T00:00:00.000,2023-10-26,STRAY,OVER THE COUNTER,UNKNOWN,COUNTY
DOG,CHIHUAHUA SH,WHITE,Female,,2023-10-26,STRAY,FLD_STRAY,UNKNOWN,COUNTY
DOG,CHIHUAHUA SH,TAN/WHITE,Male,,2023-10-26,STRAY,FLD_STRAY,UNKNOWN,COUNTY
DOG,SIBERIAN HUSKY/MIX,WHITE/GRAY,Male,2019-10-27T00:00:00.000,2023-10-26,STRAY,OVER THE COUNTER,UNKNOWN,COUNTY
DOG,PIT BULL,BROWN/WHITE,Female,,2023-10-27,STRAY,FLD_STRAY,UNKNOWN,SANTA ROSA
DOG,PIT BULL,BROWN/WHITE,Unknown,,2023-10-27,STRAY,FLD_STRAY,UNKNOWN,SANTA ROSA
DOG,PIT BULL,BROWN/WHITE,Unknown,,2023-10-27,STRAY,FLD_STRAY,UNKNOWN,SANTA ROSA
DOG,PIT BULL,RED MERLE/WHITE,Male,2023-09-12T00:00:00.000,2023-10-27,STRAY,OVER THE COUNTER,TREATABLE/REHAB,COUNTY
DOG,AUST SHEPHERD,BLUE MERLE,Neutered,2012-08-09T00:00:00.000,2023-10-27,STRAY,FLD_STRAY,UNKNOWN,SANTA ROSA
CAT,DOMESTIC SH,GRAY/WHITE,Female,2022-12-27T00:00:00.000,2023-10-27,STRAY,FLD_STRAY,UNTREATABLE,COUNTY
DOG,GERM SHEPHERD/BOXER,TAN/BLACK,Neutered,2015-11-07T00:00:00.000,2023-10-27,QUARANTINE,FIELD,UNKNOWN,COUNTY
CAT,DOMESTIC MH,ORANGE/WHITE,Neutered,2010-10-28T00:00:00.000,2023-10-28,STRAY,FLD_EMERGE,UNKNOWN,COUNTY
DOG,SAMOYED,WHITE,Male,2020-03-19T00:00:00.000,2023-10-28,STRAY,PHONE,HEALTHY,SANTA ROSA
CAT,DOMESTIC SH,CALICO,Spayed,2021-10-28T00:00:00.000,2023-10-28,STRAY,OVER THE COUNTER,HEALTHY,SANTA ROSA
CAT,DOMESTIC SH,BLACK,Neutered,2023-07-28T00:00:00.000,2023-10-28,STRAY,OVER THE COUNTER,HEALTHY,SANTA ROSA
CAT,DOMESTIC SH,BLACK/WHITE,Neutered,2023-07-28T00:00:00.000,2023-10-28,STRAY,OVER THE COUNTER,HEALTHY,SANTA ROSA
CAT,ABYSSINIAN,BRN TABBY,Neutered,2020-10-28T00:00:00.000,2023-10-28,STRAY,OVER THE COUNTER,HEALTHY,COUNTY
DOG,POODLE MIN,WHITE,Male,2014-10-31T00:00:00.000,2023-10-29,STRAY,FIELD,TREATABLE/MANAGEABLE,SANTA ROSA
OTHER,RABBIT SH,TRICOLOR,Neutered,2022-01-23T00:00:00.000,2023-10-30,STRAY,FLD_STRAY,UNKNOWN,COUNTY
DOG,BEAGLE/MIX,TRICOLOR,Male,,2023-10-30,STRAY,FLD_STRAY,UNKNOWN,COUNTY
CAT,DOMESTIC SH,BRN TABBY,Spayed,2023-08-21T00:00:00.000,2023-10-30,STRAY,FIELD,TREATABLE/REHAB,SANTA ROSA
OTHER,CHICKEN,BROWN,Female,,2023-10-30,STRAY,FLD_STRAY,UNKNOWN,SANTA ROSA
OTHER,CHICKEN,BROWN,Female,,2023-10-30,STRAY,FLD_STRAY,UNKNOWN,SANTA ROSA
OTHER,CHICKEN,BROWN,Female,,2023-10-30,STRAY,FLD_STRAY,UNKNOWN,SANTA ROSA
OTHER,CHICKEN,BLACK,Female,,2023-10-30,STRAY,FLD_STRAY,UNKNOWN,SANTA ROSA
OTHER,CHICKEN,BROWN,Unknown,,2023-10-30,STRAY,FLD_STRAY,UNKNOWN,SANTA ROSA
CAT,DOMESTIC LH,BLACK,Neutered,2008-10-30T00:00:00.000,2023-10-30,STRAY,FIELD,UNTREATABLE,SANTA ROSA
DOG,SCOT TERRIER/MIX,GOLD/BLACK,Male,,2023-10-30,STRAY,FLD_STRAY,UNKNOWN,COUNTY
DOG,BORDER COLLIE,BLACK/WHITE,Female,2022-10-31T00:00:00.000,2023-10-31,STRAY,OVER THE COUNTER,UNKNOWN,SANTA ROSA
DOG,PIT BULL,GRAY/WHITE,Male,,2023-10-31,STRAY,FLD_STRAY,UNKNOWN,COUNTY
CAT,DOMESTIC SH,BRN TABBY,Spayed,2022-10-09T00:00:00.000,2023-10-31,ADOPTION RETURN,OVER THE COUNTER,HEALTHY,WINDSOR
DOG,PIT BULL/AUST CATTLE DOG,BLUE MERLE/WHITE,Spayed,2017-06-07T00:00:00.000,2023-10-31,STRAY,OVER THE COUNTER,UNKNOWN,SANTA ROSA
CAT,DOMESTIC SH,ORG TABBY,Spayed,2021-09-07T00:00:00.000,2023-11-01,OWNER SURRENDER,OVER THE COUNTER,UNKNOWN,SANTA ROSA
DOG,WELSH TERRIER,GOLD/WHITE,Female,2020-11-01T00:00:00.000,2023-11-01,STRAY,FLD_STRAY,UNKNOWN,COUNTY
DOG,MALTESE/MIX,BLACK/TAN,Female,2008-11-01T00:00:00.000,2023-11-01,STRAY,FLD_STRAY,HEALTHY,SANTA ROSA
DOG,GERM SHEPHERD,BLACK/TAN,Male,2021-04-25T00:00:00.000,2023-11-01,STRAY,FIELD,UNKNOWN,COUNTY
CAT,DOMESTIC SH,CALICO PT,Spayed,2023-09-01T00:00:00.000,2023-11-01,STRAY,OVER THE COUNTER,UNKNOWN,COUNTY
CAT,DOMESTIC SH,WHITE/BLACK,Spayed,2023-09-01T00:00:00.000,2023-11-01,STRAY,OVER THE COUNTER,HEALTHY,COUNTY
CAT,DOMESTIC SH,CALICO,Spayed,2011-11-30T00:00:00.000,2023-11-01,STRAY,OVER THE COUNTER,UNKNOWN,SANTA ROSA
CAT,DOMESTIC LH,BRN TABBY/WHITE,Spayed,2008-05-23T00:00:00.000,2023-11-01,STRAY,OVER THE COUNTER,UNKNOWN,SANTA ROSA
DOG,CATAHOULA/PIT BULL,RED MERLE/BLUE MERLE,Neutered,2021-12-13T00:00:00.000,2023-11-01,ADOPTION RETURN,OVER THE COUNTER,HEALTHY,SANTA ROSA
CAT,DOMESTIC SH,TORTIE,Spayed,2021-11-01T00:00:00.000,2023-11-01,STRAY,OVER THE COUNTER,HEALTHY,COUNTY
CAT,DOMESTIC SH,ORG TABBY,Spayed,2023-09-01T00:00:00.000,2023-11-01,STRAY,OVER THE COUNTER,UNKNOWN,COUNTY
CAT,DOMESTIC MH,ORG TABBY,Spayed,2023-09-01T00:00:00.000,2023-11-01,STRAY,OVER THE COUNTER,UNKNOWN,COUNTY
CAT,DOMESTIC SH,ORG TABBY,Spayed,2023-09-01T00:00:00.000,2023-11-01,STRAY,OVER THE COUNTER,UNKNOWN,COUNTY
CAT,DOMESTIC SH,FLAME PT,Spayed,2023-09-01T00:00:00.000,2023-11-01,STRAY,OVER THE COUNTER,UNKNOWN,COUNTY
CAT,DOMESTIC SH,TORTIE,Spayed,2023-09-01T00:00:00.000,2023-11-01,STRAY,OVER THE COUNTER,UNKNOWN,COUNTY
DOG,PIT BULL,TAN,Spayed,2023-08-20T00:00:00.000,2023-11-02,STRAY,OVER THE COUNTER,UNKNOWN,COUNTY
DOG,PIT BULL,TAN/WHITE,Neutered,2023-08-20T00:00:00.000,2023-11-02,STRAY,OVER THE COUNTER,HEALTHY,COUNTY
DOG,PIT BULL,BR BRINDLE/WHITE,Female,2023-08-02T00:00:00.000,2023-11-02,STRAY,OVER THE COUNTER,UNKNOWN,COUNTY
DOG,PIT BULL,TAN/WHITE,Female,2023-08-02T00:00:00.000,2023-11-02,STRAY,OVER THE COUNTER,UNKNOWN,COUNTY
DOG,LABRADOR RETR/MIX,BROWN/WHITE,Neutered,2023-08-02T00:00:00.000,2023-11-02,STRAY,FLD_STRAY,HEALTHY,COUNTY
CAT,SIAMESE,SEAL PT,Female,2023-09-26T00:00:00.000,2023-11-02,STRAY,PHONE,UNKNOWN,SANTA ROSA
DOG,WELSH CORGI PEM/MIX,TAN/WHITE,Male,2023-07-03T00:00:00.000,2023-11-03,STRAY,FIELD,TREATABLE/REHAB,SANTA ROSA
DOG,LABRADOR RETR/MIX,BLACK/WHITE,Female,2022-11-03T00:00:00.000,2023-11-03,STRAY,OVER THE COUNTER,UNKNOWN,COUNTY
DOG,PIT BULL/MIX,BROWN,Neutered,2021-04-08T00:00:00.000,2023-11-03,CONFISCATE,FLD_HOSPTL,UNKNOWN,SANTA ROSA
DOG,SIBERIAN HUSKY,BLACK/WHITE,Neutered,2021-11-03T00:00:00.000,2023-11-03,STRAY,OVER THE COUNTER,HEALTHY,COUNTY
DOG,CHIHUAHUA SH/MIX,BROWN/WHITE,Neutered,2015-08-09T00:00:00.000,2023-11-04,STRAY,OVER THE COUNTER,UNKNOWN,SANTA ROSA
CAT,DOMESTIC MH,BLUE CREAM,Spayed,2021-09-13T00:00:00.000,2023-11-04,ADOPTION RETURN,OVER THE COUNTER,HEALTHY,SANTA ROSA
DOG,BELG MALINOIS/MIX,TAN/BLACK,Male,,2023-11-04,STRAY,FIELD,UNKNOWN,SANTA ROSA
DOG,ENG BULLDOG,BR BRINDLE/WHITE,Neutered,2012-07-26T00:00:00.000,2023-11-04,STRAY,FIELD,UNKNOWN,SANTA ROSA
DOG,CHIHUAHUA LH,TAN,Male,2020-05-05T00:00:00.000,2023-11-05,STRAY,FIELD,UNKNOWN,SANTA ROSA
DOG,CHIHUAHUA SH,WHITE/BROWN,Female,2021-11-07T00:00:00.000,2023-11-05,STRAY,FIELD,UNKNOWN,SANTA ROSA
DOG,GERM SHEPHERD,BLACK/TAN,Female,2023-01-21T00:00:00.000,2023-11-05,STRAY,FIELD,UNKNOWN,SANTA ROSA
DOG,PIT BULL/AMER BULLDOG,RED/WHITE,Male,,2023-11-05,STRAY,FIELD,UNKNOWN,COUNTY
OTHER,CHICKEN,GOLD/GREEN,Male,,2023-11-06,STRAY,FLD_STRAY,UNKNOWN,SANTA ROSA
DOG,LABRADOR RETR/MIX,GOLD,Spayed,2023-02-19T00:00:00.000,2023-11-06,STRAY,FLD_STRAY,HEALTHY,HEALDSBURG
DOG,LABRADOR RETR/MIX,GOLD,Neutered,2023-02-19T00:00:00.000,2023-11-06,STRAY,FLD_STRAY,HEALTHY,HEALDSBURG
DOG,GERM SHEPHERD,BROWN/BLACK,Neutered,2021-09-10T00:00:00.000,2023-11-06,STRAY,FLD_STRAY,HEALTHY,SANTA ROSA
DOG,CHIHUAHUA SH/MIX,TAN/WHITE,Male,2022-05-09T00:00:00.000,2023-11-06,STRAY,FIELD,UNKNOWN,SANTA ROSA
OTHER,GUINEA PIG,WHITE/BLACK,Female,,2023-11-06,STRAY,FIELD,UNKNOWN,COUNTY
OTHER,GUINEA PIG,WHITE,Unknown,,2023-11-06,STRAY,FIELD,UNKNOWN,COUNTY
DOG,LABRADOR RETR,WHITE,Neutered,2022-07-07T00:00:00.000,2023-11-07,STRAY,OVER THE COUNTER,HEALTHY,SANTA ROSA
CAT,DOMESTIC SH,BLACK/WHITE,Neutered,2021-11-16T00:00:00.000,2023-11-07,STRAY,FLD_STRAY,HEALTHY,COUNTY
DOG,PARSON RUSS TER,TAN,Spayed,2020-11-16T00:00:00.000,2023-11-07,CONFISCATE,FLD_CORONR,UNKNOWN,SANTA ROSA
DOG,CHIHUAHUA SH,WHITE/BLACK,Spayed,2019-08-20T00:00:00.000,2023-11-07,OWNER SURRENDER,OVER THE COUNTER,UNKNOWN,SANTA ROSA
DOG,CHIHUAHUA SH,TAN/BROWN,Spayed,2019-08-20T00:00:00.000,2023-11-07,OWNER SURRENDER,OVER THE COUNTER,UNKNOWN,SANTA ROSA
DOG,POMERANIAN,TAN,Male,2021-05-07T00:00:00.000,2023-11-07,STRAY,OVER THE COUNTER,HEALTHY,COUNTY
DOG,ENG FOXHOUND,TAN/BLACK,Spayed,2023-04-07T00:00:00.000,2023-11-07,STRAY,FLD_STRAY,UNKNOWN,COUNTY
DOG,BORDER COLLIE/MIX,BLACK/WHITE,Male,2022-11-07T00:00:00.000,2023-11-07,STRAY,OVER THE COUNTER,UNKNOWN,SANTA ROSA
DOG,CHIHUAHUA SH,TAN,Female,2016-11-07T00:00:00.000,2023-11-07,STRAY,OVER THE COUNTER,UNTREATABLE,COUNTY
DOG,YORKSHIRE TERR,BROWN/BLACK,Neutered,,2023-11-07,STRAY,OVER THE COUNTER,UNTREATABLE,SANTA ROSA
DOG,COCKER SPAN/MIX,CREAM/TAN,Female,2017-11-07T00:00:00.000,2023-11-07,STRAY,OVER THE COUNTER,HEALTHY,SANTA ROSA
DOG,CAIRN TERRIER,BLACK,Spayed,2011-11-15T00:00:00.000,2023-11-07,STRAY,FLD_STRAY,UNKNOWN,SANTA ROSA
DOG,AUST CATTLE DOG/MIX,BLUE MERLE,Female,2020-11-08T00:00:00.000,2023-11-08,STRAY,FLD_STRAY,UNKNOWN,SANTA ROSA
OTHER,DUCK,GRAY,Unknown,,2023-11-08,STRAY,FLD_STRAY,UNKNOWN,SANTA ROSA
DOG,PIT BULL/BOXER,BLACK/WHITE,Male,2022-11-20T00:00:00.000,2023-11-08,STRAY,OVER THE COUNTER,UNKNOWN,SANTA ROSA
DOG,BULL TERRIER,BR BRINDLE/WHITE,Male,,2023-11-08,STRAY,FLD_STRAY,UNKNOWN,SANTA ROSA
DOG,CATAHOULA/MIX,BROWN/WHITE,Neutered,2023-04-20T00:00:00.000,2023-11-08,STRAY,OVER THE COUNTER,HEALTHY,SANTA ROSA
CAT,DOMESTIC SH,BLACK,Neutered,,2023-11-08,STRAY,FIELD,UNKNOWN,SANTA ROSA
DOG,LABRADOR RETR,CHOCOLATE,Spayed,2012-11-01T00:00:00.000,2023-11-08,STRAY,FLD_STRAY,UNKNOWN,COUNTY
DOG,BULL TERRIER,WHITE/BLACK,Unknown,,2023-11-08,STRAY,FLD_STRAY,UNKNOWN,SANTA ROSA
DOG,HAVANESE,BLACK/WHITE,Male,2017-07-14T00:00:00.000,2023-11-09,QUARANTINE,FIELD,UNKNOWN,COUNTY
DOG,LABRADOR RETR/MIX,TAN,Male,,2023-11-09,STRAY,FLD_STRAY,UNKNOWN,COUNTY
DOG,AUST CATTLE DOG,BLUE MERLE,Male,2021-11-09T00:00:00.000,2023-11-09,STRAY,OVER THE COUNTER,HEALTHY,SANTA ROSA
DOG,GERM SHEPHERD/MIX,WHITE/BLACK,Spayed,2022-12-14T00:00:00.000,2023-11-09,STRAY,FLD_STRAY,HEALTHY,COUNTY
DOG,GERM SHEPHERD,TAN/BLACK,Female,2021-11-11T00:00:00.000,2023-11-11,STRAY,FIELD,UNKNOWN,COUNTY
DOG,GERM SHEPHERD/SIBERIAN HUSKY,TAN/BLACK,Spayed,2020-11-12T00:00:00.000,2023-11-11,STRAY,OVER THE COUNTER,UNKNOWN,SANTA ROSA
CAT,DOMESTIC SH,GRAY,Neutered,2013-11-11T00:00:00.000,2023-11-11,STRAY,OVER THE COUNTER,TREATABLE/MANAGEABLE,SANTA ROSA
DOG,BRITTANY,TAN/WHITE,Male,,2023-11-11,STRAY,FIELD,UNKNOWN,COUNTY
DOG,PIT BULL,BLACK/WHITE,Male,,2023-11-12,STRAY,FLD_STRAY,UNKNOWN,SANTA ROSA
CAT,DOMESTIC LH,WHITE/GRAY,Neutered,,2023-11-13,STRAY,FIELD,UNKNOWN,SANTA ROSA
DOG,TIBETAN SPAN,CREAM/BROWN,Male,,2023-11-13,STRAY,FLD_STRAY,UNKNOWN,COUNTY
CAT,DOMESTIC SH,GRAY/WHITE,Male,2020-11-21T00:00:00.000,2023-11-13,STRAY,FLD_STRAY,TREATABLE/MANAGEABLE,COUNTY
OTHER,BAT,BROWN,Unknown,,2023-11-13,QUARANTINE,FIELD,UNKNOWN,*ROHNERT PARK
DOG,SIBERIAN HUSKY/MIX,BLACK/BROWN,Female,2023-05-13T00:00:00.000,2023-11-13,STRAY,OVER THE COUNTER,UNKNOWN,SANTA ROSA
DOG,SIBERIAN HUSKY/MIX,BLACK/BROWN,Female,2023-05-13T00:00:00.000,2023-11-13,STRAY,OVER THE COUNTER,UNKNOWN,SANTA ROSA
DOG,PIT BULL/MIX,BLUE/TRICOLOR,Spayed,2023-09-13T00:00:00.000,2023-11-13,STRAY,FLD_STRAY,HEALTHY,SANTA ROSA
DOG,POODLE MIN/LABRADOR RETR,RED/WHITE,Spayed,2023-05-02T00:00:00.000,2023-11-13,STRAY,FLD_STRAY,UNKNOWN,COUNTY
CAT,DOMESTIC SH,BLACK/WHITE,Neutered,2023-10-13T00:00:00.000,2023-11-13,STRAY,FLD_STRAY,UNKNOWN,COUNTY
CAT,DOMESTIC SH,BLACK/WHITE,Neutered,2022-11-13T00:00:00.000,2023-11-13,STRAY,FLD_STRAY,HEALTHY,COUNTY
CAT,DOMESTIC SH,TORTIE,Spayed,2023-10-13T00:00:00.000,2023-11-13,STRAY,FLD_STRAY,UNKNOWN,COUNTY
CAT,DOMESTIC SH,CALICO,Spayed,2023-02-08T00:00:00.000,2023-11-13,STRAY,FLD_STRAY,HEALTHY,COUNTY
CAT,DOMESTIC SH,BLACK/WHITE,Spayed,2023-04-13T00:00:00.000,2023-11-13,STRAY,FLD_STRAY,UNKNOWN,COUNTY
CAT,DOMESTIC SH,BRN TABBY,Neutered,2013-11-13T00:00:00.000,2023-11-13,STRAY,FLD_STRAY,TREATABLE/REHAB,COUNTY
CAT,DOMESTIC SH,GRAY/WHITE,Neutered,2023-06-13T00:00:00.000,2023-11-13,STRAY,FLD_STRAY,HEALTHY,COUNTY
CAT,DOMESTIC SH,ORANGE/WHITE,Spayed,2021-11-13T00:00:00.000,2023-11-13,STRAY,FLD_STRAY,UNKNOWN,COUNTY
CAT,DOMESTIC SH,ORANGE/WHITE,Neutered,2023-02-05T00:00:00.000,2023-11-13,STRAY,FLD_STRAY,TREATABLE/REHAB,COUNTY
CAT,DOMESTIC SH,FLAME PT,Spayed,2023-04-13T00:00:00.000,2023-11-13,STRAY,FLD_STRAY,UNKNOWN,COUNTY
CAT,DOMESTIC SH,ORG TABBY,Spayed,2022-01-08T00:00:00.000,2023-11-13,STRAY,FLD_STRAY,HEALTHY,COUNTY
CAT,DOMESTIC SH,TORTIE,Spayed,2023-01-08T00:00:00.000,2023-11-13,STRAY,FLD_STRAY,HEALTHY,COUNTY
DOG,LABRADOR RETR,BLACK,Male,2011-08-31T00:00:00.000,2023-11-14,CONFISCATE,FLD_ARREST,UNKNOWN,COUNTY
DOG,AMER BULLDOG,WHITE,Female,2021-11-14T00:00:00.000,2023-11-14,STRAY,FLD_STRAY,UNKNOWN,COUNTY
CAT,DOMESTIC SH,BRN TABBY/WHITE,Neutered,2022-11-14T00:00:00.000,2023-11-14,STRAY,OVER THE COUNTER,HEALTHY,SANTA ROSA
CAT,SIAMESE/MIX,LYNX PT,Neutered,2023-08-20T00:00:00.000,2023-11-14,OWNER SURRENDER,OVER THE COUNTER,HEALTHY,COUNTY
CAT,DOMESTIC SH/MIX,BLACK,Spayed,2023-06-19T00:00:00.000,2023-11-14,OWNER SURRENDER,OVER THE COUNTER,HEALTHY,COUNTY
CAT,DOMESTIC SH/MIX,BLACK,Neutered,2023-08-20T00:00:00.000,2023-11-14,OWNER SURRENDER,OVER THE COUNTER,TREATABLE/REHAB,COUNTY
CAT,DOMESTIC SH/MIX,BRN TABBY/WHITE,Spayed,2023-09-01T00:00:00.000,2023-11-14,OWNER SURRENDER,OVER THE COUNTER,HEALTHY,COUNTY
CAT,DOMESTIC SH/MIX,BRN TABBY/WHITE,Neutered,2023-08-20T00:00:00.000,2023-11-14,OWNER SURRENDER,OVER THE COUNTER,HEALTHY,COUNTY
DOG,CHIHUAHUA LH/MIX,WHITE/TAN,Spayed,2021-11-02T00:00:00.000,2023-11-14,ADOPTION RETURN,OVER THE COUNTER,HEALTHY,WINDSOR
CAT,DOMESTIC SH,BRN TABBY,Spayed,2022-11-17T00:00:00.000,2023-11-14,STRAY,PHONE,HEALTHY,SANTA ROSA
DOG,CHIHUAHUA SH,TRICOLOR,Female,2021-11-15T00:00:00.000,2023-11-15,CONFISCATE,FLD_ARREST,UNKNOWN,SANTA ROSA
CAT,DOMESTIC SH,BLACK/WHITE,Neutered,2021-05-15T00:00:00.000,2023-11-15,STRAY,OVER THE COUNTER,UNKNOWN,SANTA ROSA
CAT,DOMESTIC SH,LYNX PT,Spayed,2018-12-12T00:00:00.000,2023-11-15,STRAY,OVER THE COUNTER,UNKNOWN,COUNTY
OTHER,BAT,BROWN,Unknown,,2023-11-15,QUARANTINE,FIELD,UNKNOWN,COUNTY
DOG,PARSON RUSS TER/MIX,WHITE,Female,,2023-11-15,STRAY,FLD_STRAY,UNKNOWN,COUNTY
DOG,ENG BULLDOG/MIX,RED MERLE/WHITE,Female,2017-11-16T00:00:00.000,2023-11-15,STRAY,FLD_STRAY,HEALTHY,SANTA ROSA
CAT,BENGAL/MIX,BRN TABBY,Neutered,2022-05-25T00:00:00.000,2023-11-16,STRAY,FIELD,HEALTHY,SANTA ROSA
CAT,DOMESTIC SH,BLACK,Male,,2023-11-16,STRAY,EMAIL,UNKNOWN,COUNTY
CAT,DOMESTIC SH,TORTIE,Spayed,2020-11-28T00:00:00.000,2023-11-16,STRAY,OVER THE COUNTER,HEALTHY,SANTA ROSA
DOG,BORDER COLLIE/PIT BULL,BR BRINDLE,Female,2022-11-16T00:00:00.000,2023-11-16,STRAY,OVER THE COUNTER,UNKNOWN,COUNTY
DOG,PIT BULL/MIX,BLACK/WHITE,Female,2022-06-01T00:00:00.000,2023-11-16,CONFISCATE,FLD_ARREST,UNKNOWN,COUNTY
DOG,STAFFORDSHIRE,RED,Female,2017-03-17T00:00:00.000,2023-11-16,STRAY,OVER THE COUNTER,HEALTHY,COUNTY
DOG,CHIHUAHUA SH/MIX,TAN,Neutered,2015-11-15T00:00:00.000,2023-11-16,QUARANTINE,FIELD,UNKNOWN,SANTA ROSA
OTHER,ANGORA-ENGLISH/MIX,WHITE,Female,,2023-11-17,STRAY,OVER THE COUNTER,UNKNOWN,SANTA ROSA
OTHER,ANGORA-ENGLISH/MIX,WHITE,Neutered,2022-03-25T00:00:00.000,2023-11-17,STRAY,OVER THE COUNTER,HEALTHY,SANTA ROSA
DOG,PIT BULL/MIX,TAN,Spayed,2020-05-30T00:00:00.000,2023-11-17,CONFISCATE,FLD_ARREST,UNKNOWN,SANTA ROSA
DOG,SIBERIAN HUSKY,WHITE,Spayed,2020-12-15T00:00:00.000,2023-11-17,STRAY,FIELD,UNKNOWN,COUNTY
DOG,GERM SHEPHERD,BLACK/BROWN,Neutered,2020-03-09T00:00:00.000,2023-11-17,STRAY,FIELD,UNKNOWN,COUNTY
CAT,DOMESTIC SH,ORG TABBY/WHITE,Neutered,2021-11-17T00:00:00.000,2023-11-17,STRAY,FIELD,UNKNOWN,SANTA ROSA
CAT,DOMESTIC SH,GRAY,Female,2023-07-17T00:00:00.000,2023-11-17,STRAY,OVER THE COUNTER,UNKNOWN,COUNTY
DOG,GERM SHEPHERD/SIBERIAN HUSKY,BLACK/TAN,Spayed,2021-11-17T00:00:00.000,2023-11-17,STRAY,FIELD,UNKNOWN,COUNTY
DOG,GERM SHEPHERD/MIX,BLACK/WHITE,Male,2023-11-12T00:00:00.000,2023-11-17,STRAY,FIELD,UNKNOWN,COUNTY
DOG,GERM SHEPHERD/MIX,BLACK/WHITE,Female,2023-11-12T00:00:00.000,2023-11-17,STRAY,FIELD,UNKNOWN,COUNTY
DOG,GERM SHEPHERD/MIX,BLACK/WHITE,Female,2023-11-12T00:00:00.000,2023-11-17,STRAY,FIELD,UNKNOWN,COUNTY
DOG,GERM SHEPHERD/MIX,SABLE/WHITE,Spayed,2023-11-12T00:00:00.000,2023-11-17,STRAY,FIELD,HEALTHY,COUNTY
DOG,GERM SHEPHERD/MIX,BLACK/WHITE,Spayed,2023-11-12T00:00:00.000,2023-11-17,STRAY,FIELD,HEALTHY,COUNTY
DOG,GERM SHEPHERD/MIX,FAWN/GRAY,Spayed,2023-11-12T00:00:00.000,2023-11-17,STRAY,FIELD,HEALTHY,COUNTY
DOG,CHIHUAHUA LH/MIX,BLACK/WHITE,Female,2022-11-17T00:00:00.000,2023-11-17,CONFISCATE,FLD_ARREST,UNKNOWN,SANTA ROSA
CAT,DOMESTIC SH,BLACK,Spayed,2013-05-23T00:00:00.000,2023-11-18,STRAY,FLD_STRAY,HEALTHY,SANTA ROSA
CAT,SIAMESE,TAN,Neutered,2008-11-18T00:00:00.000,2023-11-18,STRAY,OVER THE COUNTER,UNKNOWN,COUNTY
DOG,CHIHUAHUA LH/MIX,WHITE,Spayed,2023-01-14T00:00:00.000,2023-11-18,ADOPTION RETURN,OVER THE COUNTER,UNKNOWN,SANTA ROSA
OTHER,GOAT,TRICOLOR,Male,,2023-11-19,STRAY,FIELD,HEALTHY,COUNTY
OTHER,GOAT,RED/WHITE,Female,,2023-11-19,STRAY,FIELD,HEALTHY,COUNTY
OTHER,GOAT,WHITE/TAN,Female,,2023-11-19,STRAY,FIELD,HEALTHY,COUNTY
DOG,PARSON RUSS TER,TRICOLOR,Male,2011-04-17T00:00:00.000,2023-11-20,STRAY,FLD_STRAY,UNKNOWN,COUNTY
DOG,BORDER COLLIE,BLACK/WHITE,Spayed,2020-01-22T00:00:00.000,2023-11-21,CONFISCATE,FLD_CRUEL,HEALTHY,COUNTY
DOG,BORDER COLLIE,BLACK/WHITE,Neutered,2019-07-14T00:00:00.000,2023-11-21,CONFISCATE,FLD_CRUEL,HEALTHY,COUNTY
DOG,BORDER COLLIE,BLACK/WHITE,Female,2015-11-29T00:00:00.000,2023-11-21,CONFISCATE,FLD_CRUEL,UNKNOWN,COUNTY
DOG,BORDER COLLIE,BLACK/WHITE,Neutered,2011-11-29T00:00:00.000,2023-11-21,CONFISCATE,FLD_CRUEL,UNKNOWN,COUNTY
DOG,BORDER COLLIE,TRICOLOR,Spayed,2020-12-01T00:00:00.000,2023-11-21,CONFISCATE,FLD_CRUEL,UNKNOWN,COUNTY
DOG,AMER BULLDOG,WHITE/TAN,Male,,2023-11-21,STRAY,OVER THE COUNTER,UNKNOWN,COUNTY
DOG,BORDER COLLIE,BLACK/WHITE,Male,2022-05-30T00:00:00.000,2023-11-21,CONFISCATE,FLD_CRUEL,UNKNOWN,COUNTY
DOG,BORDER COLLIE,BLACK/WHITE,Spayed,2015-12-01T00:00:00.000,2023-11-21,CONFISCATE,FLD_CRUEL,UNKNOWN,COUNTY
DOG,BORDER COLLIE,TRICOLOR,Female,2021-12-01T00:00:00.000,2023-11-21,CONFISCATE,FLD_CRUEL,UNKNOWN,COUNTY
DOG,BORDER COLLIE,TAN/WHITE,Spayed,2011-07-14T00:00:00.000,2023-11-21,CONFISCATE,FLD_CRUEL,UNKNOWN,COUNTY
DOG,BORDER COLLIE,BLACK/WHITE,Neutered,2013-06-09T00:00:00.000,2023-11-21,CONFISCATE,FLD_CRUEL,UNKNOWN,COUNTY
DOG,PIT BULL,GRAY/WHITE,Male,2019-01-24T00:00:00.000,2023-11-21,STRAY,OVER THE COUNTER,UNKNOWN,SANTA ROSA
DOG,BORDER COLLIE,BLACK/WHITE,Spayed,2013-09-05T00:00:00.000,2023-11-21,CONFISCATE,FLD_CRUEL,UNKNOWN,COUNTY
DOG,BORDER COLLIE,BLACK/WHITE,Spayed,2008-11-21T00:00:00.000,2023-11-21,CONFISCATE,FLD_CRUEL,UNKNOWN,COUNTY
DOG,BORDER COLLIE,BLACK/WHITE,Neutered,2018-12-01T00:00:00.000,2023-11-21,CONFISCATE,FLD_CRUEL,UNKNOWN,COUNTY
DOG,BORDER COLLIE,BLACK/WHITE,Male,2009-12-04T00:00:00.000,2023-11-21,CONFISCATE,FLD_CRUEL,UNKNOWN,COUNTY
DOG,BORDER COLLIE,TRICOLOR,Neutered,2013-12-06T00:00:00.000,2023-11-21,CONFISCATE,FLD_CRUEL,TREATABLE/MANAGEABLE,COUNTY
DOG,BORDER COLLIE,TRICOLOR,Male,2013-12-07T00:00:00.000,2023-11-21,CONFISCATE,FLD_CRUEL,UNKNOWN,COUNTY
CAT,DOMESTIC LH,BRN TABBY,Spayed,2023-08-21T00:00:00.000,2023-11-21,STRAY,OVER THE COUNTER,HEALTHY,COUNTY
DOG,BORDER COLLIE,BLACK/WHITE,Spayed,2023-08-30T00:00:00.000,2023-11-21,CONFISCATE,FLD_CRUEL,HEALTHY,COUNTY
DOG,BORDER COLLIE,TRICOLOR,Neutered,2023-08-30T00:00:00.000,2023-11-21,CONFISCATE,FLD_CRUEL,HEALTHY,COUNTY
DOG,BORDER COLLIE,BLACK/WHITE,Female,2023-08-30T00:00:00.000,2023-11-21,CONFISCATE,FLD_CRUEL,UNKNOWN,COUNTY
DOG,BORDER COLLIE,BLACK/WHITE,Female,2023-08-30T00:00:00.000,2023-11-21,CONFISCATE,FLD_CRUEL,UNKNOWN,COUNTY
DOG,BORDER COLLIE,TRICOLOR,Spayed,2023-08-30T00:00:00.000,2023-11-21,CONFISCATE,FLD_CRUEL,UNKNOWN,COUNTY
DOG,BORDER COLLIE,TRICOLOR,Spayed,2022-04-14T00:00:00.000,2023-11-21,CONFISCATE,FLD_CRUEL,HEALTHY,COUNTY
DOG,BORDER COLLIE,TRICOLOR,Spayed,2021-12-06T00:00:00.000,2023-11-21,CONFISCATE,FLD_CRUEL,UNKNOWN,COUNTY
DOG,BORDER COLLIE,TRICOLOR,Neutered,2021-01-24T00:00:00.000,2023-11-21,CONFISCATE,FLD_CRUEL,UNKNOWN,COUNTY
DOG,BORDER COLLIE,TRICOLOR,Neutered,2015-12-06T00:00:00.000,2023-11-21,CONFISCATE,FLD_CRUEL,UNKNOWN,COUNTY
CAT,DOMESTIC SH,ORG TABBY,Neutered,2023-05-21T00:00:00.000,2023-11-21,ADOPTION RETURN,OVER THE COUNTER,UNKNOWN,*SEBASTOPOL
DOG,BORDER COLLIE,BLACK/WHITE,Male,2018-12-07T00:00:00.000,2023-11-21,CONFISCATE,FLD_CRUEL,UNKNOWN,COUNTY
DOG,BORDER COLLIE,BLACK/WHITE,Male,2015-12-07T00:00:00.000,2023-11-21,CONFISCATE,FLD_CRUEL,UNKNOWN,COUNTY
DOG,BORDER COLLIE,BLACK/WHITE,Neutered,2017-01-24T00:00:00.000,2023-11-21,CONFISCATE,FLD_CRUEL,UNKNOWN,COUNTY
DOG,BORDER COLLIE,BLACK/WHITE,Neutered,2015-12-07T00:00:00.000,2023-11-21,CONFISCATE,FLD_CRUEL,TREATABLE/MANAGEABLE,COUNTY
DOG,MASTIFF,BROWN/BLACK,Female,2016-11-30T00:00:00.000,2023-11-21,CONFISCATE,FLD_CRUEL,UNKNOWN,COUNTY
DOG,MASTIFF,TAN/WHITE,Spayed,2019-11-30T00:00:00.000,2023-11-21,CONFISCATE,FLD_CRUEL,UNKNOWN,COUNTY
DOG,MASTIFF,WHITE/BROWN,Male,2020-11-30T00:00:00.000,2023-11-21,CONFISCATE,FLD_CRUEL,UNKNOWN,COUNTY
CAT,DOMESTIC MH,BLACK/WHITE,Female,2022-11-21T00:00:00.000,2023-11-21,CONFISCATE,FLD_CRUEL,UNKNOWN,COUNTY
CAT,DOMESTIC SH,BLACK,Spayed,2023-10-06T00:00:00.000,2023-11-21,STRAY,OVER THE COUNTER,HEALTHY,SANTA ROSA
DOG,BLUETICK HOUND,BLACK/TAN,Male,,2023-11-22,CONFISCATE,FLD_ARREST,UNKNOWN,COUNTY
DOG,GERM SHEPHERD,BLACK/TAN,Neutered,2022-03-06T00:00:00.000,2023-11-25,ADOPTION RETURN,OVER THE COUNTER,HEALTHY,WINDSOR
DOG,LABRADOR RETR,BLACK,Neutered,2018-12-14T00:00:00.000,2023-11-25,STRAY,OVER THE COUNTER,HEALTHY,SANTA ROSA
CAT,DOMESTIC SH,BLACK/WHITE,Spayed,2023-04-08T00:00:00.000,2023-11-25,STRAY,PHONE,HEALTHY,COUNTY
CAT,DOMESTIC SH,BRN TABBY/WHITE,Male,,2023-11-25,STRAY,PHONE,UNKNOWN,COUNTY
DOG,AMER BULLDOG/BOSTON TERRIER,BR BRINDLE,Male,,2023-11-25,STRAY,FIELD,UNKNOWN,SANTA ROSA
DOG,GERM SHEPHERD,TAN/BLACK,Neutered,2023-01-28T00:00:00.000,2023-11-25,STRAY,FIELD,UNKNOWN,SANTA ROSA
OTHER,GOAT,BROWN/BLACK,Male,,2023-11-25,STRAY,FIELD,UNKNOWN,COUNTY
DOG,PIT BULL/MIX,BLACK/WHITE,Female,2020-03-01T00:00:00.000,2023-11-25,CONFISCATE,FLD_HOSPTL,UNKNOWN,COUNTY
DOG,CHIHUAHUA SH/MIX,TAN,Female,,2023-11-25,CONFISCATE,FLD_HOSPTL,UNKNOWN,COUNTY
DOG,BOSTON TERRIER,BLACK/WHITE,Neutered,,2023-11-26,CONFISCATE,FLD_HOSPTL,UNKNOWN,SANTA ROSA
CAT,DOMESTIC SH,CALICO,Female,,2023-11-26,STRAY,FLD_STRAY,UNTREATABLE,COUNTY
DOG,DOBERMAN PINSCH/MIX,BLACK/TAN,Female,,2023-11-27,STRAY,FLD_STRAY,UNKNOWN,SANTA ROSA
DOG,DOBERMAN PINSCH/MIX,BLACK/TAN,Male,,2023-11-27,STRAY,FLD_STRAY,UNKNOWN,SANTA ROSA
DOG,CHIHUAHUA LH,WHITE/TAN,Female,,2023-11-27,STRAY,FLD_STRAY,UNKNOWN,COUNTY
DOG,PIT BULL,BR BRINDLE,Female,,2023-11-27,CONFISCATE,FLD_ARREST,UNKNOWN,SANTA ROSA
DOG,AUST CATTLE DOG,BLACK/BLUE,Male,2020-09-21T00:00:00.000,2023-11-28,STRAY,FLD_STRAY,UNKNOWN,COUNTY
DOG,COCKER SPAN/MIX,BLACK/WHITE,Female,,2023-11-28,STRAY,OVER THE COUNTER,UNKNOWN,COUNTY
DOG,SIBERIAN HUSKY,GRAY/WHITE,Female,,2023-11-28,STRAY,FLD_STRAY,UNKNOWN,COUNTY
CAT,DOMESTIC SH,ORG TABBY,Neutered,2023-07-13T00:00:00.000,2023-11-28,STRAY,OVER THE COUNTER,UNKNOWN,SANTA ROSA
DOG,SIBERIAN HUSKY/MASTIFF,TAN/BROWN,Male,2023-03-28T00:00:00.000,2023-11-28,STRAY,FLD_STRAY,UNKNOWN,SANTA ROSA
DOG,YORKSHIRE TERR,TAN/BLACK,Spayed,2011-05-15T00:00:00.000,2023-11-28,STRAY,FLD_STRAY,UNKNOWN,COUNTY
DOG,PIT BULL,GRAY,Female,,2023-11-28,STRAY,FLD_STRAY,UNKNOWN,SANTA ROSA
DOG,STAFFORDSHIRE,WHITE/BROWN,Spayed,2015-11-30T00:00:00.000,2023-11-28,STRAY,OVER THE COUNTER,HEALTHY,COUNTY
DOG,DOGO ARGENTINO,WHITE,Female,,2023-11-28,STRAY,OVER THE COUNTER,UNKNOWN,SANTA ROSA
CAT,DOMESTIC SH,GRAY,Male,2023-08-29T00:00:00.000,2023-11-29,STRAY,FLD_STRAY,UNKNOWN,COUNTY
DOG,SIBERIAN HUSKY,GRAY/WHITE,Neutered,2022-01-02T00:00:00.000,2023-11-29,STRAY,FLD_STRAY,UNKNOWN,SANTA ROSA
OTHER,LOP-ENGLISH/MIX,SEAL PT,Male,,2023-11-29,STRAY,PHONE,UNKNOWN,SANTA ROSA
DOG,BORDER TERRIER/POODLE MIN,TAN/BLACK,Male,,2023-11-29,STRAY,OVER THE COUNTER,UNKNOWN,OUT OF COUNTY
CAT,DOMESTIC SH,ORG TABBY,Neutered,2023-04-30T00:00:00.000,2023-11-29,STRAY,OVER THE COUNTER,HEALTHY,SANTA ROSA
DOG,DACHSHUND/MIX,BROWN/RED,Neutered,2012-08-23T00:00:00.000,2023-11-29,CONFISCATE,FLD_ARREST,UNKNOWN,COUNTY
CAT,DOMESTIC SH,BRN TABBY/WHITE,Unknown,,2023-11-30,STRAY,OVER THE COUNTER,UNKNOWN,COUNTY
CAT,DOMESTIC LH,BRN TABBY,Neutered,2023-08-21T00:00:00.000,2023-11-30,STRAY,OVER THE COUNTER,HEALTHY,COUNTY
CAT,DOMESTIC LH,BRN TABBY/WHITE,Spayed,2023-08-21T00:00:00.000,2023-11-30,STRAY,OVER THE COUNTER,HEALTHY,COUNTY
DOG,GERM SHEPHERD/BEAGLE,FAWN,Neutered,2011-03-01T00:00:00.000,2023-11-30,STRAY,FIELD,UNKNOWN,SANTA ROSA
DOG,LABRADOR RETR/MIX,BLACK,Spayed,,2023-11-30,STRAY,FIELD,UNKNOWN,SANTA ROSA
DOG,SIBERIAN HUSKY,GRAY/WHITE,Neutered,2022-01-02T00:00:00.000,2023-11-30,OWNER SURRENDER,OVER THE COUNTER,UNKNOWN,SANTA ROSA
CAT,DOMESTIC SH,BLACK/WHITE,Female,2022-04-12T00:00:00.000,2023-11-30,STRAY,FIELD,UNKNOWN,SANTA ROSA
CAT,DOMESTIC SH,BLACK,Male,2023-10-17T00:00:00.000,2023-11-30,STRAY,EMAIL,UNTREATABLE,SANTA ROSA
DOG,GERM SHEPHERD/MIX,BLACK,Female,2021-06-01T00:00:00.000,2023-12-01,STRAY,OVER THE COUNTER,UNKNOWN,SANTA ROSA
DOG,GERM SHEPHERD/MIX,RED/BLACK,Female,2023-10-17T00:00:00.000,2023-12-01,STRAY,OVER THE COUNTER,UNKNOWN,SANTA ROSA
DOG,GERM SHEPHERD/MIX,RED/BLACK,Male,2023-10-17T00:00:00.000,2023-12-01,STRAY,OVER THE COUNTER,UNKNOWN,SANTA ROSA
DOG,GERM SHEPHERD/MIX,RED/BLACK,Female,2023-10-17T00:00:00.000,2023-12-01,STRAY,OVER THE COUNTER,UNKNOWN,SANTA ROSA
DOG,GERM SHEPHERD/MIX,RED/BLACK,Female,2023-10-17T00:00:00.000,2023-12-01,STRAY,OVER THE COUNTER,UNKNOWN,SANTA ROSA
DOG,GERM SHEPHERD,RED/BLACK,Female,2023-10-17T00:00:00.000,2023-12-01,STRAY,OVER THE COUNTER,UNKNOWN,SANTA ROSA
DOG,GERM SHEPHERD/MIX,BLACK/WHITE,Female,2023-10-17T00:00:00.000,2023-12-01,STRAY,OVER THE COUNTER,UNKNOWN,SANTA ROSA
DOG,CHIHUAHUA SH,BROWN,Female,2017-08-08T00:00:00.000,2023-12-01,CONFISCATE,FLD_ARREST,HEALTHY,SANTA ROSA
DOG,CHIHUAHUA SH,BROWN,Female,2022-10-05T00:00:00.000,2023-12-01,CONFISCATE,FLD_ARREST,HEALTHY,SANTA ROSA
DOG,CHIHUAHUA SH,BLACK/WHITE,Female,2015-07-18T00:00:00.000,2023-12-01,CONFISCATE,FLD_ARREST,HEALTHY,SANTA ROSA
DOG,COCKER SPAN,BROWN,Male,,2023-12-02,STRAY,FLD_STRAY,UNKNOWN,SANTA ROSA
DOG,PATTERDALE TERR/MIX,BLACK,Spayed,2023-06-04T00:00:00.000,2023-12-02,CONFISCATE,FLD_CRUEL,HEALTHY,SANTA ROSA
CAT,DOMESTIC SH,BRN TABBY,Spayed,2022-07-08T00:00:00.000,2023-12-02,STRAY,OVER THE COUNTER,HEALTHY,SANTA ROSA
CAT,DOMESTIC SH,BRN TABBY/WHITE,Spayed,2023-10-05T00:00:00.000,2023-12-02,STRAY,OVER THE COUNTER,UNKNOWN,SANTA ROSA
CAT,DOMESTIC SH,BRN TABBY,Spayed,2023-10-05T00:00:00.000,2023-12-02,STRAY,OVER THE COUNTER,UNKNOWN,SANTA ROSA
CAT,DOMESTIC SH,GRAY TABBY/WHITE,Neutered,2023-10-05T00:00:00.000,2023-12-02,STRAY,OVER THE COUNTER,HEALTHY,SANTA ROSA
CAT,DOMESTIC SH,GRAY TABBY/WHITE,Neutered,2023-10-05T00:00:00.000,2023-12-02,STRAY,OVER THE COUNTER,HEALTHY,SANTA ROSA
CAT,DOMESTIC SH,BRN TABBY,Neutered,2023-10-05T00:00:00.000,2023-12-02,STRAY,OVER THE COUNTER,HEALTHY,SANTA ROSA
DOG,PARSON RUSS TER,WHITE,Neutered,2008-06-04T00:00:00.000,2023-12-04,STRAY,FLD_STRAY,UNKNOWN,SANTA ROSA
DOG,PIT BULL/LABRADOR RETR,BLACK/WHITE,Neutered,2023-09-02T00:00:00.000,2023-12-04,STRAY,FIELD,UNKNOWN,SANTA ROSA
DOG,PIT BULL,GRAY/WHITE,Male,,2023-12-04,STRAY,FLD_STRAY,UNKNOWN,COUNTY
DOG,SIBERIAN HUSKY,BLACK/WHITE,Male,,2023-12-04,STRAY,FLD_STRAY,UNKNOWN,COUNTY
DOG,PIT BULL,BLUE/WHITE,Female,2021-07-04T00:00:00.000,2023-12-04,QUARANTINE,FIELD,UNKNOWN,COUNTY
DOG,PIT BULL,BLUE/WHITE,Female,2017-12-04T00:00:00.000,2023-12-04,QUARANTINE,FIELD,UNKNOWN,COUNTY
DOG,BELG MALINOIS,BROWN/BLACK,Female,,2023-12-04,STRAY,FLD_STRAY,UNKNOWN,SANTA ROSA
DOG,MIN PINSCHER,TAN,Spayed,2014-12-05T00:00:00.000,2023-12-04,STRAY,FLD_STRAY,UNKNOWN,SANTA ROSA
DOG,YORKSHIRE TERR/MIX,BROWN,Male,,2023-12-04,STRAY,FIELD,HEALTHY,SANTA ROSA
DOG,AUST SHEPHERD/MIX,BLACK/WHITE,Unknown,2014-12-05T00:00:00.000,2023-12-05,STRAY,OVER THE COUNTER,UNKNOWN,SANTA ROSA
OTHER,PEAFOWL,BROWN/GRAY,Female,,2023-12-05,STRAY,FLD_STRAY,UNKNOWN,COUNTY
CAT,DOMESTIC SH,BLACK,Male,,2023-12-05,STRAY,FLD_STRAY,UNKNOWN,SANTA ROSA
DOG,POMERANIAN,WHITE,Male,2021-12-05T00:00:00.000,2023-12-05,STRAY,FLD_STRAY,UNKNOWN,SANTA ROSA
CAT,DOMESTIC SH,BLACK,Male,2022-06-06T00:00:00.000,2023-12-05,STRAY,OVER THE COUNTER,UNTREATABLE,COUNTY
DOG,PIT BULL,TAN/WHITE,Spayed,2022-07-25T00:00:00.000,2023-12-05,STRAY,FLD_STRAY,HEALTHY,SANTA ROSA
DOG,ENG COONHOUND/MIX,BLACK/TAN,Neutered,2012-03-21T00:00:00.000,2023-12-05,CONFISCATE,FLD_ARREST,UNKNOWN,COUNTY
OTHER,HORSE,TRICOLOR,Female,2003-12-06T00:00:00.000,2023-12-05,CONFISCATE,FLD_CRUEL,UNKNOWN,COUNTY
OTHER,LLAMA,BROWN/WHITE,Unknown,,2023-12-05,CONFISCATE,FLD_CRUEL,UNKNOWN,COUNTY
OTHER,SHEEP,WHITE,Female,,2023-12-05,CONFISCATE,FLD_CRUEL,UNKNOWN,COUNTY
OTHER,TURKEY,GRAY,Female,,2023-12-05,CONFISCATE,FLD_CRUEL,UNKNOWN,COUNTY
OTHER,CHICKEN,WHITE,Female,,2023-12-05,CONFISCATE,FLD_CRUEL,UNKNOWN,COUNTY
OTHER,DUCK,WHITE,Female,,2023-12-05,CONFISCATE,FLD_CRUEL,UNKNOWN,COUNTY
OTHER,SHEEP,WHITE,Male,,2023-12-05,CONFISCATE,FLD_CRUEL,UNKNOWN,COUNTY
OTHER,HORSE,RED/WHITE,Neutered,2009-12-14T00:00:00.000,2023-12-05,CONFISCATE,FLD_CRUEL,UNKNOWN,COUNTY
DOG,CHIHUAHUA SH/MIX,TRICOLOR,Female,,2023-12-06,STRAY,FIELD,UNKNOWN,SANTA ROSA
OTHER,AMERICAN,WHITE/ORANGE,Spayed,2022-12-06T00:00:00.000,2023-12-06,STRAY,OVER THE COUNTER,HEALTHY,SANTA ROSA
DOG,GERM SHEPHERD/MIX,BR BRINDLE/BLACK,Male,,2023-12-06,STRAY,FLD_STRAY,UNKNOWN,SANTA ROSA
CAT,DOMESTIC SH,TORTIE,Spayed,2021-12-07T00:00:00.000,2023-12-06,STRAY,OVER THE COUNTER,HEALTHY,SANTA ROSA
CAT,DOMESTIC SH,BRN TABBY/WHITE,Spayed,2023-10-06T00:00:00.000,2023-12-06,OWNER SURRENDER,OVER THE COUNTER,UNKNOWN,SANTA ROSA
CAT,DOMESTIC SH,BRN TABBY/WHITE,Spayed,2023-10-06T00:00:00.000,2023-12-06,OWNER SURRENDER,OVER THE COUNTER,UNKNOWN,SANTA ROSA
CAT,DOMESTIC SH,BRN TABBY/WHITE,Spayed,2023-10-06T00:00:00.000,2023-12-06,OWNER SURRENDER,OVER THE COUNTER,UNKNOWN,SANTA ROSA
CAT,DOMESTIC SH,BRN TABBY/WHITE,Spayed,2023-10-06T00:00:00.000,2023-12-06,OWNER SURRENDER,OVER THE COUNTER,UNKNOWN,SANTA ROSA
CAT,DOMESTIC SH,BRN TABBY/WHITE,Spayed,2023-10-06T00:00:00.000,2023-12-06,OWNER SURRENDER,OVER THE COUNTER,UNKNOWN,SANTA ROSA
CAT,DOMESTIC SH,CALICO,Spayed,2021-12-07T00:00:00.000,2023-12-06,STRAY,OVER THE COUNTER,HEALTHY,SANTA ROSA
CAT,DOMESTIC SH,CALICO/BLUE CREAM,Spayed,2023-09-06T00:00:00.000,2023-12-06,STRAY,OVER THE COUNTER,UNKNOWN,SANTA ROSA
CAT,DOMESTIC SH,BLACK/WHITE,Neutered,2023-09-15T00:00:00.000,2023-12-06,STRAY,OVER THE COUNTER,HEALTHY,SANTA ROSA
DOG,BULLDOG/MIX,BLACK/TAN,Male,2017-07-08T00:00:00.000,2023-12-06,STRAY,FLD_STRAY,UNKNOWN,SANTA ROSA
DOG,CAIRN TERRIER/MALTESE,TAN,Neutered,2022-12-25T00:00:00.000,2023-12-07,STRAY,PHONE,UNKNOWN,COUNTY
DOG,CHIHUAHUA SH/MIX,TAN,Spayed,2022-02-08T00:00:00.000,2023-12-07,STRAY,PHONE,UNKNOWN,COUNTY
DOG,AUST CATTLE DOG,TRICOLOR,Spayed,2022-08-15T00:00:00.000,2023-12-07,CONFISCATE,FLD_EVICT,UNKNOWN,SANTA ROSA
DOG,GERM SHEPHERD/PIT BULL,TAN/BLACK,Male,,2023-12-07,CONFISCATE,FLD_EVICT,UNKNOWN,SANTA ROSA
DOG,AUST SHEPHERD,BLACK/WHITE,Male,,2023-12-07,CONFISCATE,FLD_EVICT,UNTREATABLE,SANTA ROSA
OTHER,RABBIT SH,BROWN/WHITE,Unknown,,2023-12-07,CONFISCATE,FLD_EVICT,UNKNOWN,SANTA ROSA
DOG,AUST CATTLE DOG,BROWN/WHITE,Male,2023-11-30T00:00:00.000,2023-12-07,CONFISCATE,FLD_EVICT,UNKNOWN,SANTA ROSA
DOG,AUST CATTLE DOG,BROWN/WHITE,Male,2023-11-30T00:00:00.000,2023-12-07,CONFISCATE,FLD_EVICT,UNKNOWN,SANTA ROSA
DOG,AUST CATTLE DOG,WHITE/BROWN,Male,2023-11-30T00:00:00.000,2023-12-07,CONFISCATE,FLD_EVICT,UNKNOWN,SANTA ROSA
DOG,PIT BULL/MIX,RED,Neutered,2023-03-07T00:00:00.000,2023-12-07,STRAY,OVER THE COUNTER,HEALTHY,COUNTY
DOG,PIT BULL,BR BRINDLE,Neutered,2023-03-05T00:00:00.000,2023-12-07,STRAY,OVER THE COUNTER,HEALTHY,COUNTY
DOG,GERM SHEPHERD/MIX,FAWN,Spayed,2023-06-07T00:00:00.000,2023-12-07,STRAY,OVER THE COUNTER,HEALTHY,SANTA ROSA
DOG,GERM SHEPHERD/MIX,TAN/BLACK,Spayed,2023-06-07T00:00:00.000,2023-12-07,STRAY,OVER THE COUNTER,HEALTHY,SANTA ROSA
DOG,LABRADOR RETR/MIX,TAN/WHITE,Spayed,2023-06-07T00:00:00.000,2023-12-07,STRAY,OVER THE COUNTER,HEALTHY,SANTA ROSA
DOG,LABRADOR RETR/MIX,YELLOW,Neutered,2023-06-07T00:00:00.000,2023-12-07,STRAY,OVER THE COUNTER,HEALTHY,SANTA ROSA
DOG,LABRADOR RETR/MIX,BLACK,Neutered,2022-07-25T00:00:00.000,2023-12-08,STRAY,FIELD,HEALTHY,*SONOMA
DOG,PIT BULL,BLACK/WHITE,Neutered,2011-12-08T00:00:00.000,2023-12-08,STRAY,OVER THE COUNTER,UNKNOWN,COUNTY
DOG,AMER ESKIMO,WHITE,Female,2022-12-08T00:00:00.000,2023-12-08,STRAY,FIELD,UNKNOWN,COUNTY
DOG,WELSH CORGI CAR/MIX,BR BRINDLE/WHITE,Male,2022-12-08T00:00:00.000,2023-12-08,STRAY,FIELD,UNKNOWN,COUNTY
CAT,DOMESTIC SH,BRN TABBY,Female,,2023-12-08,STRAY,FLD_STRAY,UNKNOWN,SANTA ROSA
OTHER,CHICKEN,BLACK,Female,,2023-12-08,CONFISCATE,FLD_EVICT,UNKNOWN,SANTA ROSA
OTHER,CHICKEN,BLACK/RED,Male,,2023-12-08,CONFISCATE,FLD_EVICT,UNKNOWN,SANTA ROSA
OTHER,CHICKEN,BLACK/RED,Male,,2023-12-08,CONFISCATE,FLD_EVICT,UNKNOWN,SANTA ROSA
OTHER,CHICKEN,BLACK/RED,Male,,2023-12-08,CONFISCATE,FLD_EVICT,UNKNOWN,SANTA ROSA
OTHER,CHICKEN,BLACK/RED,Male,,2023-12-08,CONFISCATE,FLD_EVICT,UNKNOWN,SANTA ROSA
DOG,CHIHUAHUA SH/MIX,BLACK/WHITE,Spayed,2023-05-15T00:00:00.000,2023-12-08,CONFISCATE,FLD_ARREST,UNKNOWN,SANTA ROSA
DOG,PIT BULL/MIX,RED/WHITE,Spayed,2022-08-08T00:00:00.000,2023-12-09,STRAY,PHONE,HEALTHY,COUNTY
DOG,BELG MALINOIS,BLACK/TAN,Male,2022-01-12T00:00:00.000,2023-12-09,STRAY,FLD_STRAY,UNKNOWN,SANTA ROSA
DOG,POODLE MIN/MIX,CREAM,Male,2023-03-09T00:00:00.000,2023-12-09,STRAY,FLD_STRAY,UNKNOWN,SANTA ROSA
CAT,DOMESTIC LH/SIAMESE,LYNX PT,Male,,2023-12-09,STRAY,OVER THE COUNTER,UNTREATABLE,COUNTY
DOG,POMERANIAN,BLACK,Neutered,2018-07-10T00:00:00.000,2023-12-09,STRAY,FLD_STRAY,UNKNOWN,SANTA ROSA
DOG,CHIHUAHUA SH,WHITE/TAN,Female,2017-06-19T00:00:00.000,2023-12-11,STRAY,FLD_STRAY,HEALTHY,SANTA ROSA
DOG,PIT BULL/MIX,RED/BLACK,Female,,2023-12-11,STRAY,FLD_STRAY,UNKNOWN,SANTA ROSA
CAT,DOMESTIC MH,WHITE/WHITE,Male,,2023-12-11,STRAY,FLD_STRAY,UNKNOWN,SANTA ROSA
DOG,DOGO ARGENTINO/LABRADOR RETR,WHITE,Male,2023-10-24T00:00:00.000,2023-12-11,CONFISCATE,FLD_ARREST,UNKNOWN,COUNTY
DOG,DOGO ARGENTINO/LABRADOR RETR,BLACK/WHITE,Male,2023-10-24T00:00:00.000,2023-12-11,CONFISCATE,FLD_ARREST,UNKNOWN,COUNTY
DOG,DOGO ARGENTINO/LABRADOR RETR,WHITE/BLACK,Male,2023-10-24T00:00:00.000,2023-12-11,CONFISCATE,FLD_ARREST,UNKNOWN,COUNTY
DOG,DOGO ARGENTINO/LABRADOR RETR,WHITE/BLACK,Male,2023-10-24T00:00:00.000,2023-12-11,CONFISCATE,FLD_ARREST,UNKNOWN,COUNTY
DOG,DOGO ARGENTINO/LABRADOR RETR,BLACK/WHITE,Male,2023-10-24T00:00:00.000,2023-12-11,CONFISCATE,FLD_ARREST,UNKNOWN,COUNTY
DOG,DOGO ARGENTINO/LABRADOR RETR,WHITE/BLACK,Male,2023-10-24T00:00:00.000,2023-12-11,CONFISCATE,FLD_ARREST,UNKNOWN,COUNTY
DOG,DOGO ARGENTINO/LABRADOR RETR,WHITE/BLACK,Male,2023-10-24T00:00:00.000,2023-12-11,CONFISCATE,FLD_ARREST,UNKNOWN,COUNTY
DOG,DOGO ARGENTINO/LABRADOR RETR,WHITE/BLACK,Female,2023-10-24T00:00:00.000,2023-12-11,CONFISCATE,FLD_ARREST,UNKNOWN,COUNTY
DOG,DOGO ARGENTINO/LABRADOR RETR,WHITE/BLACK,Male,2023-10-24T00:00:00.000,2023-12-11,CONFISCATE,FLD_ARREST,UNKNOWN,COUNTY
DOG,DOGO ARGENTINO/LABRADOR RETR,WHITE/BLACK,Female,2023-10-24T00:00:00.000,2023-12-11,CONFISCATE,FLD_ARREST,UNKNOWN,COUNTY
DOG,CHIHUAHUA SH,TAN,Male,,2023-12-11,CONFISCATE,FLD_ARREST,HEALTHY,COUNTY
DOG,CHIHUAHUA SH,BROWN/WHITE,Male,,2023-12-11,CONFISCATE,FLD_ARREST,UNKNOWN,COUNTY
DOG,CHIHUAHUA SH,TAN/WHITE,Female,,2023-12-11,CONFISCATE,FLD_ARREST,UNKNOWN,COUNTY
OTHER,BAT,BROWN/GRAY,Unknown,,2023-12-12,QUARANTINE,FIELD,UNKNOWN,COUNTY
DOG,PARSON RUSS TER/CHIHUAHUA SH,CREAM,Spayed,2023-09-20T00:00:00.000,2023-12-12,OWNER SURRENDER,OVER THE COUNTER,UNKNOWN,SANTA ROSA
DOG,CHIHUAHUA SH,TAN/WHITE,Neutered,2011-01-01T00:00:00.000,2023-12-12,CONFISCATE,FLD_HOSPTL,UNKNOWN,SANTA ROSA
DOG,CHIHUAHUA SH/MIX,WHITE/BROWN,Spayed,2019-11-18T00:00:00.000,2023-12-12,CONFISCATE,OVER THE COUNTER_OWNED,UNKNOWN,OUT OF COUNTY
DOG,PIT BULL/MIX,BROWN,Neutered,,2023-12-12,CONFISCATE,OVER THE COUNTER_OWNED,UNKNOWN,OUT OF COUNTY
DOG,GERM SHEPHERD,TAN/BLACK,Male,2022-12-13T00:00:00.000,2023-12-12,CONFISCATE,OVER THE COUNTER_OWNED,UNKNOWN,SANTA ROSA
DOG,CHIHUAHUA SH/MIX,WHITE,Spayed,2023-01-03T00:00:00.000,2023-12-12,STRAY,OVER THE COUNTER,HEALTHY,SANTA ROSA
DOG,FRENCH BULLDOG,BLUE MERLE,Male,2022-12-12T00:00:00.000,2023-12-12,STRAY,OVER THE COUNTER,UNKNOWN,COUNTY
DOG,DACHSHUND,BROWN/TAN,Neutered,2020-09-01T00:00:00.000,2023-12-12,CONFISCATE,FLD_HOSPTL,UNKNOWN,COUNTY
DOG,POODLE MIN,BROWN,Male,,2023-12-12,CONFISCATE,FLD_HOSPTL,UNKNOWN,COUNTY
DOG,BELG MALINOIS,TAN/BLACK,Female,2022-12-12T00:00:00.000,2023-12-12,STRAY,OVER THE COUNTER,UNKNOWN,SANTA ROSA
DOG,BELG MALINOIS/MIX,RED/BLACK,Spayed,2020-03-02T00:00:00.000,2023-12-12,STRAY,OVER THE COUNTER,HEALTHY,SANTA ROSA
DOG,SHIH TZU/MIX,WHITE,Neutered,,2023-12-12,CONFISCATE,FLD_HOSPTL,UNKNOWN,COUNTY
DOG,SHIH TZU,TAN,Neutered,,2023-12-12,CONFISCATE,FLD_HOSPTL,UNKNOWN,COUNTY
DOG,SHIH TZU,GRAY/WHITE,Neutered,,2023-12-12,CONFISCATE,FLD_HOSPTL,UNKNOWN,COUNTY
DOG,SHIH TZU,BLACK/WHITE,Neutered,2014-11-01T00:00:00.000,2023-12-12,CONFISCATE,FLD_HOSPTL,UNKNOWN,COUNTY
DOG,SHIH TZU,BLACK/WHITE,Neutered,2013-12-01T00:00:00.000,2023-12-12,CONFISCATE,FLD_HOSPTL,UNKNOWN,COUNTY
DOG,GERM SHEPHERD,BLACK/TAN,Male,2023-03-15T00:00:00.000,2023-12-12,STRAY,OVER THE COUNTER,UNKNOWN,SANTA ROSA
DOG,PIT BULL/MIX,BR BRINDLE,Male,2022-12-12T00:00:00.000,2023-12-12,CONFISCATE,FLD_ABAND,UNKNOWN,SANTA ROSA
CAT,DOMESTIC SH,BLACK,Neutered,2017-01-02T00:00:00.000,2023-12-12,STRAY,OVER THE COUNTER,UNKNOWN,SANTA ROSA
DOG,PARSON RUSS TER/CHIHUAHUA SH,CREAM/WHITE,Neutered,2023-09-20T00:00:00.000,2023-12-13,OWNER SURRENDER,OVER THE COUNTER,HEALTHY,SANTA ROSA
DOG,PARSON RUSS TER/CHIHUAHUA SH,RED,Neutered,2023-10-12T00:00:00.000,2023-12-13,OWNER SURRENDER,OVER THE COUNTER,HEALTHY,SANTA ROSA
DOG,PARSON RUSS TER/CHIHUAHUA SH,RED/WHITE,Neutered,2023-10-12T00:00:00.000,2023-12-13,OWNER SURRENDER,OVER THE COUNTER,HEALTHY,SANTA ROSA
DOG,AUST KELPIE/PIT BULL,RED/TAN,Neutered,2023-03-08T00:00:00.000,2023-12-13,STRAY,OVER THE COUNTER,HEALTHY,SANTA ROSA
DOG,GERM SHEPHERD/SIBERIAN HUSKY,TAN/BLACK,Spayed,2020-11-12T00:00:00.000,2023-12-13,STRAY,FLD_STRAY,UNKNOWN,SANTA ROSA
DOG,SIBERIAN HUSKY,GRAY/WHITE,Male,2021-05-22T00:00:00.000,2023-12-14,STRAY,OVER THE COUNTER,HEALTHY,SANTA ROSA
DOG,PARSON RUSS TER/WELSH CORGI CAR,WHITE,Male,2021-09-15T00:00:00.000,2023-12-14,STRAY,FIELD,UNKNOWN,COUNTY
CAT,DOMESTIC LH,BLACK/WHITE,Neutered,2021-12-27T00:00:00.000,2023-12-14,STRAY,OVER THE COUNTER,UNKNOWN,COUNTY
DOG,PIT BULL,BLACK/WHITE,Female,2014-05-12T00:00:00.000,2023-12-14,STRAY,OVER THE COUNTER,UNKNOWN,SANTA ROSA
DOG,BORDER COLLIE,BLACK/WHITE,Male,2022-08-01T00:00:00.000,2023-12-14,QUARANTINE,FIELD,UNKNOWN,SANTA ROSA
DOG,ALASKAN HUSKY,WHITE/BLACK,Female,,2023-12-14,STRAY,FIELD,UNKNOWN,SANTA ROSA
CAT,DOMESTIC SH,ORANGE,Neutered,2013-04-29T00:00:00.000,2023-12-14,STRAY,OVER THE COUNTER,UNKNOWN,SANTA ROSA
DOG,GERM SHEPHERD/AUST CATTLE DOG,TAN/BLACK,Male,2023-02-16T00:00:00.000,2023-12-15,STRAY,FIELD,UNKNOWN,COUNTY
DOG,SIBERIAN HUSKY,WHITE,Female,2022-12-15T00:00:00.000,2023-12-15,STRAY,FIELD,UNKNOWN,COUNTY
DOG,CHIHUAHUA SH,WHITE/BROWN,Female,,2023-12-15,STRAY,FIELD,UNKNOWN,SANTA ROSA
DOG,PIT BULL/MIX,BLACK/WHITE,Neutered,2022-08-09T00:00:00.000,2023-12-15,STRAY,OVER THE COUNTER,HEALTHY,SANTA ROSA
DOG,PIT BULL,TRICOLOR,Male,2022-06-15T00:00:00.000,2023-12-15,STRAY,OVER THE COUNTER,UNKNOWN,COUNTY
DOG,PIT BULL/MIX,BLACK,Male,2022-12-06T00:00:00.000,2023-12-15,CONFISCATE,FLD_ARREST,HEALTHY,SANTA ROSA
DOG,PIT BULL,BR BRINDLE,Spayed,2022-05-16T00:00:00.000,2023-12-16,STRAY,OVER THE COUNTER,UNKNOWN,SANTA ROSA
DOG,POODLE MIN/MIX,GRAY/BLACK,Female,,2023-12-16,STRAY,OVER THE COUNTER,UNKNOWN,SANTA ROSA
DOG,POMERANIAN,RED,Male,2020-12-16T00:00:00.000,2023-12-16,STRAY,OVER THE COUNTER,UNKNOWN,SANTA ROSA
DOG,PIT BULL/MIX,BROWN/WHITE,Spayed,2022-02-09T00:00:00.000,2023-12-18,STRAY,OVER THE COUNTER,HEALTHY,COUNTY
DOG,ALASKAN HUSKY,BLACK/WHITE,Female,,2023-12-18,STRAY,FIELD,UNKNOWN,SANTA ROSA
OTHER,FOX,GRAY,Male,,2023-12-19,QUARANTINE,FIELD,UNKNOWN,SANTA ROSA
DOG,POODLE MIN,BLACK/WHITE,Spayed,2023-10-19T00:00:00.000,2023-12-19,STRAY,FLD_STRAY,HEALTHY,SANTA ROSA
CAT,DOMESTIC SH,BRN TABBY/TORTIE,Spayed,2023-07-19T00:00:00.000,2023-12-19,STRAY,OVER THE COUNTER,HEALTHY,COUNTY
CAT,DOMESTIC SH,BRN TABBY,Spayed,2023-07-19T00:00:00.000,2023-12-19,STRAY,OVER THE COUNTER,HEALTHY,COUNTY
CAT,DOMESTIC SH,TORTIE,Spayed,2023-07-19T00:00:00.000,2023-12-19,STRAY,OVER THE COUNTER,HEALTHY,COUNTY
DOG,ENG BULLDOG/MIX,RED MERLE/WHITE,Spayed,2023-01-19T00:00:00.000,2023-12-19,STRAY,OVER THE COUNTER,UNKNOWN,COUNTY
DOG,AM PIT BULL TER/MIX,TAN/WHITE,Spayed,2022-12-19T00:00:00.000,2023-12-19,STRAY,OVER THE COUNTER,UNKNOWN,COUNTY
CAT,DOMESTIC SH,BRN TABBY/WHITE,Female,2015-12-19T00:00:00.000,2023-12-19,STRAY,FLD_STRAY,UNKNOWN,COUNTY
DOG,LABRADOR RETR/MIX,BROWN/WHITE,Neutered,2023-08-02T00:00:00.000,2023-12-19,ADOPTION RETURN,OVER THE COUNTER,HEALTHY,SANTA ROSA
DOG,BORDER TERRIER/MIX,TAN/BLACK,Male,2019-07-27T00:00:00.000,2023-12-19,STRAY,OVER THE COUNTER,UNKNOWN,SANTA ROSA
CAT,DOMESTIC MH,BLACK,Spayed,2010-12-04T00:00:00.000,2023-12-19,QUARANTINE,FIELD,UNKNOWN,COUNTY
DOG,BORDER COLLIE,BLACK/WHITE,Spayed,2022-01-24T00:00:00.000,2023-12-20,CONFISCATE,OVER THE COUNTER,UNKNOWN,OUT OF COUNTY
DOG,MASTIFF,TAN/BLACK,Male,2013-12-21T00:00:00.000,2023-12-20,CONFISCATE,FLD_ARREST,UNKNOWN,COUNTY
DOG,PIT BULL/MIX,TAN,Female,,2023-12-20,CONFISCATE,FLD_CORONR,UNKNOWN,COUNTY
DOG,SIBERIAN HUSKY/MIX,BLACK/TAN,Female,,2023-12-20,CONFISCATE,FLD_CORONR,UNKNOWN,COUNTY
CAT,DOMESTIC SH,BRN TABBY,Male,,2023-12-20,STRAY,FIELD,UNKNOWN,SANTA ROSA
DOG,PIT BULL/ALASKAN HUSKY,TAN,Neutered,,2023-12-21,STRAY,OVER THE COUNTER,UNKNOWN,SANTA ROSA
CAT,DOMESTIC SH,GRAY/WHITE,Spayed,2017-05-01T00:00:00.000,2023-12-21,STRAY,OVER THE COUNTER,UNKNOWN,COUNTY
DOG,SIBERIAN HUSKY/MIX,GRAY/WHITE,Neutered,2023-10-15T00:00:00.000,2023-12-21,STRAY,FIELD,UNKNOWN,COUNTY
DOG,SIBERIAN HUSKY,GRAY/WHITE,Neutered,2023-10-15T00:00:00.000,2023-12-21,STRAY,FIELD,HEALTHY,COUNTY
OTHER,BAT,BROWN,Unknown,,2023-12-21,QUARANTINE,FIELD,UNKNOWN,SANTA ROSA
DOG,LABRADOR RETR/MIX,CHOCOLATE,Female,,2023-12-22,STRAY,FIELD,UNKNOWN,SANTA ROSA
OTHER,BAT,BROWN,Unknown,,2023-12-22,QUARANTINE,FIELD,UNKNOWN,COUNTY
DOG,SIBERIAN HUSKY,RED/WHITE,Female,,2023-12-22,STRAY,FIELD,UNKNOWN,SANTA ROSA
DOG,DOBERMAN PINSCH,BLACK/BROWN,Neutered,2021-12-22T00:00:00.000,2023-12-22,STRAY,OVER THE COUNTER,UNKNOWN,COUNTY
DOG,CHIHUAHUA SH,BLACK/WHITE,Neutered,2023-10-22T00:00:00.000,2023-12-22,STRAY,OVER THE COUNTER,UNKNOWN,SANTA ROSA
DOG,LABRADOR RETR/MIX,BROWN/WHITE,Neutered,2023-08-02T00:00:00.000,2023-12-22,QUARANTINE,OVER THE COUNTER,HEALTHY,SANTA ROSA
CAT,DOMESTIC SH,BLACK,Spayed,2022-12-27T00:00:00.000,2023-12-22,STRAY,OVER THE COUNTER,HEALTHY,SANTA ROSA
CAT,DOMESTIC MH,BLACK,Neutered,2023-11-02T00:00:00.000,2023-12-22,STRAY,OVER THE COUNTER,HEALTHY,SANTA ROSA
CAT,DOMESTIC MH,BLACK,Neutered,2023-10-22T00:00:00.000,2023-12-22,STRAY,OVER THE COUNTER,UNKNOWN,SANTA ROSA
CAT,DOMESTIC SH,BLACK,Neutered,2023-11-02T00:00:00.000,2023-12-22,STRAY,OVER THE COUNTER,HEALTHY,SANTA ROSA
CAT,DOMESTIC SH,BRN TABBY,Neutered,2023-10-22T00:00:00.000,2023-12-22,STRAY,OVER THE COUNTER,UNKNOWN,SANTA ROSA
CAT,DOMESTIC MH,BRN TABBY,Neutered,2023-10-22T00:00:00.000,2023-12-22,STRAY,OVER THE COUNTER,HEALTHY,SANTA ROSA
DOG,RHOD RIDGEBACK/ANATOL SHEPHERD,RED/WHITE,Neutered,2023-02-27T00:00:00.000,2023-12-22,ADOPTION RETURN,OVER THE COUNTER,UNKNOWN,SANTA ROSA
OTHER,NEW ZEALAND WHT/MIX,WHITE,Female,2023-05-20T00:00:00.000,2023-12-22,STRAY,OVER THE COUNTER,UNKNOWN,COUNTY
DOG,GERM SHEPHERD,BLACK,Male,,2023-12-23,STRAY,FLD_STRAY,UNKNOWN,SANTA ROSA
DOG,PARSON RUSS TER/MIX,RED/WHITE,Spayed,2016-01-21T00:00:00.000,2023-12-23,STRAY,FLD_STRAY,TREATABLE/REHAB,SANTA ROSA
DOG,PIT BULL/MIX,BLACK,Female,,2023-12-23,STRAY,OVER THE COUNTER,HEALTHY,COUNTY
DOG,GERM SHEPHERD,BLACK/TAN,Male,,2023-12-26,CONFISCATE,FLD_ARREST,UNKNOWN,SANTA ROSA
DOG,MIN PINSCHER/MIX,TRICOLOR,Male,2021-12-26T00:00:00.000,2023-12-26,STRAY,OVER THE COUNTER,UNKNOWN,SANTA ROSA
DOG,PIT BULL,TAN/WHITE,Male,,2023-12-26,STRAY,FIELD,UNKNOWN,COUNTY
DOG,PIT BULL/MIX,BR BRINDLE/WHITE,Female,2014-02-08T00:00:00.000,2023-12-26,STRAY,FLD_STRAY,UNKNOWN,SANTA ROSA
DOG,YORKSHIRE TERR/MIX,GOLD/BROWN,Neutered,2019-12-27T00:00:00.000,2023-12-26,STRAY,FLD_STRAY,UNKNOWN,SANTA ROSA
DOG,BEAGLE/CHIHUAHUA SH,WHITE,Female,2013-09-09T00:00:00.000,2023-12-27,STRAY,FIELD,UNKNOWN,COUNTY
DOG,WELSH CORGI CAR/MIX,BLACK,Male,2009-06-15T00:00:00.000,2023-12-27,STRAY,OVER THE COUNTER,UNKNOWN,SANTA ROSA
DOG,GERM SHEPHERD,BLACK/TAN,Male,2015-10-12T00:00:00.000,2023-12-28,STRAY,FIELD,UNKNOWN,SANTA ROSA
OTHER,BAT,BROWN,Unknown,,2023-12-28,QUARANTINE,FIELD,UNKNOWN,SANTA ROSA
DOG,CHIHUAHUA LH/POMERANIAN,APRICOT/WHITE,Spayed,2009-10-25T00:00:00.000,2023-12-28,STRAY,FIELD,UNKNOWN,SANTA ROSA
DOG,POODLE MIN/MIX,CREAM,Female,,2023-12-29,STRAY,FIELD,UNKNOWN,SANTA ROSA
DOG,GERM SHEPHERD/MIX,BLACK/TAN,Male,,2023-12-29,STRAY,FIELD,HEALTHY,SANTA ROSA
CAT,DOMESTIC SH,ORG TABBY,Male,2022-12-29T00:00:00.000,2023-12-29,STRAY,OVER THE COUNTER,UNKNOWN,COUNTY
DOG,MALTESE,WHITE,Neutered,2020-11-19T00:00:00.000,2023-12-30,CONFISCATE,FLD_ABAND,UNKNOWN,SANTA ROSA
DOG,SIBERIAN HUSKY/MIX,BLACK/WHITE,Female,2022-12-30T00:00:00.000,2023-12-30,OWNER SURRENDER,FIELD,UNKNOWN,COUNTY
CAT,DOMESTIC SH,BRN TABBY,Neutered,2023-08-24T00:00:00.000,2023-12-30,OWNER SURRENDER,OVER THE COUNTER,HEALTHY,SANTA ROSA
CAT,DOMESTIC SH,BRN TABBY,Neutered,2023-08-17T00:00:00.000,2023-12-30,OWNER SURRENDER,OVER THE COUNTER,HEALTHY,SANTA ROSA
DOG,PIT BULL/MIX,BLACK,Neutered,,2023-12-30,STRAY,FLD_STRAY,UNKNOWN,SANTA ROSA
DOG,SIBERIAN HUSKY,GRAY/WHITE,Male,2019-03-24T00:00:00.000,2023-12-31,STRAY,FLD_STRAY,UNKNOWN,COUNTY
DOG,SIBERIAN HUSKY,WHITE/BLACK,Male,,2023-12-31,STRAY,FLD_STRAY,HEALTHY,COUNTY
DOG,GERM SHEPHERD,BLACK/TAN,Male,,2024-01-02,STRAY,FIELD,HEALTHY,COUNTY
DOG,GREAT PYRENEES/MIX,WHITE/RED,Female,,2024-01-02,STRAY,FLD_STRAY,UNKNOWN,SANTA ROSA
CAT,DOMESTIC SH,WHITE/BLACK,Neutered,,2024-01-02,STRAY,FLD_STRAY,UNTREATABLE,COUNTY
DOG,GERM SHEPHERD/MIX,TAN/BLACK,Male,,2024-01-02,QUARANTINE,FIELD,UNKNOWN,COUNTY
DOG,AUST CATTLE DOG,BLUE MERLE,Male,,2024-01-02,STRAY,OVER THE COUNTER,UNKNOWN,COUNTY
CAT,DOMESTIC LH,BLACK,Spayed,,2024-01-02,STRAY,PHONE,HEALTHY,COUNTY
DOG,CHIHUAHUA SH/PARSON RUSS TER,TAN/WHITE,Female,2022-07-02T00:00:00.000,2024-01-02,STRAY,OVER THE COUNTER,UNKNOWN,SANTA ROSA
DOG,ANATOL SHEPHERD,WHITE,Neutered,2013-03-04T00:00:00.000,2024-01-03,STRAY,FLD_STRAY,UNKNOWN,COUNTY
DOG,GERM SHEPHERD,BLACK/TAN,Spayed,,2024-01-03,STRAY,FLD_STRAY,UNKNOWN,COUNTY
DOG,BELG MALINOIS/MIX,BLACK/TAN,Female,2023-01-03T00:00:00.000,2024-01-03,CONFISCATE,FLD_ARREST,UNKNOWN,SANTA ROSA
DOG,MIN PINSCHER,FAWN,Spayed,2023-07-03T00:00:00.000,2024-01-03,STRAY,OVER THE COUNTER,HEALTHY,SANTA ROSA
DOG,BORDER COLLIE,TRICOLOR,Neutered,2014-03-12T00:00:00.000,2024-01-03,CONFISCATE,FIELD,UNKNOWN,SANTA ROSA
DOG,BULLMASTIFF/PIT BULL,BLACK,Male,2023-02-11T00:00:00.000,2024-01-03,QUARANTINE,FIELD,UNKNOWN,COUNTY
DOG,QUEENSLAND HEEL,BLUE,Spayed,2013-04-25T00:00:00.000,2024-01-04,STRAY,OVER THE COUNTER,UNKNOWN,SANTA ROSA
OTHER,RAT,BROWN,Female,2021-01-16T00:00:00.000,2024-01-04,STRAY,FIELD,UNKNOWN,SANTA ROSA
OTHER,RAT,WHITE/BROWN,Female,2021-01-16T00:00:00.000,2024-01-04,STRAY,FIELD,HEALTHY,SANTA ROSA
DOG,GERM SHEPHERD,BLACK/TAN,Female,2020-01-04T00:00:00.000,2024-01-04,STRAY,FIELD,UNKNOWN,COUNTY
DOG,GERM SHEPHERD/MIX,BLACK/TAN,Neutered,2018-01-04T00:00:00.000,2024-01-04,STRAY,FIELD,UNKNOWN,SANTA ROSA
DOG,CATAHOULA/MIX,BRN MERLE/BLACK,Spayed,2009-09-13T00:00:00.000,2024-01-04,STRAY,OVER THE COUNTER,UNKNOWN,COUNTY
DOG,CHIHUAHUA SH/MIX,BROWN/WHITE,Male,2018-01-05T00:00:00.000,2024-01-04,STRAY,FIELD,HEALTHY,SANTA ROSA
DOG,CHIHUAHUA LH/POMERANIAN,TAN,Female,2020-05-01T00:00:00.000,2024-01-05,STRAY,FIELD,UNKNOWN,COUNTY
DOG,FOX TERR SMOOTH/MIX,BROWN/WHITE,Female,,2024-01-05,STRAY,FIELD,UNKNOWN,COUNTY
DOG,FOX TERR SMOOTH/MIX,TRICOLOR,Female,,2024-01-05,STRAY,FIELD,UNKNOWN,COUNTY
DOG,GERM SHEPHERD,FAWN,Spayed,2021-06-08T00:00:00.000,2024-01-05,STRAY,OVER THE COUNTER,UNKNOWN,SANTA ROSA
DOG,CHIHUAHUA SH,BLACK,Spayed,2013-12-10T00:00:00.000,2024-01-05,STRAY,OVER THE COUNTER,UNKNOWN,SANTA ROSA
DOG,DACHSHUND/SHIH TZU,BROWN,Female,,2024-01-05,STRAY,OVER THE COUNTER,UNKNOWN,SANTA ROSA
CAT,DOMESTIC SH,BLACK/WHITE,Neutered,2022-02-14T00:00:00.000,2024-01-05,STRAY,FIELD,HEALTHY,SANTA ROSA
CAT,DOMESTIC SH,BLK TABBY,Neutered,2022-01-05T00:00:00.000,2024-01-05,STRAY,OVER THE COUNTER,HEALTHY,SANTA ROSA
DOG,GERM SHEPHERD,BLACK/TAN,Female,2023-01-21T00:00:00.000,2024-01-06,STRAY,FIELD,HEALTHY,SANTA ROSA
DOG,CHIHUAHUA SH,WHITE/BROWN,Female,2021-11-07T00:00:00.000,2024-01-06,STRAY,FIELD,HEALTHY,SANTA ROSA
DOG,SCHNAUZER MIN/WELSH TERRIER,BLACK/GRAY,Spayed,2015-06-16T00:00:00.000,2024-01-06,STRAY,FLD_STRAY,UNKNOWN,COUNTY
DOG,SIBERIAN HUSKY,BLACK/WHITE,Female,,2024-01-06,STRAY,OVER THE COUNTER,UNKNOWN,COUNTY
DOG,SIBERIAN HUSKY,BLACK/WHITE,Female,,2024-01-06,STRAY,OVER THE COUNTER,UNKNOWN,COUNTY
DOG,SIBERIAN HUSKY,BLACK/WHITE,Female,,2024-01-06,STRAY,OVER THE COUNTER,UNKNOWN,COUNTY
DOG,SIBERIAN HUSKY,WHITE,Female,2022-01-06T00:00:00.000,2024-01-06,STRAY,OVER THE COUNTER,UNKNOWN,SANTA ROSA
DOG,SIBERIAN HUSKY,WHITE,Male,,2024-01-06,STRAY,OVER THE COUNTER,UNKNOWN,SANTA ROSA
DOG,LABRADOR RETR,CHOCOLATE,Neutered,2020-01-06T00:00:00.000,2024-01-06,STRAY,OVER THE COUNTER,UNKNOWN,SANTA ROSA
DOG,SCHNAUZER MIN,BLACK/GRAY,Spayed,2013-02-01T00:00:00.000,2024-01-07,CONFISCATE,FLD_HOSPTL,UNKNOWN,SANTA ROSA
DOG,CHIHUAHUA SH,BROWN/BLACK,Female,,2024-01-08,STRAY,FLD_STRAY,UNKNOWN,SANTA ROSA
DOG,GERM SHEPHERD/SIBERIAN HUSKY,BLACK/TAN,Neutered,2023-05-03T00:00:00.000,2024-01-08,STRAY,FIELD,TREATABLE/REHAB,COUNTY
DOG,POODLE STND/LABRADOR RETR,WHITE,Spayed,2020-02-16T00:00:00.000,2024-01-08,STRAY,FLD_STRAY,TREATABLE/REHAB,COUNTY
DOG,SIBERIAN HUSKY,BLACK/WHITE,Male,2015-01-09T00:00:00.000,2024-01-08,STRAY,FLD_STRAY,UNKNOWN,UNKNOWN
CAT,DOMESTIC SH,BRN TABBY/CALICO,Female,2023-01-16T00:00:00.000,2024-01-09,STRAY,FIELD,UNKNOWN,COUNTY
DOG,FRENCH BULLDOG,BLACK/TAN,Female,2022-07-09T00:00:00.000,2024-01-09,STRAY,FIELD,UNKNOWN,SANTA ROSA
DOG,WHIPPET/MIX,BR BRINDLE/WHITE,Spayed,2022-03-01T00:00:00.000,2024-01-09,STRAY,FIELD,UNKNOWN,COUNTY
DOG,PIT BULL/BULLMASTIFF,BLACK/BLUE MERLE,Male,2023-08-09T00:00:00.000,2024-01-09,STRAY,OVER THE COUNTER,UNKNOWN,SANTA ROSA
DOG,PARSON RUSS TER/CHIHUAHUA SH,CREAM,Spayed,2023-09-20T00:00:00.000,2024-01-09,ADOPTION RETURN,OVER THE COUNTER,UNKNOWN,SANTA ROSA
DOG,STAFFORDSHIRE,WHITE/BROWN,Spayed,2015-11-30T00:00:00.000,2024-01-09,STRAY,OVER THE COUNTER,UNKNOWN,SANTA ROSA
DOG,GERM SHEPHERD,TAN/BLACK,Male,,2024-01-09,STRAY,FLD_STRAY,UNKNOWN,SANTA ROSA
DOG,SIBERIAN HUSKY/MIX,BLACK/TAN,Spayed,2018-06-27T00:00:00.000,2024-01-09,STRAY,OVER THE COUNTER,UNKNOWN,SANTA ROSA
OTHER,BAT,BROWN,Unknown,,2024-01-10,QUARANTINE,FIELD,UNKNOWN,COUNTY
DOG,SCHNAUZER MIN,GRAY,Neutered,2020-04-22T00:00:00.000,2024-01-10,QUARANTINE,FIELD,UNKNOWN,SANTA ROSA
CAT,DOMESTIC SH,ORG TABBY,Male,2022-01-16T00:00:00.000,2024-01-10,STRAY,OVER THE COUNTER,UNKNOWN,COUNTY
DOG,PIT BULL/MIX,TAN,Female,2023-10-11T00:00:00.000,2024-01-10,CONFISCATE,FLD_HOSPTL,UNKNOWN,SANTA ROSA
CAT,DOMESTIC SH,BRN TABBY/WHITE,Spayed,2010-05-25T00:00:00.000,2024-01-11,OWNER SURRENDER,OVER THE COUNTER,HEALTHY,SANTA ROSA
DOG,PIT BULL,BR BRINDLE,Spayed,2021-07-12T00:00:00.000,2024-01-11,STRAY,FIELD,UNKNOWN,SANTA ROSA
DOG,AUST CATTLE DOG,BLUE MERLE,Male,2021-11-09T00:00:00.000,2024-01-11,STRAY,FIELD,HEALTHY,SANTA ROSA
DOG,CATAHOULA/MIX,BRN MERLE/BLACK,Spayed,2009-09-13T00:00:00.000,2024-01-11,STRAY,OVER THE COUNTER,UNKNOWN,COUNTY
DOG,CHIHUAHUA SH,TAN,Female,2023-01-11T00:00:00.000,2024-01-11,STRAY,OVER THE COUNTER,UNKNOWN,SANTA ROSA
CAT,DOMESTIC MH,ORG TABBY/WHITE,Neutered,2020-01-12T00:00:00.000,2024-01-12,STRAY,OVER THE COUNTER,HEALTHY,SANTA ROSA
DOG,BORDER COLLIE,RED/WHITE,Male,,2024-01-12,STRAY,FIELD,UNKNOWN,COUNTY
DOG,AUST CATTLE DOG,TRICOLOR,Spayed,2021-02-22T00:00:00.000,2024-01-12,STRAY,FIELD,HEALTHY,COUNTY
DOG,PIT BULL,BROWN/WHITE,Female,2023-01-23T00:00:00.000,2024-01-12,STRAY,FIELD,UNKNOWN,SANTA ROSA
DOG,ROTTWEILER,BLACK/BROWN,Male,2022-07-21T00:00:00.000,2024-01-12,QUARANTINE,FIELD,UNKNOWN,SANTA ROSA
DOG,ST BERNARD RGH,BROWN/WHITE,Female,,2024-01-12,QUARANTINE,FIELD,UNKNOWN,SANTA ROSA
OTHER,RABBIT SH,WHITE,Unknown,,2024-01-12,STRAY,OVER THE COUNTER,UNKNOWN,SANTA ROSA
CAT,DOMESTIC SH,BLACK/WHITE,Spayed,2020-01-12T00:00:00.000,2024-01-12,STRAY,PHONE,HEALTHY,SANTA ROSA
CAT,DOMESTIC SH,BLACK/WHITE,Spayed,2018-01-12T00:00:00.000,2024-01-12,STRAY,PHONE,HEALTHY,SANTA ROSA
DOG,PUG/MIX,BLACK,Male,,2024-01-12,STRAY,FIELD,UNKNOWN,COUNTY
DOG,GERM SHEPHERD/MIX,BLACK/TAN,Male,2021-02-24T00:00:00.000,2024-01-12,STRAY,FIELD,UNKNOWN,COUNTY
DOG,SIBERIAN HUSKY,BLACK/WHITE,Neutered,2020-04-01T00:00:00.000,2024-01-13,ADOPTION RETURN,OVER THE COUNTER,UNKNOWN,OUT OF COUNTY
DOG,CHIHUAHUA LH/MIX,BLACK/WHITE,Female,2022-11-17T00:00:00.000,2024-01-13,CONFISCATE,FLD_ARREST,UNKNOWN,*ROHNERT PARK
DOG,GERM SHEPHERD,TAN/BLACK,Neutered,2023-04-28T00:00:00.000,2024-01-14,STRAY,FLD_STRAY,HEALTHY,SANTA ROSA
DOG,GERM SHEPHERD,BLACK/TAN,Neutered,2023-04-21T00:00:00.000,2024-01-14,STRAY,FLD_STRAY,HEALTHY,SANTA ROSA
DOG,PIT BULL,WHITE,Male,2016-04-09T00:00:00.000,2024-01-14,CONFISCATE,FLD_ARREST,UNKNOWN,COUNTY
DOG,PIT BULL,WHITE/BLACK,Male,2021-07-17T00:00:00.000,2024-01-14,CONFISCATE,FLD_ARREST,UNKNOWN,COUNTY
DOG,CHIHUAHUA SH/DACHSHUND,BLACK/CREAM,Neutered,2020-08-19T00:00:00.000,2024-01-16,STRAY,OVER THE COUNTER,UNKNOWN,SANTA ROSA
DOG,CHIHUAHUA SH,BUFF,Female,2018-11-15T00:00:00.000,2024-01-16,STRAY,OVER THE COUNTER,UNKNOWN,SANTA ROSA
OTHER,GOAT,WHITE/TAN,Female,,2024-01-16,STRAY,FIELD,UNKNOWN,SANTA ROSA
DOG,PIT BULL,WHITE/BLACK,Spayed,2022-07-16T00:00:00.000,2024-01-16,STRAY,FLD_STRAY,HEALTHY,SANTA ROSA
DOG,PARSON RUSS TER,WHITE/BLACK,Spayed,2019-10-13T00:00:00.000,2024-01-16,STRAY,OVER THE COUNTER,UNKNOWN,COUNTY
DOG,GERM SHEPHERD/MIX,BLACK/TAN,Male,,2024-01-17,STRAY,FIELD,HEALTHY,SANTA ROSA
CAT,SNOWSHOE,LILAC PT/WHITE,Neutered,2014-02-21T00:00:00.000,2024-01-17,STRAY,OVER THE COUNTER,HEALTHY,COUNTY
DOG,SCHNAUZER MIN,BLACK,Male,2021-01-17T00:00:00.000,2024-01-17,STRAY,OVER THE COUNTER,UNKNOWN,SANTA ROSA
DOG,PIT BULL,WHITE/BROWN,Spayed,2023-01-18T00:00:00.000,2024-01-17,STRAY,FLD_STRAY,UNKNOWN,SANTA ROSA
DOG,CHIHUAHUA LH/MIX,TAN,Female,,2024-01-17,STRAY,FIELD,UNKNOWN,SANTA ROSA
DOG,PIT BULL/MIX,WHITE/BROWN,Neutered,2018-07-27T00:00:00.000,2024-01-18,STRAY,FIELD,UNKNOWN,SANTA ROSA
CAT,DOMESTIC SH,BRN TABBY/TORTIE,Spayed,2023-07-20T00:00:00.000,2024-01-18,OWNER SURRENDER,OVER THE COUNTER,UNKNOWN,WINDSOR
CAT,DOMESTIC SH,BRN TABBY/TORTIE,Spayed,2023-07-20T00:00:00.000,2024-01-18,OWNER SURRENDER,OVER THE COUNTER,UNKNOWN,WINDSOR
DOG,POODLE MIN/MIX,BROWN,Spayed,2009-12-01T00:00:00.000,2024-01-18,STRAY,OVER THE COUNTER,HEALTHY,SANTA ROSA
DOG,AUST CATTLE DOG/LABRADOR RETR,WHITE/BLACK,Spayed,2023-09-19T00:00:00.000,2024-01-19,OWNER SURRENDER,OVER THE COUNTER,HEALTHY,SANTA ROSA
DOG,ROTTWEILER,BLACK/TAN,Female,2022-11-29T00:00:00.000,2024-01-19,STRAY,FIELD,UNKNOWN,SANTA ROSA
DOG,AUST CATTLE DOG/LABRADOR RETR,TAN/WHITE,Spayed,2023-08-26T00:00:00.000,2024-01-19,OWNER SURRENDER,OVER THE COUNTER,HEALTHY,SANTA ROSA
DOG,AUST CATTLE DOG/LABRADOR RETR,TAN/WHITE,Spayed,2023-08-18T00:00:00.000,2024-01-19,OWNER SURRENDER,OVER THE COUNTER,HEALTHY,SANTA ROSA
DOG,AUST CATTLE DOG/LABRADOR RETR,TAN/WHITE,Male,2023-09-25T00:00:00.000,2024-01-19,OWNER SURRENDER,OVER THE COUNTER,UNKNOWN,SANTA ROSA
DOG,AUST CATTLE DOG/LABRADOR RETR,TAN,Neutered,2023-09-25T00:00:00.000,2024-01-19,OWNER SURRENDER,OVER THE COUNTER,UNKNOWN,SANTA ROSA
DOG,AUST CATTLE DOG/LABRADOR RETR,TAN/WHITE,Male,2023-09-25T00:00:00.000,2024-01-19,OWNER SURRENDER,OVER THE COUNTER,UNKNOWN,SANTA ROSA
DOG,SHIH TZU,BLACK/WHITE,Male,,2024-01-19,STRAY,FIELD,UNKNOWN,SANTA ROSA
DOG,SHIH TZU,BLACK/WHITE,Male,,2024-01-19,STRAY,FIELD,UNKNOWN,SANTA ROSA
CAT,DOMESTIC SH,BLUE CREAM,Spayed,2021-04-01T00:00:00.000,2024-01-19,STRAY,OVER THE COUNTER,HEALTHY,SANTA ROSA
CAT,DOMESTIC SH,CALICO/BLUE CREAM,Spayed,2023-09-06T00:00:00.000,2024-01-19,ADOPTION RETURN,OVER THE COUNTER,HEALTHY,SANTA ROSA
CAT,DOMESTIC MH,BRN TABBY/WHITE,Female,2007-01-19T00:00:00.000,2024-01-19,STRAY,OVER THE COUNTER,UNKNOWN,COUNTY
OTHER,MACAW,RED/WHITE,Male,,2024-01-19,CONFISCATE,FLD_HOSPTL,HEALTHY,SANTA ROSA
OTHER,BAT/MEX FREE-TAIL,BROWN,Unknown,,2024-01-20,QUARANTINE,FIELD,UNKNOWN,SANTA ROSA
DOG,GOLDEN RETR/MIX,RED/BROWN,Neutered,2010-01-20T00:00:00.000,2024-01-20,STRAY,OVER THE COUNTER,UNKNOWN,COUNTY
OTHER,CHICKEN,RED,Female,,2024-01-20,STRAY,FLD_STRAY,UNKNOWN,SANTA ROSA
DOG,AUST CATTLE DOG/MIX,BLACK/WHITE,Male,2023-09-20T00:00:00.000,2024-01-20,STRAY,OVER THE COUNTER,UNKNOWN,COUNTY
DOG,AKITA,TRICOLOR,Female,2018-09-09T00:00:00.000,2024-01-20,STRAY,OVER THE COUNTER,UNKNOWN,COUNTY
CAT,DOMESTIC SH,BRN TABBY,Neutered,2023-08-17T00:00:00.000,2024-01-20,ADOPTION RETURN,OVER THE COUNTER,HEALTHY,COUNTY
CAT,DOMESTIC SH,BLACK/WHITE,Neutered,2023-11-20T00:00:00.000,2024-01-20,OWNER SURRENDER,OVER THE COUNTER,HEALTHY,SANTA ROSA
DOG,POMERANIAN,FAWN,Neutered,2012-12-16T00:00:00.000,2024-01-20,CONFISCATE,FLD_HOSPTL,UNKNOWN,SANTA ROSA
CAT,DOMESTIC SH,BLACK,Spayed,2023-11-20T00:00:00.000,2024-01-20,OWNER SURRENDER,OVER THE COUNTER,HEALTHY,SANTA ROSA
CAT,DOMESTIC SH,BLACK/WHITE,Neutered,2023-11-20T00:00:00.000,2024-01-20,OWNER SURRENDER,OVER THE COUNTER,HEALTHY,SANTA ROSA
DOG,YORKSHIRE TERR/MIX,TAN,Female,2009-01-04T00:00:00.000,2024-01-20,STRAY,OVER THE COUNTER,UNKNOWN,OUT OF COUNTY
DOG,SIBERIAN HUSKY/MIX,BLACK/WHITE,Spayed,2023-05-18T00:00:00.000,2024-01-20,STRAY,FLD_STRAY,HEALTHY,COUNTY
DOG,FRENCH BULLDOG,BLACK/TAN,Female,2022-07-09T00:00:00.000,2024-01-20,ADOPTION RETURN,OVER THE COUNTER,UNKNOWN,WINDSOR
DOG,GREAT PYRENEES,WHITE,Male,2021-11-23T00:00:00.000,2024-01-20,STRAY,OVER THE COUNTER,UNKNOWN,SANTA ROSA
DOG,AUST CATTLE DOG,BLUE MERLE,Spayed,2022-09-29T00:00:00.000,2024-01-21,STRAY,FLD_STRAY,HEALTHY,COUNTY
DOG,PUG,TAN/BLACK,Neutered,2017-07-23T00:00:00.000,2024-01-21,STRAY,FIELD,UNKNOWN,SANTA ROSA
DOG,ENG BULLDOG,BROWN/WHITE,Neutered,,2024-01-22,QUARANTINE,FIELD,UNKNOWN,COUNTY
DOG,PIT BULL/MIX,BLACK/WHITE,Female,2022-06-01T00:00:00.000,2024-01-22,CONFISCATE,FLD_ARREST,UNKNOWN,SANTA ROSA
DOG,QUEENSLAND HEEL/MIX,TAN/WHITE,Spayed,2011-06-22T00:00:00.000,2024-01-22,STRAY,FIELD,UNKNOWN,SANTA ROSA
CAT,JAPAN BOBTAIL/MIX,CALICO,Spayed,2015-02-08T00:00:00.000,2024-01-22,CONFISCATE,FLD_CORONR,TREATABLE/REHAB,SANTA ROSA
CAT,JAPAN BOBTAIL/MIX,CALICO,Spayed,2021-02-08T00:00:00.000,2024-01-22,CONFISCATE,FLD_CORONR,HEALTHY,SANTA ROSA
DOG,PIT BULL,TRICOLOR,Male,,2024-01-22,STRAY,FIELD,UNKNOWN,SANTA ROSA
DOG,TOY FOX TERRIER/MIX,WHITE/GOLD,Female,2018-01-23T00:00:00.000,2024-01-23,CONFISCATE,FLD_HOSPTL,UNKNOWN,SANTA ROSA
DOG,POODLE MIN/MIX,WHITE,Male,2023-03-02T00:00:00.000,2024-01-23,STRAY,FIELD,UNKNOWN,COUNTY
DOG,SHIH TZU/MIX,WHITE/GOLD,Female,2023-01-16T00:00:00.000,2024-01-23,CONFISCATE,FLD_ARREST,UNKNOWN,SANTA ROSA
DOG,ROTTWEILER/MIX,RED/BLACK,Male,2022-01-23T00:00:00.000,2024-01-23,STRAY,OVER THE COUNTER,UNKNOWN,SANTA ROSA
CAT,SIAMESE,SEAL PT,Male,2019-01-23T00:00:00.000,2024-01-23,STRAY,OVER THE COUNTER,UNKNOWN,SANTA ROSA
DOG,GERM SHEPHERD,BLACK/BROWN,Female,,2024-01-24,STRAY,OVER THE COUNTER,UNKNOWN,SANTA ROSA
CAT,DOMESTIC SH,BRN TABBY,Male,2022-01-24T00:00:00.000,2024-01-24,STRAY,OVER THE COUNTER,UNKNOWN,SANTA ROSA
DOG,PIT BULL,WHITE/BLACK,Female,2018-02-03T00:00:00.000,2024-01-24,STRAY,FLD_STRAY,UNKNOWN,SANTA ROSA
DOG,PIT BULL/MIX,BLACK/WHITE,Neutered,2023-07-08T00:00:00.000,2024-01-24,STRAY,OVER THE COUNTER,HEALTHY,SANTA ROSA
DOG,PIT BULL,BROWN,Spayed,2023-08-23T00:00:00.000,2024-01-24,STRAY,OVER THE COUNTER,HEALTHY,SANTA ROSA
DOG,PIT BULL,BROWN,Neutered,2022-12-25T00:00:00.000,2024-01-24,CONFISCATE,FLD_ARREST,UNKNOWN,COUNTY
CAT,DOMESTIC SH,BLACK,Neutered,2021-04-21T00:00:00.000,2024-01-25,STRAY,FIELD,TREATABLE/REHAB,SANTA ROSA
DOG,PIT BULL/MIX,BR BRINDLE/BLACK,Male,2022-01-25T00:00:00.000,2024-01-25,STRAY,FIELD,UNKNOWN,COUNTY
CAT,DOMESTIC LH,BLACK,Female,2023-07-25T00:00:00.000,2024-01-25,STRAY,OVER THE COUNTER,UNKNOWN,SANTA ROSA
OTHER,BAT,BROWN,Unknown,,2024-01-25,QUARANTINE,FIELD,UNKNOWN,SANTA ROSA
OTHER,BAT/MEX FREE-TAIL,BROWN,Unknown,,2024-01-26,QUARANTINE,FIELD,UNKNOWN,SANTA ROSA
DOG,DOBERMAN PINSCH,BLACK/BROWN,Female,2023-01-26T00:00:00.000,2024-01-26,STRAY,OVER THE COUNTER,UNKNOWN,SANTA ROSA
OTHER,BAT/MEX FREE-TAIL,BROWN,Unknown,,2024-01-26,QUARANTINE,FIELD,UNKNOWN,SANTA ROSA
DOG,SHIH TZU/MIX,BROWN/WHITE,Neutered,2012-01-26T00:00:00.000,2024-01-26,STRAY,FIELD,UNKNOWN,SANTA ROSA
DOG,CHIHUAHUA SH/MIX,BROWN,Male,2023-07-26T00:00:00.000,2024-01-26,STRAY,OVER THE COUNTER,UNKNOWN,SANTA ROSA
CAT,DOMESTIC SH,BRN TABBY/WHITE,Female,2023-01-27T00:00:00.000,2024-01-27,STRAY,OVER THE COUNTER,UNKNOWN,SANTA ROSA
DOG,ENG BULLDOG,BROWN/WHITE,Female,2020-10-27T00:00:00.000,2024-01-27,CONFISCATE,FLD_ARREST,UNKNOWN,SANTA ROSA
OTHER,PIGEON,WHITE,Unknown,,2024-01-27,STRAY,OVER THE COUNTER,UNKNOWN,SANTA ROSA
DOG,PIT BULL,WHITE/BROWN,Spayed,2020-03-10T00:00:00.000,2024-01-27,STRAY,FLD_STRAY,UNKNOWN,COUNTY
DOG,GERM SHEPHERD/MIX,BLACK/TAN,Male,,2024-01-27,STRAY,FIELD,HEALTHY,SANTA ROSA
DOG,CHIHUAHUA SH,TAN,Male,2023-01-27T00:00:00.000,2024-01-27,STRAY,OVER THE COUNTER,UNKNOWN,SANTA ROSA
CAT,DOMESTIC SH,GRAY TABBY,Neutered,2022-01-27T00:00:00.000,2024-01-27,STRAY,OVER THE COUNTER,HEALTHY,SANTA ROSA
DOG,POODLE MIN/MIX,WHITE,Male,2020-01-30T00:00:00.000,2024-01-27,STRAY,FLD_STRAY,UNKNOWN,SANTA ROSA
DOG,AUST CATTLE DOG,BLUE/BLACK,Spayed,2023-04-29T00:00:00.000,2024-01-28,STRAY,FLD_STRAY,HEALTHY,COUNTY
DOG,AUST CATTLE DOG,BROWN,Neutered,2023-05-14T00:00:00.000,2024-01-28,STRAY,FLD_STRAY,HEALTHY,COUNTY
DOG,LABRADOR RETR/MIX,BLACK/WHITE,Female,,2024-01-28,CONFISCATE,FLD_ABAND,UNKNOWN,COUNTY
DOG,PIT BULL,WHITE/BROWN,Male,2017-01-30T00:00:00.000,2024-01-28,STRAY,FLD_STRAY,UNKNOWN,SANTA ROSA
DOG,SHIH TZU/MIX,BLACK/WHITE,Male,2023-11-16T00:00:00.000,2024-01-28,STRAY,FLD_STRAY,UNKNOWN,SANTA ROSA
DOG,SHIH TZU/MIX,WHITE/BLACK,Male,2023-11-16T00:00:00.000,2024-01-28,STRAY,FLD_STRAY,UNKNOWN,SANTA ROSA
DOG,SHIH TZU,WHITE,Male,2023-11-16T00:00:00.000,2024-01-28,STRAY,FLD_STRAY,UNKNOWN,SANTA ROSA
DOG,MALTESE,BLACK,Female,2021-07-30T00:00:00.000,2024-01-29,STRAY,FLD_STRAY,UNKNOWN,SANTA ROSA
DOG,BLACK/TAN HOUND,BLACK/TAN,Neutered,2005-01-08T00:00:00.000,2024-01-29,STRAY,FLD_STRAY,UNKNOWN,SANTA ROSA
DOG,AUST CATTLE DOG/MIX,TRICOLOR,Male,2021-01-30T00:00:00.000,2024-01-29,STRAY,FIELD,UNKNOWN,COUNTY
DOG,PUG,TAN/BLACK,Neutered,2022-02-21T00:00:00.000,2024-01-29,STRAY,FLD_STRAY,HEALTHY,SANTA ROSA
DOG,GERM SHEPHERD/MIX,TAN/BLACK,Female,2023-07-30T00:00:00.000,2024-01-29,STRAY,FIELD,UNKNOWN,COUNTY
DOG,BORDER COLLIE/MIX,BLACK/WHITE,Female,2023-07-30T00:00:00.000,2024-01-29,STRAY,FIELD,UNKNOWN,COUNTY
OTHER,BAT,BROWN,Unknown,,2024-01-30,QUARANTINE,FIELD,UNKNOWN,SANTA ROSA
OTHER,BAT,BROWN,Unknown,,2024-01-30,QUARANTINE,FIELD,UNKNOWN,SANTA ROSA
DOG,PIT BULL,WHITE/BLACK,Neutered,2022-01-31T00:00:00.000,2024-01-31,STRAY,FIELD,HEALTHY,COUNTY
OTHER,BAT,BROWN,Unknown,,2024-01-31,QUARANTINE,FIELD,UNKNOWN,COUNTY
DOG,PIT BULL/MIX,BR BRINDLE/WHITE,Female,,2024-01-31,STRAY,FIELD,UNKNOWN,SANTA ROSA
CAT,SIAMESE/MIX,TORTIE PT,Spayed,2022-10-31T00:00:00.000,2024-01-31,STRAY,FLD_STRAY,TREATABLE/REHAB,SANTA ROSA
DOG,SHIH TZU/MIX,WHITE/GOLD,Female,2023-01-16T00:00:00.000,2024-01-31,CONFISCATE,FLD_ARREST,HEALTHY,SANTA ROSA
DOG,GERM SHEPHERD,TAN/BLACK,Female,2019-12-31T00:00:00.000,2024-02-01,STRAY,FIELD,UNKNOWN,COUNTY
DOG,LABRADOR RETR/MIX,BLACK/TAN,Female,,2024-02-01,STRAY,OVER THE COUNTER,UNKNOWN,SANTA ROSA
DOG,LABRADOR RETR/MIX,BLACK/TAN,Male,,2024-02-01,STRAY,OVER THE COUNTER,UNKNOWN,SANTA ROSA
DOG,LABRADOR RETR,CHOCOLATE,Female,,2024-02-02,STRAY,FIELD,UNKNOWN,SANTA ROSA
DOG,BOSTON TERRIER,BLACK/WHITE,Spayed,2009-10-10T00:00:00.000,2024-02-02,STRAY,FIELD,UNKNOWN,COUNTY
DOG,MALTESE/MIX,TAN,Male,,2024-02-02,STRAY,OVER THE COUNTER,UNKNOWN,SANTA ROSA
DOG,FOX TERR WIRE,CHOCOLATE/WHITE,Female,,2024-02-02,STRAY,OVER THE COUNTER,UNKNOWN,SANTA ROSA
DOG,GERM SHEPHERD/MIX,BROWN,Neutered,2012-02-14T00:00:00.000,2024-02-02,STRAY,FIELD,UNKNOWN,COUNTY
DOG,WELSH CORGI PEM/MIX,BROWN,Neutered,2022-04-13T00:00:00.000,2024-02-03,STRAY,OVER THE COUNTER,UNKNOWN,SANTA ROSA
CAT,DOMESTIC SH,TORTIE/CALICO,Female,2022-02-14T00:00:00.000,2024-02-03,STRAY,OVER THE COUNTER,UNKNOWN,SANTA ROSA
DOG,SIBERIAN HUSKY,BLACK/WHITE,Female,2023-11-03T00:00:00.000,2024-02-03,STRAY,OVER THE COUNTER,UNKNOWN,SANTA ROSA
DOG,PIT BULL/MIX,BLACK/WHITE,Spayed,2023-11-18T00:00:00.000,2024-02-03,STRAY,OVER THE COUNTER,UNKNOWN,SANTA ROSA
DOG,TOY FOX TERRIER/MIX,BLACK/TAN,Female,,2024-02-03,CONFISCATE,FLD_ARREST,UNKNOWN,COUNTY
DOG,POODLE MIN/MIX,WHITE,Female,2014-02-05T00:00:00.000,2024-02-05,STRAY,FLD_STRAY,UNKNOWN,COUNTY
DOG,PIT BULL,BR BRINDLE/WHITE,Male,2012-02-06T00:00:00.000,2024-02-05,STRAY,FIELD,UNKNOWN,SANTA ROSA
CAT,DOMESTIC SH,BLACK/WHITE,Neutered,2023-02-05T00:00:00.000,2024-02-05,STRAY,FIELD,HEALTHY,SANTA ROSA
DOG,GERM SHEPHERD,BROWN/BLACK,Spayed,2023-12-05T00:00:00.000,2024-02-05,STRAY,FIELD,UNKNOWN,SANTA ROSA
CAT,DOMESTIC SH,BLACK,Male,,2024-02-05,STRAY,FIELD,UNKNOWN,SANTA ROSA
DOG,CHIHUAHUA SH,TAN,Spayed,2009-11-11T00:00:00.000,2024-02-05,CONFISCATE,FLD_HOSPTL,UNKNOWN,SANTA ROSA
DOG,GERM SHEPHERD,BROWN/BLACK,Female,2020-05-04T00:00:00.000,2024-02-06,STRAY,FIELD,UNKNOWN,SANTA ROSA
DOG,GERM SHEPHERD,BLACK,Male,2020-08-02T00:00:00.000,2024-02-06,STRAY,FIELD,UNKNOWN,COUNTY
DOG,SIBERIAN HUSKY/MIX,TRICOLOR,Spayed,2023-02-06T00:00:00.000,2024-02-06,STRAY,OVER THE COUNTER,UNKNOWN,COUNTY
OTHER,BAT,BROWN,Unknown,,2024-02-06,QUARANTINE,FIELD,UNKNOWN,PETALUMA
DOG,GREAT PYRENEES,WHITE,Neutered,2018-02-15T00:00:00.000,2024-02-06,QUARANTINE,FIELD,HEALTHY,COUNTY
DOG,GERM SHEPHERD,BLACK,Female,2022-02-07T00:00:00.000,2024-02-07,CONFISCATE,FLD_ARREST,UNKNOWN,SANTA ROSA
OTHER,RABBIT SH,BLACK/BROWN,Female,2022-03-23T00:00:00.000,2024-02-07,STRAY,FLD_STRAY,UNKNOWN,SANTA ROSA
OTHER,BAT,BLACK/BROWN,Unknown,,2024-02-07,QUARANTINE,FIELD,UNKNOWN,SANTA ROSA
DOG,PIT BULL/MIX,CHOCOLATE/WHITE,Neutered,2023-01-06T00:00:00.000,2024-02-07,STRAY,FIELD,HEALTHY,SANTA ROSA
DOG,BEAGLE/GERM SHEPHERD,TAN/BLACK,Male,,2024-02-07,STRAY,FIELD,UNKNOWN,SANTA ROSA
DOG,BELG MALINOIS,BROWN/BLACK,Spayed,2023-11-07T00:00:00.000,2024-02-07,STRAY,OVER THE COUNTER,UNKNOWN,SANTA ROSA
CAT,DOMESTIC MH,BRN TABBY/WHITE,Neutered,2022-02-14T00:00:00.000,2024-02-07,STRAY,OVER THE COUNTER,HEALTHY,SANTA ROSA
DOG,ANATOL SHEPHERD,FAWN/BLACK,Spayed,2019-02-08T00:00:00.000,2024-02-08,STRAY,FLD_STRAY,UNKNOWN,COUNTY
DOG,ANATOL SHEPHERD,FAWN/BLACK,Spayed,2019-02-08T00:00:00.000,2024-02-08,STRAY,FLD_STRAY,UNKNOWN,COUNTY
CAT,DOMESTIC SH,BRN TABBY,Spayed,2022-11-17T00:00:00.000,2024-02-08,OWNER SURRENDER,OVER THE COUNTER,UNKNOWN,SANTA ROSA
CAT,DOMESTIC SH,BLACK/WHITE,Female,2022-02-08T00:00:00.000,2024-02-08,CONFISCATE,FIELD,UNKNOWN,SANTA ROSA
CAT,DOMESTIC SH,BLACK/WHITE,Female,2022-02-08T00:00:00.000,2024-02-08,CONFISCATE,FIELD,UNKNOWN,SANTA ROSA
DOG,MASTIFF/MIX,BLACK/WHITE,Male,2022-02-08T00:00:00.000,2024-02-08,STRAY,OVER THE COUNTER,UNKNOWN,COUNTY
DOG,COCKER SPAN/MIX,WHITE/BLACK,Male,2023-11-22T00:00:00.000,2024-02-08,STRAY,FIELD,UNKNOWN,SANTA ROSA
DOG,QUEENSLAND HEEL,RED/WHITE,Spayed,,2024-02-08,STRAY,FIELD,UNKNOWN,SANTA ROSA
CAT,DOMESTIC SH,BRN TABBY,Female,2023-05-09T00:00:00.000,2024-02-09,CONFISCATE,FLD_EVICT,UNKNOWN,SANTA ROSA
CAT,DOMESTIC SH,BRN TABBY/WHITE,Female,2020-02-09T00:00:00.000,2024-02-09,CONFISCATE,FLD_EVICT,UNKNOWN,SANTA ROSA
DOG,BULL TERRIER,WHITE,Female,,2024-02-09,STRAY,OVER THE COUNTER,UNKNOWN,SANTA ROSA
DOG,BELG MALINOIS,TAN/BLACK,Spayed,2023-11-23T00:00:00.000,2024-02-09,STRAY,FIELD,HEALTHY,SANTA ROSA
DOG,BELG MALINOIS/MIX,TAN/BLACK,Male,2023-02-09T00:00:00.000,2024-02-09,STRAY,FIELD,UNKNOWN,SANTA ROSA
CAT,DOMESTIC SH,BRN TABBY/WHITE,Female,2023-05-09T00:00:00.000,2024-02-09,STRAY,OVER THE COUNTER,UNKNOWN,SANTA ROSA
DOG,CHIHUAHUA SH,WHITE/TAN,Male,2020-02-10T00:00:00.000,2024-02-09,CONFISCATE,FLD_ARREST,UNKNOWN,COUNTY
DOG,AUST CATTLE DOG,BLACK/TAN,Female,2020-02-10T00:00:00.000,2024-02-09,CONFISCATE,FLD_ARREST,UNKNOWN,COUNTY
DOG,CHIHUAHUA SH,TAN/WHITE,Female,,2024-02-10,STRAY,FLD_STRAY,UNKNOWN,SANTA ROSA
DOG,GREAT PYRENEES,WHITE,Female,2023-10-02T00:00:00.000,2024-02-10,STRAY,FIELD,UNKNOWN,COUNTY
DOG,GREAT PYRENEES,WHITE,Female,2023-10-02T00:00:00.000,2024-02-10,STRAY,FIELD,UNKNOWN,COUNTY
DOG,PIT BULL,WHITE/BLACK,Female,2018-02-03T00:00:00.000,2024-02-10,STRAY,OVER THE COUNTER,UNKNOWN,COUNTY
DOG,GERM SHEPHERD,BLACK,Male,2020-08-02T00:00:00.000,2024-02-10,CONFISCATE,FLD_ARREST,UNKNOWN,SANTA ROSA
DOG,DACHSHUND,BLACK/TAN,Female,2023-02-14T00:00:00.000,2024-02-10,STRAY,OVER THE COUNTER,UNKNOWN,COUNTY
DOG,PIT BULL/MIX,WHITE/BROWN,Female,2022-02-13T00:00:00.000,2024-02-10,STRAY,OVER THE COUNTER,UNKNOWN,COUNTY
DOG,PIT BULL/MIX,BR BRINDLE,Neutered,2018-02-13T00:00:00.000,2024-02-10,STRAY,OVER THE COUNTER,UNKNOWN,COUNTY
DOG,SIBERIAN HUSKY/MIX,BLACK/WHITE,Spayed,2016-02-10T00:00:00.000,2024-02-10,CONFISCATE,FIELD,HEALTHY,SANTA ROSA
CAT,DOMESTIC SH,BLACK/WHITE,Neutered,2016-02-10T00:00:00.000,2024-02-10,CONFISCATE,FIELD,UNKNOWN,SANTA ROSA
CAT,DOMESTIC SH,SLVR TABBY,Female,2015-02-13T00:00:00.000,2024-02-11,CONFISCATE,FLD_HOSPTL,UNKNOWN,COUNTY
CAT,SIAMESE,SEAL PT,Neutered,2010-03-04T00:00:00.000,2024-02-11,CONFISCATE,FLD_HOSPTL,UNKNOWN,COUNTY
CAT,DOMESTIC SH,WHITE/GRAY,Unknown,,2024-02-11,STRAY,FLD_STRAY,UNKNOWN,COUNTY
DOG,PIT BULL,BLACK,Neutered,2017-12-21T00:00:00.000,2024-02-12,STRAY,FIELD,UNKNOWN,SANTA ROSA
CAT,DOMESTIC SH,WHITE,Spayed,2022-02-13T00:00:00.000,2024-02-13,STRAY,OVER THE COUNTER,UNKNOWN,SANTA ROSA
CAT,DOMESTIC SH,GRAY,Unknown,,2024-02-13,STRAY,OVER THE COUNTER,TREATABLE/MANAGEABLE,SANTA ROSA
CAT,DOMESTIC SH,SEAL PT,Unknown,,2024-02-13,STRAY,OVER THE COUNTER,TREATABLE/MANAGEABLE,SANTA ROSA
CAT,DOMESTIC SH,BUFF/WHITE,Unknown,,2024-02-13,STRAY,OVER THE COUNTER,TREATABLE/MANAGEABLE,COUNTY
DOG,LABRADOR RETR,CHOCOLATE,Female,2016-02-13T00:00:00.000,2024-02-13,STRAY,OVER THE COUNTER,UNKNOWN,SANTA ROSA
DOG,CHIHUAHUA SH/PUG,TAN,Male,,2024-02-13,STRAY,FIELD,UNKNOWN,COUNTY
DOG,SIBERIAN HUSKY,RED/WHITE,Neutered,2014-08-21T00:00:00.000,2024-02-13,ADOPTION RETURN,OVER THE COUNTER,UNKNOWN,*SEBASTOPOL
DOG,ROTTWEILER/MIX,RED/BLACK,Female,2024-01-07T00:00:00.000,2024-02-13,STRAY,OVER THE COUNTER,UNKNOWN,COUNTY
DOG,ROTTWEILER/MIX,RED/BLACK,Spayed,2024-01-07T00:00:00.000,2024-02-13,STRAY,OVER THE COUNTER,UNKNOWN,COUNTY
DOG,ROTTWEILER/MIX,RED/BLACK,Female,2024-01-07T00:00:00.000,2024-02-13,STRAY,OVER THE COUNTER,UNKNOWN,COUNTY
DOG,ROTTWEILER/MIX,RED/BLACK,Spayed,2024-01-07T00:00:00.000,2024-02-13,STRAY,OVER THE COUNTER,TREATABLE/REHAB,COUNTY
DOG,PIT BULL,WHITE,Male,2013-10-25T00:00:00.000,2024-02-14,STRAY,FIELD,UNKNOWN,SANTA ROSA
DOG,LABRADOR RETR,BLACK,Male,2015-06-27T00:00:00.000,2024-02-14,STRAY,FIELD,UNKNOWN,SANTA ROSA
CAT,DOMESTIC SH,BLACK/WHITE,Unknown,,2024-02-14,STRAY,OVER THE COUNTER,UNKNOWN,SANTA ROSA
DOG,POMERANIAN,FAWN,Neutered,2012-12-16T00:00:00.000,2024-02-14,CONFISCATE,FLD_HOSPTL,UNKNOWN,SANTA ROSA
DOG,SIBERIAN HUSKY/MIX,GRAY/WHITE,Neutered,2022-10-08T00:00:00.000,2024-02-14,STRAY,FIELD,HEALTHY,COUNTY
DOG,BORDER COLLIE/MIX,GRAY/WHITE,Female,,2024-02-14,STRAY,FIELD,UNKNOWN,COUNTY
DOG,BORDER COLLIE/MIX,WHITE/BROWN,Male,2023-10-01T00:00:00.000,2024-02-14,STRAY,FIELD,UNKNOWN,COUNTY
DOG,SIBERIAN HUSKY/MIX,BLACK/TAN,Spayed,2018-06-27T00:00:00.000,2024-02-14,STRAY,FIELD,UNKNOWN,SANTA ROSA
DOG,AUST KELPIE/MIX,BLUE MERLE/BLACK,Male,2018-02-16T00:00:00.000,2024-02-14,STRAY,FIELD,UNKNOWN,SANTA ROSA
CAT,DOMESTIC SH,BLACK,Neutered,2022-02-15T00:00:00.000,2024-02-15,STRAY,OVER THE COUNTER,HEALTHY,COUNTY
CAT,DOMESTIC SH,BRN TABBY/WHITE,Female,2022-02-16T00:00:00.000,2024-02-16,STRAY,OVER THE COUNTER,UNKNOWN,COUNTY
DOG,PIT BULL,TAN,Male,,2024-02-16,STRAY,OVER THE COUNTER,UNKNOWN,SANTA ROSA
DOG,CHIHUAHUA SH,BLACK/WHITE,Neutered,2023-10-22T00:00:00.000,2024-02-16,ADOPTION RETURN,OVER THE COUNTER,UNKNOWN,COUNTY
DOG,SIBERIAN HUSKY/LABRADOR RETR,CREAM,Female,,2024-02-16,CONFISCATE,FLD_ARREST,UNKNOWN,COUNTY
DOG,SIBERIAN HUSKY/MIX,BLACK/WHITE,Female,,2024-02-16,STRAY,FIELD,UNKNOWN,SANTA ROSA
DOG,PIT BULL/MIX,BROWN,Male,,2024-02-16,STRAY,OVER THE COUNTER,UNKNOWN,COUNTY
CAT,BENGAL/AMER CURL SH,BRN TABBY,Male,2022-02-16T00:00:00.000,2024-02-16,STRAY,OVER THE COUNTER,UNKNOWN,SANTA ROSA
DOG,FOX TERR SMOOTH/MIX,WHITE/BLACK,Male,,2024-02-16,CONFISCATE,FLD_ARREST,UNKNOWN,WINDSOR
DOG,CHIHUAHUA SH/MIX,WHITE/TAN,Male,2016-08-20T00:00:00.000,2024-02-16,STRAY,FIELD,UNKNOWN,COUNTY
CAT,DOMESTIC LH,BUFF,Neutered,2023-05-17T00:00:00.000,2024-02-17,STRAY,OVER THE COUNTER,HEALTHY,SANTA ROSA
DOG,POODLE STND/MIX,WHITE,Male,,2024-02-17,STRAY,OVER THE COUNTER,UNKNOWN,SANTA ROSA
DOG,LABRADOR RETR,BLACK,Female,2023-12-17T00:00:00.000,2024-02-17,STRAY,OVER THE COUNTER,UNKNOWN,SANTA ROSA
DOG,ROTTWEILER/GERM SHEPHERD,BROWN/BLACK,Spayed,2020-11-02T00:00:00.000,2024-02-18,CONFISCATE,FIELD,UNKNOWN,COUNTY
DOG,GERM SHEPHERD,TAN/BLACK,Male,2020-02-20T00:00:00.000,2024-02-18,STRAY,FIELD,UNKNOWN,COUNTY
DOG,FOX TERR SMOOTH/MIX,WHITE/BLACK,Spayed,2021-04-04T00:00:00.000,2024-02-18,STRAY,FLD_STRAY,UNKNOWN,COUNTY
DOG,BELG MALINOIS,BROWN/BLACK,Female,2022-02-20T00:00:00.000,2024-02-20,STRAY,FIELD,UNKNOWN,SANTA ROSA
DOG,GERM SHEPHERD/MIX,TAN,Neutered,2022-02-01T00:00:00.000,2024-02-20,STRAY,FIELD,UNKNOWN,SANTA ROSA
DOG,PUG/MIX,BROWN/WHITE,Neutered,2022-08-20T00:00:00.000,2024-02-20,STRAY,FIELD,HEALTHY,SANTA ROSA
DOG,GERM SHEPHERD/MIX,BLACK/TAN,Male,2016-11-23T00:00:00.000,2024-02-20,STRAY,FIELD,UNKNOWN,SANTA ROSA
CAT,DOMESTIC SH,BLACK,Neutered,2021-02-20T00:00:00.000,2024-02-20,STRAY,OVER THE COUNTER,HEALTHY,SANTA ROSA
DOG,PLOTT HOUND/MIX,BR BRINDLE/BLACK,Spayed,2022-04-06T00:00:00.000,2024-02-20,STRAY,OVER THE COUNTER,UNKNOWN,COUNTY
DOG,GERM SHEPHERD/MIX,TRICOLOR,Neutered,2023-12-20T00:00:00.000,2024-02-20,STRAY,OVER THE COUNTER,UNKNOWN,COUNTY
DOG,GERM SHEPHERD/MIX,BROWN,Spayed,2023-12-20T00:00:00.000,2024-02-20,STRAY,OVER THE COUNTER,HEALTHY,COUNTY
DOG,GERM SHEPHERD/MIX,WHITE,Neutered,2023-12-20T00:00:00.000,2024-02-20,STRAY,OVER THE COUNTER,UNKNOWN,COUNTY
DOG,GERM SHEPHERD/MIX,WHITE,Neutered,2023-12-20T00:00:00.000,2024-02-20,STRAY,OVER THE COUNTER,UNKNOWN,COUNTY
DOG,GERM SHEPHERD/MIX,BLACK/BL BRINDLE,Spayed,2024-01-05T00:00:00.000,2024-02-20,STRAY,OVER THE COUNTER,UNKNOWN,COUNTY
DOG,GERM SHEPHERD/MIX,BROWN,Female,2024-01-05T00:00:00.000,2024-02-20,STRAY,OVER THE COUNTER,UNKNOWN,COUNTY
DOG,GERM SHEPHERD/MIX,BROWN,Female,2024-01-05T00:00:00.000,2024-02-20,STRAY,OVER THE COUNTER,UNKNOWN,COUNTY
DOG,GERM SHEPHERD/MIX,BROWN/BR BRINDLE,Spayed,2024-01-05T00:00:00.000,2024-02-20,STRAY,OVER THE COUNTER,HEALTHY,COUNTY
DOG,GERM SHEPHERD/MIX,BLACK/BR BRINDLE,Neutered,2024-01-02T00:00:00.000,2024-02-20,STRAY,OVER THE COUNTER,HEALTHY,COUNTY
DOG,GERM SHEPHERD/MIX,BROWN/BR BRINDLE,Male,2024-01-05T00:00:00.000,2024-02-20,STRAY,OVER THE COUNTER,UNKNOWN,COUNTY
DOG,DOBERMAN PINSCH,BROWN/TAN,Female,2021-02-20T00:00:00.000,2024-02-20,CONFISCATE,FLD_ARREST,UNKNOWN,SANTA ROSA
DOG,LABRADOR RETR/DOBERMAN PINSCH,CHOCOLATE,Female,2022-02-20T00:00:00.000,2024-02-20,STRAY,OVER THE COUNTER,UNKNOWN,COUNTY
DOG,LABRADOR RETR/DOBERMAN PINSCH,BLACK,Female,2024-01-17T00:00:00.000,2024-02-20,STRAY,OVER THE COUNTER,UNKNOWN,COUNTY
DOG,LABRADOR RETR/DOBERMAN PINSCH,TAN/BLACK,Male,2024-01-17T00:00:00.000,2024-02-20,STRAY,OVER THE COUNTER,UNKNOWN,COUNTY
DOG,LABRADOR RETR/DOBERMAN PINSCH,YELLOW,Female,2024-01-17T00:00:00.000,2024-02-20,STRAY,OVER THE COUNTER,UNKNOWN,COUNTY
DOG,LABRADOR RETR/DOBERMAN PINSCH,BLACK,Female,2024-01-17T00:00:00.000,2024-02-20,STRAY,OVER THE COUNTER,UNKNOWN,COUNTY
DOG,STAFFORDSHIRE/MIX,TAN/WHITE,Male,2022-12-23T00:00:00.000,2024-02-21,CONFISCATE,FLD_CRUEL,UNKNOWN,COUNTY
DOG,PIT BULL,WHITE/BLUE MERLE,Male,,2024-02-21,STRAY,OVER THE COUNTER,UNKNOWN,COUNTY
DOG,PIT BULL/MIX,BLACK/WHITE,Spayed,2022-02-21T00:00:00.000,2024-02-21,STRAY,FIELD,HEALTHY,SANTA ROSA
CAT,DOMESTIC SH,ORG TABBY,Neutered,2022-10-08T00:00:00.000,2024-02-21,STRAY,FIELD,HEALTHY,SANTA ROSA
DOG,LABRADOR RETR/AUST KELPIE,TAN/WHITE,Spayed,2015-08-22T00:00:00.000,2024-02-21,STRAY,FIELD,UNKNOWN,COUNTY
DOG,CHIHUAHUA SH/MIX,BLACK/TAN,Female,,2024-02-21,CONFISCATE,FLD_HOSPTL,UNKNOWN,COUNTY
DOG,YORKSHIRE TERR/MIX,TAN,Female,,2024-02-21,CONFISCATE,FLD_HOSPTL,UNKNOWN,COUNTY
DOG,PIT BULL,TAN/WHITE,Male,,2024-02-21,CONFISCATE,FLD_HOSPTL,UNKNOWN,COUNTY
OTHER,COCKATOO,WHITE/YELLOW,Male,,2024-02-21,CONFISCATE,FLD_HOSPTL,UNKNOWN,COUNTY
CAT,DOMESTIC SH,BLACK/WHITE,Neutered,2016-02-21T00:00:00.000,2024-02-21,CONFISCATE,FLD_HOSPTL,UNKNOWN,COUNTY
DOG,PIT BULL/MIX,RED/WHITE,Spayed,2022-08-08T00:00:00.000,2024-02-22,ADOPTION RETURN,OVER THE COUNTER,UNKNOWN,COUNTY
DOG,PIT BULL,TAN,Male,,2024-02-22,STRAY,FIELD,UNKNOWN,COUNTY
DOG,AUST SHEPHERD,TRICOLOR,Male,2021-02-21T00:00:00.000,2024-02-22,QUARANTINE,FIELD,UNKNOWN,HEALDSBURG
DOG,HARRIER,BLACK/WHITE,Neutered,2013-04-02T00:00:00.000,2024-02-22,STRAY,OVER THE COUNTER,UNKNOWN,SANTA ROSA
OTHER,BAT,BROWN,Unknown,,2024-02-23,QUARANTINE,FIELD,UNKNOWN,COUNTY
DOG,SIBERIAN HUSKY,GRAY/WHITE,Female,2015-02-24T00:00:00.000,2024-02-23,CONFISCATE,FLD_ARREST,UNKNOWN,SANTA ROSA
DOG,SIBERIAN HUSKY,GRAY/WHITE,Female,2022-02-24T00:00:00.000,2024-02-23,CONFISCATE,FLD_ARREST,UNKNOWN,SANTA ROSA
DOG,CHIHUAHUA SH/MIX,WHITE/TAN,Male,2019-02-23T00:00:00.000,2024-02-23,STRAY,OVER THE COUNTER,UNKNOWN,SANTA ROSA
DOG,LHASA APSO/MIX,BLACK,Female,2019-02-23T00:00:00.000,2024-02-23,STRAY,OVER THE COUNTER,UNKNOWN,SANTA ROSA
DOG,DOBERMAN PINSCH,FAWN/TAN,Spayed,2022-03-01T00:00:00.000,2024-02-23,STRAY,OVER THE COUNTER,UNKNOWN,COUNTY
DOG,CHIHUAHUA SH,TAN,Female,2023-01-11T00:00:00.000,2024-02-24,STRAY,OVER THE COUNTER,UNKNOWN,SANTA ROSA
DOG,SIBERIAN HUSKY,WHITE/TAN,Female,2022-02-24T00:00:00.000,2024-02-24,STRAY,OVER THE COUNTER,UNKNOWN,SANTA ROSA
CAT,DOMESTIC SH,BLACK,Neutered,2023-03-06T00:00:00.000,2024-02-24,STRAY,FLD_STRAY,HEALTHY,SANTA ROSA
DOG,AUST CATTLE DOG/MIX,TRICOLOR,Neutered,2016-09-22T00:00:00.000,2024-02-24,QUARANTINE,FIELD,UNKNOWN,SANTA ROSA
DOG,POMERANIAN,BLACK/TAN,Neutered,2013-01-01T00:00:00.000,2024-02-24,STRAY,OVER THE COUNTER,TREATABLE/REHAB,COUNTY
DOG,PIT BULL/MIX,BLACK/WHITE,Neutered,2022-10-20T00:00:00.000,2024-02-26,STRAY,FIELD,UNKNOWN,COUNTY
CAT,DOMESTIC SH,BRN TABBY/WHITE,Neutered,2006-06-06T00:00:00.000,2024-02-27,STRAY,OVER THE COUNTER,UNKNOWN,SANTA ROSA
DOG,FRENCH BULLDOG,BLUE MERLE/TAN,Male,2023-08-27T00:00:00.000,2024-02-27,STRAY,FIELD,UNKNOWN,SANTA ROSA
DOG,BORDER COLLIE,TRICOLOR,Spayed,2014-03-16T00:00:00.000,2024-02-27,STRAY,FIELD,UNKNOWN,COUNTY
DOG,AUST KELPIE/MIX,BROWN/TAN,Female,2022-02-27T00:00:00.000,2024-02-27,STRAY,OVER THE COUNTER,UNKNOWN,COUNTY
DOG,CHIHUAHUA SH,BLACK,Spayed,2016-06-11T00:00:00.000,2024-02-27,CONFISCATE,FLD_HOSPTL,UNKNOWN,SANTA ROSA
OTHER,BAT,BROWN,Unknown,,2024-02-27,QUARANTINE,FIELD,UNKNOWN,SANTA ROSA
CAT,DOMESTIC MH,BLACK,Unknown,,2024-02-28,STRAY,OVER THE COUNTER,UNKNOWN,COUNTY
DOG,GERM SHEPHERD/MIX,TAN/BLACK,Female,2023-07-30T00:00:00.000,2024-02-28,STRAY,FIELD,UNKNOWN,COUNTY
DOG,AUST CATTLE DOG/MIX,TRICOLOR,Male,2021-01-30T00:00:00.000,2024-02-28,STRAY,FIELD,UNKNOWN,COUNTY
CAT,DOMESTIC SH,BUFF,Spayed,2023-02-28T00:00:00.000,2024-02-28,STRAY,OVER THE COUNTER,HEALTHY,SANTA ROSA
DOG,GREAT DANE,TAN/RED MERLE,Female,,2024-02-28,STRAY,FIELD,UNKNOWN,SANTA ROSA
DOG,PIT BULL/MIX,BLACK/WHITE,Neutered,2023-03-25T00:00:00.000,2024-02-28,STRAY,OVER THE COUNTER,UNKNOWN,SANTA ROSA
DOG,GR SWISS MTN/MIX,WHITE/BROWN,Neutered,,2024-02-28,STRAY,FIELD,UNKNOWN,COUNTY
CAT,DOMESTIC SH,BUFF/ORG TABBY,Neutered,2016-03-16T00:00:00.000,2024-02-29,STRAY,OVER THE COUNTER,UNKNOWN,SANTA ROSA
OTHER,BAT,BROWN,Unknown,,2024-02-29,QUARANTINE,FIELD,UNKNOWN,SANTA ROSA
DOG,GERM SHEPHERD,BLACK/TAN,Spayed,2023-12-29T00:00:00.000,2024-02-29,STRAY,OVER THE COUNTER,HEALTHY,SANTA ROSA
OTHER,BAT,BROWN,Unknown,,2024-02-29,QUARANTINE,FIELD,UNKNOWN,COUNTY
DOG,ROTTWEILER,BLACK/TAN,Male,2017-09-01T00:00:00.000,2024-02-29,STRAY,FIELD,UNKNOWN,COUNTY
DOG,ROTTWEILER,BLACK/TAN,Male,2022-03-01T00:00:00.000,2024-02-29,STRAY,FIELD,UNKNOWN,COUNTY
DOG,GERM SHEPHERD/MIX,BLACK/WHITE,Spayed,2023-11-12T00:00:00.000,2024-02-29,ADOPTION RETURN,OVER THE COUNTER,UNKNOWN,SANTA ROSA
DOG,AUST SHEPHERD,BROWN,Female,2021-12-12T00:00:00.000,2024-03-01,CONFISCATE,FLD_ARREST,UNKNOWN,COUNTY
CAT,DOMESTIC MH,BRN TABBY,Neutered,2023-03-01T00:00:00.000,2024-03-01,STRAY,OVER THE COUNTER,HEALTHY,COUNTY
OTHER,BAT,BROWN,Unknown,,2024-03-01,QUARANTINE,FIELD,UNKNOWN,PETALUMA
DOG,GERM SHEPHERD,BLACK/TAN,Female,2022-09-01T00:00:00.000,2024-03-01,STRAY,FLD_STRAY,UNKNOWN,COUNTY
DOG,GERM SHEPHERD,BLACK/TAN,Neutered,2023-04-15T00:00:00.000,2024-03-01,STRAY,FLD_STRAY,HEALTHY,COUNTY
DOG,BORDER COLLIE/MIX,BLACK/WHITE,Female,2023-12-01T00:00:00.000,2024-03-01,STRAY,FIELD,UNKNOWN,COUNTY
DOG,AUST SHEPHERD/MIX,RED/WHITE,Neutered,2023-04-12T00:00:00.000,2024-03-01,STRAY,FIELD,HEALTHY,SANTA ROSA
CAT,DOMESTIC SH,BLACK,Female,,2024-03-02,STRAY,FLD_STRAY,UNKNOWN,COUNTY
CAT,DOMESTIC SH,BLACK,Unknown,,2024-03-03,STRAY,FIELD,UNKNOWN,SANTA ROSA
DOG,GREAT PYRENEES/MIX,WHITE,Spayed,2023-06-04T00:00:00.000,2024-03-04,STRAY,FIELD,UNKNOWN,COUNTY
DOG,PIT BULL/MIX,TAN/BLACK,Neutered,2023-03-04T00:00:00.000,2024-03-04,STRAY,FIELD,UNKNOWN,SANTA ROSA
DOG,PIT BULL/MIX,CHOCOLATE/WHITE,Female,2023-07-07T00:00:00.000,2024-03-05,CONFISCATE,FLD_ARREST,UNKNOWN,SANTA ROSA
CAT,SIAMESE/MIX,CREAM/BROWN,Female,,2024-03-05,STRAY,OVER THE COUNTER,UNKNOWN,SANTA ROSA
DOG,BELG MALINOIS,TAN/BLACK,Female,2023-06-07T00:00:00.000,2024-03-05,STRAY,FIELD,UNKNOWN,SANTA ROSA
DOG,BELG MALINOIS,TAN/BLACK,Male,2023-12-22T00:00:00.000,2024-03-05,STRAY,FIELD,UNKNOWN,SANTA ROSA
DOG,BLUETICK HOUND/AUST CATTLE DOG,TRICOLOR,Female,2019-09-05T00:00:00.000,2024-03-05,STRAY,EMAIL,UNKNOWN,COUNTY
CAT,DOMESTIC SH,ORANGE,Neutered,2021-03-05T00:00:00.000,2024-03-05,STRAY,FIELD,UNKNOWN,COUNTY
DOG,DOBERMAN PINSCH,BLACK/TAN,Female,2019-12-21T00:00:00.000,2024-03-06,CONFISCATE,FLD_ARREST,UNKNOWN,SANTA ROSA
DOG,BELG MALINOIS/MIX,RED/BLACK,Spayed,2020-03-02T00:00:00.000,2024-03-06,ADOPTION RETURN,OVER THE COUNTER,UNKNOWN,SANTA ROSA
DOG,BLACK/TAN HOUND/TR WALKER HOUND,BLACK/TAN,Neutered,2021-10-07T00:00:00.000,2024-03-06,STRAY,FIELD,UNKNOWN,COUNTY
DOG,ENG BULLDOG,BROWN/WHITE,Female,,2024-03-06,STRAY,EMAIL,UNKNOWN,SANTA ROSA
DOG,SIBERIAN HUSKY,WHITE,Male,,2024-03-06,STRAY,FLD_STRAY,UNKNOWN,COUNTY
DOG,MASTIFF,BR BRINDLE/WHITE,Neutered,,2024-03-06,STRAY,OVER THE COUNTER,UNKNOWN,SANTA ROSA
DOG,GERM SHEPHERD/MIX,TAN/BLACK,Spayed,2023-06-07T00:00:00.000,2024-03-07,ADOPTION RETURN,OVER THE COUNTER,UNKNOWN,SANTA ROSA
DOG,GERM SHEPHERD,BLACK/BROWN,Male,2022-03-07T00:00:00.000,2024-03-07,STRAY,FIELD,UNKNOWN,COUNTY
DOG,SIBERIAN HUSKY,BLACK/WHITE,Neutered,2022-09-08T00:00:00.000,2024-03-08,STRAY,FIELD,UNKNOWN,SANTA ROSA
CAT,SIAMESE/MIX,CREAM/BROWN,Female,,2024-03-08,OWNER SURRENDER,OVER THE COUNTER,TREATABLE/REHAB,SANTA ROSA
DOG,PIT BULL/MIX,BLACK/WHITE,Spayed,2023-06-10T00:00:00.000,2024-03-08,STRAY,FIELD,UNKNOWN,COUNTY
DOG,PIT BULL/MIX,CHOCOLATE/WHITE,Spayed,2023-06-08T00:00:00.000,2024-03-08,STRAY,FIELD,HEALTHY,COUNTY
DOG,PIT BULL/MIX,BROWN/TAN,Spayed,2023-06-08T00:00:00.000,2024-03-08,STRAY,FIELD,UNKNOWN,COUNTY
DOG,AUST SHEPHERD,RED,Neutered,2019-06-21T00:00:00.000,2024-03-08,CONFISCATE,FLD_HOSPTL,UNKNOWN,COUNTY
DOG,AUST SHEPHERD,BLUE MERLE,Spayed,2014-04-27T00:00:00.000,2024-03-08,CONFISCATE,FLD_HOSPTL,UNKNOWN,COUNTY
DOG,CANE CORSO,BLUE,Spayed,2015-05-01T00:00:00.000,2024-03-08,CONFISCATE,FLD_ABAND,UNKNOWN,SANTA ROSA
OTHER,BAT/MEX FREE-TAIL,BROWN,Unknown,,2024-03-09,QUARANTINE,FIELD,UNKNOWN,SANTA ROSA
DOG,GREAT PYRENEES,BUFF,Neutered,2022-10-12T00:00:00.000,2024-03-09,STRAY,OVER THE COUNTER,UNKNOWN,SANTA ROSA
DOG,FOX TERR WIRE,WHITE,Female,,2024-03-09,STRAY,FLD_STRAY,UNKNOWN,SANTA ROSA
DOG,BULL TERRIER,TRICOLOR,Male,,2024-03-09,STRAY,FIELD,UNKNOWN,SANTA ROSA
CAT,DOMESTIC SH,GRAY TABBY,Neutered,2019-03-19T00:00:00.000,2024-03-09,STRAY,FLD_STRAY,HEALTHY,COUNTY
DOG,FRENCH BULLDOG,WHITE,Male,2019-03-09T00:00:00.000,2024-03-09,STRAY,OVER THE COUNTER,UNKNOWN,SANTA ROSA
DOG,PUG,BROWN/BLACK,Female,2020-03-09T00:00:00.000,2024-03-09,STRAY,FIELD,UNKNOWN,SANTA ROSA
CAT,DOMESTIC MH,BLACK/WHITE,Neutered,2022-04-02T00:00:00.000,2024-03-11,STRAY,FIELD,UNKNOWN,SANTA ROSA
CAT,HIMALAYAN,CALICO,Female,,2024-03-11,CONFISCATE,FLD_HOSPTL,UNKNOWN,COUNTY
CAT,DOMESTIC MH,GRAY/WHITE,Neutered,,2024-03-11,CONFISCATE,FLD_HOSPTL,UNKNOWN,COUNTY
OTHER,BAT,BLACK,Unknown,,2024-03-12,QUARANTINE,OVER THE COUNTER,UNKNOWN,SANTA ROSA
DOG,PIT BULL,WHITE/BLACK,Male,2023-10-09T00:00:00.000,2024-03-12,OWNER SURRENDER,FIELD,UNKNOWN,COUNTY
DOG,SHIH TZU,CREAM,Female,2016-03-13T00:00:00.000,2024-03-12,STRAY,OVER THE COUNTER,UNKNOWN,SANTA ROSA
DOG,BEAGLE/CHINESE SHARPEI,RED,Male,2020-06-13T00:00:00.000,2024-03-12,STRAY,FIELD,UNKNOWN,COUNTY
DOG,BELG MALINOIS,TAN/BLACK,Female,2023-06-07T00:00:00.000,2024-03-12,STRAY,FIELD,UNKNOWN,SANTA ROSA
DOG,BELG MALINOIS,TAN/BLACK,Male,2023-12-22T00:00:00.000,2024-03-12,STRAY,FIELD,HEALTHY,SANTA ROSA
CAT,DOMESTIC SH,BRN TABBY,Spayed,2023-04-05T00:00:00.000,2024-03-12,STRAY,OVER THE COUNTER,HEALTHY,SANTA ROSA
CAT,DOMESTIC SH,BRN TABBY/WHITE,Neutered,2023-08-18T00:00:00.000,2024-03-12,STRAY,OVER THE COUNTER,HEALTHY,SANTA ROSA
OTHER,BAT,BROWN,Unknown,,2024-03-12,STRAY,FIELD,UNKNOWN,PETALUMA
OTHER,CHICKEN,RED,Female,,2024-03-12,STRAY,FIELD,UNKNOWN,SANTA ROSA
DOG,SIBERIAN HUSKY,WHITE/BLACK,Spayed,2022-03-13T00:00:00.000,2024-03-13,STRAY,FIELD,HEALTHY,COUNTY
DOG,SIBERIAN HUSKY,BLACK/BROWN,Neutered,2023-12-14T00:00:00.000,2024-03-13,STRAY,FIELD,HEALTHY,COUNTY
DOG,GREAT PYRENEES,WHITE,Female,2023-10-02T00:00:00.000,2024-03-13,STRAY,FIELD,UNKNOWN,COUNTY
DOG,GREAT PYRENEES,WHITE,Female,2023-10-02T00:00:00.000,2024-03-13,STRAY,FIELD,UNKNOWN,COUNTY
DOG,GOLDEN RETR,RED,Female,2015-03-13T00:00:00.000,2024-03-13,STRAY,OVER THE COUNTER,UNKNOWN,SANTA ROSA
DOG,LABRADOR RETR/MIX,BLACK/WHITE,Male,2023-09-25T00:00:00.000,2024-03-13,STRAY,FIELD,UNKNOWN,SANTA ROSA
DOG,LABRADOR RETR/MIX,BLACK/WHITE,Male,2023-09-25T00:00:00.000,2024-03-13,STRAY,FIELD,UNKNOWN,SANTA ROSA
DOG,PIT BULL/MIX,RED/WHITE,Female,,2024-03-13,STRAY,FIELD,UNKNOWN,SANTA ROSA
DOG,SIBERIAN HUSKY,WHITE/BLACK,Neutered,2021-09-06T00:00:00.000,2024-03-13,CONFISCATE,FLD_INVEST,UNKNOWN,SANTA ROSA
DOG,SIBERIAN HUSKY,WHITE/BLACK,Spayed,2021-11-01T00:00:00.000,2024-03-13,CONFISCATE,FLD_INVEST,UNKNOWN,SANTA ROSA
DOG,PIT BULL/MIX,BL BRINDLE,Female,2023-03-13T00:00:00.000,2024-03-13,STRAY,OVER THE COUNTER,UNKNOWN,SANTA ROSA
DOG,PIT BULL/MIX,BR BRINDLE/WHITE,Spayed,2022-03-13T00:00:00.000,2024-03-13,STRAY,OVER THE COUNTER,UNKNOWN,SANTA ROSA
DOG,GERM SHEPHERD,TRICOLOR,Spayed,2023-03-13T00:00:00.000,2024-03-13,STRAY,OVER THE COUNTER,UNKNOWN,SANTA ROSA
DOG,PIT BULL/MIX,CHOCOLATE/WHITE,Neutered,2023-01-06T00:00:00.000,2024-03-13,ADOPTION RETURN,OVER THE COUNTER,UNKNOWN,COUNTY
DOG,PIT BULL,WHITE/BROWN,Female,,2024-03-13,STRAY,FLD_STRAY,UNKNOWN,SANTA ROSA
DOG,PIT BULL,BLACK/WHITE,Female,2024-03-12T00:00:00.000,2024-03-13,STRAY,FLD_STRAY,UNKNOWN,SANTA ROSA
DOG,PIT BULL,BLACK/WHITE,Male,,2024-03-13,STRAY,FLD_STRAY,UNKNOWN,SANTA ROSA
DOG,PIT BULL,BLACK/WHITE,Female,,2024-03-13,STRAY,FLD_STRAY,UNKNOWN,SANTA ROSA
DOG,PIT BULL,BLACK/WHITE,Female,,2024-03-13,STRAY,FLD_STRAY,UNKNOWN,SANTA ROSA
DOG,PIT BULL,TAN/WHITE,Male,2024-03-21T00:00:00.000,2024-03-13,STRAY,FLD_STRAY,UNKNOWN,SANTA ROSA
DOG,PIT BULL,WHITE/BLACK,Male,2024-03-21T00:00:00.000,2024-03-13,STRAY,FLD_STRAY,UNKNOWN,SANTA ROSA
DOG,PIT BULL,TAN,Female,2024-03-21T00:00:00.000,2024-03-13,STRAY,FLD_STRAY,UNKNOWN,SANTA ROSA
DOG,PIT BULL,TAN/WHITE,Male,2024-03-21T00:00:00.000,2024-03-13,STRAY,FLD_STRAY,UNKNOWN,SANTA ROSA
DOG,CHIHUAHUA SH,TAN,Neutered,2014-03-14T00:00:00.000,2024-03-13,STRAY,FIELD,UNKNOWN,SANTA ROSA
DOG,PIT BULL,WHITE/BLACK,Male,2024-03-21T00:00:00.000,2024-03-13,STRAY,FLD_STRAY,UNKNOWN,SANTA ROSA
DOG,CHIHUAHUA SH,BROWN,Male,2008-04-14T00:00:00.000,2024-03-13,STRAY,OVER THE COUNTER,UNKNOWN,COUNTY
DOG,PIT BULL/MIX,BROWN,Neutered,2021-04-08T00:00:00.000,2024-03-14,CONFISCATE,FLD_ARREST,UNKNOWN,SANTA ROSA
DOG,SIBERIAN HUSKY,BLACK/WHITE,Neutered,2022-09-08T00:00:00.000,2024-03-14,STRAY,FIELD,UNKNOWN,SANTA ROSA
DOG,SIBERIAN HUSKY,BLACK/WHITE,Neutered,2022-09-14T00:00:00.000,2024-03-14,STRAY,FIELD,UNKNOWN,HEALDSBURG
CAT,SIAMESE/MIX,BRN TABBY/CREAM,Neutered,2023-03-14T00:00:00.000,2024-03-14,STRAY,OVER THE COUNTER,HEALTHY,COUNTY
CAT,DOMESTIC SH,ORG TABBY,Spayed,2022-09-14T00:00:00.000,2024-03-14,STRAY,FIELD,UNKNOWN,SANTA ROSA
CAT,DOMESTIC SH,ORG TABBY,Neutered,2024-03-14T00:00:00.000,2024-03-14,STRAY,FIELD,HEALTHY,SANTA ROSA
CAT,DOMESTIC SH,BRN TABBY/TORTIE,Spayed,2024-03-14T00:00:00.000,2024-03-14,STRAY,FIELD,UNKNOWN,SANTA ROSA
CAT,DOMESTIC SH,GRAY TABBY/BLUE CREAM,Spayed,2024-03-14T00:00:00.000,2024-03-14,STRAY,FIELD,UNKNOWN,SANTA ROSA
DOG,GERM SHEPHERD/GOLDEN RETR,RED,Male,,2024-03-14,STRAY,FIELD,UNKNOWN,COUNTY
CAT,DOMESTIC SH,BRN TABBY/CREAM,Spayed,2022-03-14T00:00:00.000,2024-03-14,STRAY,OVER THE COUNTER,HEALTHY,COUNTY
CAT,DOMESTIC SH,TORTIE,Female,2023-03-14T00:00:00.000,2024-03-14,STRAY,OVER THE COUNTER,UNKNOWN,SANTA ROSA
CAT,DOMESTIC SH,ORG TABBY,Unknown,2024-03-10T00:00:00.000,2024-03-14,STRAY,OVER THE COUNTER,UNKNOWN,SANTA ROSA
CAT,DOMESTIC SH,ORG TABBY,Unknown,2024-03-10T00:00:00.000,2024-03-14,STRAY,OVER THE COUNTER,UNKNOWN,SANTA ROSA
CAT,DOMESTIC SH,ORG TABBY,Unknown,2024-03-10T00:00:00.000,2024-03-14,STRAY,OVER THE COUNTER,UNKNOWN,SANTA ROSA
CAT,DOMESTIC SH,SLVR TABBY,Unknown,2024-03-10T00:00:00.000,2024-03-14,STRAY,OVER THE COUNTER,UNKNOWN,SANTA ROSA
DOG,GERM SHEPHERD,BLACK/BROWN,Neutered,2023-03-15T00:00:00.000,2024-03-15,STRAY,OVER THE COUNTER,UNKNOWN,COUNTY
DOG,DOBERMAN PINSCH,BLACK/TAN,Neutered,2023-03-15T00:00:00.000,2024-03-15,STRAY,OVER THE COUNTER,UNKNOWN,SANTA ROSA
DOG,DOBERMAN PINSCH,BLACK/TAN,Neutered,2022-04-05T00:00:00.000,2024-03-15,STRAY,OVER THE COUNTER,UNKNOWN,SANTA ROSA
DOG,RHOD RIDGEBACK/MIX,BROWN,Female,,2024-03-15,STRAY,FIELD,UNKNOWN,COUNTY
DOG,SCHNAUZER MIN,WHITE/BLACK,Neutered,2009-09-28T00:00:00.000,2024-03-15,STRAY,FIELD,UNKNOWN,SANTA ROSA
CAT,DOMESTIC SH,BLACK/WHITE,Female,,2024-03-16,STRAY,OVER THE COUNTER,HEALTHY,COUNTY
CAT,DOMESTIC SH,GRAY,Unknown,2024-03-13T00:00:00.000,2024-03-16,STRAY,OVER THE COUNTER,UNKNOWN,COUNTY
CAT,DOMESTIC SH,GRAY,Unknown,2024-03-13T00:00:00.000,2024-03-16,STRAY,OVER THE COUNTER,UNKNOWN,COUNTY
CAT,DOMESTIC SH,GRAY,Unknown,2024-03-13T00:00:00.000,2024-03-16,STRAY,OVER THE COUNTER,UNKNOWN,COUNTY
CAT,DOMESTIC SH,GRAY,Unknown,2024-03-13T00:00:00.000,2024-03-16,STRAY,OVER THE COUNTER,UNKNOWN,COUNTY
CAT,DOMESTIC SH,GRAY,Unknown,2024-03-13T00:00:00.000,2024-03-16,STRAY,OVER THE COUNTER,UNKNOWN,COUNTY
CAT,DOMESTIC SH,GRAY,Unknown,2024-03-13T00:00:00.000,2024-03-16,STRAY,OVER THE COUNTER,UNKNOWN,COUNTY
OTHER,BAT,BROWN,Unknown,,2024-03-16,QUARANTINE,OVER THE COUNTER,UNKNOWN,COUNTY
DOG,YORKSHIRE TERR/MIX,BLACK/TAN,Spayed,2008-02-16T00:00:00.000,2024-03-16,STRAY,OVER THE COUNTER,UNKNOWN,COUNTY
DOG,AMER BULLDOG/MIX,BLACK/WHITE,Neutered,2021-04-22T00:00:00.000,2024-03-16,CONFISCATE,FLD_INVEST,UNKNOWN,COUNTY
DOG,CHIHUAHUA SH/MIX,TRICOLOR,Neutered,2008-11-23T00:00:00.000,2024-03-16,STRAY,OVER THE COUNTER,UNKNOWN,SANTA ROSA
DOG,YORKSHIRE TERR/MIX,BLACK/BROWN,Spayed,2019-05-14T00:00:00.000,2024-03-16,CONFISCATE,FLD_HOSPTL,UNKNOWN,SANTA ROSA
DOG,SCHNAUZER MIN,GRAY/WHITE,Female,2022-03-16T00:00:00.000,2024-03-16,CONFISCATE,FLD_HOSPTL,UNKNOWN,SANTA ROSA
CAT,DOMESTIC SH,TORTIE,Spayed,2022-04-01T00:00:00.000,2024-03-16,CONFISCATE,FLD_HOSPTL,UNKNOWN,SANTA ROSA
CAT,DOMESTIC SH,BLACK/WHITE,Unknown,,2024-03-16,STRAY,FIELD,UNKNOWN,SANTA ROSA
DOG,GREAT PYRENEES,WHITE,Neutered,2022-03-20T00:00:00.000,2024-03-17,STRAY,FIELD,UNKNOWN,COUNTY
DOG,GREAT PYRENEES,WHITE,Female,2022-03-20T00:00:00.000,2024-03-17,STRAY,FIELD,UNKNOWN,COUNTY
DOG,SIBERIAN HUSKY,RED/WHITE,Male,,2024-03-17,QUARANTINE,FIELD,UNKNOWN,SANTA ROSA
DOG,GREAT PYRENEES/MIX,WHITE/CREAM,Spayed,2022-04-16T00:00:00.000,2024-03-17,STRAY,FIELD,UNKNOWN,COUNTY
DOG,PARSON RUSS TER/MIX,BROWN/WHITE,Male,2015-10-31T00:00:00.000,2024-03-18,STRAY,FIELD,UNKNOWN,SANTA ROSA
DOG,YORKSHIRE TERR/MIX,TAN,Female,,2024-03-18,CONFISCATE,FLD_HOSPTL,UNKNOWN,COUNTY
OTHER,COCKATOO,WHITE/YELLOW,Male,,2024-03-18,CONFISCATE,FLD_HOSPTL,UNKNOWN,COUNTY
DOG,PIT BULL,TAN/WHITE,Male,,2024-03-18,CONFISCATE,FLD_HOSPTL,UNKNOWN,COUNTY
DOG,CHIHUAHUA SH/MIX,BLACK/TAN,Female,,2024-03-18,CONFISCATE,FLD_HOSPTL,UNKNOWN,COUNTY
CAT,DOMESTIC SH,GRAY/WHITE,Female,,2024-03-18,CONFISCATE,FLD_HOSPTL,UNKNOWN,SANTA ROSA
DOG,GERM SHEPHERD,TAN/BLACK,Neutered,2023-11-03T00:00:00.000,2024-03-18,STRAY,FIELD,UNKNOWN,SANTA ROSA
DOG,GOLDEN RETR/MIX,GOLD,Spayed,2023-11-03T00:00:00.000,2024-03-18,STRAY,FIELD,UNKNOWN,SANTA ROSA
DOG,AMER BULLDOG/MIX,BLACK/WHITE,Neutered,2021-04-22T00:00:00.000,2024-03-19,OWNER SURRENDER,OVER THE COUNTER,UNKNOWN,COUNTY
DOG,LABRADOR RETR/MIX,CHOCOLATE,Male,2022-09-11T00:00:00.000,2024-03-19,STRAY,FIELD,UNKNOWN,COUNTY
OTHER,GUINEA PIG,BLACK/WHITE,Male,,2024-03-19,STRAY,FLD_STRAY,UNKNOWN,SANTA ROSA
OTHER,GUINEA PIG,BROWN/WHITE,Female,,2024-03-19,STRAY,FLD_STRAY,UNKNOWN,SANTA ROSA
DOG,GOLDEN RETR/COCKER SPAN,TAN/WHITE,Neutered,2021-04-18T00:00:00.000,2024-03-19,STRAY,FLD_STRAY,UNKNOWN,SANTA ROSA
DOG,GERM SHEPHERD,BROWN/BLACK,Male,2020-03-19T00:00:00.000,2024-03-19,STRAY,FLD_STRAY,UNKNOWN,COUNTY
DOG,PIT BULL,BLACK/WHITE,Male,2021-12-19T00:00:00.000,2024-03-19,STRAY,FIELD,HEALTHY,SANTA ROSA
DOG,ROTTWEILER/MIX,BLACK/BR BRINDLE,Female,2023-11-19T00:00:00.000,2024-03-19,STRAY,FIELD,UNKNOWN,SANTA ROSA
DOG,CHIHUAHUA SH,WHITE/BROWN,Female,,2024-03-19,STRAY,OVER THE COUNTER,UNKNOWN,SANTA ROSA
CAT,DOMESTIC SH,WHITE/BLACK,Unknown,,2024-03-19,STRAY,OVER THE COUNTER,UNKNOWN,COUNTY
CAT,DOMESTIC SH,WHITE/BLACK,Unknown,,2024-03-19,STRAY,OVER THE COUNTER,UNKNOWN,COUNTY
DOG,PIT BULL/MIX,BR BRINDLE,Male,2022-12-12T00:00:00.000,2024-03-19,CONFISCATE,FIELD,UNKNOWN,COUNTY
DOG,RHOD RIDGEBACK/MIX,BROWN,Female,,2024-03-19,OWNER SURRENDER,FIELD,UNKNOWN,OUT OF COUNTY
CAT,DOMESTIC SH,GRAY,Female,2023-11-23T00:00:00.000,2024-03-20,STRAY,OVER THE COUNTER,UNKNOWN,COUNTY
DOG,PIT BULL,BLACK/WHITE,Spayed,2022-03-20T00:00:00.000,2024-03-20,STRAY,OVER THE COUNTER,UNKNOWN,SANTA ROSA
DOG,PIT BULL,BLACK/WHITE,Spayed,2022-03-20T00:00:00.000,2024-03-20,STRAY,OVER THE COUNTER,UNKNOWN,SANTA ROSA
DOG,PIT BULL,BROWN,Neutered,2019-01-30T00:00:00.000,2024-03-20,CONFISCATE,FLD_ARREST,UNKNOWN,SANTA ROSA
DOG,BELG MALINOIS,TAN,Male,,2024-03-21,STRAY,FIELD,UNKNOWN,COUNTY
DOG,LABRADOR RETR/MIX,TAN/BLACK,Neutered,2023-11-14T00:00:00.000,2024-03-21,OWNER SURRENDER,OVER THE COUNTER,HEALTHY,SANTA ROSA
DOG,GREAT PYRENEES,WHITE,Spayed,2019-07-26T00:00:00.000,2024-03-21,ADOPTION RETURN,OVER THE COUNTER,HEALTHY,COUNTY
CAT,DOMESTIC SH,GRAY TABBY,Spayed,2021-12-18T00:00:00.000,2024-03-21,STRAY,FIELD,HEALTHY,SANTA ROSA
DOG,PIT BULL,BLACK/WHITE,Male,2020-04-04T00:00:00.000,2024-03-21,STRAY,FLD_STRAY,UNKNOWN,SANTA ROSA
DOG,PIT BULL,GRAY,Female,2022-11-11T00:00:00.000,2024-03-21,STRAY,FLD_STRAY,UNKNOWN,SANTA ROSA
DOG,BEAGLE/ENG COCKER SPAN,BLACK/WHITE,Female,2018-03-21T00:00:00.000,2024-03-21,STRAY,OVER THE COUNTER,HEALTHY,SANTA ROSA
CAT,SIAMESE/MIX,FLAME PT,Spayed,2015-03-22T00:00:00.000,2024-03-21,STRAY,OVER THE COUNTER,HEALTHY,COUNTY
OTHER,BAT,BROWN,Unknown,,2024-03-22,QUARANTINE,FIELD,UNKNOWN,COUNTY
CAT,DOMESTIC SH,CALICO,Spayed,2016-03-22T00:00:00.000,2024-03-22,STRAY,OVER THE COUNTER,UNKNOWN,COUNTY
DOG,AUST CATTLE DOG,BLUE/TAN,Neutered,2021-04-17T00:00:00.000,2024-03-22,CONFISCATE,FIELD,UNKNOWN,COUNTY
DOG,AUST CATTLE DOG,BLUE/TAN,Neutered,2022-06-01T00:00:00.000,2024-03-22,CONFISCATE,FIELD,UNKNOWN,COUNTY
DOG,AMER BULLDOG/MIX,GRAY/WHITE,Neutered,2022-10-29T00:00:00.000,2024-03-22,OWNER SURRENDER,FIELD,HEALTHY,COUNTY
DOG,PIT BULL,GRAY/WHITE,Male,2018-04-16T00:00:00.000,2024-03-22,STRAY,FIELD,UNKNOWN,SANTA ROSA
OTHER,HORSE,WHITE,Male,,2024-03-22,CONFISCATE,FLD_CRUEL,UNKNOWN,COUNTY
OTHER,HORSE,BROWN,Male,2014-04-03T00:00:00.000,2024-03-22,CONFISCATE,FLD_CRUEL,UNKNOWN,COUNTY
OTHER,HORSE,BROWN,Female,2020-04-03T00:00:00.000,2024-03-22,CONFISCATE,FLD_CRUEL,UNKNOWN,COUNTY
OTHER,HORSE,BROWN/WHITE,Female,,2024-03-22,CONFISCATE,FLD_CRUEL,UNKNOWN,COUNTY
DOG,MALTESE,BLACK,Spayed,2021-04-16T00:00:00.000,2024-03-23,STRAY,OVER THE COUNTER,UNKNOWN,COUNTY
DOG,JACK/CHIHUAHUA SH,CREAM/WHITE,Neutered,2021-04-10T00:00:00.000,2024-03-23,STRAY,OVER THE COUNTER,UNKNOWN,COUNTY
CAT,DOMESTIC SH,BRN TABBY,Male,,2024-03-23,STRAY,FIELD,UNKNOWN,COUNTY
DOG,SIBERIAN HUSKY/GERM SHEPHERD,BLACK/WHITE,Neutered,2015-04-26T00:00:00.000,2024-03-23,STRAY,OVER THE COUNTER,UNKNOWN,COUNTY
OTHER,RABBIT SH,WHITE,Neutered,2023-01-30T00:00:00.000,2024-03-23,STRAY,FLD_STRAY,HEALTHY,SANTA ROSA
DOG,PIT BULL,BR BRINDLE/WHITE,Neutered,,2024-03-23,STRAY,OVER THE COUNTER,UNKNOWN,COUNTY
DOG,PIT BULL,BR BRINDLE/WHITE,Neutered,2016-07-27T00:00:00.000,2024-03-24,STRAY,FLD_STRAY,UNKNOWN,COUNTY
DOG,GERM SHEPHERD/MIX,BROWN/BLACK,Spayed,2022-05-17T00:00:00.000,2024-03-24,STRAY,FLD_STRAY,HEALTHY,COUNTY
DOG,CAIRN TERRIER/MIX,CREAM,Spayed,2018-04-11T00:00:00.000,2024-03-24,STRAY,OVER THE COUNTER,UNKNOWN,SANTA ROSA
OTHER,BAT,BROWN,Unknown,,2024-03-24,QUARANTINE,FIELD,UNKNOWN,COUNTY
CAT,DOMESTIC SH,TORTIE/BRN TABBY,Female,2022-03-25T00:00:00.000,2024-03-25,STRAY,FIELD,UNKNOWN,SANTA ROSA
CAT,DOMESTIC SH,ORANGE,Female,2024-03-22T00:00:00.000,2024-03-25,STRAY,FIELD,UNKNOWN,SANTA ROSA
CAT,DOMESTIC SH,ORANGE,Male,2024-03-22T00:00:00.000,2024-03-25,STRAY,FIELD,UNKNOWN,SANTA ROSA
CAT,DOMESTIC SH,BRN TABBY/TORTIE,Female,2024-03-22T00:00:00.000,2024-03-25,STRAY,FIELD,UNKNOWN,SANTA ROSA
CAT,DOMESTIC SH,BLACK,Male,2024-03-22T00:00:00.000,2024-03-25,STRAY,FIELD,UNKNOWN,SANTA ROSA
DOG,PIT BULL/MIX,BLACK/WHITE,Male,2020-03-25T00:00:00.000,2024-03-25,CONFISCATE,FLD_ARREST,UNKNOWN,SANTA ROSA
DOG,PIT BULL/MIX,BLACK/WHITE,Male,2019-03-25T00:00:00.000,2024-03-25,CONFISCATE,FLD_ARREST,UNKNOWN,SANTA ROSA
DOG,GERM SHEPHERD,TAN/BLACK,Neutered,2023-07-17T00:00:00.000,2024-03-25,STRAY,FLD_STRAY,UNKNOWN,SANTA ROSA
DOG,CHIHUAHUA SH/PARSON RUSS TER,WHITE/BLACK,Neutered,2016-11-20T00:00:00.000,2024-03-25,STRAY,FLD_STRAY,UNKNOWN,COUNTY
DOG,SHIH TZU,TAN,Female,2014-05-26T00:00:00.000,2024-03-26,STRAY,OVER THE COUNTER,UNKNOWN,COUNTY
DOG,LABRADOR RETR/MIX,TAN/WHITE,Female,2023-06-26T00:00:00.000,2024-03-26,STRAY,OVER THE COUNTER,UNKNOWN,COUNTY
DOG,BORDER COLLIE,BROWN/WHITE,Spayed,2022-04-26T00:00:00.000,2024-03-26,STRAY,OVER THE COUNTER,UNKNOWN,SANTA ROSA
DOG,CHIHUAHUA SH,BLACK/WHITE,Spayed,2021-11-13T00:00:00.000,2024-03-26,CONFISCATE,FLD_HOSPTL,UNKNOWN,SANTA ROSA
DOG,CHIHUAHUA SH,WHITE/TAN,Spayed,2021-11-13T00:00:00.000,2024-03-26,CONFISCATE,FLD_HOSPTL,UNKNOWN,SANTA ROSA
DOG,LABRADOR RETR/MIX,TAN/BLACK,Spayed,2023-10-10T00:00:00.000,2024-03-27,OWNER SURRENDER,OVER THE COUNTER,HEALTHY,SANTA ROSA
DOG,SIBERIAN HUSKY,WHITE,Male,2021-03-25T00:00:00.000,2024-03-27,QUARANTINE,FIELD,UNKNOWN,SANTA ROSA
DOG,CHIHUAHUA SH/MIX,WHITE/BLACK,Male,2013-05-01T00:00:00.000,2024-03-27,STRAY,FLD_STRAY,UNKNOWN,SANTA ROSA
DOG,CHIHUAHUA SH/MIX,BROWN/WHITE,Neutered,2022-03-28T00:00:00.000,2024-03-28,STRAY,FLD_STRAY,HEALTHY,SANTA ROSA
OTHER,CHICKEN,RED/BLACK,Male,,2024-03-28,CONFISCATE,FLD_ABAND,UNKNOWN,SANTA ROSA
OTHER,CHICKEN,BLACK,Female,,2024-03-28,CONFISCATE,FLD_ABAND,UNKNOWN,SANTA ROSA
OTHER,CHICKEN,BLACK,Female,,2024-03-28,CONFISCATE,FLD_ABAND,UNKNOWN,SANTA ROSA
OTHER,CHICKEN,BLACK,Female,,2024-03-28,CONFISCATE,FLD_ABAND,UNKNOWN,SANTA ROSA
OTHER,CHICKEN,BLACK,Female,,2024-03-28,CONFISCATE,FLD_ABAND,UNKNOWN,SANTA ROSA
DOG,CHIHUAHUA SH/PUG,BLACK/WHITE,Spayed,2023-01-26T00:00:00.000,2024-03-28,STRAY,OVER THE COUNTER,UNKNOWN,SANTA ROSA
DOG,CHIHUAHUA SH/MIX,BROWN/BLACK,Male,2014-03-28T00:00:00.000,2024-03-28,STRAY,FIELD,UNKNOWN,SANTA ROSA
CAT,DOMESTIC SH,GRAY TABBY,Spayed,2020-03-29T00:00:00.000,2024-03-28,STRAY,FIELD,HEALTHY,SANTA ROSA
CAT,DOMESTIC SH,BLACK,Spayed,2019-05-01T00:00:00.000,2024-03-28,STRAY,FIELD,UNKNOWN,SANTA ROSA
CAT,DOMESTIC SH,BLACK,Neutered,2022-04-22T00:00:00.000,2024-03-28,STRAY,FIELD,HEALTHY,SANTA ROSA
DOG,AUST CATTLE DOG,BLUE/TAN,Neutered,2022-06-01T00:00:00.000,2024-03-28,OWNER SURRENDER,FIELD,UNKNOWN,COUNTY
OTHER,HORSE,BROWN,Male,2014-04-03T00:00:00.000,2024-03-28,OWNER SURRENDER,FIELD,UNKNOWN,COUNTY
DOG,AUST CATTLE DOG,BLUE/TAN,Neutered,2021-04-17T00:00:00.000,2024-03-28,OWNER SURRENDER,FIELD,HEALTHY,COUNTY
OTHER,HORSE,BROWN,Female,2020-04-03T00:00:00.000,2024-03-28,OWNER SURRENDER,FIELD,UNKNOWN,COUNTY
OTHER,HORSE,WHITE,Male,,2024-03-28,OWNER SURRENDER,FIELD,UNKNOWN,COUNTY
DOG,PIT BULL,TRICOLOR/FAWN,Female,,2024-03-29,STRAY,OVER THE COUNTER,UNKNOWN,COUNTY
CAT,DOMESTIC LH,GRAY,Neutered,2021-03-29T00:00:00.000,2024-03-29,STRAY,OVER THE COUNTER,UNKNOWN,COUNTY
DOG,AUST CATTLE DOG,BLUE MERLE,Male,2016-12-21T00:00:00.000,2024-03-29,CONFISCATE,FLD_ARREST,UNKNOWN,SANTA ROSA
DOG,AUST CATTLE DOG,BROWN/BLACK,Male,2023-03-29T00:00:00.000,2024-03-29,CONFISCATE,FLD_ARREST,UNKNOWN,SANTA ROSA
OTHER,BAT,BROWN,Unknown,,2024-03-29,QUARANTINE,FIELD,UNKNOWN,COUNTY
DOG,GERM SHEPHERD/MIX,TAN,Male,2020-03-30T00:00:00.000,2024-03-30,STRAY,FIELD,UNKNOWN,*SONOMA
DOG,PARSON RUSS TER,WHITE/BROWN,Neutered,2014-05-17T00:00:00.000,2024-03-30,STRAY,OVER THE COUNTER,UNKNOWN,SANTA ROSA
DOG,GERM SHEPHERD,BLACK/TAN,Spayed,2013-03-10T00:00:00.000,2024-03-30,QUARANTINE,FIELD,UNKNOWN,COUNTY
CAT,DOMESTIC SH,BLACK/WHITE,Female,,2024-03-30,STRAY,OVER THE COUNTER,UNTREATABLE,SANTA ROSA
DOG,AKITA,TAN/WHITE,Neutered,2012-08-15T00:00:00.000,2024-03-30,STRAY,FIELD,UNKNOWN,COUNTY
CAT,DOMESTIC SH,BLACK,Unknown,,2024-04-01,STRAY,FIELD,UNKNOWN,COUNTY
DOG,GERM SHEPHERD,BLACK/BROWN,Male,2013-08-18T00:00:00.000,2024-04-01,STRAY,FIELD,UNKNOWN,SANTA ROSA
DOG,DOBERMAN PINSCH,BLACK/BROWN,Female,2023-04-14T00:00:00.000,2024-04-02,STRAY,FIELD,UNKNOWN,SANTA ROSA
DOG,BORDER COLLIE,BLACK/WHITE,Male,,2024-04-02,QUARANTINE,FIELD,UNKNOWN,*ROHNERT PARK
DOG,POMERANIAN/MIX,TAN,Male,,2024-04-02,STRAY,FIELD,UNKNOWN,SANTA ROSA
DOG,PIT BULL,RED/WHITE,Neutered,,2024-04-02,STRAY,FIELD,UNKNOWN,SANTA ROSA
DOG,GERM SHEPHERD/MIX,TRICOLOR,Spayed,2024-01-09T00:00:00.000,2024-04-02,STRAY,FIELD,HEALTHY,COUNTY
OTHER,RABBIT SH,BLACK,Spayed,2022-05-08T00:00:00.000,2024-04-02,STRAY,FIELD,HEALTHY,SANTA ROSA
OTHER,RABBIT SH,BLACK,Neutered,2022-05-08T00:00:00.000,2024-04-02,STRAY,FIELD,UNKNOWN,SANTA ROSA
DOG,PIT BULL/MIX,WHITE/BLACK,Female,2020-02-20T00:00:00.000,2024-04-03,STRAY,FIELD,UNKNOWN,COUNTY
DOG,CHIHUAHUA SH,BLACK,Spayed,2016-06-11T00:00:00.000,2024-04-03,CONFISCATE,FLD_HOSPTL,UNKNOWN,SANTA ROSA
DOG,CHIHUAHUA LH,BROWN/GOLD,Female,2023-04-03T00:00:00.000,2024-04-03,STRAY,OVER THE COUNTER,UNKNOWN,SANTA ROSA
DOG,POODLE MIN/MIX,WHITE,Female,,2024-04-03,STRAY,FLD_STRAY,UNKNOWN,COUNTY
CAT,DOMESTIC SH,WHITE/CREAM,Male,2024-03-03T00:00:00.000,2024-04-03,STRAY,OVER THE COUNTER,UNKNOWN,SANTA ROSA
CAT,DOMESTIC SH,LYNX PT,Male,2024-03-03T00:00:00.000,2024-04-03,STRAY,OVER THE COUNTER,UNKNOWN,SANTA ROSA
CAT,DOMESTIC SH,BLACK/WHITE,Female,2024-03-03T00:00:00.000,2024-04-03,STRAY,OVER THE COUNTER,UNKNOWN,SANTA ROSA
DOG,AM PIT BULL TER/LABRADOR RETR,TAN/WHITE,Female,2021-05-01T00:00:00.000,2024-04-03,STRAY,OVER THE COUNTER,UNKNOWN,COUNTY
CAT,DOMESTIC SH,SLVR TABBY,Female,,2024-04-03,STRAY,OVER THE COUNTER,TREATABLE/MANAGEABLE,SANTA ROSA
DOG,SHIH TZU,WHITE,Female,2012-04-04T00:00:00.000,2024-04-04,STRAY,FLD_STRAY,UNKNOWN,SANTA ROSA
DOG,POODLE MIN/MIX,WHITE,Neutered,2023-07-05T00:00:00.000,2024-04-04,STRAY,FLD_STRAY,UNKNOWN,COUNTY
CAT,DOMESTIC LH,BLACK,Spayed,,2024-04-04,CONFISCATE,FLD_CORONR,UNKNOWN,SANTA ROSA
CAT,DOMESTIC SH,BRN TABBY/WHITE,Neutered,2023-11-16T00:00:00.000,2024-04-04,STRAY,OVER THE COUNTER,HEALTHY,SANTA ROSA
DOG,CHINESE CRESTED,WHITE/BLACK,Male,2020-04-04T00:00:00.000,2024-04-04,STRAY,OVER THE COUNTER,UNKNOWN,SANTA ROSA
OTHER,CHICKEN,RED,Male,,2024-04-05,CONFISCATE,FLD_ABAND,UNKNOWN,SANTA ROSA
DOG,PIT BULL/MIX,BLACK/TAN,Female,,2024-04-05,STRAY,FLD_STRAY,UNKNOWN,COUNTY
DOG,PIT BULL/MIX,BLACK,Male,,2024-04-05,STRAY,FLD_STRAY,UNKNOWN,COUNTY
OTHER,BAT,BROWN,Unknown,,2024-04-05,QUARANTINE,FIELD,UNKNOWN,PETALUMA
CAT,DOMESTIC SH,BROWN,Male,,2024-04-05,CONFISCATE,FLD_ARREST,UNKNOWN,SANTA ROSA
DOG,AUST CATTLE DOG/MIX,BLACK/WHITE,Neutered,2024-01-26T00:00:00.000,2024-04-05,STRAY,OVER THE COUNTER,HEALTHY,SANTA ROSA
DOG,DACHSHUND/MIX,TAN/BLACK,Male,,2024-04-06,STRAY,FLD_STRAY,UNKNOWN,COUNTY
CAT,DOMESTIC SH,BLACK/BLACK,Male,2024-04-04T00:00:00.000,2024-04-06,STRAY,FLD_STRAY,UNKNOWN,SANTA ROSA
CAT,DOMESTIC SH,BRN TABBY,Male,2024-04-04T00:00:00.000,2024-04-06,STRAY,FLD_STRAY,UNKNOWN,SANTA ROSA
DOG,SHIBA INU/BASENJI,TAN/WHITE,Male,2021-07-12T00:00:00.000,2024-04-06,STRAY,FLD_STRAY,UNKNOWN,SANTA ROSA
DOG,GERM SHEPHERD/MIX,BROWN,Neutered,2022-02-09T00:00:00.000,2024-04-06,STRAY,OVER THE COUNTER,UNKNOWN,COUNTY
DOG,PIT BULL,TAN,Male,2021-12-29T00:00:00.000,2024-04-07,STRAY,FLD_STRAY,UNKNOWN,SANTA ROSA
DOG,GERM SHEPHERD/MIX,TRICOLOR,Spayed,2023-08-01T00:00:00.000,2024-04-07,STRAY,FLD_STRAY,HEALTHY,SANTA ROSA
DOG,GERM SHEPHERD/MIX,CREAM/WHITE,Neutered,2023-08-01T00:00:00.000,2024-04-07,STRAY,FLD_STRAY,UNKNOWN,SANTA ROSA
DOG,GERM SHEPHERD/MIX,TRICOLOR,Neutered,2022-05-08T00:00:00.000,2024-04-07,STRAY,FLD_STRAY,UNKNOWN,SANTA ROSA
DOG,ROTTWEILER,BLACK/TAN,Male,2017-04-10T00:00:00.000,2024-04-07,CONFISCATE,FLD_ARREST,UNKNOWN,SANTA ROSA
DOG,PIT BULL,BLACK,Male,2023-01-09T00:00:00.000,2024-04-08,STRAY,FLD_STRAY,UNKNOWN,COUNTY
DOG,PAPILLON/MIX,TRICOLOR,Spayed,2014-04-08T00:00:00.000,2024-04-08,STRAY,FLD_STRAY,UNKNOWN,SANTA ROSA
DOG,POODLE MIN/MIX,WHITE,Neutered,2012-04-08T00:00:00.000,2024-04-08,STRAY,FLD_STRAY,UNKNOWN,SANTA ROSA
DOG,CHIHUAHUA SH/MIX,WHITE/APRICOT,Male,2022-04-09T00:00:00.000,2024-04-08,STRAY,FIELD,UNKNOWN,SANTA ROSA
DOG,SIBERIAN HUSKY,WHITE,Spayed,2021-04-12T00:00:00.000,2024-04-08,CONFISCATE,FLD_ARREST,UNKNOWN,COUNTY
DOG,BELG MALINOIS/MIX,BLACK/BROWN,Spayed,2014-03-13T00:00:00.000,2024-04-09,CONFISCATE,FIELD,UNKNOWN,COUNTY
DOG,CATAHOULA/PIT BULL,BR BRINDLE/WHITE,Neutered,2023-10-24T00:00:00.000,2024-04-09,STRAY,FIELD,UNKNOWN,COUNTY
DOG,CATAHOULA/PIT BULL,BR BRINDLE/WHITE,Neutered,2023-10-24T00:00:00.000,2024-04-09,STRAY,FIELD,UNKNOWN,COUNTY
DOG,SCHIPPERKE/MIX,GRAY,Spayed,2022-11-03T00:00:00.000,2024-04-09,STRAY,FLD_STRAY,HEALTHY,SANTA ROSA
OTHER,PARAKEET,BLUE,Male,,2024-04-09,STRAY,OVER THE COUNTER,UNKNOWN,SANTA ROSA
DOG,DOBERMAN PINSCH,CHOCOLATE/TAN,Spayed,2022-04-09T00:00:00.000,2024-04-09,STRAY,FIELD,UNKNOWN,SANTA ROSA
DOG,CHIHUAHUA SH,BLACK/TAN,Spayed,2022-04-09T00:00:00.000,2024-04-09,STRAY,FLD_STRAY,UNKNOWN,COUNTY
DOG,CHIHUAHUA LH/MIX,BLACK/TAN,Female,2022-04-09T00:00:00.000,2024-04-09,STRAY,FLD_STRAY,UNKNOWN,COUNTY
CAT,DOMESTIC SH,BRN TABBY,Spayed,2014-04-09T00:00:00.000,2024-04-09,OWNER SURRENDER,OVER THE COUNTER,UNKNOWN,SANTA ROSA
OTHER,BAT,BROWN,Unknown,,2024-04-09,QUARANTINE,FIELD,UNKNOWN,SANTA ROSA
DOG,CHIHUAHUA SH/PUG,BLACK,Neutered,2011-11-01T00:00:00.000,2024-04-09,CONFISCATE,FLD_ARREST,UNKNOWN,SANTA ROSA
DOG,PUG,TAN,Female,2023-04-03T00:00:00.000,2024-04-09,CONFISCATE,FLD_ARREST,UNKNOWN,SANTA ROSA
DOG,YORKSHIRE TERR,BLACK/BROWN,Female,2015-11-18T00:00:00.000,2024-04-10,STRAY,FIELD,UNKNOWN,COUNTY
CAT,DOMESTIC LH,BRN TABBY,Neutered,2002-04-13T00:00:00.000,2024-04-10,STRAY,FIELD,UNKNOWN,SANTA ROSA
DOG,PIT BULL/GERM SHEPHERD,TAN/BLACK,Spayed,2024-01-24T00:00:00.000,2024-04-10,STRAY,FIELD,UNKNOWN,SANTA ROSA
CAT,DOMESTIC SH,BRN TABBY,Female,2021-04-10T00:00:00.000,2024-04-10,STRAY,OVER THE COUNTER,UNKNOWN,SANTA ROSA
CAT,DOMESTIC SH,BRN TABBY,Unknown,,2024-04-10,STRAY,OVER THE COUNTER,UNKNOWN,SANTA ROSA
CAT,DOMESTIC SH,BRN TABBY,Unknown,,2024-04-10,STRAY,OVER THE COUNTER,UNKNOWN,SANTA ROSA
CAT,DOMESTIC SH,ORG TABBY,Unknown,,2024-04-10,STRAY,OVER THE COUNTER,UNKNOWN,SANTA ROSA
CAT,DOMESTIC SH,ORG TABBY,Female,2022-04-10T00:00:00.000,2024-04-10,STRAY,OVER THE COUNTER,UNKNOWN,SANTA ROSA
DOG,CHIHUAHUA SH,TAN,Neutered,2022-04-10T00:00:00.000,2024-04-10,STRAY,OVER THE COUNTER,HEALTHY,SANTA ROSA
OTHER,CHICKEN,BLACK,Female,,2024-04-10,STRAY,FLD_STRAY,UNKNOWN,SANTA ROSA
CAT,DOMESTIC SH,GRAY/WHITE,Unknown,,2024-04-11,STRAY,OVER THE COUNTER,UNKNOWN,SANTA ROSA
CAT,DOMESTIC LH,BLACK,Unknown,,2024-04-11,STRAY,OVER THE COUNTER,UNKNOWN,SANTA ROSA
DOG,PIT BULL/MIX,FAWN/WHITE,Spayed,2020-04-11T00:00:00.000,2024-04-11,STRAY,FLD_STRAY,HEALTHY,SANTA ROSA
DOG,ROTTWEILER,BLACK/TAN,Male,2020-04-16T00:00:00.000,2024-04-11,STRAY,FIELD,UNKNOWN,COUNTY
DOG,GREAT PYRENEES,BUFF,Neutered,2022-10-12T00:00:00.000,2024-04-11,ADOPTION RETURN,OVER THE COUNTER,UNKNOWN,SANTA ROSA
CAT,DOMESTIC SH,ORG TABBY,Spayed,2014-04-12T00:00:00.000,2024-04-12,STRAY,FIELD,HEALTHY,COUNTY
DOG,PIT BULL,GRAY,Neutered,2023-04-12T00:00:00.000,2024-04-12,STRAY,FIELD,HEALTHY,SANTA ROSA
DOG,HAVANESE/PARSON RUSS TER,BUFF,Spayed,2017-03-22T00:00:00.000,2024-04-13,CONFISCATE,FLD_HOSPTL,UNKNOWN,COUNTY
CAT,DOMESTIC MH,CALICO,Spayed,2024-02-02T00:00:00.000,2024-04-13,STRAY,OVER THE COUNTER,HEALTHY,SANTA ROSA
CAT,DOMESTIC LH,CALICO,Spayed,2024-02-02T00:00:00.000,2024-04-13,STRAY,OVER THE COUNTER,HEALTHY,SANTA ROSA
CAT,DOMESTIC LH,BLACK/WHITE,Male,2024-02-02T00:00:00.000,2024-04-13,STRAY,OVER THE COUNTER,UNKNOWN,SANTA ROSA
CAT,DOMESTIC SH,BLACK/WHITE,Neutered,2024-02-02T00:00:00.000,2024-04-13,STRAY,OVER THE COUNTER,HEALTHY,SANTA ROSA
CAT,DOMESTIC SH,BRN TABBY,Neutered,2024-02-02T00:00:00.000,2024-04-13,STRAY,OVER THE COUNTER,HEALTHY,SANTA ROSA
CAT,DOMESTIC SH,BRN TABBY/TORTIE,Spayed,2024-02-02T00:00:00.000,2024-04-13,STRAY,OVER THE COUNTER,HEALTHY,SANTA ROSA
DOG,CHIHUAHUA LH,WHITE/BLACK,Female,2022-04-13T00:00:00.000,2024-04-13,STRAY,FLD_STRAY,UNKNOWN,SANTA ROSA
DOG,AUST CATTLE DOG,GRAY/BROWN,Neutered,2021-10-11T00:00:00.000,2024-04-13,OWNER SURRENDER,OVER THE COUNTER,UNKNOWN,COUNTY
DOG,BEAGLE/MIX,YELLOW,Neutered,2023-04-13T00:00:00.000,2024-04-13,STRAY,FLD_STRAY,HEALTHY,SANTA ROSA
CAT,DOMESTIC SH,BLACK/WHITE,Male,2012-06-12T00:00:00.000,2024-04-13,STRAY,FLD_STRAY,TREATABLE/MANAGEABLE,COUNTY
CAT,DOMESTIC SH,BLACK,Unknown,,2024-04-13,STRAY,FLD_STRAY,UNKNOWN,SANTA ROSA
DOG,SIBERIAN HUSKY,CREAM/GRAY,Neutered,2020-04-13T00:00:00.000,2024-04-13,STRAY,OVER THE COUNTER,UNKNOWN,SANTA ROSA
DOG,AIREDALE TERR/MIX,TAN,Male,2023-12-13T00:00:00.000,2024-04-13,STRAY,OVER THE COUNTER,UNKNOWN,SANTA ROSA
CAT,DOMESTIC SH,BLACK/WHITE,Unknown,,2024-04-14,STRAY,FLD_STRAY,UNKNOWN,SANTA ROSA
DOG,SIBERIAN HUSKY,WHITE,Male,2022-11-16T00:00:00.000,2024-04-14,STRAY,FLD_STRAY,UNKNOWN,COUNTY
DOG,GERM SHEPHERD,TAN/BLACK,Male,,2024-04-15,STRAY,FLD_STRAY,UNKNOWN,SANTA ROSA
DOG,BELG MALINOIS,TAN/BLACK,Male,,2024-04-15,STRAY,FLD_STRAY,UNKNOWN,SANTA ROSA
DOG,ROTTWEILER,BLACK/BROWN,Male,2023-11-02T00:00:00.000,2024-04-15,STRAY,FLD_STRAY,UNKNOWN,SANTA ROSA
CAT,DOMESTIC SH,BLACK,Male,,2024-04-15,STRAY,FLD_STRAY,UNKNOWN,SANTA ROSA
DOG,PIT BULL/MIX,GRAY/WHITE,Male,2022-11-24T00:00:00.000,2024-04-15,STRAY,FLD_STRAY,UNKNOWN,SANTA ROSA
OTHER,HAVANA/MIX,BLACK,Unknown,,2024-04-16,BORN HERE,MOM STRAY,UNKNOWN,SANTA ROSA
OTHER,HAVANA/MIX,BLACK,Spayed,2024-04-16T00:00:00.000,2024-04-16,BORN HERE,MOM STRAY,HEALTHY,SANTA ROSA
OTHER,HAVANA/MIX,BLACK,Spayed,2024-04-16T00:00:00.000,2024-04-16,BORN HERE,MOM STRAY,HEALTHY,SANTA ROSA
OTHER,HAVANA/MIX,BLACK,Spayed,2024-04-16T00:00:00.000,2024-04-16,BORN HERE,MOM STRAY,HEALTHY,SANTA ROSA
OTHER,HAVANA/MIX,BLACK,Spayed,2024-04-16T00:00:00.000,2024-04-16,BORN HERE,MOM STRAY,HEALTHY,SANTA ROSA
OTHER,HAVANA/MIX,BLACK,Spayed,2024-04-16T00:00:00.000,2024-04-16,BORN HERE,MOM STRAY,HEALTHY,SANTA ROSA
OTHER,HAVANA/MIX,BLACK,Neutered,2024-04-16T00:00:00.000,2024-04-16,BORN HERE,MOM STRAY,HEALTHY,SANTA ROSA
OTHER,HAVANA/MIX,BLACK,Neutered,2024-04-16T00:00:00.000,2024-04-16,BORN HERE,MOM STRAY,HEALTHY,SANTA ROSA
OTHER,BAT,BROWN/BLACK,Unknown,,2024-04-16,QUARANTINE,FIELD,UNKNOWN,COUNTY
DOG,ALASKAN HUSKY,BLACK/WHITE,Spayed,2017-07-13T00:00:00.000,2024-04-16,STRAY,FIELD,UNKNOWN,SANTA ROSA
DOG,GERM SHEPHERD/ALASKAN HUSKY,TAN/BLACK,Female,2023-06-27T00:00:00.000,2024-04-16,STRAY,FIELD,UNKNOWN,SANTA ROSA
DOG,RAT TERRIER/MIX,WHITE/BROWN,Neutered,2023-05-01T00:00:00.000,2024-04-16,STRAY,OVER THE COUNTER,UNKNOWN,SANTA ROSA
DOG,RAT TERRIER/MIX,TRICOLOR,Neutered,2022-04-16T00:00:00.000,2024-04-16,STRAY,OVER THE COUNTER,HEALTHY,SANTA ROSA
DOG,PIT BULL,RED/WHITE,Male,2023-04-16T00:00:00.000,2024-04-16,STRAY,FLD_STRAY,UNKNOWN,SANTA ROSA
DOG,PIT BULL,RED/WHITE,Neutered,2023-04-16T00:00:00.000,2024-04-16,STRAY,FLD_STRAY,HEALTHY,SANTA ROSA
DOG,CHIHUAHUA SH/MIX,BROWN,Neutered,2009-07-15T00:00:00.000,2024-04-16,STRAY,OVER THE COUNTER,UNKNOWN,COUNTY
DOG,SIBERIAN HUSKY/MIX,GRAY/WHITE,Male,2016-03-25T00:00:00.000,2024-04-17,CONFISCATE,FLD_ARREST,UNKNOWN,COUNTY
DOG,SIBERIAN HUSKY,BLACK/WHITE,Neutered,2016-04-18T00:00:00.000,2024-04-17,CONFISCATE,FLD_ARREST,UNKNOWN,COUNTY
DOG,GERM SHEPHERD/MIX,BROWN/BLACK,Male,2022-04-18T00:00:00.000,2024-04-17,CONFISCATE,FLD_ARREST,UNKNOWN,COUNTY
CAT,DOMESTIC SH,WHITE,Unknown,,2024-04-17,CONFISCATE,FLD_ARREST,UNKNOWN,COUNTY
CAT,DOMESTIC SH,SEAL PT,Unknown,,2024-04-17,CONFISCATE,FLD_ARREST,UNKNOWN,COUNTY
CAT,DOMESTIC SH,ORANGE,Unknown,,2024-04-17,CONFISCATE,FLD_ARREST,UNKNOWN,COUNTY
DOG,PIT BULL/MIX,TRICOLOR,Neutered,2023-10-31T00:00:00.000,2024-04-17,CONFISCATE,FLD_ABAND,UNKNOWN,COUNTY
CAT,DOMESTIC SH,GRAY/WHITE,Unknown,,2024-04-17,STRAY,OVER THE COUNTER,TREATABLE/MANAGEABLE,COUNTY
DOG,PARSON RUSS TER,WHITE/BROWN,Male,2009-04-18T00:00:00.000,2024-04-17,STRAY,OVER THE COUNTER,UNKNOWN,COUNTY
OTHER,RABBIT SH,WHITE/TRICOLOR,Neutered,2022-05-08T00:00:00.000,2024-04-17,STRAY,FIELD,HEALTHY,COUNTY
DOG,POODLE MIN/MIX,WHITE/CREAM,Male,2017-11-18T00:00:00.000,2024-04-17,STRAY,OVER THE COUNTER,UNKNOWN,SANTA ROSA
CAT,DOMESTIC SH,BLACK/WHITE,Neutered,2022-04-26T00:00:00.000,2024-04-17,STRAY,OVER THE COUNTER,HEALTHY,COUNTY
DOG,SIBERIAN HUSKY/MIX,WHITE/TAN,Female,,2024-04-17,STRAY,FLD_STRAY,UNKNOWN,COUNTY
DOG,LABRADOR RETR/MIX,TAN/BLACK,Spayed,2023-10-10T00:00:00.000,2024-04-18,OWNER SURRENDER,OVER THE COUNTER,UNKNOWN,SANTA ROSA
DOG,LABRADOR RETR/MIX,BR BRINDLE,Female,2023-10-10T00:00:00.000,2024-04-18,OWNER SURRENDER,OVER THE COUNTER,UNKNOWN,SANTA ROSA
DOG,LABRADOR RETR/MIX,BR BRINDLE,Spayed,2023-10-10T00:00:00.000,2024-04-18,OWNER SURRENDER,OVER THE COUNTER,HEALTHY,SANTA ROSA
DOG,LABRADOR RETR/MIX,BL BRINDLE,Female,2023-10-10T00:00:00.000,2024-04-18,OWNER SURRENDER,OVER THE COUNTER,UNKNOWN,SANTA ROSA
DOG,PIT BULL/MIX,BR BRINDLE/WHITE,Female,2023-04-05T00:00:00.000,2024-04-18,STRAY,FIELD,UNKNOWN,SANTA ROSA
DOG,GERM SHEPHERD/SIBERIAN HUSKY,BLACK,Spayed,2022-11-07T00:00:00.000,2024-04-18,OWNER SURRENDER,FIELD,UNKNOWN,SANTA ROSA
CAT,DOMESTIC SH,BRN TABBY,Neutered,2022-04-25T00:00:00.000,2024-04-18,STRAY,FLD_STRAY,TREATABLE/MANAGEABLE,SANTA ROSA
CAT,DOMESTIC SH,BLACK,Spayed,2022-10-29T00:00:00.000,2024-04-18,STRAY,OVER THE COUNTER,HEALTHY,SANTA ROSA
OTHER,LIZARD,BROWN,Unknown,,2024-04-18,STRAY,OVER THE COUNTER,UNKNOWN,SANTA ROSA
CAT,DOMESTIC SH,ORANGE,Unknown,,2024-04-18,OWNER SURRENDER,OVER THE COUNTER,UNKNOWN,COUNTY
CAT,DOMESTIC SH,SEAL PT,Unknown,,2024-04-18,OWNER SURRENDER,OVER THE COUNTER,UNKNOWN,COUNTY
CAT,DOMESTIC SH,WHITE,Unknown,,2024-04-18,OWNER SURRENDER,OVER THE COUNTER,UNKNOWN,COUNTY
CAT,DOMESTIC SH,ORG TABBY,Spayed,2024-04-03T00:00:00.000,2024-04-18,BORN HERE,MOM STRAY,HEALTHY,SANTA ROSA
CAT,DOMESTIC SH,BUFF,Neutered,2024-04-03T00:00:00.000,2024-04-18,BORN HERE,MOM STRAY,HEALTHY,SANTA ROSA
CAT,DOMESTIC SH,BLACK/WHITE,Neutered,2024-04-03T00:00:00.000,2024-04-18,BORN HERE,MOM STRAY,HEALTHY,SANTA ROSA
DOG,PICARDY SHEEPDG/MIX,BLACK/WHITE,Female,2020-04-19T00:00:00.000,2024-04-19,STRAY,OVER THE COUNTER,UNKNOWN,SANTA ROSA
DOG,BORDER TERRIER/MIX,BLACK/WHITE,Neutered,2020-04-19T00:00:00.000,2024-04-19,STRAY,OVER THE COUNTER,HEALTHY,SANTA ROSA
DOG,CHIHUAHUA SH,TAN,Male,2023-04-19T00:00:00.000,2024-04-19,STRAY,FIELD,UNKNOWN,SANTA ROSA
CAT,DOMESTIC SH,GRAY,Unknown,,2024-04-19,STRAY,OVER THE COUNTER,UNKNOWN,SANTA ROSA
CAT,DOMESTIC SH,GRAY,Unknown,,2024-04-19,STRAY,OVER THE COUNTER,UNKNOWN,SANTA ROSA
CAT,DOMESTIC SH,GRAY,Unknown,,2024-04-19,STRAY,OVER THE COUNTER,UNKNOWN,SANTA ROSA
CAT,DOMESTIC SH,GRAY,Unknown,,2024-04-19,STRAY,OVER THE COUNTER,UNKNOWN,SANTA ROSA
CAT,DOMESTIC SH,BLACK,Unknown,,2024-04-19,STRAY,OVER THE COUNTER,UNKNOWN,SANTA ROSA
OTHER,GOAT,BROWN,Male,2022-12-16T00:00:00.000,2024-04-20,STRAY,FLD_STRAY,UNKNOWN,SANTA ROSA
CAT,DOMESTIC LH,BRN TABBY,Neutered,2011-04-29T00:00:00.000,2024-04-20,STRAY,FIELD,UNKNOWN,COUNTY
CAT,DOMESTIC SH,GRAY TABBY,Spayed,2024-03-05T00:00:00.000,2024-04-20,STRAY,FIELD,HEALTHY,COUNTY
DOG,LABRADOR RETR/MIX,BLACK,Male,2024-01-20T00:00:00.000,2024-04-20,STRAY,OVER THE COUNTER,UNKNOWN,SANTA ROSA
DOG,PIT BULL/BOXER,BLACK/WHITE,Male,2022-11-20T00:00:00.000,2024-04-21,STRAY,FLD_STRAY,UNKNOWN,COUNTY
DOG,GERM SHEPHERD,BROWN/BLACK,Male,2018-01-22T00:00:00.000,2024-04-21,STRAY,FIELD,UNKNOWN,COUNTY
DOG,BULL TERR MIN,TRICOLOR,Neutered,,2024-04-22,OWNER SURRENDER,FIELD,UNKNOWN,COUNTY
OTHER,BAT,BROWN,Unknown,,2024-04-22,QUARANTINE,FIELD,UNKNOWN,COUNTY
CAT,DOMESTIC SH,BLACK,Unknown,2024-04-21T00:00:00.000,2024-04-22,STRAY,FLD_STRAY,UNKNOWN,SANTA ROSA
DOG,SCHNAUZER MIN/MIX,WHITE,Neutered,2020-12-16T00:00:00.000,2024-04-22,STRAY,FLD_STRAY,UNKNOWN,SANTA ROSA
DOG,SIBERIAN HUSKY/MIX,WHITE,Spayed,2013-11-20T00:00:00.000,2024-04-22,STRAY,FLD_STRAY,UNKNOWN,COUNTY
CAT,DOMESTIC SH,GRAY TABBY,Spayed,2023-04-27T00:00:00.000,2024-04-22,STRAY,FLD_STRAY,UNKNOWN,SANTA ROSA
CAT,SIAMESE,LILAC PT,Neutered,2023-06-01T00:00:00.000,2024-04-23,STRAY,OVER THE COUNTER,HEALTHY,COUNTY
CAT,DOMESTIC MH,GRAY/WHITE,Neutered,2022-10-23T00:00:00.000,2024-04-23,STRAY,OVER THE COUNTER,HEALTHY,SANTA ROSA
CAT,DOMESTIC SH,BRN TABBY/WHITE,Neutered,2022-10-23T00:00:00.000,2024-04-23,STRAY,OVER THE COUNTER,HEALTHY,COUNTY
DOG,PIT BULL/MIX,TAN/WHITE,Female,2018-04-24T00:00:00.000,2024-04-23,STRAY,FIELD,UNKNOWN,COUNTY
DOG,GERM SHEPHERD,BLACK,Female,2020-04-23T00:00:00.000,2024-04-23,STRAY,FLD_STRAY,UNKNOWN,COUNTY
CAT,DOMESTIC SH,WHITE/BRN TABBY,Neutered,2018-04-23T00:00:00.000,2024-04-23,OWNER SURRENDER,OVER THE COUNTER,UNKNOWN,COUNTY
DOG,DOBERMAN PINSCH/MIX,RED,Male,2022-04-23T00:00:00.000,2024-04-23,STRAY,FIELD,UNKNOWN,SANTA ROSA
CAT,DOMESTIC SH,GRAY TABBY,Neutered,2022-04-25T00:00:00.000,2024-04-24,STRAY,FIELD,UNKNOWN,SANTA ROSA
CAT,SIAMESE,LILAC PT,Neutered,2021-04-27T00:00:00.000,2024-04-24,STRAY,OVER THE COUNTER,HEALTHY,SANTA ROSA
DOG,NORFOLK TERRIER/MIX,BLACK/TAN,Spayed,2021-04-24T00:00:00.000,2024-04-24,STRAY,OVER THE COUNTER,UNKNOWN,SANTA ROSA
DOG,CHIHUAHUA SH,TAN/BLACK,Female,2012-05-02T00:00:00.000,2024-04-24,STRAY,FIELD,UNKNOWN,SANTA ROSA
DOG,BOXER/MIX,BR BRINDLE/WHITE,Neutered,2024-02-24T00:00:00.000,2024-04-24,CONFISCATE,FLD_ARREST,HEALTHY,SANTA ROSA
DOG,PIT BULL,BLACK/WHITE,Neutered,2020-01-01T00:00:00.000,2024-04-25,STRAY,OVER THE COUNTER,UNKNOWN,COUNTY
DOG,ROTTWEILER/MIX,BLACK/TAN,Female,,2024-04-25,STRAY,FLD_STRAY,UNKNOWN,SANTA ROSA
CAT,DOMESTIC SH,ORG TABBY,Female,2013-12-16T00:00:00.000,2024-04-25,STRAY,FLD_STRAY,UNKNOWN,SANTA ROSA
CAT,DOMESTIC SH,GRAY,Female,2023-04-25T00:00:00.000,2024-04-25,STRAY,OVER THE COUNTER,UNKNOWN,SANTA ROSA
CAT,DOMESTIC SH,GRAY,Female,2024-04-10T00:00:00.000,2024-04-25,STRAY,OVER THE COUNTER,UNKNOWN,SANTA ROSA
CAT,DOMESTIC SH,GRAY,Male,2024-04-10T00:00:00.000,2024-04-25,STRAY,OVER THE COUNTER,UNKNOWN,SANTA ROSA
CAT,DOMESTIC SH,GRAY,Male,2024-04-10T00:00:00.000,2024-04-25,STRAY,OVER THE COUNTER,UNKNOWN,SANTA ROSA
CAT,DOMESTIC SH,GRAY,Male,2024-04-10T00:00:00.000,2024-04-25,STRAY,OVER THE COUNTER,UNKNOWN,SANTA ROSA
CAT,DOMESTIC SH,GRAY,Male,,2024-04-25,STRAY,OVER THE COUNTER,UNKNOWN,SANTA ROSA
CAT,DOMESTIC LH,BLACK,Neutered,2022-04-27T00:00:00.000,2024-04-25,STRAY,OVER THE COUNTER,TREATABLE/MANAGEABLE,COUNTY
DOG,CHIHUAHUA SH/MIX,BLACK/BROWN,Male,2014-04-26T00:00:00.000,2024-04-26,STRAY,FIELD,UNKNOWN,SANTA ROSA
DOG,SCHNAUZER MIN,BLACK/WHITE,Female,2024-02-27T00:00:00.000,2024-04-27,STRAY,OVER THE COUNTER,HEALTHY,COUNTY
DOG,GERM SHEPHERD/MIX,BLACK/BROWN,Neutered,2024-01-27T00:00:00.000,2024-04-27,STRAY,FIELD,HEALTHY,COUNTY
DOG,CHIHUAHUA SH,BROWN,Male,2017-05-27T00:00:00.000,2024-04-27,STRAY,FIELD,UNKNOWN,COUNTY
DOG,PLOTT HOUND/MIX,BR BRINDLE,Male,2023-12-27T00:00:00.000,2024-04-27,STRAY,EMAIL,UNKNOWN,SANTA ROSA
CAT,DOMESTIC SH,WHITE,Male,,2024-04-27,STRAY,OVER THE COUNTER,UNKNOWN,COUNTY
CAT,DOMESTIC SH,BRN TABBY,Male,2022-04-29T00:00:00.000,2024-04-28,STRAY,FLD_STRAY,UNKNOWN,COUNTY
DOG,SIBERIAN HUSKY,BLACK/GRAY,Female,,2024-04-29,STRAY,FLD_STRAY,UNKNOWN,SANTA ROSA
DOG,ROTTWEILER,BLACK/BROWN,Female,,2024-04-29,STRAY,FLD_STRAY,UNKNOWN,SANTA ROSA
DOG,PIT BULL/MIX,TAN/WHITE,Female,2023-06-30T00:00:00.000,2024-04-29,STRAY,FLD_STRAY,UNKNOWN,SANTA ROSA
DOG,POODLE MIN/MIX,BLACK/WHITE,Neutered,2023-09-30T00:00:00.000,2024-04-29,STRAY,FLD_STRAY,UNKNOWN,SANTA ROSA
CAT,DOMESTIC MH,ORANGE/WHITE,Neutered,2011-04-29T00:00:00.000,2024-04-29,STRAY,FLD_STRAY,UNKNOWN,SANTA ROSA
DOG,PLOTT HOUND/MIX,BR BRINDLE,Spayed,2021-06-07T00:00:00.000,2024-04-29,STRAY,FLD_STRAY,UNKNOWN,SANTA ROSA
DOG,LABRADOR RETR/MIX,TAN,Neutered,2016-11-30T00:00:00.000,2024-04-29,STRAY,FLD_STRAY,UNKNOWN,SANTA ROSA
DOG,DOBERMAN PINSCH,BROWN/RED,Spayed,2021-03-02T00:00:00.000,2024-04-30,STRAY,OVER THE COUNTER,UNKNOWN,COUNTY
CAT,DOMESTIC SH,TORTIE/WHITE,Spayed,2009-08-27T00:00:00.000,2024-04-30,STRAY,OVER THE COUNTER,HEALTHY,COUNTY
CAT,DOMESTIC SH,GRAY/WHITE,Neutered,2021-04-30T00:00:00.000,2024-04-30,STRAY,OVER THE COUNTER,HEALTHY,COUNTY
DOG,GERM SHEPHERD,TAN/BLACK,Spayed,2020-05-08T00:00:00.000,2024-04-30,QUARANTINE,FIELD,UNKNOWN,COUNTY
DOG,GERM SHEPHERD,TAN/BLACK,Neutered,2022-11-01T00:00:00.000,2024-04-30,QUARANTINE,FIELD,UNKNOWN,COUNTY
DOG,PIT BULL/MIX,Y BRINDLE,Spayed,2023-11-04T00:00:00.000,2024-04-30,STRAY,OVER THE COUNTER,HEALTHY,SANTA ROSA
CAT,DOMESTIC SH,ORANGE,Neutered,2023-09-16T00:00:00.000,2024-04-30,STRAY,OVER THE COUNTER,HEALTHY,SANTA ROSA
CAT,DOMESTIC SH,BLACK/WHITE,Spayed,2024-02-23T00:00:00.000,2024-04-30,OWNER SURRENDER,OVER THE COUNTER,HEALTHY,SANTA ROSA
CAT,DOMESTIC SH,BLACK/WHITE,Spayed,2024-02-23T00:00:00.000,2024-04-30,OWNER SURRENDER,OVER THE COUNTER,HEALTHY,SANTA ROSA
CAT,DOMESTIC SH,BLACK/WHITE,Spayed,2024-02-23T00:00:00.000,2024-04-30,OWNER SURRENDER,OVER THE COUNTER,HEALTHY,SANTA ROSA
CAT,DOMESTIC SH,BLACK,Neutered,2024-02-23T00:00:00.000,2024-04-30,OWNER SURRENDER,OVER THE COUNTER,HEALTHY,SANTA ROSA
CAT,DOMESTIC SH,BLACK,Neutered,2024-02-23T00:00:00.000,2024-04-30,OWNER SURRENDER,OVER THE COUNTER,HEALTHY,SANTA ROSA
DOG,SIBERIAN HUSKY,RED/WHITE,Female,2018-06-02T00:00:00.000,2024-04-30,STRAY,FIELD,UNKNOWN,SANTA ROSA
DOG,BORDER COLLIE/MIX,BLACK/WHITE,Female,2023-07-30T00:00:00.000,2024-04-30,CONFISCATE,FLD_ARREST,UNKNOWN,SANTA ROSA
CAT,DOMESTIC SH,WHITE/GRAY,Spayed,2012-05-01T00:00:00.000,2024-05-01,STRAY,OVER THE COUNTER,UNKNOWN,SANTA ROSA
DOG,WELSH CORGI PEM/MIX,BROWN,Neutered,2022-04-13T00:00:00.000,2024-05-01,STRAY,FIELD,UNKNOWN,SANTA ROSA
DOG,ALASKAN HUSKY,WHITE,Female,2021-05-02T00:00:00.000,2024-05-01,STRAY,FIELD,UNKNOWN,SANTA ROSA
DOG,ALASKAN HUSKY,WHITE,Male,2021-05-02T00:00:00.000,2024-05-01,STRAY,FIELD,UNKNOWN,SANTA ROSA
CAT,DOMESTIC LH,ORG TABBY,Male,,2024-05-01,STRAY,OVER THE COUNTER,UNKNOWN,SANTA ROSA
CAT,DOMESTIC SH,GRAY TABBY,Spayed,2023-06-11T00:00:00.000,2024-05-01,STRAY,OVER THE COUNTER,HEALTHY,COUNTY
DOG,CATAHOULA,WHITE/BROWN,Neutered,2024-03-17T00:00:00.000,2024-05-01,STRAY,OVER THE COUNTER,HEALTHY,COUNTY
DOG,CATAHOULA/MIX,WHITE/LIVER TICK,Spayed,2024-03-17T00:00:00.000,2024-05-01,STRAY,OVER THE COUNTER,UNKNOWN,COUNTY
DOG,CATAHOULA/MIX,TAN/WHITE,Spayed,2024-03-17T00:00:00.000,2024-05-01,STRAY,OVER THE COUNTER,UNKNOWN,COUNTY
DOG,CATAHOULA/MIX,BROWN/LIVER TICK,Neutered,2024-03-17T00:00:00.000,2024-05-01,STRAY,OVER THE COUNTER,HEALTHY,COUNTY
CAT,DOMESTIC SH,GRAY TABBY,Male,,2024-05-01,CONFISCATE,FIELD,TREATABLE/MANAGEABLE,COUNTY
DOG,PIT BULL/MIX,WHITE,Spayed,2023-12-02T00:00:00.000,2024-05-02,STRAY,FIELD,HEALTHY,SANTA ROSA
OTHER,CHICKEN,BLACK/BROWN,Male,,2024-05-03,STRAY,FLD_STRAY,UNKNOWN,SANTA ROSA
OTHER,CHICKEN,BLACK/RED,Male,,2024-05-03,STRAY,FLD_STRAY,UNKNOWN,SANTA ROSA
DOG,POMERANIAN,BLACK/BROWN,Male,2021-12-12T00:00:00.000,2024-05-03,STRAY,FIELD,UNKNOWN,SANTA ROSA
DOG,GERM SHEPHERD,TAN/BLACK,Spayed,2014-05-04T00:00:00.000,2024-05-04,STRAY,FLD_STRAY,UNKNOWN,COUNTY
CAT,DOMESTIC MH,GRAY TABBY,Spayed,2022-05-04T00:00:00.000,2024-05-04,STRAY,OVER THE COUNTER,HEALTHY,SANTA ROSA
CAT,DOMESTIC SH,GRAY,Unknown,2024-05-01T00:00:00.000,2024-05-04,STRAY,OVER THE COUNTER,UNKNOWN,SANTA ROSA
CAT,DOMESTIC SH,GRAY,Unknown,2024-05-01T00:00:00.000,2024-05-04,STRAY,OVER THE COUNTER,UNKNOWN,SANTA ROSA
CAT,DOMESTIC MH,GRAY/WHITE,Neutered,2014-05-11T00:00:00.000,2024-05-04,STRAY,FIELD,UNKNOWN,SANTA ROSA
DOG,LABRADOR RETR/MIX,BLACK,Male,2022-11-04T00:00:00.000,2024-05-04,STRAY,OVER THE COUNTER,UNKNOWN,SANTA ROSA
DOG,CHIHUAHUA SH,BROWN/WHITE,Female,2019-08-23T00:00:00.000,2024-05-06,STRAY,FLD_STRAY,UNKNOWN,SANTA ROSA
DOG,CHIHUAHUA SH/DACHSHUND,BR BRINDLE,Male,,2024-05-06,CONFISCATE,FLD_ARREST,UNKNOWN,SANTA ROSA
DOG,LABRADOR RETR/MIX,BLACK,Female,2023-12-08T00:00:00.000,2024-05-06,CONFISCATE,FLD_HOSPTL,UNKNOWN,COUNTY
DOG,LABRADOR RETR/MIX,BLACK,Female,2023-06-07T00:00:00.000,2024-05-06,CONFISCATE,FLD_HOSPTL,UNKNOWN,COUNTY
DOG,BORDER COLLIE/LABRADOR RETR,BLACK/WHITE,Neutered,2010-08-30T00:00:00.000,2024-05-06,CONFISCATE,FLD_CORONR,UNKNOWN,COUNTY
CAT,DOMESTIC MH,GRAY/WHITE,Neutered,2024-03-29T00:00:00.000,2024-05-07,STRAY,FIELD,HEALTHY,SANTA ROSA
CAT,DOMESTIC SH,GRAY TABBY,Neutered,2019-03-19T00:00:00.000,2024-05-07,ADOPTION RETURN,OVER THE COUNTER,UNKNOWN,PETALUMA
DOG,GERM SHEPHERD/SIBERIAN HUSKY,BLACK/TAN,Neutered,2023-05-03T00:00:00.000,2024-05-07,STRAY,FLD_STRAY,UNKNOWN,SANTA ROSA
DOG,CHIHUAHUA SH/MIX,BROWN/BROWN,Spayed,2018-05-07T00:00:00.000,2024-05-07,STRAY,OVER THE COUNTER,UNKNOWN,SANTA ROSA
DOG,AUST CATTLE DOG,TRICOLOR,Spayed,2022-01-02T00:00:00.000,2024-05-07,OWNER SURRENDER,OVER THE COUNTER,UNKNOWN,COUNTY
DOG,PIT BULL/MIX,BR BRINDLE/WHITE,Male,2023-10-07T00:00:00.000,2024-05-07,STRAY,FIELD,UNKNOWN,SANTA ROSA
OTHER,RABBIT SH,WHITE/GRAY,Male,2023-05-07T00:00:00.000,2024-05-07,STRAY,FIELD,UNKNOWN,SANTA ROSA
CAT,DOMESTIC SH,BLACK/WHITE,Unknown,2022-05-13T00:00:00.000,2024-05-07,STRAY,OVER THE COUNTER,UNKNOWN,COUNTY
CAT,DOMESTIC SH,GRAY TABBY,Spayed,2020-03-29T00:00:00.000,2024-05-07,ADOPTION RETURN,OVER THE COUNTER,UNKNOWN,SANTA ROSA
DOG,PARSON RUSS TER/DACHSHUND,BROWN/TAN,Neutered,2015-01-01T00:00:00.000,2024-05-07,CONFISCATE,FLD_HOSPTL,UNKNOWN,COUNTY
DOG,SIBERIAN HUSKY/MIX,WHITE,Female,2022-05-08T00:00:00.000,2024-05-08,STRAY,FLD_STRAY,UNKNOWN,SANTA ROSA
DOG,GERM SHEPHERD/MIX,BLACK/BROWN,Female,2022-05-08T00:00:00.000,2024-05-08,STRAY,FLD_STRAY,UNKNOWN,SANTA ROSA
DOG,SIBERIAN HUSKY,WHITE,Female,2018-03-27T00:00:00.000,2024-05-08,CONFISCATE,FLD_EVICT,UNKNOWN,COUNTY
DOG,SIBERIAN HUSKY/MIX,BROWN/TAN,Spayed,2024-03-08T00:00:00.000,2024-05-08,CONFISCATE,FLD_EVICT,UNKNOWN,COUNTY
DOG,SIBERIAN HUSKY/MIX,BLACK/TAN,Neutered,2024-03-08T00:00:00.000,2024-05-08,CONFISCATE,FLD_EVICT,UNKNOWN,COUNTY
DOG,SIBERIAN HUSKY,BLACK/BROWN,Spayed,2022-05-08T00:00:00.000,2024-05-08,CONFISCATE,FLD_EVICT,UNKNOWN,COUNTY
DOG,SIBERIAN HUSKY,WHITE,Spayed,2024-03-08T00:00:00.000,2024-05-08,CONFISCATE,FLD_EVICT,UNKNOWN,COUNTY
DOG,SIBERIAN HUSKY,BROWN/TAN,Neutered,2024-03-08T00:00:00.000,2024-05-08,CONFISCATE,FLD_EVICT,UNKNOWN,COUNTY
DOG,SIBERIAN HUSKY,WHITE,Female,2021-10-29T00:00:00.000,2024-05-08,CONFISCATE,FLD_EVICT,UNKNOWN,COUNTY
DOG,SIBERIAN HUSKY/MIX,TAN/WHITE,Male,2021-10-29T00:00:00.000,2024-05-08,CONFISCATE,FLD_EVICT,UNKNOWN,COUNTY
DOG,SIBERIAN HUSKY,WHITE,Neutered,2023-05-08T00:00:00.000,2024-05-08,CONFISCATE,FLD_EVICT,UNKNOWN,COUNTY
DOG,SIBERIAN HUSKY/MIX,TAN,Female,2023-05-08T00:00:00.000,2024-05-08,CONFISCATE,FLD_EVICT,UNKNOWN,COUNTY
DOG,SIBERIAN HUSKY/MIX,WHITE,Male,2023-05-08T00:00:00.000,2024-05-08,CONFISCATE,FLD_EVICT,UNKNOWN,COUNTY
DOG,SIBERIAN HUSKY,WHITE,Spayed,2023-05-08T00:00:00.000,2024-05-08,CONFISCATE,FLD_EVICT,UNKNOWN,COUNTY
CAT,DOMESTIC SH,BLACK,Female,,2024-05-08,STRAY,FIELD,UNKNOWN,SANTA ROSA
CAT,DOMESTIC SH,BLACK/WHITE,Male,,2024-05-08,STRAY,FIELD,UNKNOWN,SANTA ROSA
DOG,FRENCH BULLDOG,BROWN/TAN,Female,2023-06-08T00:00:00.000,2024-05-08,STRAY,FIELD,UNKNOWN,SANTA ROSA
DOG,FRENCH BULLDOG,BLUE MERLE,Male,2023-08-08T00:00:00.000,2024-05-08,STRAY,FIELD,UNKNOWN,SANTA ROSA
DOG,SCHNAUZER MIN/MIX,WHITE,Neutered,2020-12-16T00:00:00.000,2024-05-08,OWNER SURRENDER,OVER THE COUNTER,HEALTHY,SANTA ROSA
OTHER,LIZARD,ORANGE,Male,2017-05-09T00:00:00.000,2024-05-08,STRAY,OVER THE COUNTER,UNKNOWN,SANTA ROSA
DOG,SAMOYED/MIX,GRAY/WHITE,Neutered,2022-05-17T00:00:00.000,2024-05-08,CONFISCATE,FLD_CORONR,UNKNOWN,COUNTY
DOG,PIT BULL,BR BRINDLE,Male,2021-09-01T00:00:00.000,2024-05-08,OWNER SURRENDER,FIELD,UNKNOWN,COUNTY
DOG,PIT BULL,GRAY/RED,Male,2021-09-01T00:00:00.000,2024-05-08,OWNER SURRENDER,FIELD,UNKNOWN,COUNTY
DOG,GERM SHEPHERD/MIX,BLACK/TAN,Male,,2024-05-08,STRAY,FIELD,UNKNOWN,COUNTY
DOG,GERM SHEPHERD/MIX,TAN/BLACK,Male,,2024-05-08,STRAY,FIELD,UNKNOWN,COUNTY
DOG,SAMOYED,WHITE,Male,2017-09-25T00:00:00.000,2024-05-09,STRAY,OVER THE COUNTER,UNKNOWN,COUNTY
DOG,CHIHUAHUA SH,BROWN,Male,2011-05-10T00:00:00.000,2024-05-09,STRAY,OVER THE COUNTER,UNKNOWN,COUNTY
DOG,MAREMMA SHEEPDG,WHITE,Spayed,2016-01-15T00:00:00.000,2024-05-09,STRAY,OVER THE COUNTER,UNKNOWN,COUNTY
CAT,DOMESTIC LH,BLACK,Spayed,2018-05-15T00:00:00.000,2024-05-09,CONFISCATE,FLD_CORONR,UNKNOWN,COUNTY
CAT,DOMESTIC SH,BRN TABBY,Male,2023-05-25T00:00:00.000,2024-05-09,CONFISCATE,FLD_ARREST,UNKNOWN,SANTA ROSA
DOG,LABRADOR RETR/ROTTWEILER,BLACK,Spayed,2022-12-06T00:00:00.000,2024-05-09,STRAY,OVER THE COUNTER,UNKNOWN,SANTA ROSA
DOG,NORFOLK TERRIER/MIX,WHITE/BLACK,Male,2020-05-10T00:00:00.000,2024-05-10,STRAY,FLD_STRAY,UNKNOWN,SANTA ROSA
CAT,DOMESTIC SH,GRAY TABBY,Neutered,2023-05-10T00:00:00.000,2024-05-10,STRAY,FLD_STRAY,HEALTHY,COUNTY
DOG,CHIHUAHUA SH,BLACK,Male,2019-02-10T00:00:00.000,2024-05-10,STRAY,OVER THE COUNTER,UNKNOWN,SANTA ROSA
CAT,DOMESTIC LH,GRAY/WHITE,Unknown,,2024-05-10,STRAY,OVER THE COUNTER,UNKNOWN,SANTA ROSA
CAT,DOMESTIC SH,BRN TABBY,Neutered,2024-02-02T00:00:00.000,2024-05-10,ADOPTION RETURN,OVER THE COUNTER,HEALTHY,COUNTY
DOG,AKITA,BROWN/BLACK,Male,2018-05-10T00:00:00.000,2024-05-10,CONFISCATE,FLD_HOSPTL,UNKNOWN,COUNTY
DOG,AKITA,WHITE,Female,2012-05-10T00:00:00.000,2024-05-10,CONFISCATE,FLD_HOSPTL,UNKNOWN,COUNTY
DOG,PIT BULL/MIX,BR BRINDLE,Neutered,2023-08-28T00:00:00.000,2024-05-11,STRAY,FLD_STRAY,UNKNOWN,SANTA ROSA
DOG,ENG SETTER,BLACK/WHITE,Neutered,2021-03-28T00:00:00.000,2024-05-11,STRAY,FLD_STRAY,UNKNOWN,SANTA ROSA
DOG,ENG SETTER,WHITE/BLACK,Female,2022-11-11T00:00:00.000,2024-05-11,STRAY,FLD_STRAY,UNKNOWN,SANTA ROSA
DOG,POODLE MIN,BROWN/GRAY,Male,2020-05-14T00:00:00.000,2024-05-11,STRAY,FLD_STRAY,UNKNOWN,SANTA ROSA
DOG,DACHSHUND/GERM SHEPHERD,BROWN/BLACK,Male,2023-11-11T00:00:00.000,2024-05-11,STRAY,FLD_STRAY,UNKNOWN,SANTA ROSA
CAT,DOMESTIC SH,BRN TABBY/WHITE,Spayed,2022-04-11T00:00:00.000,2024-05-11,STRAY,OVER THE COUNTER,UNKNOWN,COUNTY
DOG,GREAT PYRENEES,WHITE,Male,2021-11-23T00:00:00.000,2024-05-11,STRAY,FLD_STRAY,UNKNOWN,COUNTY
DOG,AM PIT BULL TER/MIX,TAN/WHITE,Male,2016-04-06T00:00:00.000,2024-05-11,STRAY,FLD_STRAY,UNKNOWN,SANTA ROSA
DOG,PIT BULL/MIX,WHITE/BLACK,Female,2020-02-20T00:00:00.000,2024-05-11,STRAY,FLD_STRAY,UNKNOWN,COUNTY
CAT,DOMESTIC SH,BLACK/WHITE,Neutered,2024-04-14T00:00:00.000,2024-05-11,STRAY,OVER THE COUNTER,HEALTHY,COUNTY
CAT,DOMESTIC MH,BLACK/WHITE,Spayed,2024-04-14T00:00:00.000,2024-05-11,STRAY,OVER THE COUNTER,HEALTHY,COUNTY
CAT,DOMESTIC MH,BLACK,Spayed,2024-04-11T00:00:00.000,2024-05-11,STRAY,OVER THE COUNTER,HEALTHY,COUNTY
CAT,DOMESTIC SH,BRN TABBY/WHITE,Neutered,2024-04-14T00:00:00.000,2024-05-11,STRAY,OVER THE COUNTER,HEALTHY,COUNTY
CAT,DOMESTIC SH,BLACK/WHITE,Neutered,2024-04-11T00:00:00.000,2024-05-11,STRAY,OVER THE COUNTER,HEALTHY,COUNTY
CAT,DOMESTIC SH,BLK SMOKE,Spayed,2024-04-11T00:00:00.000,2024-05-11,STRAY,OVER THE COUNTER,HEALTHY,COUNTY
DOG,POODLE MIN,WHITE,Spayed,2010-08-18T00:00:00.000,2024-05-11,STRAY,OVER THE COUNTER,UNKNOWN,SANTA ROSA
DOG,CHIHUAHUA SH/MIX,BLACK/TAN,Spayed,2022-05-13T00:00:00.000,2024-05-13,CONFISCATE,FLD_HOSPTL,UNKNOWN,SANTA ROSA
DOG,CHIHUAHUA SH/MIX,BLACK/TAN,Spayed,2024-04-06T00:00:00.000,2024-05-13,CONFISCATE,FLD_HOSPTL,UNKNOWN,SANTA ROSA
DOG,CHIHUAHUA SH/MIX,TAN,Male,2024-04-06T00:00:00.000,2024-05-13,CONFISCATE,FLD_HOSPTL,UNKNOWN,SANTA ROSA
DOG,CHIHUAHUA SH/MIX,BLACK/TAN,Male,2024-04-06T00:00:00.000,2024-05-13,CONFISCATE,FLD_HOSPTL,UNKNOWN,SANTA ROSA
DOG,ENG BULLDOG/PIT BULL,BLACK,Male,,2024-05-13,STRAY,FIELD,UNKNOWN,COUNTY
DOG,GERM SHEPHERD/MIX,BLACK/TAN,Male,,2024-05-13,STRAY,FLD_STRAY,UNKNOWN,COUNTY
DOG,GERM SHEPHERD/MIX,TAN/BLACK,Male,,2024-05-13,STRAY,FLD_STRAY,UNKNOWN,COUNTY
DOG,SIBERIAN HUSKY,WHITE,Male,2015-05-24T00:00:00.000,2024-05-13,STRAY,FLD_STRAY,UNKNOWN,SANTA ROSA
CAT,DOMESTIC SH,GRAY TABBY,Spayed,2018-12-09T00:00:00.000,2024-05-13,STRAY,FIELD,UNKNOWN,COUNTY
DOG,GERM SHEPHERD/ALASKAN HUSKY,TAN/BLACK,Female,2023-06-27T00:00:00.000,2024-05-14,STRAY,FIELD,UNKNOWN,SANTA ROSA
CAT,DOMESTIC SH,WHITE/ORANGE,Male,2023-05-14T00:00:00.000,2024-05-14,STRAY,OVER THE COUNTER,TREATABLE/MANAGEABLE,COUNTY
CAT,DOMESTIC SH,BLACK/WHITE,Neutered,2020-05-14T00:00:00.000,2024-05-14,STRAY,OVER THE COUNTER,TREATABLE/MANAGEABLE,SANTA ROSA
CAT,DOMESTIC LH,BUFF,Neutered,2023-05-17T00:00:00.000,2024-05-14,ADOPTION RETURN,OVER THE COUNTER,UNKNOWN,SANTA ROSA
DOG,CHIHUAHUA SH/MIX,BL BRINDLE/WHITE,Female,2022-05-14T00:00:00.000,2024-05-14,STRAY,FIELD,UNKNOWN,SANTA ROSA
DOG,RAT TERRIER/MIX,BLACK/WHITE,Male,2020-05-14T00:00:00.000,2024-05-14,STRAY,FIELD,UNKNOWN,SANTA ROSA
CAT,DOMESTIC SH,BRN TABBY/WHITE,Neutered,2022-06-05T00:00:00.000,2024-05-14,STRAY,FLD_STRAY,HEALTHY,COUNTY
DOG,PIT BULL/MIX,RED,Neutered,2021-06-29T00:00:00.000,2024-05-14,CONFISCATE,FLD_ARREST,HEALTHY,SANTA ROSA
CAT,DOMESTIC SH,BLACK,Unknown,2024-05-12T00:00:00.000,2024-05-14,STRAY,EMAIL,UNKNOWN,COUNTY
OTHER,BAT,BROWN,Unknown,,2024-05-14,QUARANTINE,FIELD,UNKNOWN,SANTA ROSA
DOG,AUST CATTLE DOG,BLACK/GRAY,Neutered,2020-03-12T00:00:00.000,2024-05-14,CONFISCATE,FLD_ARREST,UNKNOWN,COUNTY
CAT,DOMESTIC SH,WHITE/BLACK,Spayed,2024-03-15T00:00:00.000,2024-05-15,OWNER SURRENDER,OVER THE COUNTER,HEALTHY,SANTA ROSA
CAT,DOMESTIC SH,WHITE/BRN TABBY,Neutered,2024-03-15T00:00:00.000,2024-05-15,OWNER SURRENDER,OVER THE COUNTER,HEALTHY,SANTA ROSA
CAT,DOMESTIC SH,WHITE/BRN TABBY,Neutered,2024-03-15T00:00:00.000,2024-05-15,OWNER SURRENDER,OVER THE COUNTER,HEALTHY,SANTA ROSA
CAT,DOMESTIC SH,WHITE/BRN TABBY,Neutered,2024-03-15T00:00:00.000,2024-05-15,OWNER SURRENDER,OVER THE COUNTER,HEALTHY,SANTA ROSA
CAT,DOMESTIC SH,WHITE/BLACK,Spayed,2024-03-15T00:00:00.000,2024-05-15,OWNER SURRENDER,OVER THE COUNTER,HEALTHY,SANTA ROSA
DOG,PIT BULL/MIX,TAN/WHITE,Female,,2024-05-15,CONFISCATE,FLD_HOSPTL,UNKNOWN,COUNTY
CAT,DOMESTIC SH,GRAY/WHITE,Unknown,2024-04-30T00:00:00.000,2024-05-15,STRAY,OVER THE COUNTER,UNKNOWN,COUNTY
CAT,DOMESTIC SH,GRAY/WHITE,Unknown,2024-04-30T00:00:00.000,2024-05-15,STRAY,OVER THE COUNTER,UNKNOWN,COUNTY
CAT,DOMESTIC SH,GRAY/WHITE,Unknown,2024-04-30T00:00:00.000,2024-05-15,STRAY,OVER THE COUNTER,UNKNOWN,COUNTY
CAT,DOMESTIC SH,GRAY/WHITE,Unknown,2024-04-30T00:00:00.000,2024-05-15,STRAY,OVER THE COUNTER,UNKNOWN,COUNTY
CAT,DOMESTIC SH,GRAY,Spayed,2024-04-21T00:00:00.000,2024-05-15,STRAY,OVER THE COUNTER,HEALTHY,COUNTY
CAT,DOMESTIC SH,GRAY TABBY/WHITE,Neutered,2024-04-21T00:00:00.000,2024-05-15,STRAY,OVER THE COUNTER,HEALTHY,COUNTY
CAT,DOMESTIC SH,BLUE CREAM,Spayed,2024-04-03T00:00:00.000,2024-05-15,STRAY,OVER THE COUNTER,HEALTHY,COUNTY
CAT,DOMESTIC SH,GRAY TABBY/WHITE,Spayed,2024-04-21T00:00:00.000,2024-05-15,STRAY,OVER THE COUNTER,HEALTHY,COUNTY
CAT,DOMESTIC SH,GRAY/WHITE,Neutered,2024-04-14T00:00:00.000,2024-05-15,STRAY,OVER THE COUNTER,HEALTHY,COUNTY
CAT,DOMESTIC SH,GRAY/WHITE,Spayed,2024-04-14T00:00:00.000,2024-05-15,STRAY,OVER THE COUNTER,HEALTHY,COUNTY
CAT,DOMESTIC SH,GRAY/WHITE,Neutered,2024-04-14T00:00:00.000,2024-05-15,STRAY,OVER THE COUNTER,HEALTHY,COUNTY
CAT,DOMESTIC SH,GRAY/WHITE,Spayed,2024-04-14T00:00:00.000,2024-05-15,STRAY,OVER THE COUNTER,UNKNOWN,COUNTY
CAT,DOMESTIC SH,GRAY/WHITE,Spayed,2024-04-14T00:00:00.000,2024-05-15,STRAY,OVER THE COUNTER,HEALTHY,COUNTY
DOG,RAT TERRIER/MIX,TRICOLOR,Male,2022-11-15T00:00:00.000,2024-05-15,STRAY,OVER THE COUNTER,UNKNOWN,SANTA ROSA
DOG,RAT TERRIER/MIX,TRICOLOR,Spayed,2019-05-15T00:00:00.000,2024-05-15,STRAY,OVER THE COUNTER,HEALTHY,COUNTY
CAT,DOMESTIC SH,BUFF,Neutered,2023-12-14T00:00:00.000,2024-05-15,STRAY,OVER THE COUNTER,UNKNOWN,SANTA ROSA
DOG,GERM SHEPHERD/SIBERIAN HUSKY,TAN/BLACK,Neutered,,2024-05-15,OWNER SURRENDER,OVER THE COUNTER,UNKNOWN,SANTA ROSA
CAT,DOMESTIC SH,ORG TABBY/WHITE,Unknown,,2024-05-15,STRAY,OVER THE COUNTER,UNKNOWN,SANTA ROSA
CAT,DOMESTIC SH,GRAY/WHITE,Unknown,,2024-05-15,STRAY,OVER THE COUNTER,UNKNOWN,COUNTY
DOG,GERM SHEPHERD/MIX,CREAM,Neutered,2022-05-15T00:00:00.000,2024-05-15,STRAY,OVER THE COUNTER,HEALTHY,SANTA ROSA
CAT,MAINE COON/MIX,BRN TABBY,Spayed,2010-09-23T00:00:00.000,2024-05-15,STRAY,FIELD,UNKNOWN,COUNTY
OTHER,GUINEA PIG,TRICOLOR,Male,2021-07-05T00:00:00.000,2024-05-15,STRAY,OVER THE COUNTER,UNKNOWN,COUNTY
CAT,DOMESTIC SH,BUFF/ORG TABBY,Neutered,2016-03-16T00:00:00.000,2024-05-15,OWNER SURRENDER,OVER THE COUNTER,UNKNOWN,SANTA ROSA
CAT,DOMESTIC SH,GRAY/WHITE,Neutered,2024-04-27T00:00:00.000,2024-05-15,STRAY,OVER THE COUNTER,HEALTHY,COUNTY
DOG,CAVALIER SPAN/MIX,WHITE/BROWN,Male,2022-11-16T00:00:00.000,2024-05-16,STRAY,OVER THE COUNTER,UNKNOWN,COUNTY
CAT,DOMESTIC SH,BLACK,Spayed,2022-05-16T00:00:00.000,2024-05-16,STRAY,OVER THE COUNTER,UNKNOWN,COUNTY
DOG,CHIHUAHUA SH,RED/BLACK,Neutered,2023-05-16T00:00:00.000,2024-05-16,STRAY,OVER THE COUNTER,UNKNOWN,SANTA ROSA
DOG,CANE CORSO,BLACK,Female,2019-11-04T00:00:00.000,2024-05-16,STRAY,FIELD,UNKNOWN,SANTA ROSA
OTHER,CHICKEN,WHITE/BLACK,Male,,2024-05-17,STRAY,OVER THE COUNTER,UNKNOWN,COUNTY
DOG,PIT BULL/MIX,BROWN/WHITE,Spayed,2020-03-01T00:00:00.000,2024-05-17,STRAY,FIELD,UNKNOWN,SANTA ROSA
DOG,PARSON RUSS TER/MIX,WHITE,Female,2023-02-01T00:00:00.000,2024-05-17,STRAY,FIELD,UNKNOWN,SANTA ROSA
DOG,SIBERIAN HUSKY/MIX,TAN/WHITE,Male,2021-10-29T00:00:00.000,2024-05-17,OWNER SURRENDER,OVER THE COUNTER,UNKNOWN,COUNTY
DOG,PIT BULL/MIX,WHITE/BLACK,Female,2020-02-20T00:00:00.000,2024-05-17,OWNER SURRENDER,OVER THE COUNTER,UNKNOWN,COUNTY
DOG,SIBERIAN HUSKY,WHITE,Female,2021-10-29T00:00:00.000,2024-05-17,OWNER SURRENDER,OVER THE COUNTER,UNKNOWN,COUNTY
DOG,SIBERIAN HUSKY/MIX,BLACK/TAN,Neutered,2024-03-08T00:00:00.000,2024-05-17,OWNER SURRENDER,OVER THE COUNTER,UNKNOWN,COUNTY
DOG,SIBERIAN HUSKY,BROWN/TAN,Neutered,2024-03-08T00:00:00.000,2024-05-17,OWNER SURRENDER,OVER THE COUNTER,UNKNOWN,COUNTY
DOG,SIBERIAN HUSKY/MIX,WHITE,Male,2023-05-08T00:00:00.000,2024-05-17,OWNER SURRENDER,OVER THE COUNTER,UNKNOWN,COUNTY
DOG,SIBERIAN HUSKY/MIX,TAN,Female,2023-05-08T00:00:00.000,2024-05-17,OWNER SURRENDER,OVER THE COUNTER,UNKNOWN,COUNTY
DOG,SIBERIAN HUSKY,BLACK/BROWN,Spayed,2022-05-08T00:00:00.000,2024-05-17,OWNER SURRENDER,OVER THE COUNTER,UNKNOWN,COUNTY
DOG,SIBERIAN HUSKY,WHITE,Female,2018-03-27T00:00:00.000,2024-05-17,OWNER SURRENDER,OVER THE COUNTER,UNKNOWN,COUNTY
DOG,SIBERIAN HUSKY/MIX,BROWN/TAN,Spayed,2024-03-08T00:00:00.000,2024-05-17,OWNER SURRENDER,OVER THE COUNTER,HEALTHY,COUNTY
DOG,SIBERIAN HUSKY,WHITE,Neutered,2023-05-08T00:00:00.000,2024-05-17,OWNER SURRENDER,OVER THE COUNTER,HEALTHY,COUNTY
DOG,SIBERIAN HUSKY,WHITE,Spayed,2024-03-08T00:00:00.000,2024-05-17,OWNER SURRENDER,OVER THE COUNTER,UNKNOWN,COUNTY
DOG,SIBERIAN HUSKY,WHITE,Spayed,2023-05-08T00:00:00.000,2024-05-17,OWNER SURRENDER,OVER THE COUNTER,HEALTHY,COUNTY
DOG,DOBERMAN PINSCH,BLUE/TAN,Male,2022-05-17T00:00:00.000,2024-05-17,STRAY,OVER THE COUNTER,UNKNOWN,SANTA ROSA
CAT,DOMESTIC SH,ORG TABBY/WHITE,Unknown,,2024-05-18,STRAY,OVER THE COUNTER,UNKNOWN,COUNTY
DOG,GERM SHEPHERD/MIX,BLACK/TAN,Male,2016-11-30T00:00:00.000,2024-05-18,STRAY,FLD_STRAY,UNKNOWN,COUNTY
CAT,DOMESTIC SH,BLACK/WHITE,Spayed,2024-04-03T00:00:00.000,2024-05-18,STRAY,OVER THE COUNTER,HEALTHY,SANTA ROSA
DOG,AUST CATTLE DOG,BLACK/TAN,Neutered,2024-03-18T00:00:00.000,2024-05-18,STRAY,OVER THE COUNTER,HEALTHY,COUNTY
DOG,AUST CATTLE DOG,WHITE/TAN,Neutered,2024-03-18T00:00:00.000,2024-05-18,STRAY,OVER THE COUNTER,HEALTHY,COUNTY
DOG,POODLE MIN,CHOCOLATE,Male,,2024-05-18,STRAY,FLD_STRAY,UNKNOWN,COUNTY
DOG,MASTIFF/MIX,BROWN,Neutered,2021-05-21T00:00:00.000,2024-05-18,STRAY,FLD_STRAY,UNKNOWN,COUNTY
CAT,DOMESTIC SH,GRAY,Male,2016-06-10T00:00:00.000,2024-05-18,STRAY,OVER THE COUNTER,UNKNOWN,COUNTY
DOG,GERM SHEPHERD,BLACK/TAN,Male,,2024-05-19,QUARANTINE,FIELD,UNKNOWN,COUNTY
DOG,POMERANIAN/CHIHUAHUA LH,CREAM,Female,2023-04-01T00:00:00.000,2024-05-20,STRAY,FIELD,UNKNOWN,SANTA ROSA
DOG,PIT BULL/MIX,GRAY/WHITE,Neutered,2017-05-21T00:00:00.000,2024-05-21,CONFISCATE,FIELD,UNKNOWN,SANTA ROSA
DOG,LABRADOR RETR/MIX,GOLD,Neutered,,2024-05-21,STRAY,FIELD,UNKNOWN,PETALUMA
DOG,GERM SH POINT/AUST CATTLE DOG,BLUE TICK/BLACK,Female,2018-05-22T00:00:00.000,2024-05-21,STRAY,FIELD,UNKNOWN,COUNTY
DOG,PIT BULL,WHITE,Male,,2024-05-21,STRAY,OVER THE COUNTER,UNKNOWN,SANTA ROSA
DOG,ENG BULLDOG/MIX,WHITE/BR BRINDLE,Neutered,2022-12-25T00:00:00.000,2024-05-21,STRAY,OVER THE COUNTER,UNKNOWN,SANTA ROSA
CAT,DOMESTIC SH,BLACK,Female,2020-05-28T00:00:00.000,2024-05-21,STRAY,FLD_STRAY,UNKNOWN,COUNTY
CAT,DOMESTIC SH,BLACK,Unknown,,2024-05-21,STRAY,FLD_STRAY,UNKNOWN,COUNTY
DOG,PIT BULL/MIX,WHITE/BLACK,Spayed,2021-11-01T00:00:00.000,2024-05-21,STRAY,OVER THE COUNTER,UNKNOWN,SANTA ROSA
CAT,DOMESTIC SH,BLACK,Spayed,2022-08-02T00:00:00.000,2024-05-22,STRAY,OVER THE COUNTER,HEALTHY,SANTA ROSA
CAT,DOMESTIC MH,BLACK,Male,2021-06-12T00:00:00.000,2024-05-22,STRAY,OVER THE COUNTER,UNKNOWN,COUNTY
CAT,DOMESTIC SH,GRAY TABBY,Unknown,,2024-05-22,STRAY,FIELD,UNKNOWN,COUNTY
DOG,PUG,BLACK,Male,2023-04-23T00:00:00.000,2024-05-22,STRAY,FIELD,UNKNOWN,COUNTY
DOG,LABRADOR RETR/ALASKAN HUSKY,WHITE,Male,2023-11-23T00:00:00.000,2024-05-22,STRAY,FIELD,UNKNOWN,COUNTY
DOG,WEST HIGHLAND,GRAY/BLACK,Neutered,,2024-05-22,STRAY,FIELD,UNKNOWN,SANTA ROSA
CAT,DOMESTIC SH,GRAY,Spayed,2024-05-07T00:00:00.000,2024-05-22,STRAY,OVER THE COUNTER,HEALTHY,SANTA ROSA
CAT,DOMESTIC SH,GRAY/WHITE,Neutered,2024-05-07T00:00:00.000,2024-05-22,STRAY,OVER THE COUNTER,HEALTHY,SANTA ROSA
CAT,DOMESTIC SH,BLACK,Neutered,2024-03-22T00:00:00.000,2024-05-22,STRAY,OVER THE COUNTER,HEALTHY,SANTA ROSA
CAT,DOMESTIC SH,BLACK,Spayed,2024-03-03T00:00:00.000,2024-05-22,STRAY,OVER THE COUNTER,HEALTHY,SANTA ROSA
CAT,DOMESTIC SH,BLACK,Neutered,2024-03-22T00:00:00.000,2024-05-22,STRAY,OVER THE COUNTER,HEALTHY,SANTA ROSA
CAT,DOMESTIC SH,BLUE CREAM/CALICO,Female,,2024-05-22,STRAY,EMAIL,UNKNOWN,SANTA ROSA
CAT,DOMESTIC SH,GRAY TABBY/WHITE,Male,,2024-05-22,STRAY,EMAIL,UNKNOWN,SANTA ROSA
CAT,DOMESTIC SH,GRAY TABBY/WHITE,Male,,2024-05-22,STRAY,EMAIL,UNKNOWN,SANTA ROSA
CAT,DOMESTIC SH,BLACK/WHITE,Spayed,2024-05-18T00:00:00.000,2024-05-22,STRAY,OVER THE COUNTER,HEALTHY,SANTA ROSA
CAT,DOMESTIC SH,BRN TABBY,Neutered,2024-05-18T00:00:00.000,2024-05-22,STRAY,OVER THE COUNTER,HEALTHY,SANTA ROSA
CAT,DOMESTIC SH,BLACK,Spayed,2024-05-18T00:00:00.000,2024-05-22,STRAY,OVER THE COUNTER,UNKNOWN,SANTA ROSA
CAT,DOMESTIC SH,BRN TABBY,Spayed,2024-05-18T00:00:00.000,2024-05-22,STRAY,OVER THE COUNTER,UNKNOWN,SANTA ROSA
DOG,PIT BULL,GRAY,Male,2021-05-24T00:00:00.000,2024-05-23,CONFISCATE,FLD_ARREST,UNKNOWN,SANTA ROSA
DOG,PIT BULL,GRAY/WHITE,Female,2015-05-24T00:00:00.000,2024-05-23,CONFISCATE,FLD_ARREST,UNKNOWN,SANTA ROSA
DOG,PIT BULL,GRAY,Male,2023-08-24T00:00:00.000,2024-05-23,CONFISCATE,FLD_ARREST,UNKNOWN,SANTA ROSA
CAT,DOMESTIC SH,GRAY TABBY,Unknown,2024-04-01T00:00:00.000,2024-05-23,STRAY,EMAIL,UNKNOWN,SANTA ROSA
CAT,DOMESTIC SH,BLUE,Unknown,2024-04-01T00:00:00.000,2024-05-23,STRAY,EMAIL,UNKNOWN,SANTA ROSA
CAT,DOMESTIC SH,BLUE,Unknown,2024-04-01T00:00:00.000,2024-05-23,STRAY,EMAIL,UNKNOWN,SANTA ROSA
CAT,DOMESTIC SH,BLUE,Unknown,2024-04-01T00:00:00.000,2024-05-23,STRAY,EMAIL,UNKNOWN,SANTA ROSA
CAT,DOMESTIC SH,BLUE,Unknown,2024-04-01T00:00:00.000,2024-05-23,STRAY,EMAIL,UNKNOWN,SANTA ROSA
DOG,PIT BULL/MIX,TAN/WHITE,Spayed,2016-06-25T00:00:00.000,2024-05-23,CONFISCATE,FLD_HOSPTL,HEALTHY,SANTA ROSA
DOG,AM PIT BULL TER/BULLDOG,BLACK/WHITE,Spayed,2024-04-05T00:00:00.000,2024-05-23,STRAY,OVER THE COUNTER,HEALTHY,SANTA ROSA
DOG,AM PIT BULL TER/MIX,TAN,Male,2024-03-23T00:00:00.000,2024-05-23,STRAY,OVER THE COUNTER,UNKNOWN,SANTA ROSA
DOG,AM PIT BULL TER/MIX,TAN/WHITE,Spayed,2024-04-05T00:00:00.000,2024-05-23,STRAY,OVER THE COUNTER,HEALTHY,SANTA ROSA
DOG,AM PIT BULL TER/MIX,BROWN,Spayed,2024-04-05T00:00:00.000,2024-05-23,STRAY,OVER THE COUNTER,HEALTHY,SANTA ROSA
DOG,GERM SHEPHERD/LABRADOR RETR,TAN/WHITE,Neutered,2023-11-23T00:00:00.000,2024-05-23,STRAY,OVER THE COUNTER,HEALTHY,SANTA ROSA
DOG,BORDER COLLIE,TRICOLOR,Male,,2024-05-23,STRAY,FIELD,UNKNOWN,SANTA ROSA
CAT,DOMESTIC SH,BLK TABBY/GRAY,Spayed,2018-05-26T00:00:00.000,2024-05-23,STRAY,OVER THE COUNTER,UNKNOWN,SANTA ROSA
DOG,PEKINGESE/MIX,BROWN/BLACK,Female,2024-04-23T00:00:00.000,2024-05-23,STRAY,OVER THE COUNTER,UNKNOWN,SANTA ROSA
DOG,PIT BULL,BR BRINDLE,Neutered,,2024-05-24,CONFISCATE,FLD_ARREST,UNKNOWN,SANTA ROSA
DOG,CHIHUAHUA SH/MIX,WHITE/CREAM,Neutered,2022-06-28T00:00:00.000,2024-05-24,STRAY,OVER THE COUNTER,HEALTHY,COUNTY
DOG,LHASA APSO/MIX,TAN/WHITE,Male,2019-05-24T00:00:00.000,2024-05-24,STRAY,FIELD,UNKNOWN,SANTA ROSA
DOG,PIT BULL,TAN/WHITE,Male,,2024-05-24,STRAY,FLD_STRAY,UNKNOWN,SANTA ROSA
CAT,DOMESTIC SH,CALICO/WHITE,Female,2024-05-04T00:00:00.000,2024-05-24,STRAY,FIELD,UNKNOWN,SANTA ROSA
DOG,FRENCH BULLDOG/MIX,WHITE/BROWN,Spayed,2016-10-01T00:00:00.000,2024-05-24,STRAY,FLD_STRAY,UNKNOWN,SANTA ROSA
DOG,GERM SHEPHERD,BR BRINDLE,Male,,2024-05-24,STRAY,FIELD,UNKNOWN,COUNTY
CAT,DOMESTIC LH,ORG TABBY,Male,,2024-05-24,STRAY,FIELD,UNKNOWN,*SEBASTOPOL
DOG,BOXER,TRICOLOR,Neutered,2016-01-01T00:00:00.000,2024-05-25,CONFISCATE,FLD_HOSPTL,UNKNOWN,COUNTY
CAT,DOMESTIC SH,GRAY,Neutered,2024-04-10T00:00:00.000,2024-05-25,OWNER SURRENDER,OVER THE COUNTER,HEALTHY,COUNTY
CAT,DOMESTIC SH,GRAY,Neutered,2024-04-10T00:00:00.000,2024-05-25,OWNER SURRENDER,OVER THE COUNTER,HEALTHY,COUNTY
CAT,DOMESTIC SH,GRAY TABBY,Spayed,2024-04-10T00:00:00.000,2024-05-25,OWNER SURRENDER,OVER THE COUNTER,HEALTHY,COUNTY
CAT,DOMESTIC SH,GRAY TABBY,Neutered,2024-04-10T00:00:00.000,2024-05-25,OWNER SURRENDER,OVER THE COUNTER,HEALTHY,COUNTY
DOG,LABRADOR RETR/MIX,YELLOW,Female,,2024-05-25,STRAY,FIELD,UNKNOWN,*SEBASTOPOL
DOG,GERM SHEPHERD/MIX,BLACK/WHITE,Female,,2024-05-25,STRAY,FIELD,UNKNOWN,*SEBASTOPOL
DOG,POODLE MIN,CREAM,Neutered,2019-05-28T00:00:00.000,2024-05-25,STRAY,OVER THE COUNTER,UNKNOWN,SANTA ROSA
DOG,PIT BULL/MIX,BLACK/WHITE,Female,2023-11-28T00:00:00.000,2024-05-27,CONFISCATE,FLD_HOSPTL,UNKNOWN,COUNTY
DOG,LABRADOR RETR/MIX,BLACK,Spayed,2024-01-26T00:00:00.000,2024-05-28,STRAY,FLD_STRAY,HEALTHY,SANTA ROSA
DOG,CHIHUAHUA LH,WHITE,Female,2021-05-28T00:00:00.000,2024-05-28,STRAY,FIELD,UNKNOWN,COUNTY
DOG,LABRADOR RETR/MIX,BLACK/WHITE,Spayed,2017-05-31T00:00:00.000,2024-05-28,STRAY,FLD_STRAY,UNKNOWN,SANTA ROSA
DOG,FRENCH BULLDOG,GRAY,Male,2022-05-28T00:00:00.000,2024-05-28,STRAY,FIELD,UNKNOWN,COUNTY
CAT,DOMESTIC MH,TORTIE,Female,,2024-05-28,STRAY,FLD_STRAY,UNKNOWN,COUNTY
DOG,CHIHUAHUA LH/POMERANIAN,WHITE,Female,,2024-05-28,STRAY,FLD_STRAY,UNKNOWN,COUNTY
DOG,CHIHUAHUA LH/POMERANIAN,WHITE,Female,,2024-05-28,STRAY,FLD_STRAY,UNKNOWN,COUNTY
DOG,POODLE MIN,WHITE,Neutered,2019-05-28T00:00:00.000,2024-05-28,STRAY,FIELD,UNKNOWN,COUNTY
CAT,DOMESTIC SH,CALICO,Female,,2024-05-28,CONFISCATE,FLD_HOSPTL,UNKNOWN,SANTA ROSA
CAT,DOMESTIC SH,BLACK,Neutered,2024-04-16T00:00:00.000,2024-05-28,STRAY,OVER THE COUNTER,TREATABLE/MANAGEABLE,SANTA ROSA
CAT,DOMESTIC SH,ORG TABBY/WHITE,Spayed,2024-04-16T00:00:00.000,2024-05-28,STRAY,OVER THE COUNTER,HEALTHY,SANTA ROSA
CAT,DOMESTIC SH,TORTIE,Spayed,2024-04-16T00:00:00.000,2024-05-28,STRAY,OVER THE COUNTER,UNKNOWN,SANTA ROSA
CAT,DOMESTIC SH,TORTIE,Spayed,2024-04-16T00:00:00.000,2024-05-28,STRAY,OVER THE COUNTER,UNKNOWN,SANTA ROSA
CAT,DOMESTIC SH,BLACK,Unknown,,2024-05-28,STRAY,OVER THE COUNTER,UNKNOWN,SANTA ROSA
DOG,DACHSHUND/MIX,AGOUTI,Male,2009-04-23T00:00:00.000,2024-05-28,QUARANTINE,FIELD,UNKNOWN,SANTA ROSA
CAT,DOMESTIC SH,BLACK,Neutered,,2024-05-29,STRAY,FIELD,UNKNOWN,SANTA ROSA
DOG,GERM SHEPHERD,TAN/BLACK,Male,2014-07-15T00:00:00.000,2024-05-29,STRAY,FIELD,UNKNOWN,COUNTY
DOG,RAT TERRIER,BLACK/WHITE,Spayed,2013-04-05T00:00:00.000,2024-05-29,STRAY,FIELD,UNKNOWN,SANTA ROSA
CAT,DOMESTIC SH,WHITE/GRAY,Spayed,2023-01-25T00:00:00.000,2024-05-29,STRAY,FIELD,UNKNOWN,SANTA ROSA
CAT,SIAMESE,LYNX PT,Spayed,2024-05-07T00:00:00.000,2024-05-29,STRAY,FIELD,HEALTHY,SANTA ROSA
CAT,SNOWSHOE/MIX,LYNX PT/WHITE,Neutered,2024-05-08T00:00:00.000,2024-05-29,STRAY,FIELD,HEALTHY,SANTA ROSA
CAT,DOMESTIC MH,TRICOLOR,Spayed,2024-05-22T00:00:00.000,2024-05-29,STRAY,FIELD,HEALTHY,SANTA ROSA
CAT,DOMESTIC SH,BRN TABBY/WHITE,Spayed,2024-05-22T00:00:00.000,2024-05-29,STRAY,FIELD,HEALTHY,SANTA ROSA
CAT,DOMESTIC SH,GRAY TABBY/WHITE,Female,,2024-05-29,STRAY,FIELD,UNTREATABLE,SANTA ROSA
CAT,DOMESTIC SH,BLACK,Unknown,,2024-05-29,STRAY,OVER THE COUNTER,TREATABLE/REHAB,COUNTY
CAT,DOMESTIC SH,BLACK/BLACK,Unknown,,2024-05-29,STRAY,OVER THE COUNTER,TREATABLE/REHAB,COUNTY
CAT,DOMESTIC SH,BLACK/BLACK,Unknown,,2024-05-29,STRAY,OVER THE COUNTER,TREATABLE/REHAB,COUNTY
CAT,DOMESTIC SH,BLACK,Unknown,,2024-05-29,STRAY,OVER THE COUNTER,TREATABLE/REHAB,COUNTY
CAT,DOMESTIC SH,BLACK,Unknown,,2024-05-29,STRAY,OVER THE COUNTER,TREATABLE/REHAB,COUNTY
DOG,LABRADOR RETR,BLACK,Neutered,2017-06-14T00:00:00.000,2024-05-30,CONFISCATE,FLD_ABAND,UNKNOWN,COUNTY
DOG,PIT BULL,TAN/WHITE,Female,,2024-05-30,STRAY,EMAIL,UNKNOWN,SANTA ROSA
DOG,LABRADOR RETR,BLACK,Spayed,2017-06-14T00:00:00.000,2024-05-30,CONFISCATE,FLD_ABAND,UNKNOWN,COUNTY
DOG,POMERANIAN,TAN/WHITE,Male,2023-05-30T00:00:00.000,2024-05-30,STRAY,OVER THE COUNTER,UNKNOWN,SANTA ROSA
DOG,GREAT PYRENEES/MIX,WHITE/BLACK,Female,2024-03-30T00:00:00.000,2024-05-30,STRAY,OVER THE COUNTER,UNKNOWN,SANTA ROSA
DOG,GERM SHEPHERD,BLACK/BROWN,Neutered,2023-05-30T00:00:00.000,2024-05-30,STRAY,FIELD,TREATABLE/REHAB,COUNTY
CAT,DOMESTIC SH,BRN TABBY,Neutered,2022-05-30T00:00:00.000,2024-05-30,STRAY,FIELD,HEALTHY,COUNTY
DOG,GREAT PYRENEES,BUFF,Neutered,2022-10-12T00:00:00.000,2024-05-31,STRAY,FIELD,UNKNOWN,COUNTY
CAT,DOMESTIC SH,TORTIE,Female,,2024-05-31,STRAY,EMAIL,UNKNOWN,SANTA ROSA
CAT,DOMESTIC SH,TORTIE,Female,,2024-05-31,STRAY,EMAIL,UNKNOWN,SANTA ROSA
CAT,DOMESTIC SH,BLACK,Female,,2024-05-31,STRAY,EMAIL,UNKNOWN,SANTA ROSA
CAT,DOMESTIC SH,BLACK,Female,,2024-05-31,STRAY,EMAIL,UNKNOWN,SANTA ROSA
OTHER,DOVE,WHITE/BROWN,Unknown,,2024-05-31,STRAY,OVER THE COUNTER,UNKNOWN,COUNTY
DOG,DACHSHUND/CHIHUAHUA SH,BLACK/TAN,Female,2021-06-11T00:00:00.000,2024-05-31,CONFISCATE,FLD_CORONR,UNKNOWN,SANTA ROSA
DOG,CHIHUAHUA SH/MIX,TRICOLOR,Female,2022-06-11T00:00:00.000,2024-05-31,CONFISCATE,FLD_CORONR,UNKNOWN,SANTA ROSA
DOG,CHIHUAHUA SH/DACHSHUND,CREAM,Neutered,2023-12-11T00:00:00.000,2024-05-31,CONFISCATE,FLD_CORONR,UNKNOWN,SANTA ROSA
DOG,WEST HIGHLAND/MIX,TRICOLOR,Neutered,2010-06-16T00:00:00.000,2024-06-01,STRAY,FIELD,UNKNOWN,SANTA ROSA
DOG,YORKSHIRE TERR/MIX,TAN/WHITE,Male,2019-06-01T00:00:00.000,2024-06-01,STRAY,FIELD,UNKNOWN,SANTA ROSA
DOG,PARSON RUSS TER/MIX,TAN/WHITE,Spayed,2019-06-01T00:00:00.000,2024-06-01,STRAY,FIELD,HEALTHY,SANTA ROSA
DOG,PIT BULL,BR BRINDLE,Female,2018-07-30T00:00:00.000,2024-06-01,CONFISCATE,FLD_ARREST,UNKNOWN,*SONOMA
DOG,DOBERMAN PINSCH/MIX,BLACK/TAN,Female,2022-06-01T00:00:00.000,2024-06-01,STRAY,FLD_STRAY,UNKNOWN,COUNTY
DOG,GERM SHEPHERD/MIX,BLACK,Male,2023-06-01T00:00:00.000,2024-06-01,STRAY,FLD_STRAY,UNKNOWN,COUNTY
DOG,BEAGLE/MIX,BLACK/TAN,Spayed,2022-06-04T00:00:00.000,2024-06-02,STRAY,FIELD,UNKNOWN,SANTA ROSA
DOG,GERM SHEPHERD/PIT BULL,TAN/BLACK,Neutered,2024-03-01T00:00:00.000,2024-06-03,STRAY,FIELD,UNKNOWN,SANTA ROSA
CAT,DOMESTIC SH,GRAY TABBY,Neutered,2016-06-04T00:00:00.000,2024-06-03,STRAY,FIELD,UNKNOWN,SANTA ROSA
DOG,SHIH TZU/MIX,WHITE/GRAY,Spayed,2020-08-10T00:00:00.000,2024-06-03,STRAY,FIELD,UNKNOWN,SANTA ROSA
DOG,GERM SHEPHERD/PIT BULL,TAN/BLACK,Female,,2024-06-03,STRAY,FIELD,UNKNOWN,COUNTY
OTHER,BAT,BROWN,Unknown,,2024-06-03,QUARANTINE,FIELD,UNKNOWN,SANTA ROSA
CAT,DOMESTIC SH,BLACK,Female,2024-06-01T00:00:00.000,2024-06-03,STRAY,FLD_STRAY,UNKNOWN,SANTA ROSA
CAT,DOMESTIC LH,ORG TABBY,Spayed,2008-01-01T00:00:00.000,2024-06-03,QUARANTINE,FIELD,UNKNOWN,SANTA ROSA
DOG,CHIHUAHUA SH/MIX,BLACK,Neutered,,2024-06-04,CONFISCATE,FLD_HOSPTL,UNKNOWN,COUNTY
DOG,CHIHUAHUA SH,TAN/WHITE,Spayed,2018-06-04T00:00:00.000,2024-06-04,STRAY,FLD_STRAY,UNKNOWN,SANTA ROSA
DOG,CHIHUAHUA SH/MIX,BLACK/BROWN,Neutered,2015-06-04T00:00:00.000,2024-06-04,STRAY,OVER THE COUNTER,UNKNOWN,SANTA ROSA
DOG,CAVALIER SPAN/MIX,WHITE/BLACK,Female,2014-06-04T00:00:00.000,2024-06-04,STRAY,FIELD,UNKNOWN,SANTA ROSA
DOG,POODLE MIN/MIX,WHITE,Neutered,2023-07-05T00:00:00.000,2024-06-04,STRAY,OVER THE COUNTER,TREATABLE/REHAB,SANTA ROSA
DOG,PIT BULL/MIX,BLACK/WHITE,Female,2023-11-28T00:00:00.000,2024-06-04,STRAY,OVER THE COUNTER,UNKNOWN,COUNTY
CAT,DOMESTIC SH,BRN TABBY,Spayed,2024-04-19T00:00:00.000,2024-06-04,STRAY,OVER THE COUNTER,HEALTHY,SANTA ROSA
CAT,DOMESTIC SH,BRN TABBY,Neutered,2024-04-19T00:00:00.000,2024-06-04,STRAY,OVER THE COUNTER,HEALTHY,SANTA ROSA
CAT,DOMESTIC SH,BLACK,Spayed,2024-04-19T00:00:00.000,2024-06-04,STRAY,OVER THE COUNTER,HEALTHY,SANTA ROSA
CAT,DOMESTIC SH,BRN TABBY,Neutered,2024-04-19T00:00:00.000,2024-06-04,STRAY,OVER THE COUNTER,HEALTHY,SANTA ROSA
CAT,DOMESTIC SH,BRN TABBY,Spayed,2024-04-19T00:00:00.000,2024-06-04,STRAY,OVER THE COUNTER,HEALTHY,SANTA ROSA
CAT,DOMESTIC SH,BRN TABBY,Spayed,2024-04-19T00:00:00.000,2024-06-04,STRAY,OVER THE COUNTER,HEALTHY,SANTA ROSA
CAT,DOMESTIC SH,BRN TABBY,Spayed,2024-04-19T00:00:00.000,2024-06-04,STRAY,OVER THE COUNTER,HEALTHY,SANTA ROSA
CAT,DOMESTIC SH,BRN TABBY,Spayed,2024-04-19T00:00:00.000,2024-06-04,STRAY,OVER THE COUNTER,HEALTHY,SANTA ROSA
CAT,DOMESTIC SH,BRN TABBY,Spayed,2024-04-19T00:00:00.000,2024-06-04,STRAY,OVER THE COUNTER,HEALTHY,SANTA ROSA
CAT,DOMESTIC SH,BRN TABBY,Neutered,2024-04-19T00:00:00.000,2024-06-04,STRAY,OVER THE COUNTER,HEALTHY,SANTA ROSA
DOG,GERM SHEPHERD/SIBERIAN HUSKY,BLACK/TAN,Neutered,2023-05-03T00:00:00.000,2024-06-05,STRAY,FLD_STRAY,HEALTHY,SANTA ROSA
DOG,DOBERMAN PINSCH,BROWN/TAN,Spayed,2020-08-01T00:00:00.000,2024-06-05,STRAY,FLD_STRAY,UNKNOWN,SANTA ROSA
DOG,CHIHUAHUA SH,WHITE,Neutered,2017-06-18T00:00:00.000,2024-06-05,STRAY,FLD_STRAY,UNKNOWN,SANTA ROSA
DOG,PIT BULL,BLACK/WHITE,Male,2012-06-12T00:00:00.000,2024-06-05,CONFISCATE,FLD_HOSPTL,UNKNOWN,SANTA ROSA
DOG,FRENCH BULLDOG,BL BRINDLE,Male,2022-06-05T00:00:00.000,2024-06-05,CONFISCATE,FLD_CRUEL,UNKNOWN,SANTA ROSA
DOG,BORDER COLLIE,BLACK/WHITE,Male,2020-06-06T00:00:00.000,2024-06-06,STRAY,FLD_STRAY,UNKNOWN,COUNTY
OTHER,BAT,BROWN,Unknown,,2024-06-07,QUARANTINE,FIELD,UNKNOWN,SANTA ROSA
CAT,DOMESTIC SH,BRN TABBY,Spayed,2021-06-13T00:00:00.000,2024-06-07,STRAY,FIELD,UNKNOWN,SANTA ROSA
DOG,GERM SHEPHERD/MIX,BR BRINDLE/WHITE,Spayed,2024-04-07T00:00:00.000,2024-06-07,STRAY,OVER THE COUNTER,UNKNOWN,SANTA ROSA
DOG,PIT BULL/MIX,BLACK/WHITE,Neutered,2023-09-09T00:00:00.000,2024-06-07,STRAY,OVER THE COUNTER,UNKNOWN,COUNTY
CAT,DOMESTIC SH,GRAY/WHITE,Female,2024-04-07T00:00:00.000,2024-06-07,STRAY,EMAIL,UNKNOWN,SANTA ROSA
OTHER,DUTCH/MIX,TAN/WHITE,Male,2022-06-27T00:00:00.000,2024-06-07,STRAY,OVER THE COUNTER,UNKNOWN,SANTA ROSA
CAT,DOMESTIC SH,BLACK,Neutered,2018-06-21T00:00:00.000,2024-06-08,STRAY,FIELD,UNKNOWN,SANTA ROSA
DOG,POODLE MIN/MIX,GRAY,Neutered,2020-07-30T00:00:00.000,2024-06-08,STRAY,OVER THE COUNTER,UNKNOWN,COUNTY
DOG,PARSON RUSS TER/MIX,TAN,Neutered,2023-06-08T00:00:00.000,2024-06-08,STRAY,OVER THE COUNTER,UNKNOWN,SANTA ROSA
CAT,DOMESTIC SH,BLACK/WHITE,Female,,2024-06-08,STRAY,FLD_EMERGE,UNKNOWN,COUNTY
DOG,AUST SHEPHERD,TRICOLOR,Spayed,2022-12-08T00:00:00.000,2024-06-08,STRAY,OVER THE COUNTER,UNKNOWN,COUNTY
DOG,PIT BULL,WHITE,Male,,2024-06-08,STRAY,OVER THE COUNTER,UNKNOWN,COUNTY
DOG,CHIHUAHUA SH/MIX,BROWN,Female,2022-06-02T00:00:00.000,2024-06-09,CONFISCATE,FLD_CORONR,UNKNOWN,COUNTY
OTHER,BAT,BROWN,Unknown,,2024-06-10,QUARANTINE,FIELD,UNKNOWN,SANTA ROSA
DOG,SHIH TZU,RED,Female,2021-12-11T00:00:00.000,2024-06-10,STRAY,FLD_STRAY,UNKNOWN,COUNTY
DOG,SHIH TZU,WHITE/BROWN,Male,2020-12-11T00:00:00.000,2024-06-10,STRAY,FLD_STRAY,UNKNOWN,COUNTY
DOG,SIBERIAN HUSKY,WHITE,Female,,2024-06-10,STRAY,FLD_STRAY,UNKNOWN,SANTA ROSA
DOG,PIT BULL/MIX,BLACK/WHITE,Neutered,2023-02-07T00:00:00.000,2024-06-11,STRAY,OVER THE COUNTER,HEALTHY,SANTA ROSA
DOG,CANE CORSO,GRAY,Male,,2024-06-11,STRAY,FIELD,UNKNOWN,SANTA ROSA
CAT,DOMESTIC SH,WHITE/ORANGE,Unknown,,2024-06-11,STRAY,FIELD,UNKNOWN,SANTA ROSA
CAT,DOMESTIC SH,BLACK,Female,,2024-06-11,STRAY,FIELD,UNKNOWN,SANTA ROSA
DOG,LHASA APSO,BLACK/WHITE,Spayed,2021-07-19T00:00:00.000,2024-06-11,STRAY,OVER THE COUNTER,UNKNOWN,SANTA ROSA
CAT,SIAMESE,GRAY/WHITE,Neutered,2019-06-14T00:00:00.000,2024-06-11,STRAY,FIELD,HEALTHY,COUNTY
OTHER,BAT,BROWN,Unknown,,2024-06-11,QUARANTINE,FIELD,UNKNOWN,COUNTY
DOG,POODLE MIN/MIX,WHITE,Male,2023-06-11T00:00:00.000,2024-06-11,STRAY,FIELD,UNKNOWN,SANTA ROSA
CAT,DOMESTIC SH,WHITE/BLK TABBY,Spayed,2024-04-25T00:00:00.000,2024-06-11,STRAY,OVER THE COUNTER,HEALTHY,SANTA ROSA
CAT,DOMESTIC LH,GRAY,Spayed,2020-06-11T00:00:00.000,2024-06-11,STRAY,OVER THE COUNTER,HEALTHY,SANTA ROSA
CAT,DOMESTIC SH,BLACK,Spayed,2024-05-18T00:00:00.000,2024-06-11,STRAY,OVER THE COUNTER,HEALTHY,SANTA ROSA
CAT,DOMESTIC SH,GRAY,Neutered,2024-05-18T00:00:00.000,2024-06-11,STRAY,OVER THE COUNTER,HEALTHY,SANTA ROSA
CAT,DOMESTIC SH,GRAY,Spayed,2024-05-18T00:00:00.000,2024-06-11,STRAY,OVER THE COUNTER,HEALTHY,SANTA ROSA
CAT,DOMESTIC SH,CALICO/WHITE,Unknown,,2024-06-11,STRAY,FIELD,UNKNOWN,COUNTY
DOG,ENG BULLDOG/MIX,TAN/WHITE,Spayed,2015-06-12T00:00:00.000,2024-06-12,STRAY,OVER THE COUNTER,UNKNOWN,COUNTY
OTHER,GUINEA PIG,BLACK/WHITE,Male,2020-07-05T00:00:00.000,2024-06-12,STRAY,OVER THE COUNTER,HEALTHY,COUNTY
DOG,CHIHUAHUA SH/MIX,TAN,Neutered,2022-06-14T00:00:00.000,2024-06-12,STRAY,VET_HOSP,HEALTHY,SANTA ROSA
CAT,DOMESTIC SH,GRAY/WHITE,Neutered,2024-04-13T00:00:00.000,2024-06-13,STRAY,OVER THE COUNTER,HEALTHY,SANTA ROSA
CAT,DOMESTIC SH,BLACK/WHITE,Neutered,2024-04-13T00:00:00.000,2024-06-13,STRAY,OVER THE COUNTER,HEALTHY,SANTA ROSA
CAT,DOMESTIC SH,BLACK/WHITE,Neutered,2024-04-13T00:00:00.000,2024-06-13,STRAY,OVER THE COUNTER,HEALTHY,SANTA ROSA
CAT,DOMESTIC SH,TORTIE,Spayed,2024-04-13T00:00:00.000,2024-06-13,STRAY,OVER THE COUNTER,HEALTHY,SANTA ROSA
CAT,DOMESTIC SH,CALICO,Spayed,2024-04-13T00:00:00.000,2024-06-13,STRAY,OVER THE COUNTER,HEALTHY,SANTA ROSA
DOG,PIT BULL,BRN MERLE/WHITE,Male,2019-06-13T00:00:00.000,2024-06-13,STRAY,FIELD,UNKNOWN,COUNTY
DOG,PIT BULL/MIX,WHITE/BR BRINDLE,Male,,2024-06-13,STRAY,FIELD,UNKNOWN,COUNTY
CAT,DOMESTIC SH,CALICO,Spayed,2021-06-13T00:00:00.000,2024-06-13,STRAY,OVER THE COUNTER,TREATABLE/MANAGEABLE,SANTA ROSA
CAT,DOMESTIC SH,GRAY TABBY/WHITE,Neutered,2024-04-13T00:00:00.000,2024-06-13,STRAY,OVER THE COUNTER,UNKNOWN,SANTA ROSA
CAT,DOMESTIC SH,GRAY TABBY/WHITE,Neutered,2024-04-13T00:00:00.000,2024-06-13,STRAY,OVER THE COUNTER,UNKNOWN,SANTA ROSA
CAT,DOMESTIC SH,GRAY TABBY/WHITE,Neutered,2024-04-13T00:00:00.000,2024-06-13,STRAY,OVER THE COUNTER,UNKNOWN,SANTA ROSA
OTHER,DUCK,BROWN/WHITE,Male,,2024-06-13,STRAY,FIELD,UNKNOWN,SANTA ROSA
OTHER,DUCK,BROWN/WHITE,Male,,2024-06-13,STRAY,FIELD,UNKNOWN,SANTA ROSA
DOG,PARSON RUSS TER/MIX,WHITE/TAN,Neutered,2023-06-13T00:00:00.000,2024-06-13,STRAY,FLD_STRAY,UNKNOWN,SANTA ROSA
CAT,DOMESTIC SH,BRN TABBY,Unknown,,2024-06-14,STRAY,VET_HOSP,UNKNOWN,SANTA ROSA
CAT,DOMESTIC SH,GRAY TABBY,Spayed,2024-04-14T00:00:00.000,2024-06-14,STRAY,OVER THE COUNTER,UNKNOWN,SANTA ROSA
CAT,DOMESTIC LH,ORG TABBY/WHITE,Neutered,2022-06-14T00:00:00.000,2024-06-14,STRAY,OVER THE COUNTER,UNKNOWN,COUNTY
DOG,GERM SHEPHERD,BLACK/TAN,Neutered,2023-07-01T00:00:00.000,2024-06-15,STRAY,FLD_STRAY,UNKNOWN,COUNTY
CAT,DOMESTIC SH,BLACK,Spayed,,2024-06-15,STRAY,OVER THE COUNTER,UNKNOWN,COUNTY
DOG,LABRADOR RETR/MIX,TAN/WHITE,Male,2023-06-15T00:00:00.000,2024-06-15,STRAY,OVER THE COUNTER,UNKNOWN,SANTA ROSA
OTHER,GOAT,WHITE/BROWN,Male,,2024-06-15,STRAY,FLD_STRAY,UNKNOWN,COUNTY
OTHER,GOAT,WHITE/TAN,Male,,2024-06-15,STRAY,FLD_STRAY,UNKNOWN,COUNTY
CAT,DOMESTIC SH,BLACK,Unknown,,2024-06-15,STRAY,OVER THE COUNTER,UNKNOWN,SANTA ROSA
CAT,DOMESTIC SH,GRAY TABBY,Unknown,,2024-06-15,STRAY,OVER THE COUNTER,UNKNOWN,SANTA ROSA
DOG,CHIHUAHUA SH/ITAL GREYHOUND,TRICOLOR,Spayed,,2024-06-16,STRAY,FLD_STRAY,UNKNOWN,COUNTY
CAT,DOMESTIC LH,ORANGE/WHITE,Neutered,2021-06-26T00:00:00.000,2024-06-17,STRAY,FIELD,UNKNOWN,SANTA ROSA
CAT,DOMESTIC SH,BLACK/WHITE,Spayed,2013-06-29T00:00:00.000,2024-06-17,STRAY,FIELD,UNKNOWN,SANTA ROSA
DOG,CHIHUAHUA SH,BLACK/BROWN,Male,,2024-06-17,STRAY,FIELD,UNKNOWN,SANTA ROSA
OTHER,BAT,BROWN,Unknown,,2024-06-17,QUARANTINE,FIELD,UNKNOWN,COUNTY
DOG,SIBERIAN HUSKY,WHITE,Male,2021-06-18T00:00:00.000,2024-06-18,STRAY,FIELD,UNKNOWN,COUNTY
DOG,BELG MALINOIS/MIX,TAN/BLACK,Neutered,2023-06-18T00:00:00.000,2024-06-18,STRAY,FIELD,HEALTHY,SANTA ROSA
DOG,SIBERIAN HUSKY,WHITE,Male,2018-06-18T00:00:00.000,2024-06-18,STRAY,OVER THE COUNTER,UNKNOWN,SANTA ROSA
OTHER,BAT,BROWN,Unknown,,2024-06-18,QUARANTINE,FIELD,UNKNOWN,COUNTY
OTHER,BAT,BROWN,Unknown,,2024-06-18,QUARANTINE,FIELD,UNKNOWN,COUNTY
DOG,CHIHUAHUA SH/MIX,BROWN/WHITE,Neutered,2022-03-28T00:00:00.000,2024-06-18,ADOPTION RETURN,OVER THE COUNTER,UNKNOWN,COUNTY
CAT,DOMESTIC SH,BLACK/WHITE,Unknown,2024-05-03T00:00:00.000,2024-06-18,STRAY,EMAIL,UNKNOWN,SANTA ROSA
DOG,PIT BULL/AUST CATTLE DOG,BLACK/WHITE,Female,,2024-06-18,CONFISCATE,FLD_HOSPTL,UNKNOWN,SANTA ROSA
DOG,AUST CATTLE DOG,BLACK/WHITE,Spayed,2022-01-27T00:00:00.000,2024-06-18,STRAY,OVER THE COUNTER,UNKNOWN,SANTA ROSA
DOG,PIT BULL/AMER BULLDOG,BL BRINDLE,Neutered,2016-01-29T00:00:00.000,2024-06-19,STRAY,FLD_STRAY,UNKNOWN,SANTA ROSA
DOG,PARSON RUSS TER/ITAL GREYHOUND,BR BRINDLE/WHITE,Neutered,2023-10-19T00:00:00.000,2024-06-19,OWNER SURRENDER,FIELD,UNKNOWN,SANTA ROSA
CAT,DOMESTIC LH,GRAY/WHITE,Spayed,2024-04-25T00:00:00.000,2024-06-19,STRAY,OVER THE COUNTER,HEALTHY,SANTA ROSA
CAT,DOMESTIC LH,GRAY/WHITE,Neutered,2024-04-25T00:00:00.000,2024-06-19,STRAY,OVER THE COUNTER,UNKNOWN,SANTA ROSA
CAT,DOMESTIC LH,BRN TABBY/WHITE,Spayed,2024-04-25T00:00:00.000,2024-06-19,STRAY,OVER THE COUNTER,UNKNOWN,SANTA ROSA
CAT,DOMESTIC LH,BRN TABBY/WHITE,Neutered,2024-04-25T00:00:00.000,2024-06-19,STRAY,OVER THE COUNTER,UNKNOWN,SANTA ROSA
CAT,DOMESTIC SH,GRAY TABBY,Spayed,2020-03-29T00:00:00.000,2024-06-19,STRAY,OVER THE COUNTER,UNKNOWN,SANTA ROSA
DOG,AMERICAN STAFF/MIX,RED/WHITE,Male,,2024-06-19,CONFISCATE,FLD_ARREST,UNKNOWN,COUNTY
OTHER,BAT,BLACK,Unknown,,2024-06-20,QUARANTINE,OVER THE COUNTER,UNKNOWN,COUNTY
OTHER,BAT,BLACK,Unknown,,2024-06-20,QUARANTINE,OVER THE COUNTER,UNKNOWN,COUNTY
OTHER,BAT,BLACK,Unknown,,2024-06-20,QUARANTINE,OVER THE COUNTER,UNKNOWN,COUNTY
CAT,DOMESTIC SH,ORANGE,Neutered,2023-07-10T00:00:00.000,2024-06-20,STRAY,OVER THE COUNTER,UNKNOWN,SANTA ROSA
DOG,GERM SHEPHERD,TAN/BLACK,Male,2022-08-20T00:00:00.000,2024-06-20,STRAY,FLD_STRAY,UNKNOWN,COUNTY
DOG,LABRADOR RETR,WHITE,Spayed,2023-07-20T00:00:00.000,2024-06-20,STRAY,FLD_STRAY,HEALTHY,COUNTY
DOG,GOLDEN RETR,GOLD,Female,2012-06-20T00:00:00.000,2024-06-20,STRAY,FLD_STRAY,UNKNOWN,SANTA ROSA
DOG,MALTESE/MIX,WHITE,Neutered,2018-09-17T00:00:00.000,2024-06-20,STRAY,FLD_STRAY,UNKNOWN,COUNTY
CAT,DOMESTIC SH,BLACK/BROWN,Female,2023-03-28T00:00:00.000,2024-06-20,STRAY,OVER THE COUNTER,UNKNOWN,SANTA ROSA
DOG,FRENCH BULLDOG,BR BRINDLE/CREAM,Female,2022-06-21T00:00:00.000,2024-06-20,STRAY,OVER THE COUNTER,UNKNOWN,SANTA ROSA
DOG,SIBERIAN HUSKY,GRAY/WHITE,Neutered,2010-07-01T00:00:00.000,2024-06-21,STRAY,FLD_STRAY,UNKNOWN,COUNTY
DOG,GERM SHEPHERD,TAN/BLACK,Neutered,2023-11-03T00:00:00.000,2024-06-21,OWNER SURRENDER,OVER THE COUNTER,UNKNOWN,COUNTY
CAT,DOMESTIC SH,GRAY,Unknown,2020-06-21T00:00:00.000,2024-06-21,STRAY,OVER THE COUNTER,UNKNOWN,COUNTY
DOG,PIT BULL/MIX,BLACK,Spayed,2024-03-21T00:00:00.000,2024-06-21,STRAY,OVER THE COUNTER,HEALTHY,SANTA ROSA
DOG,LABRADOR RETR/PIT BULL,BLACK,Neutered,2024-03-21T00:00:00.000,2024-06-21,STRAY,OVER THE COUNTER,UNKNOWN,SANTA ROSA
DOG,CHIHUAHUA SH,BROWN,Female,2021-06-21T00:00:00.000,2024-06-21,STRAY,OVER THE COUNTER,UNKNOWN,SANTA ROSA
DOG,GERM SHEPHERD,TAN/BLACK,Male,2022-08-20T00:00:00.000,2024-06-21,OWNER SURRENDER,OVER THE COUNTER,UNKNOWN,COUNTY
CAT,DOMESTIC SH,TORTIE,Spayed,2023-06-21T00:00:00.000,2024-06-21,STRAY,OVER THE COUNTER,UNKNOWN,COUNTY
DOG,PIT BULL/LABRADOR RETR,TAN,Spayed,2016-06-22T00:00:00.000,2024-06-22,QUARANTINE,FIELD,UNKNOWN,SANTA ROSA
CAT,DOMESTIC SH,TORTIE,Female,2022-06-22T00:00:00.000,2024-06-22,STRAY,EMAIL,UNKNOWN,COUNTY
CAT,DOMESTIC SH,ORG TABBY,Spayed,2024-04-03T00:00:00.000,2024-06-22,ADOPTION RETURN,OVER THE COUNTER,HEALTHY,WINDSOR
DOG,CHIHUAHUA SH,TAN,Neutered,2022-08-10T00:00:00.000,2024-06-22,STRAY,OVER THE COUNTER,UNKNOWN,SANTA ROSA
DOG,RAT TERRIER,TAN/CREAM,Neutered,2021-08-09T00:00:00.000,2024-06-22,STRAY,OVER THE COUNTER,HEALTHY,SANTA ROSA
DOG,PIT BULL/MIX,BROWN/TAN,Neutered,2024-04-22T00:00:00.000,2024-06-22,STRAY,OVER THE COUNTER,HEALTHY,SANTA ROSA
DOG,PIT BULL/MIX,WHITE,Neutered,2015-05-30T00:00:00.000,2024-06-22,STRAY,FLD_STRAY,UNKNOWN,SANTA ROSA
DOG,PIT BULL/MIX,WHITE/BROWN,Spayed,2021-01-28T00:00:00.000,2024-06-22,STRAY,FLD_STRAY,UNKNOWN,SANTA ROSA
CAT,DOMESTIC MH,ORANGE,Female,2024-05-22T00:00:00.000,2024-06-22,STRAY,VET_HOSP,UNKNOWN,SANTA ROSA
CAT,DOMESTIC MH,BLUE CREAM,Female,2024-05-22T00:00:00.000,2024-06-22,STRAY,VET_HOSP,UNKNOWN,SANTA ROSA
CAT,DOMESTIC MH,BLUE CREAM,Spayed,2024-05-22T00:00:00.000,2024-06-22,STRAY,VET_HOSP,HEALTHY,SANTA ROSA
CAT,DOMESTIC MH,TORTIE,Female,2024-05-22T00:00:00.000,2024-06-22,STRAY,VET_HOSP,UNKNOWN,SANTA ROSA
DOG,LABRADOR RETR,BLACK,Male,2021-01-23T00:00:00.000,2024-06-23,STRAY,FIELD,UNKNOWN,SANTA ROSA
DOG,LABRADOR RETR,YELLOW,Female,2021-12-23T00:00:00.000,2024-06-23,STRAY,FIELD,UNKNOWN,SANTA ROSA
OTHER,CHICKEN,YELLOW,Unknown,,2024-06-23,CONFISCATE,FIELD,UNKNOWN,SANTA ROSA
OTHER,CHICKEN,YELLOW,Unknown,,2024-06-23,CONFISCATE,FIELD,UNKNOWN,SANTA ROSA
OTHER,CHICKEN,YELLOW,Unknown,,2024-06-23,CONFISCATE,FIELD,UNKNOWN,SANTA ROSA
OTHER,CHICKEN,BLACK/YELLOW,Unknown,,2024-06-23,CONFISCATE,FIELD,UNKNOWN,SANTA ROSA
OTHER,CHICKEN,BLACK/YELLOW,Unknown,,2024-06-23,CONFISCATE,FIELD,UNKNOWN,SANTA ROSA
CAT,DOMESTIC SH,GRAY/WHITE,Male,,2024-06-24,STRAY,FIELD,UNKNOWN,SANTA ROSA
OTHER,BAT,BROWN,Unknown,,2024-06-24,QUARANTINE,FIELD,UNKNOWN,COUNTY
DOG,PUG/BEAGLE,BROWN/BLACK,Neutered,2009-06-08T00:00:00.000,2024-06-25,STRAY,OVER THE COUNTER,UNKNOWN,SANTA ROSA
DOG,GERM SHEPHERD/MIX,TAN/BLACK,Male,2023-06-25T00:00:00.000,2024-06-25,STRAY,FLD_STRAY,UNKNOWN,SANTA ROSA
DOG,CHIHUAHUA SH,TAN,Female,2022-12-25T00:00:00.000,2024-06-25,STRAY,FIELD,UNKNOWN,SANTA ROSA
OTHER,BAT,BROWN,Unknown,,2024-06-25,QUARANTINE,FIELD,UNKNOWN,SANTA ROSA
DOG,CHIHUAHUA SH/MIX,BLACK/TAN,Spayed,2024-04-06T00:00:00.000,2024-06-25,ADOPTION RETURN,OVER THE COUNTER,UNKNOWN,*COTATI
CAT,DOMESTIC LH,BRN TABBY,Unknown,,2024-06-26,STRAY,OVER THE COUNTER,UNKNOWN,COUNTY
DOG,PIT BULL/MIX,BROWN/WHITE,Female,,2024-06-26,STRAY,FIELD,UNKNOWN,SANTA ROSA
DOG,CHIHUAHUA SH,TAN,Neutered,,2024-06-26,STRAY,FLD_STRAY,UNKNOWN,COUNTY
CAT,DOMESTIC SH,BRN TABBY,Female,2015-11-01T00:00:00.000,2024-06-26,STRAY,OVER THE COUNTER,UNKNOWN,SANTA ROSA
DOG,PIT BULL,WHITE/BROWN,Spayed,2023-01-18T00:00:00.000,2024-06-27,CONFISCATE,FLD_INVEST,UNKNOWN,SANTA ROSA
CAT,DOMESTIC SH,BLACK/WHITE,Neutered,2018-06-27T00:00:00.000,2024-06-27,STRAY,OVER THE COUNTER,UNKNOWN,COUNTY
OTHER,BAT,BROWN,Unknown,,2024-06-27,QUARANTINE,FIELD,UNKNOWN,COUNTY
DOG,BORDER TERRIER/MIX,TAN/BROWN,Male,2023-06-28T00:00:00.000,2024-06-28,STRAY,FLD_STRAY,UNKNOWN,SANTA ROSA
DOG,CHIHUAHUA SH/DACHSHUND,CREAM,Neutered,2023-12-11T00:00:00.000,2024-06-28,STRAY,OVER THE COUNTER,HEALTHY,SANTA ROSA
DOG,CHIHUAHUA SH/MIX,TRICOLOR,Female,2022-06-11T00:00:00.000,2024-06-28,STRAY,OVER THE COUNTER,UNKNOWN,SANTA ROSA
DOG,DACHSHUND/CHIHUAHUA SH,BLACK/TAN,Female,2021-06-11T00:00:00.000,2024-06-28,STRAY,OVER THE COUNTER,UNKNOWN,SANTA ROSA
DOG,POINTER,BLACK/WHITE,Neutered,2016-12-01T00:00:00.000,2024-06-28,CONFISCATE,FLD_ARREST,UNKNOWN,SANTA ROSA
DOG,CAROLINA DOG/MIX,TAN/WHITE,Neutered,2023-06-17T00:00:00.000,2024-06-28,STRAY,FLD_STRAY,HEALTHY,SANTA ROSA
DOG,MALTESE,WHITE,Female,2019-10-24T00:00:00.000,2024-06-28,STRAY,OVER THE COUNTER,UNKNOWN,SANTA ROSA
CAT,DOMESTIC SH,BRN TABBY,Neutered,2022-06-28T00:00:00.000,2024-06-28,STRAY,OVER THE COUNTER,HEALTHY,SANTA ROSA
DOG,PIT BULL,BLUE/TAN,Female,2015-02-01T00:00:00.000,2024-06-28,STRAY,OVER THE COUNTER,UNKNOWN,SANTA ROSA
DOG,PIT BULL,TAN/WHITE,Female,2017-02-01T00:00:00.000,2024-06-28,STRAY,OVER THE COUNTER,UNKNOWN,SANTA ROSA
DOG,PIT BULL,BLACK,Female,2023-08-17T00:00:00.000,2024-06-28,CONFISCATE,FIELD,UNKNOWN,COUNTY
DOG,PIT BULL,BLACK/WHITE,Neutered,2014-06-02T00:00:00.000,2024-06-28,CONFISCATE,FIELD,UNKNOWN,COUNTY
CAT,DOMESTIC LH,CALICO,Spayed,2020-06-29T00:00:00.000,2024-06-28,STRAY,OVER THE COUNTER,UNKNOWN,COUNTY
CAT,DOMESTIC SH,BRN TABBY,Spayed,2024-05-28T00:00:00.000,2024-06-28,STRAY,OVER THE COUNTER,HEALTHY,SANTA ROSA
DOG,DACHSHUND LH/MIX,TAN,Neutered,2023-09-28T00:00:00.000,2024-06-28,STRAY,OVER THE COUNTER,UNKNOWN,SANTA ROSA
CAT,DOMESTIC SH,BRN TABBY,Neutered,2024-05-28T00:00:00.000,2024-06-28,STRAY,OVER THE COUNTER,HEALTHY,SANTA ROSA
CAT,DOMESTIC SH,BRN TABBY,Neutered,2024-05-28T00:00:00.000,2024-06-28,STRAY,OVER THE COUNTER,HEALTHY,SANTA ROSA
DOG,PIT BULL/MIX,TAN/WHITE,Neutered,2021-07-02T00:00:00.000,2024-06-28,CONFISCATE,FLD_HOSPTL,UNKNOWN,COUNTY
OTHER,SHEEP,TAN/BLACK,Female,,2024-06-28,STRAY,FLD_STRAY,UNKNOWN,COUNTY
OTHER,DUCK,WHITE,Unknown,,2024-06-29,STRAY,OVER THE COUNTER,UNKNOWN,COUNTY
CAT,DOMESTIC SH,BRN TABBY,Neutered,2021-06-29T00:00:00.000,2024-06-29,STRAY,OVER THE COUNTER,HEALTHY,SANTA ROSA
CAT,DOMESTIC SH,TORTIE,Spayed,2014-08-20T00:00:00.000,2024-06-29,STRAY,OVER THE COUNTER,HEALTHY,COUNTY
CAT,DOMESTIC SH,BLACK,Spayed,2024-05-24T00:00:00.000,2024-06-29,STRAY,FIELD,HEALTHY,SANTA ROSA
CAT,DOMESTIC SH,BLACK/WHITE,Spayed,2024-03-14T00:00:00.000,2024-06-29,STRAY,FIELD,HEALTHY,SANTA ROSA
DOG,CHIHUAHUA SH,BLACK/WHITE,Female,2019-07-02T00:00:00.000,2024-06-30,STRAY,FIELD,UNKNOWN,SANTA ROSA
DOG,BEAGLE,BROWN/WHITE,Male,2017-06-28T00:00:00.000,2024-06-30,STRAY,FIELD,UNKNOWN,SANTA ROSA
DOG,PIT BULL,BLACK/WHITE,Neutered,2023-03-03T00:00:00.000,2024-06-30,STRAY,FIELD,UNKNOWN,SANTA ROSA
DOG,POMERANIAN,CREAM,Neutered,2019-08-10T00:00:00.000,2024-06-30,STRAY,FIELD,UNKNOWN,SANTA ROSA
DOG,GERM SHEPHERD/MIX,TAN,Neutered,2017-10-07T00:00:00.000,2024-07-01,STRAY,FIELD,UNKNOWN,SANTA ROSA
DOG,PIT BULL,BLACK/WHITE,Neutered,2023-03-05T00:00:00.000,2024-07-02,STRAY,FLD_STRAY,HEALTHY,COUNTY
CAT,DOMESTIC MH,BLACK/WHITE,Neutered,2024-05-15T00:00:00.000,2024-07-02,STRAY,OVER THE COUNTER,HEALTHY,SANTA ROSA
CAT,DOMESTIC SH,ORG TABBY,Female,,2024-07-02,STRAY,EMAIL,UNKNOWN,SANTA ROSA
CAT,DOMESTIC SH,ORG TABBY/WHITE,Female,,2024-07-02,STRAY,EMAIL,UNKNOWN,SANTA ROSA
CAT,DOMESTIC SH,ORG TABBY/WHITE,Female,,2024-07-02,STRAY,EMAIL,UNKNOWN,SANTA ROSA
CAT,DOMESTIC SH,ORG TABBY,Male,,2024-07-02,STRAY,EMAIL,UNKNOWN,SANTA ROSA
DOG,AUST KELPIE/PIT BULL,WHITE/BROWN,Male,2024-04-01T00:00:00.000,2024-07-02,CONFISCATE,FLD_ARREST,UNKNOWN,SANTA ROSA
DOG,PIT BULL/MIX,BLACK/WHITE,Male,,2024-07-02,STRAY,FIELD,UNKNOWN,SANTA ROSA
CAT,DOMESTIC SH,BLACK,Unknown,,2024-07-02,STRAY,OVER THE COUNTER,UNKNOWN,SANTA ROSA
OTHER,BAT,BLACK,Unknown,,2024-07-02,QUARANTINE,OVER THE COUNTER,UNKNOWN,COUNTY
DOG,YORKSHIRE TERR,BLACK/TAN,Male,2017-08-20T00:00:00.000,2024-07-02,STRAY,OVER THE COUNTER,UNKNOWN,COUNTY
DOG,CHIHUAHUA SH,BLACK,Unknown,2024-07-02T00:00:00.000,2024-07-02,BORN HERE,MOM STRAY,UNKNOWN,SANTA ROSA
DOG,CHIHUAHUA SH,BLACK/WHITE,Unknown,2024-07-02T00:00:00.000,2024-07-02,BORN HERE,MOM STRAY,UNKNOWN,SANTA ROSA
DOG,CHIHUAHUA SH,BLACK,Unknown,2024-07-02T00:00:00.000,2024-07-02,BORN HERE,MOM STRAY,UNKNOWN,SANTA ROSA
DOG,CHIHUAHUA SH,BLACK,Unknown,2024-07-02T00:00:00.000,2024-07-02,BORN HERE,MOM STRAY,UNKNOWN,SANTA ROSA
DOG,CHIHUAHUA SH,BLACK,Unknown,2024-07-02T00:00:00.000,2024-07-02,BORN HERE,MOM STRAY,UNKNOWN,SANTA ROSA
DOG,CHIHUAHUA SH,BLACK,Unknown,2024-07-02T00:00:00.000,2024-07-02,BORN HERE,MOM STRAY,UNKNOWN,SANTA ROSA
DOG,CHIHUAHUA SH,TAN,Spayed,2021-09-01T00:00:00.000,2024-07-03,CONFISCATE,FLD_HOSPTL,UNKNOWN,SANTA ROSA
CAT,DOMESTIC MH,CALICO,Spayed,2019-07-03T00:00:00.000,2024-07-03,OWNER SURRENDER,OVER THE COUNTER,HEALTHY,COUNTY
CAT,DOMESTIC MH,GRAY,Spayed,2020-07-03T00:00:00.000,2024-07-03,OWNER SURRENDER,OVER THE COUNTER,UNKNOWN,COUNTY
OTHER,BAT,BROWN,Unknown,,2024-07-03,QUARANTINE,FIELD,UNKNOWN,COUNTY
DOG,LABRADOR RETR/MIX,RED,Neutered,2020-01-27T00:00:00.000,2024-07-04,CONFISCATE,FLD_HOSPTL,UNKNOWN,SANTA ROSA
DOG,PUG,TAN,Neutered,2017-07-05T00:00:00.000,2024-07-04,STRAY,FIELD,UNKNOWN,COUNTY
DOG,AFFENPINSCHER,WHITE,Female,2016-07-05T00:00:00.000,2024-07-05,STRAY,FLD_STRAY,UNKNOWN,SANTA ROSA
DOG,BEAGLE/GERM SHEPHERD,BLACK/BROWN,Neutered,2019-07-05T00:00:00.000,2024-07-05,STRAY,FLD_STRAY,UNKNOWN,SANTA ROSA
DOG,FRENCH BULLDOG,GRAY/WHITE,Male,2021-07-05T00:00:00.000,2024-07-05,STRAY,OVER THE COUNTER,UNKNOWN,SANTA ROSA
CAT,DOMESTIC SH,BLACK/WHITE,Unknown,2024-05-05T00:00:00.000,2024-07-05,STRAY,FLD_STRAY,UNKNOWN,SANTA ROSA
CAT,DOMESTIC SH,BLACK/WHITE,Unknown,2024-05-05T00:00:00.000,2024-07-05,STRAY,FLD_STRAY,UNKNOWN,SANTA ROSA
CAT,DOMESTIC SH,BLACK/WHITE,Unknown,2024-05-06T00:00:00.000,2024-07-05,STRAY,FLD_STRAY,UNKNOWN,SANTA ROSA
CAT,DOMESTIC SH,BLACK/WHITE,Unknown,2024-05-05T00:00:00.000,2024-07-05,STRAY,FLD_STRAY,UNKNOWN,SANTA ROSA
CAT,DOMESTIC SH,ORANGE,Neutered,2022-07-13T00:00:00.000,2024-07-05,OWNER SURRENDER,OVER THE COUNTER,HEALTHY,SANTA ROSA
DOG,PIT BULL/MIX,BROWN/BR BRINDLE,Male,2024-05-21T00:00:00.000,2024-07-05,STRAY,OVER THE COUNTER,UNKNOWN,COUNTY
DOG,PIT BULL/MIX,BLACK/BL BRINDLE,Male,2024-05-21T00:00:00.000,2024-07-05,STRAY,OVER THE COUNTER,UNKNOWN,COUNTY
DOG,PIT BULL/MIX,BL BRINDLE,Male,2024-05-21T00:00:00.000,2024-07-05,STRAY,OVER THE COUNTER,UNKNOWN,COUNTY
DOG,PIT BULL/MIX,TAN,Male,2024-05-21T00:00:00.000,2024-07-05,STRAY,OVER THE COUNTER,UNKNOWN,COUNTY
DOG,PIT BULL/MIX,BL BRINDLE,Male,2024-05-21T00:00:00.000,2024-07-05,STRAY,OVER THE COUNTER,UNKNOWN,COUNTY
DOG,PIT BULL/MIX,TAN/WHITE,Female,2024-05-21T00:00:00.000,2024-07-05,STRAY,OVER THE COUNTER,UNKNOWN,COUNTY
DOG,PIT BULL/MIX,TAN/BR BRINDLE,Female,2024-05-21T00:00:00.000,2024-07-05,STRAY,OVER THE COUNTER,UNKNOWN,COUNTY
DOG,PIT BULL/MIX,TAN,Male,2024-05-21T00:00:00.000,2024-07-05,STRAY,OVER THE COUNTER,UNKNOWN,COUNTY
DOG,PIT BULL/MIX,BR BRINDLE,Male,2024-05-22T00:00:00.000,2024-07-05,STRAY,OVER THE COUNTER,UNKNOWN,COUNTY
DOG,PIT BULL/MIX,BL BRINDLE,Female,2024-05-22T00:00:00.000,2024-07-05,STRAY,OVER THE COUNTER,UNKNOWN,COUNTY
DOG,PIT BULL,TAN/WHITE,Neutered,2016-12-08T00:00:00.000,2024-07-06,STRAY,OVER THE COUNTER,UNKNOWN,SANTA ROSA
DOG,GERM SHEPHERD,BLACK,Spayed,2018-07-06T00:00:00.000,2024-07-06,STRAY,FLD_STRAY,HEALTHY,SANTA ROSA
DOG,BORDER COLLIE,BLACK/WHITE,Female,2016-07-06T00:00:00.000,2024-07-06,STRAY,FLD_STRAY,UNKNOWN,SANTA ROSA
DOG,MASTIFF/MIX,BL BRINDLE,Male,,2024-07-07,STRAY,FLD_STRAY,UNKNOWN,COUNTY
DOG,CHIHUAHUA SH,CREAM/WHITE,Male,,2024-07-07,STRAY,FLD_STRAY,UNKNOWN,SANTA ROSA
DOG,SIBERIAN HUSKY/MIX,WHITE,Female,2022-01-09T00:00:00.000,2024-07-07,STRAY,FLD_STRAY,UNKNOWN,SANTA ROSA
DOG,MASTIFF/GERM SHEPHERD,TAN/BLACK,Male,,2024-07-07,STRAY,FLD_STRAY,UNKNOWN,COUNTY
DOG,CHIHUAHUA SH/RAT TERRIER,BLACK/BROWN,Male,2021-07-09T00:00:00.000,2024-07-07,STRAY,FLD_STRAY,UNKNOWN,COUNTY
DOG,AKBASH,WHITE,Neutered,2024-01-18T00:00:00.000,2024-07-07,STRAY,FIELD,UNKNOWN,COUNTY
DOG,PIT BULL,BLACK/WHITE,Male,2023-07-08T00:00:00.000,2024-07-08,STRAY,FLD_STRAY,UNKNOWN,SANTA ROSA
DOG,CHIHUAHUA SH,BLACK,Unknown,2024-07-08T00:00:00.000,2024-07-08,BORN HERE,MOM STRAY,UNKNOWN,SANTA ROSA
DOG,CHIHUAHUA SH,BLACK,Unknown,2024-07-08T00:00:00.000,2024-07-08,BORN HERE,MOM STRAY,UNKNOWN,SANTA ROSA
DOG,PIT BULL/MIX,RED/WHITE,Male,2021-07-12T00:00:00.000,2024-07-08,STRAY,FLD_STRAY,UNKNOWN,SANTA ROSA
DOG,CHIHUAHUA SH,TAN,Unknown,2024-07-08T00:00:00.000,2024-07-08,BORN HERE,MOM STRAY,UNKNOWN,SANTA ROSA
DOG,CHIHUAHUA SH,TAN,Unknown,2024-07-08T00:00:00.000,2024-07-08,BORN HERE,MOM STRAY,UNKNOWN,SANTA ROSA
DOG,CHIHUAHUA SH,BROWN,Unknown,2024-07-08T00:00:00.000,2024-07-08,BORN HERE,MOM STRAY,UNKNOWN,SANTA ROSA
DOG,PIT BULL,BLACK/TAN,Neutered,2023-01-10T00:00:00.000,2024-07-09,CONFISCATE,FLD_CORONR,UNKNOWN,COUNTY
DOG,PIT BULL/MIX,BLACK/WHITE,Male,2023-07-09T00:00:00.000,2024-07-09,STRAY,OVER THE COUNTER,UNKNOWN,SANTA ROSA
CAT,DOMESTIC SH,BLK TABBY,Neutered,2017-07-09T00:00:00.000,2024-07-09,STRAY,OVER THE COUNTER,UNKNOWN,*SONOMA
CAT,DOMESTIC SH,BLACK/WHITE,Female,,2024-07-09,STRAY,FIELD,UNKNOWN,SANTA ROSA
DOG,POODLE STND/MIX,BROWN,Female,2019-01-09T00:00:00.000,2024-07-09,CONFISCATE,FIELD,UNKNOWN,SANTA ROSA
DOG,JACK,WHITE/APRICOT,Spayed,2009-07-11T00:00:00.000,2024-07-10,STRAY,FIELD,UNKNOWN,SANTA ROSA
OTHER,BAT,BROWN,Unknown,,2024-07-10,QUARANTINE,FIELD,UNKNOWN,SANTA ROSA
OTHER,BAT,BROWN,Unknown,,2024-07-10,QUARANTINE,FIELD,UNKNOWN,SANTA ROSA
CAT,DOMESTIC MH,BLK TABBY/WHITE,Female,,2024-07-10,STRAY,FLD_STRAY,UNKNOWN,COUNTY
DOG,GERM SHEPHERD/MIX,BLACK/WHITE,Male,2020-07-12T00:00:00.000,2024-07-10,QUARANTINE,FIELD,UNKNOWN,COUNTY
CAT,DOMESTIC SH,GRAY TABBY,Male,2020-07-11T00:00:00.000,2024-07-10,STRAY,FLD_STRAY,HEALTHY,SANTA ROSA
DOG,PIT BULL,WHITE/BROWN,Male,2019-07-11T00:00:00.000,2024-07-11,STRAY,FLD_STRAY,UNKNOWN,SANTA ROSA
DOG,PIT BULL,WHITE/BROWN,Female,2021-07-11T00:00:00.000,2024-07-11,STRAY,FLD_STRAY,UNKNOWN,SANTA ROSA
CAT,DOMESTIC SH,GRAY,Male,2017-07-11T00:00:00.000,2024-07-11,STRAY,OVER THE COUNTER,UNKNOWN,SANTA ROSA
CAT,DOMESTIC SH,GRAY/BLACK,Unknown,,2024-07-11,STRAY,FLD_STRAY,UNKNOWN,SANTA ROSA
DOG,BORDER COLLIE,TRICOLOR,Female,2021-08-01T00:00:00.000,2024-07-11,STRAY,OVER THE COUNTER,UNKNOWN,SANTA ROSA
DOG,GERM SHEPHERD/MIX,BLACK/WHITE,Male,2023-10-11T00:00:00.000,2024-07-11,QUARANTINE,FIELD,UNKNOWN,COUNTY
DOG,GERM SHEPHERD/MIX,BROWN/WHITE,Female,2020-05-01T00:00:00.000,2024-07-11,STRAY,FIELD,UNKNOWN,COUNTY
DOG,ANATOL SHEPHERD,BLACK/TAN,Neutered,2019-12-18T00:00:00.000,2024-07-12,STRAY,OVER THE COUNTER,UNKNOWN,SANTA ROSA
DOG,AM PIT BULL TER,BLUE,Spayed,2021-04-27T00:00:00.000,2024-07-12,STRAY,OVER THE COUNTER,UNKNOWN,SANTA ROSA
CAT,DOMESTIC SH,BLACK,Neutered,2012-07-12T00:00:00.000,2024-07-12,STRAY,FLD_STRAY,UNTREATABLE,SANTA ROSA
DOG,LABRADOR RETR/MASTIFF,BLACK,Spayed,2021-07-12T00:00:00.000,2024-07-12,CONFISCATE,FLD_ARREST,UNKNOWN,*SONOMA
DOG,GERM SHEPHERD,TAN/BLACK,Male,,2024-07-12,QUARANTINE,FIELD,UNKNOWN,SANTA ROSA
DOG,GERM SHEPHERD,TAN/BLACK,Male,,2024-07-12,QUARANTINE,FIELD,UNKNOWN,SANTA ROSA
DOG,GERM SHEPHERD,BLACK/TAN,Female,,2024-07-12,QUARANTINE,FIELD,UNKNOWN,SANTA ROSA
DOG,GERM SHEPHERD/MIX,TAN,Male,,2024-07-12,STRAY,FLD_STRAY,UNKNOWN,SANTA ROSA
DOG,GERM SHEPHERD/MIX,BLACK/TAN,Spayed,2024-05-31T00:00:00.000,2024-07-12,OWNER SURRENDER,FIELD,HEALTHY,SANTA ROSA
DOG,GERM SHEPHERD/MIX,BLACK/WHITE,Spayed,2024-05-31T00:00:00.000,2024-07-12,OWNER SURRENDER,FIELD,HEALTHY,SANTA ROSA
DOG,GERM SHEPHERD/MIX,TAN/BLACK,Neutered,2024-05-31T00:00:00.000,2024-07-12,OWNER SURRENDER,FIELD,HEALTHY,SANTA ROSA
DOG,AKITA/PIT BULL,BLACK/WHITE,Male,2021-07-13T00:00:00.000,2024-07-12,CONFISCATE,FIELD,UNKNOWN,SANTA ROSA
CAT,DOMESTIC SH,WHITE,Neutered,2024-04-28T00:00:00.000,2024-07-13,OWNER SURRENDER,OVER THE COUNTER,HEALTHY,SANTA ROSA
CAT,DOMESTIC SH,WHITE,Neutered,2024-04-28T00:00:00.000,2024-07-13,OWNER SURRENDER,OVER THE COUNTER,HEALTHY,SANTA ROSA
CAT,DOMESTIC SH,WHITE,Neutered,2024-04-28T00:00:00.000,2024-07-13,OWNER SURRENDER,OVER THE COUNTER,HEALTHY,SANTA ROSA
DOG,PIT BULL,TAN/WHITE,Male,2022-07-13T00:00:00.000,2024-07-13,STRAY,FLD_STRAY,UNKNOWN,COUNTY
DOG,FRENCH BULLDOG,BLUE MERLE,Neutered,2023-01-13T00:00:00.000,2024-07-13,STRAY,OVER THE COUNTER,UNKNOWN,SANTA ROSA
DOG,PIT BULL/MIX,TAN/WHITE,Male,2019-07-13T00:00:00.000,2024-07-13,STRAY,FLD_STRAY,UNKNOWN,COUNTY
CAT,DOMESTIC MH,BLACK,Spayed,2024-06-19T00:00:00.000,2024-07-13,STRAY,OVER THE COUNTER,UNKNOWN,SANTA ROSA
CAT,DOMESTIC MH,BLACK,Female,2022-07-13T00:00:00.000,2024-07-13,STRAY,OVER THE COUNTER,UNKNOWN,SANTA ROSA
CAT,DOMESTIC SH,BLACK,Female,2024-06-19T00:00:00.000,2024-07-13,STRAY,OVER THE COUNTER,UNKNOWN,SANTA ROSA
CAT,MANX/MIX,BLACK,Neutered,2024-06-19T00:00:00.000,2024-07-13,STRAY,OVER THE COUNTER,HEALTHY,SANTA ROSA
CAT,DOMESTIC SH,BLACK,Spayed,2024-05-27T00:00:00.000,2024-07-13,STRAY,OVER THE COUNTER,HEALTHY,SANTA ROSA
CAT,DOMESTIC SH,BLACK,Spayed,2024-05-27T00:00:00.000,2024-07-13,STRAY,OVER THE COUNTER,HEALTHY,SANTA ROSA
CAT,DOMESTIC SH,BLACK,Neutered,2024-05-27T00:00:00.000,2024-07-13,STRAY,OVER THE COUNTER,HEALTHY,SANTA ROSA
CAT,DOMESTIC MH,BLACK,Spayed,2022-07-13T00:00:00.000,2024-07-13,STRAY,OVER THE COUNTER,HEALTHY,SANTA ROSA
DOG,DUTCH SHEPHERD/MIX,BLACK,Neutered,2023-08-13T00:00:00.000,2024-07-13,STRAY,OVER THE COUNTER,HEALTHY,COUNTY
DOG,PIT BULL/MIX,BR BRINDLE,Male,2024-03-31T00:00:00.000,2024-07-15,STRAY,OVER THE COUNTER,UNKNOWN,SANTA ROSA
CAT,DOMESTIC SH,BLACK/WHITE,Neutered,2024-05-28T00:00:00.000,2024-07-15,STRAY,FLD_STRAY,HEALTHY,SANTA ROSA
DOG,SIBERIAN HUSKY/MIX,WHITE,Male,2023-07-15T00:00:00.000,2024-07-15,STRAY,FLD_STRAY,UNKNOWN,SANTA ROSA
DOG,CHIHUAHUA SH/MIX,TRICOLOR,Female,2022-07-16T00:00:00.000,2024-07-16,CONFISCATE,FLD_ARREST,UNKNOWN,SANTA ROSA
DOG,ENG BULLDOG/MIX,RED MERLE/WHITE,Spayed,2023-01-19T00:00:00.000,2024-07-16,STRAY,FIELD,UNKNOWN,COUNTY
DOG,AM PIT BULL TER/MIX,TAN/WHITE,Spayed,2022-12-19T00:00:00.000,2024-07-16,STRAY,FIELD,UNKNOWN,COUNTY
DOG,ENG BULLDOG,BLUE MERLE,Spayed,2022-04-02T00:00:00.000,2024-07-16,STRAY,FIELD,UNKNOWN,COUNTY
DOG,KOMONDOR,WHITE,Male,2015-08-28T00:00:00.000,2024-07-16,STRAY,FIELD,UNKNOWN,COUNTY
CAT,DOMESTIC SH,BRN TABBY/WHITE,Spayed,2023-11-06T00:00:00.000,2024-07-16,STRAY,OVER THE COUNTER,HEALTHY,SANTA ROSA
DOG,GERM SHEPHERD,BLACK/TAN,Male,,2024-07-16,CONFISCATE,FLD_CRUEL,UNKNOWN,COUNTY
DOG,GERM SHEPHERD,TAN/BLACK,Female,,2024-07-16,CONFISCATE,FLD_CRUEL,UNKNOWN,COUNTY
OTHER,BAT,BROWN,Unknown,,2024-07-17,QUARANTINE,FIELD,UNKNOWN,COUNTY
CAT,DOMESTIC SH,BRN TABBY,Female,2014-07-17T00:00:00.000,2024-07-17,STRAY,OVER THE COUNTER,UNKNOWN,SANTA ROSA
DOG,DALMATIAN/PIT BULL,WHITE/BLACK,Spayed,2012-07-12T00:00:00.000,2024-07-17,CONFISCATE,FLD_ARREST,UNKNOWN,SANTA ROSA
CAT,DOMESTIC SH,GRAY/WHITE,Unknown,2024-03-17T00:00:00.000,2024-07-17,QUARANTINE,FIELD,UNKNOWN,PETALUMA
DOG,GERM SHEPHERD,BLACK/TAN,Female,2020-07-17T00:00:00.000,2024-07-17,STRAY,FIELD,UNKNOWN,COUNTY
DOG,GERM SHEPHERD,BLACK/TAN,Neutered,2021-07-17T00:00:00.000,2024-07-17,STRAY,FIELD,HEALTHY,COUNTY
DOG,PIT BULL,BLACK/WHITE,Neutered,2020-05-12T00:00:00.000,2024-07-17,STRAY,FIELD,UNKNOWN,SANTA ROSA
DOG,PIT BULL,BR BRINDLE,Spayed,,2024-07-17,STRAY,FIELD,UNKNOWN,SANTA ROSA
DOG,FRENCH BULLDOG/MIX,BLACK,Spayed,2024-04-26T00:00:00.000,2024-07-17,STRAY,VET_HOSP,UNKNOWN,SANTA ROSA
DOG,PIT BULL,BLACK/WHITE,Female,2024-05-19T00:00:00.000,2024-07-18,CONFISCATE,FLD_ARREST,UNKNOWN,COUNTY
DOG,PIT BULL,BLACK/TAN,Female,2019-09-19T00:00:00.000,2024-07-18,CONFISCATE,FLD_ARREST,UNKNOWN,COUNTY
CAT,DOMESTIC SH,GRAY/WHITE,Spayed,2022-07-30T00:00:00.000,2024-07-18,STRAY,OVER THE COUNTER,HEALTHY,SANTA ROSA
DOG,PIT BULL,GRAY,Male,,2024-07-18,STRAY,OVER THE COUNTER,UNKNOWN,SANTA ROSA
DOG,LABRADOR RETR,BLACK,Neutered,2020-12-09T00:00:00.000,2024-07-18,CONFISCATE,FLD_ARREST,UNKNOWN,COUNTY
DOG,PIT BULL,WHITE/BLACK,Male,2020-08-03T00:00:00.000,2024-07-18,STRAY,OVER THE COUNTER,UNKNOWN,SANTA ROSA
OTHER,BAT,BROWN,Unknown,,2024-07-18,QUARANTINE,FIELD,UNKNOWN,COUNTY
DOG,CHIHUAHUA SH,BLACK/TAN,Female,2023-07-30T00:00:00.000,2024-07-18,STRAY,FIELD,UNTREATABLE,SANTA ROSA
DOG,MIN PINSCHER/CHIHUAHUA SH,BROWN,Male,,2024-07-18,STRAY,OVER THE COUNTER,UNKNOWN,COUNTY
CAT,SIAMESE,LYNX PT,Female,,2024-07-18,STRAY,FLD_STRAY,UNKNOWN,SANTA ROSA
CAT,SIAMESE,SEAL PT,Neutered,2023-12-05T00:00:00.000,2024-07-18,STRAY,FLD_STRAY,HEALTHY,SANTA ROSA
DOG,PIT BULL/MIX,BLACK/TAN,Male,,2024-07-18,CONFISCATE,FLD_ARREST,UNKNOWN,SANTA ROSA
CAT,DOMESTIC SH,GRAY,Male,2021-04-13T00:00:00.000,2024-07-19,STRAY,FLD_EMERGE,UNKNOWN,SANTA ROSA
DOG,PIT BULL/MIX,GRAY/WHITE,Male,2022-11-24T00:00:00.000,2024-07-19,STRAY,FLD_STRAY,UNKNOWN,SANTA ROSA
DOG,GERM SHEPHERD/MIX,BROWN,Spayed,2024-05-28T00:00:00.000,2024-07-19,STRAY,FLD_STRAY,HEALTHY,*SEBASTOPOL
OTHER,CHICKEN,RED,Female,,2024-07-19,STRAY,FLD_STRAY,UNKNOWN,COUNTY
DOG,LABRADOR RETR/MIX,BROWN,Neutered,2023-07-19T00:00:00.000,2024-07-19,STRAY,FIELD,UNKNOWN,SANTA ROSA
DOG,LABRADOR RETR,BLACK,Spayed,2017-06-14T00:00:00.000,2024-07-19,ADOPTION RETURN,OVER THE COUNTER,HEALTHY,COUNTY
DOG,GERM SHEPHERD,BLACK/BROWN,Female,,2024-07-20,CONFISCATE,FLD_ARREST,UNKNOWN,SANTA ROSA
CAT,DOMESTIC SH,BLACK,Unknown,,2024-07-20,STRAY,FLD_STRAY,UNKNOWN,COUNTY
DOG,PIT BULL/MIX,BLACK/WHITE,Female,2022-07-21T00:00:00.000,2024-07-21,STRAY,FIELD,UNKNOWN,SANTA ROSA
DOG,GREAT PYRENEES,WHITE,Female,2023-01-23T00:00:00.000,2024-07-21,STRAY,FLD_STRAY,UNKNOWN,SANTA ROSA
DOG,GREAT PYRENEES,WHITE,Female,2023-11-23T00:00:00.000,2024-07-21,STRAY,FLD_STRAY,UNKNOWN,SANTA ROSA
DOG,GREAT PYRENEES,WHITE,Female,2023-08-23T00:00:00.000,2024-07-21,STRAY,FLD_STRAY,UNKNOWN,SANTA ROSA
DOG,BULLDOG,BROWN/WHITE,Male,,2024-07-21,STRAY,FLD_STRAY,UNKNOWN,SANTA ROSA
DOG,CHIHUAHUA SH,BROWN,Female,2014-09-11T00:00:00.000,2024-07-21,STRAY,FLD_STRAY,UNKNOWN,SANTA ROSA
OTHER,GOAT,BROWN,Male,,2024-07-21,STRAY,FLD_STRAY,UNKNOWN,SANTA ROSA
OTHER,GOAT,RED,Unknown,,2024-07-21,STRAY,FLD_STRAY,UNKNOWN,SANTA ROSA
DOG,LABRADOR RETR/MIX,BLACK,Spayed,2023-11-22T00:00:00.000,2024-07-22,OWNER SURRENDER,FIELD,UNKNOWN,SANTA ROSA
DOG,CHIHUAHUA SH,TAN,Male,,2024-07-22,STRAY,FLD_STRAY,UNKNOWN,SANTA ROSA
DOG,POMERANIAN/CHIHUAHUA LH,TAN/WHITE,Male,2024-02-05T00:00:00.000,2024-07-22,STRAY,FLD_STRAY,UNKNOWN,SANTA ROSA
DOG,TOY FOX TERRIER/MIX,WHITE/BROWN,Neutered,,2024-07-22,STRAY,FIELD,UNKNOWN,COUNTY
CAT,DOMESTIC SH,BROWN,Spayed,2024-02-22T00:00:00.000,2024-07-22,CONFISCATE,FLD_CORONR,HEALTHY,SANTA ROSA
DOG,FRENCH BULLDOG,WHITE/BROWN,Female,,2024-07-22,STRAY,FLD_STRAY,UNKNOWN,SANTA ROSA
CAT,DOMESTIC SH,GRAY,Unknown,2024-06-30T00:00:00.000,2024-07-22,STRAY,OVER THE COUNTER,TREATABLE/REHAB,COUNTY
CAT,DOMESTIC SH,GRAY,Unknown,2024-06-30T00:00:00.000,2024-07-22,STRAY,OVER THE COUNTER,TREATABLE/REHAB,COUNTY
CAT,DOMESTIC SH,GRAY,Unknown,2024-06-30T00:00:00.000,2024-07-22,STRAY,OVER THE COUNTER,TREATABLE/REHAB,COUNTY
CAT,DOMESTIC SH,BUFF/WHITE,Neutered,2024-02-23T00:00:00.000,2024-07-23,STRAY,FIELD,HEALTHY,COUNTY
CAT,DOMESTIC SH,WHITE/BRN TABBY,Neutered,2024-02-23T00:00:00.000,2024-07-23,STRAY,FIELD,HEALTHY,COUNTY
CAT,DOMESTIC SH,CALICO PT/WHITE,Spayed,2024-02-23T00:00:00.000,2024-07-23,STRAY,FIELD,HEALTHY,COUNTY
CAT,DOMESTIC SH,GRAY TABBY,Unknown,,2024-07-23,STRAY,FLD_STRAY,UNKNOWN,COUNTY
CAT,DOMESTIC SH,BRN TABBY,Spayed,2024-05-01T00:00:00.000,2024-07-23,STRAY,OVER THE COUNTER,HEALTHY,SANTA ROSA
CAT,DOMESTIC SH,WHITE/BROWN,Neutered,2024-02-18T00:00:00.000,2024-07-23,STRAY,OVER THE COUNTER,TREATABLE/MANAGEABLE,SANTA ROSA
DOG,BEAGLE,TRICOLOR,Spayed,2008-12-03T00:00:00.000,2024-07-23,STRAY,FLD_STRAY,UNKNOWN,SANTA ROSA
CAT,DOMESTIC SH,GRAY,Neutered,2024-05-01T00:00:00.000,2024-07-23,STRAY,OVER THE COUNTER,HEALTHY,SANTA ROSA
CAT,DOMESTIC SH,GRAY,Spayed,2024-05-01T00:00:00.000,2024-07-23,STRAY,OVER THE COUNTER,HEALTHY,SANTA ROSA
CAT,DOMESTIC SH,GRAY,Spayed,2024-05-01T00:00:00.000,2024-07-23,STRAY,OVER THE COUNTER,HEALTHY,SANTA ROSA
CAT,DOMESTIC SH,GRAY,Neutered,2024-05-01T00:00:00.000,2024-07-23,STRAY,OVER THE COUNTER,HEALTHY,SANTA ROSA
CAT,DOMESTIC SH,GRAY,Neutered,2024-05-01T00:00:00.000,2024-07-23,STRAY,OVER THE COUNTER,HEALTHY,SANTA ROSA
DOG,CHIHUAHUA SH,TAN,Neutered,,2024-07-23,STRAY,FIELD,UNKNOWN,COUNTY
CAT,DOMESTIC SH,GRAY/WHITE,Neutered,2024-05-09T00:00:00.000,2024-07-24,STRAY,OVER THE COUNTER,HEALTHY,SANTA ROSA
CAT,DOMESTIC MH,BRN TABBY,Neutered,2024-05-09T00:00:00.000,2024-07-24,STRAY,OVER THE COUNTER,HEALTHY,SANTA ROSA
CAT,DOMESTIC SH,BLACK,Neutered,2024-05-09T00:00:00.000,2024-07-24,STRAY,OVER THE COUNTER,HEALTHY,SANTA ROSA
CAT,DOMESTIC SH,ORG TABBY/WHITE,Male,2024-04-24T00:00:00.000,2024-07-24,STRAY,OVER THE COUNTER,UNKNOWN,SANTA ROSA
CAT,DOMESTIC SH,ORG TABBY,Male,2024-04-24T00:00:00.000,2024-07-24,STRAY,OVER THE COUNTER,UNKNOWN,SANTA ROSA
CAT,DOMESTIC SH,GRAY,Female,2022-07-24T00:00:00.000,2024-07-24,STRAY,OVER THE COUNTER,UNKNOWN,SANTA ROSA
CAT,DOMESTIC SH,GRAY TABBY,Spayed,2022-07-24T00:00:00.000,2024-07-24,STRAY,OVER THE COUNTER,HEALTHY,SANTA ROSA
DOG,PARSON RUSS TER/MIX,BLACK/WHITE,Spayed,2018-04-11T00:00:00.000,2024-07-24,STRAY,FIELD,UNKNOWN,SANTA ROSA
DOG,AFFENPINSCHER,APRICOT,Unknown,,2024-07-24,STRAY,OVER THE COUNTER,UNKNOWN,SANTA ROSA
DOG,LABRADOR RETR/GERM SHEPHERD,BR BRINDLE/BLACK,Female,2024-06-21T00:00:00.000,2024-07-24,STRAY,OVER THE COUNTER,UNKNOWN,SANTA ROSA
DOG,LABRADOR RETR/GERM SHEPHERD,BLACK/BR BRINDLE,Male,2024-06-21T00:00:00.000,2024-07-24,STRAY,OVER THE COUNTER,UNKNOWN,SANTA ROSA
DOG,LABRADOR RETR/GERM SHEPHERD,BR BRINDLE/BLACK,Spayed,2024-06-21T00:00:00.000,2024-07-24,STRAY,OVER THE COUNTER,UNKNOWN,SANTA ROSA
DOG,CHIHUAHUA SH,TAN,Spayed,2021-09-01T00:00:00.000,2024-07-24,CONFISCATE,FLD_HOSPTL,UNKNOWN,SANTA ROSA
DOG,GERM SHEPHERD,TAN/BLACK,Male,,2024-07-24,CONFISCATE,FLD_INVEST,UNKNOWN,SANTA ROSA
DOG,GERM SHEPHERD,TAN/BLACK,Male,,2024-07-24,CONFISCATE,FLD_INVEST,UNKNOWN,SANTA ROSA
DOG,GERM SHEPHERD,BLACK/TAN,Female,,2024-07-24,CONFISCATE,FLD_INVEST,UNKNOWN,SANTA ROSA
DOG,AFFENPINSCHER,BROWN,Unknown,,2024-07-24,CONFISCATE,FLD_INVEST,UNKNOWN,SANTA ROSA
DOG,AFFENPINSCHER,BROWN,Unknown,,2024-07-24,CONFISCATE,FLD_INVEST,UNKNOWN,SANTA ROSA
DOG,SCOT TERRIER,BLACK,Neutered,2012-04-01T00:00:00.000,2024-07-24,CONFISCATE,FLD_HOSPTL,UNKNOWN,SANTA ROSA
DOG,AMERICAN STAFF,WHITE/BROWN,Neutered,2021-09-19T00:00:00.000,2024-07-25,STRAY,FIELD,HEALTHY,COUNTY
DOG,CHIHUAHUA LH/MIX,BLACK,Spayed,2015-11-26T00:00:00.000,2024-07-25,STRAY,FIELD,UNKNOWN,SANTA ROSA
DOG,CHIHUAHUA SH/MIX,BLACK,Spayed,2014-10-10T00:00:00.000,2024-07-25,STRAY,FIELD,UNKNOWN,SANTA ROSA
DOG,YORKSHIRE TERR,BLACK/TAN,Spayed,2011-11-21T00:00:00.000,2024-07-25,STRAY,FIELD,UNKNOWN,SANTA ROSA
DOG,LABRADOR RETR,BLACK,Spayed,2017-06-14T00:00:00.000,2024-07-25,ADOPTION RETURN,OVER THE COUNTER,UNKNOWN,OUT OF COUNTY
CAT,DOMESTIC LH,GRAY TABBY,Unknown,,2024-07-25,STRAY,OVER THE COUNTER,UNKNOWN,SANTA ROSA
CAT,DOMESTIC SH,GRAY,Unknown,,2024-07-25,STRAY,OVER THE COUNTER,UNKNOWN,SANTA ROSA
DOG,DACHSHUND/MIX,BLACK/TRICOLOR,Neutered,2018-08-29T00:00:00.000,2024-07-25,STRAY,OVER THE COUNTER,HEALTHY,SANTA ROSA
DOG,CHIHUAHUA SH/MIX,TAN/BLACK,Spayed,2023-02-25T00:00:00.000,2024-07-25,STRAY,OVER THE COUNTER,HEALTHY,SANTA ROSA
DOG,SCHNAUZER STAND,GRAY/BLACK,Neutered,,2024-07-25,CONFISCATE,FLD_HOSPTL,UNKNOWN,SANTA ROSA
CAT,SIAMESE/MIX,SEAL PT,Spayed,2012-08-28T00:00:00.000,2024-07-25,CONFISCATE,FLD_HOSPTL,UNKNOWN,SANTA ROSA
CAT,DOMESTIC SH,GRAY TABBY,Female,,2024-07-25,CONFISCATE,FLD_HOSPTL,UNKNOWN,SANTA ROSA
DOG,PIT BULL/MIX,WHITE/BLACK,Female,2020-12-21T00:00:00.000,2024-07-26,CONFISCATE,FLD_ARREST,UNKNOWN,COUNTY
OTHER,CHICKEN,WHITE,Female,,2024-07-26,STRAY,OVER THE COUNTER,UNKNOWN,SANTA ROSA
DOG,CHIHUAHUA SH/MIX,BR BRINDLE,Female,,2024-07-26,STRAY,FLD_STRAY,UNKNOWN,SANTA ROSA
DOG,CHIHUAHUA SH/MIX,RED/WHITE,Neutered,2023-02-26T00:00:00.000,2024-07-26,STRAY,FLD_STRAY,HEALTHY,SANTA ROSA
DOG,LABRADOR RETR,CHOCOLATE,Female,2019-07-26T00:00:00.000,2024-07-26,STRAY,FLD_STRAY,UNKNOWN,SANTA ROSA
DOG,LABRADOR RETR/MIX,BROWN,Male,2024-01-02T00:00:00.000,2024-07-26,STRAY,OVER THE COUNTER,UNKNOWN,COUNTY
DOG,PIT BULL/MIX,TAN/WHITE,Female,2023-07-19T00:00:00.000,2024-07-26,CONFISCATE,FIELD,UNKNOWN,SANTA ROSA
DOG,DOBERMAN PINSCH,BROWN/BLACK,Female,2024-03-15T00:00:00.000,2024-07-26,CONFISCATE,FLD_ARREST,UNKNOWN,COUNTY
DOG,IRISH TERRIER/MIX,BROWN,Spayed,2019-07-01T00:00:00.000,2024-07-27,CONFISCATE,FLD_ARREST,UNKNOWN,COUNTY
CAT,DOMESTIC SH,BRN TABBY,Spayed,2020-09-07T00:00:00.000,2024-07-27,STRAY,OVER THE COUNTER,HEALTHY,SANTA ROSA
CAT,DOMESTIC SH,GRAY TABBY/WHITE,Neutered,2024-07-18T00:00:00.000,2024-07-27,STRAY,OVER THE COUNTER,HEALTHY,SANTA ROSA
CAT,DOMESTIC SH,BRN TABBY/WHITE,Neutered,2024-07-18T00:00:00.000,2024-07-27,STRAY,OVER THE COUNTER,HEALTHY,SANTA ROSA
CAT,DOMESTIC SH,GRAY,Neutered,2024-07-18T00:00:00.000,2024-07-27,STRAY,OVER THE COUNTER,HEALTHY,SANTA ROSA
CAT,DOMESTIC SH,GRAY/WHITE,Neutered,2024-07-18T00:00:00.000,2024-07-27,STRAY,OVER THE COUNTER,HEALTHY,SANTA ROSA
CAT,DOMESTIC SH,GRAY TABBY,Spayed,2024-07-18T00:00:00.000,2024-07-27,STRAY,OVER THE COUNTER,HEALTHY,SANTA ROSA
CAT,DOMESTIC SH,GRAY TABBY,Neutered,2024-07-18T00:00:00.000,2024-07-27,STRAY,OVER THE COUNTER,HEALTHY,SANTA ROSA
DOG,BORDER COLLIE,BLACK/WHITE,Spayed,2022-08-13T00:00:00.000,2024-07-27,CONFISCATE,FLD_INVEST,UNKNOWN,*SONOMA
CAT,DOMESTIC SH,GRAY TABBY/WHITE,Unknown,,2024-07-28,STRAY,FIELD,UNKNOWN,COUNTY
DOG,DACHSHUND,RED/WHITE,Male,2023-09-16T00:00:00.000,2024-07-28,CONFISCATE,FLD_ARREST,UNKNOWN,COUNTY
DOG,GREAT DANE,BLUE/WHITE,Female,2021-07-30T00:00:00.000,2024-07-29,STRAY,FIELD,UNKNOWN,COUNTY
DOG,LABRADOR RETR,BROWN,Male,2017-07-30T00:00:00.000,2024-07-29,STRAY,FLD_STRAY,UNKNOWN,COUNTY
DOG,PIT BULL/MIX,WHITE/BLACK,Male,2024-05-01T00:00:00.000,2024-07-29,CONFISCATE,FLD_ARREST,UNKNOWN,COUNTY
CAT,DOMESTIC MH,ORANGE/WHITE,Neutered,,2024-07-30,STRAY,FIELD,UNKNOWN,SANTA ROSA
DOG,CHIHUAHUA SH/MIX,BLACK/WHITE,Female,,2024-07-30,STRAY,FLD_STRAY,UNKNOWN,COUNTY
OTHER,BAT,BROWN,Unknown,,2024-07-30,QUARANTINE,FIELD,UNKNOWN,SANTA ROSA
CAT,DOMESTIC SH,GRAY/WHITE,Male,,2024-07-30,STRAY,FIELD,UNTREATABLE,SANTA ROSA
DOG,SIBERIAN HUSKY,GRAY/WHITE,Neutered,2023-03-26T00:00:00.000,2024-07-30,STRAY,FIELD,HEALTHY,COUNTY
DOG,SIBERIAN HUSKY,WHITE,Female,,2024-07-30,STRAY,FLD_STRAY,UNKNOWN,COUNTY
CAT,DOMESTIC MH,BLACK,Unknown,2024-07-06T00:00:00.000,2024-07-30,STRAY,FLD_STRAY,UNKNOWN,SANTA ROSA
CAT,DOMESTIC MH,BLACK,Unknown,2024-06-30T00:00:00.000,2024-07-30,STRAY,FLD_STRAY,UNKNOWN,SANTA ROSA
CAT,DOMESTIC MH,BLACK/WHITE,Unknown,2024-07-06T00:00:00.000,2024-07-30,STRAY,FLD_STRAY,UNKNOWN,SANTA ROSA
CAT,DOMESTIC MH,TRICOLOR,Unknown,2024-07-06T00:00:00.000,2024-07-30,STRAY,FLD_STRAY,UNKNOWN,SANTA ROSA
CAT,DOMESTIC SH,GRAY TABBY,Spayed,2024-05-15T00:00:00.000,2024-07-30,STRAY,OVER THE COUNTER,HEALTHY,COUNTY
CAT,DOMESTIC SH,BRN TABBY,Spayed,2024-05-15T00:00:00.000,2024-07-30,STRAY,OVER THE COUNTER,HEALTHY,COUNTY
CAT,DOMESTIC SH,BLACK,Spayed,2024-05-15T00:00:00.000,2024-07-30,STRAY,OVER THE COUNTER,HEALTHY,COUNTY
CAT,DOMESTIC LH,BRN TABBY,Spayed,2024-05-15T00:00:00.000,2024-07-30,STRAY,OVER THE COUNTER,HEALTHY,COUNTY
DOG,GERM SHEPHERD,TAN/BLACK,Male,2020-02-20T00:00:00.000,2024-07-31,CONFISCATE,FLD_ABAND,UNKNOWN,COUNTY
DOG,PIT BULL,BROWN/WHITE,Female,2018-07-31T00:00:00.000,2024-07-31,CONFISCATE,FLD_ABAND,UNKNOWN,COUNTY
DOG,CHIHUAHUA SH,TAN,Female,2011-08-02T00:00:00.000,2024-07-31,STRAY,FIELD,UNKNOWN,SANTA ROSA
DOG,PIT BULL/MIX,BROWN/WHITE,Spayed,2019-09-04T00:00:00.000,2024-07-31,STRAY,FIELD,HEALTHY,SANTA ROSA
CAT,DOMESTIC SH,BRN TABBY/TORTIE,Spayed,2024-05-01T00:00:00.000,2024-07-31,STRAY,OVER THE COUNTER,HEALTHY,SANTA ROSA
DOG,BORDER COLLIE/MIX,BLACK/WHITE,Male,,2024-08-01,CONFISCATE,FLD_ARREST,UNKNOWN,SANTA ROSA
CAT,DOMESTIC LH,LYNX PT,Female,2011-08-01T00:00:00.000,2024-08-01,STRAY,OVER THE COUNTER,UNKNOWN,COUNTY
OTHER,CHICKEN/RED,BLACK/RED,Male,,2024-08-01,STRAY,FLD_STRAY,UNKNOWN,SANTA ROSA
OTHER,CHICKEN/RED,BLACK/RED,Male,,2024-08-01,STRAY,FLD_STRAY,UNKNOWN,SANTA ROSA
DOG,GREAT PYRENEES,WHITE,Neutered,2024-03-01T00:00:00.000,2024-08-01,STRAY,FLD_STRAY,HEALTHY,SANTA ROSA
DOG,ALASKAN HUSKY,WHITE,Spayed,2023-09-04T00:00:00.000,2024-08-01,STRAY,FIELD,HEALTHY,COUNTY
DOG,GERM SHEPHERD/CATAHOULA,BROWN/BLACK,Neutered,2020-03-23T00:00:00.000,2024-08-01,QUARANTINE,FIELD,UNKNOWN,COUNTY
DOG,GERM SHEPHERD,TAN,Male,2012-10-05T00:00:00.000,2024-08-01,STRAY,FLD_STRAY,UNKNOWN,SANTA ROSA
DOG,POINTER,BLACK/WHITE,Neutered,2016-12-01T00:00:00.000,2024-08-01,CONFISCATE,FLD_ARREST,UNKNOWN,SANTA ROSA
DOG,ANATOL SHEPHERD/MIX,WHITE/APRICOT,Male,2022-08-02T00:00:00.000,2024-08-02,STRAY,OVER THE COUNTER,UNKNOWN,SANTA ROSA
DOG,AKBASH,WHITE,Female,2024-02-03T00:00:00.000,2024-08-03,STRAY,FLD_STRAY,UNKNOWN,COUNTY
DOG,AUST CATTLE DOG,BLUE MERLE/TAN,Female,2023-03-05T00:00:00.000,2024-08-03,STRAY,FLD_STRAY,UNKNOWN,COUNTY
OTHER,SHEEP,WHITE,Unknown,,2024-08-03,STRAY,FLD_STRAY,UNKNOWN,COUNTY
OTHER,SHEEP,WHITE,Unknown,,2024-08-03,STRAY,FLD_STRAY,UNKNOWN,COUNTY
DOG,GERM SHEPHERD,TAN/BLACK,Spayed,2021-08-04T00:00:00.000,2024-08-04,STRAY,FLD_STRAY,UNKNOWN,SANTA ROSA
DOG,PIT BULL,GRAY/WHITE,Male,2023-12-04T00:00:00.000,2024-08-04,STRAY,FLD_STRAY,UNKNOWN,SANTA ROSA
CAT,DOMESTIC SH,BRN TABBY/WHITE,Female,2024-07-14T00:00:00.000,2024-08-05,STRAY,FLD_STRAY,UNKNOWN,SANTA ROSA
CAT,DOMESTIC SH,BRN TABBY/WHITE,Female,2024-07-14T00:00:00.000,2024-08-05,STRAY,FLD_STRAY,UNKNOWN,SANTA ROSA
CAT,DOMESTIC SH,BRN TABBY/WHITE,Male,2024-07-14T00:00:00.000,2024-08-05,STRAY,FLD_STRAY,UNKNOWN,SANTA ROSA
CAT,DOMESTIC SH,BRN TABBY,Female,2024-07-14T00:00:00.000,2024-08-05,STRAY,FLD_STRAY,UNKNOWN,SANTA ROSA
CAT,DOMESTIC SH,GRAY TABBY/WHITE,Male,2024-07-14T00:00:00.000,2024-08-05,STRAY,FLD_STRAY,UNKNOWN,SANTA ROSA
CAT,DOMESTIC SH,BRN TABBY,Female,2024-07-14T00:00:00.000,2024-08-05,STRAY,FLD_STRAY,UNKNOWN,SANTA ROSA
DOG,WELSH CORGI CAR/MIX,TAN/WHITE,Female,,2024-08-05,STRAY,FLD_STRAY,UNKNOWN,SANTA ROSA
DOG,AUST SHEPHERD/BORDER COLLIE,LIVER TICK,Female,2019-06-16T00:00:00.000,2024-08-05,STRAY,FLD_STRAY,UNKNOWN,SANTA ROSA
DOG,PIT BULL/MIX,BLACK/WHITE,Male,,2024-08-05,CONFISCATE,FLD_ARREST,UNKNOWN,SANTA ROSA
DOG,AUST CATTLE DOG,BROWN/WHITE,Male,2022-08-10T00:00:00.000,2024-08-05,STRAY,FLD_STRAY,UNKNOWN,COUNTY
DOG,PIT BULL,BLUE,Male,2017-08-02T00:00:00.000,2024-08-05,CONFISCATE,FLD_ARREST,UNKNOWN,SANTA ROSA
DOG,PIT BULL,BLACK,Female,2024-03-10T00:00:00.000,2024-08-05,CONFISCATE,FLD_ARREST,UNKNOWN,SANTA ROSA
CAT,DOMESTIC SH,GRAY,Female,2024-05-06T00:00:00.000,2024-08-06,STRAY,OVER THE COUNTER,UNKNOWN,COUNTY
CAT,DOMESTIC SH,BLACK,Neutered,2022-08-06T00:00:00.000,2024-08-06,STRAY,FLD_STRAY,HEALTHY,SANTA ROSA
CAT,DOMESTIC SH,GRAY TABBY,Female,,2024-08-06,STRAY,FLD_STRAY,UNKNOWN,SANTA ROSA
DOG,PARSON RUSS TER/DACHSHUND,BROWN/TAN,Neutered,2015-01-01T00:00:00.000,2024-08-06,STRAY,FLD_STRAY,UNKNOWN,COUNTY
CAT,DOMESTIC SH,BLACK,Male,,2024-08-06,STRAY,FLD_STRAY,UNKNOWN,COUNTY
DOG,YORKSHIRE TERR/MIX,BROWN/TAN,Male,2024-01-07T00:00:00.000,2024-08-06,STRAY,FLD_STRAY,UNKNOWN,SANTA ROSA
DOG,PARSON RUSS TER/MIX,BLACK/WHITE,Male,2024-01-07T00:00:00.000,2024-08-06,STRAY,FLD_STRAY,UNKNOWN,SANTA ROSA
CAT,DOMESTIC SH,ORG TABBY,Male,,2024-08-06,STRAY,FLD_STRAY,UNKNOWN,SANTA ROSA
DOG,CHIHUAHUA SH/MIX,BLACK/TAN,Female,2023-07-12T00:00:00.000,2024-08-06,CONFISCATE,FLD_HOSPTL,UNKNOWN,SANTA ROSA
DOG,CHIHUAHUA SH/MIX,BLACK/TAN,Male,2021-11-17T00:00:00.000,2024-08-06,CONFISCATE,FLD_HOSPTL,UNKNOWN,SANTA ROSA
CAT,DOMESTIC MH,BLACK,Unknown,2024-04-07T00:00:00.000,2024-08-07,STRAY,OVER THE COUNTER,UNKNOWN,COUNTY
CAT,DOMESTIC MH,BRN TABBY,Neutered,2024-04-07T00:00:00.000,2024-08-07,STRAY,OVER THE COUNTER,UNKNOWN,COUNTY
CAT,DOMESTIC SH,BLACK,Neutered,2021-08-07T00:00:00.000,2024-08-07,STRAY,OVER THE COUNTER,HEALTHY,SANTA ROSA
DOG,LABRADOR RETR/MIX,WHITE/BROWN,Neutered,2024-04-08T00:00:00.000,2024-08-07,STRAY,FLD_STRAY,HEALTHY,COUNTY
DOG,LABRADOR RETR/MIX,WHITE/BROWN,Female,2024-04-08T00:00:00.000,2024-08-07,STRAY,FLD_STRAY,UNKNOWN,COUNTY
DOG,DOBERMAN PINSCH/MIX,RED,Male,2022-04-23T00:00:00.000,2024-08-07,STRAY,FLD_STRAY,UNKNOWN,COUNTY
DOG,GERM SHEPHERD/MIX,BLACK/TAN,Male,,2024-08-07,STRAY,FIELD,HEALTHY,SANTA ROSA
DOG,GERM SHEPHERD/MIX,TAN/BLACK,Male,2018-08-07T00:00:00.000,2024-08-07,STRAY,FLD_STRAY,UNKNOWN,SANTA ROSA
CAT,DOMESTIC LH,BRN TABBY/WHITE,Spayed,2022-08-08T00:00:00.000,2024-08-07,STRAY,OVER THE COUNTER,UNKNOWN,SANTA ROSA
CAT,DOMESTIC SH,GRAY TABBY,Unknown,,2024-08-07,STRAY,OVER THE COUNTER,UNKNOWN,SANTA ROSA
DOG,BORDER COLLIE,BLACK/WHITE,Male,2022-08-09T00:00:00.000,2024-08-08,CONFISCATE,FLD_ARREST,UNKNOWN,SANTA ROSA
CAT,RUSSIAN BLUE,BLUE,Neutered,2018-08-08T00:00:00.000,2024-08-08,STRAY,FLD_STRAY,HEALTHY,SANTA ROSA
DOG,AUST CATTLE DOG/MIX,RED/WHITE,Neutered,2016-07-21T00:00:00.000,2024-08-08,QUARANTINE,FIELD,UNKNOWN,COUNTY
DOG,LABRADOR RETR/MIX,BLACK/WHITE,Male,2024-04-09T00:00:00.000,2024-08-08,STRAY,FLD_STRAY,UNKNOWN,COUNTY
CAT,DOMESTIC SH,BLACK/WHITE,Neutered,2022-08-08T00:00:00.000,2024-08-08,STRAY,OVER THE COUNTER,HEALTHY,SANTA ROSA
CAT,DOMESTIC SH,BRN TABBY/WHITE,Spayed,2021-10-02T00:00:00.000,2024-08-08,STRAY,OVER THE COUNTER,UNKNOWN,SANTA ROSA
CAT,DOMESTIC SH,ORG TABBY/WHITE,Male,2015-08-09T00:00:00.000,2024-08-08,STRAY,FLD_EMERGE,UNKNOWN,SANTA ROSA
CAT,DOMESTIC MH,BLACK,Neutered,2024-07-21T00:00:00.000,2024-08-09,STRAY,OVER THE COUNTER,HEALTHY,COUNTY
CAT,DOMESTIC MH,BLACK/WHITE,Neutered,2024-07-21T00:00:00.000,2024-08-09,STRAY,OVER THE COUNTER,HEALTHY,COUNTY
CAT,DOMESTIC MH,BLACK,Female,2024-07-21T00:00:00.000,2024-08-09,STRAY,OVER THE COUNTER,HEALTHY,COUNTY
CAT,DOMESTIC SH,BLACK/WHITE,Spayed,2024-07-21T00:00:00.000,2024-08-09,STRAY,OVER THE COUNTER,HEALTHY,COUNTY
CAT,DOMESTIC MH,BLACK/WHITE,Neutered,2024-07-21T00:00:00.000,2024-08-09,STRAY,OVER THE COUNTER,HEALTHY,COUNTY
CAT,DOMESTIC SH,BLACK,Female,2024-07-21T00:00:00.000,2024-08-09,STRAY,OVER THE COUNTER,HEALTHY,COUNTY
DOG,LABRADOR RETR/MIX,WHITE,Spayed,2023-11-30T00:00:00.000,2024-08-09,STRAY,OVER THE COUNTER,HEALTHY,COUNTY
CAT,DOMESTIC SH,ORG TABBY,Female,2024-07-07T00:00:00.000,2024-08-09,STRAY,OVER THE COUNTER,UNKNOWN,SANTA ROSA
DOG,BELG TERVUREN,BROWN/BLACK,Female,2019-08-09T00:00:00.000,2024-08-09,OWNER SURRENDER,OVER THE COUNTER,UNKNOWN,COUNTY
DOG,YORKSHIRE TERR,BLACK/BROWN,Neutered,2017-08-09T00:00:00.000,2024-08-09,OWNER SURRENDER,OVER THE COUNTER,HEALTHY,COUNTY
OTHER,CHICKEN,BROWN,Female,,2024-08-09,CONFISCATE,FLD_ABAND,UNKNOWN,COUNTY
OTHER,CHICKEN,GRAY,Female,,2024-08-09,CONFISCATE,FLD_ABAND,UNKNOWN,COUNTY
OTHER,CHICKEN,BLACK,Female,,2024-08-09,CONFISCATE,FLD_ABAND,UNKNOWN,COUNTY
OTHER,CHICKEN,BLACK,Female,,2024-08-09,CONFISCATE,FLD_ABAND,UNKNOWN,COUNTY
OTHER,CHICKEN,BROWN,Female,,2024-08-09,CONFISCATE,FLD_ABAND,UNKNOWN,COUNTY
OTHER,CHICKEN,GRAY,Female,,2024-08-09,CONFISCATE,FLD_ABAND,UNKNOWN,COUNTY
OTHER,CHICKEN,BROWN,Female,,2024-08-09,CONFISCATE,FLD_ABAND,UNKNOWN,COUNTY
DOG,LABRADOR RETR/MIX,GOLD/WHITE,Neutered,2024-03-09T00:00:00.000,2024-08-09,STRAY,VET_HOSP,HEALTHY,SANTA ROSA
OTHER,CHICKEN,GRAY,Female,,2024-08-09,CONFISCATE,FLD_ABAND,UNKNOWN,COUNTY
CAT,DOMESTIC SH,BLACK,Neutered,2024-06-24T00:00:00.000,2024-08-09,STRAY,FLD_STRAY,HEALTHY,SANTA ROSA
CAT,DOMESTIC SH,BRN TABBY,Neutered,2024-06-24T00:00:00.000,2024-08-09,STRAY,FLD_STRAY,HEALTHY,SANTA ROSA
OTHER,CHICKEN,WHITE,Female,,2024-08-09,CONFISCATE,FLD_ABAND,UNKNOWN,COUNTY
OTHER,CHICKEN,RED,Female,,2024-08-09,CONFISCATE,FLD_ABAND,UNKNOWN,COUNTY
DOG,CHIHUAHUA SH,BLACK/TAN,Female,2021-08-10T00:00:00.000,2024-08-10,CONFISCATE,FLD_HOSPTL,UNKNOWN,COUNTY
OTHER,GOAT,TRICOLOR,Female,,2024-08-10,CONFISCATE,FLD_ARREST,UNKNOWN,COUNTY
DOG,SIBERIAN HUSKY,WHITE,Male,2023-09-08T00:00:00.000,2024-08-10,STRAY,FLD_STRAY,UNKNOWN,SANTA ROSA
OTHER,GUINEA PIG,BLACK/ORANGE,Female,,2024-08-10,STRAY,FLD_STRAY,UNKNOWN,SANTA ROSA
CAT,DOMESTIC MH,GRAY/WHITE,Male,,2024-08-10,STRAY,FLD_STRAY,UNKNOWN,SANTA ROSA
DOG,LABRADOR RETR/MIX,WHITE,Female,2024-03-10T00:00:00.000,2024-08-10,STRAY,FLD_STRAY,UNKNOWN,SANTA ROSA
CAT,DOMESTIC MH,GRAY,Female,2024-07-10T00:00:00.000,2024-08-10,STRAY,FLD_STRAY,UNKNOWN,COUNTY
CAT,DOMESTIC SH,BLUE TABBY,Female,,2024-08-10,STRAY,FLD_STRAY,UNKNOWN,COUNTY
DOG,PIT BULL,BLACK/TRICOLOR,Female,2021-08-10T00:00:00.000,2024-08-10,STRAY,OVER THE COUNTER,UNKNOWN,COUNTY
DOG,GERM SHEPHERD,BLACK/BROWN,Male,2014-02-12T00:00:00.000,2024-08-11,STRAY,FLD_STRAY,UNKNOWN,SANTA ROSA
DOG,JACK/MIX,TAN/WHITE,Male,2018-08-14T00:00:00.000,2024-08-11,STRAY,FLD_STRAY,UNKNOWN,COUNTY
DOG,BORDER COLLIE/MIX,BLACK/WHITE,Male,,2024-08-11,CONFISCATE,FLD_HOSPTL,UNKNOWN,SANTA ROSA
DOG,TREEING CUR/PIT BULL,WHITE/BROWN,Female,2020-02-01T00:00:00.000,2024-08-11,STRAY,FLD_STRAY,UNKNOWN,SANTA ROSA
CAT,BENGAL,BRN TIGER,Spayed,2016-10-25T00:00:00.000,2024-08-12,STRAY,FLD_STRAY,HEALTHY,COUNTY
DOG,AUST CATTLE DOG,BLACK/WHITE,Neutered,2018-06-22T00:00:00.000,2024-08-13,STRAY,FLD_STRAY,UNKNOWN,SANTA ROSA
OTHER,RABBIT LH,BROWN,Neutered,2022-09-17T00:00:00.000,2024-08-13,STRAY,OVER THE COUNTER,HEALTHY,SANTA ROSA
DOG,PIT BULL,BROWN/WHITE,Spayed,2019-10-01T00:00:00.000,2024-08-13,STRAY,OVER THE COUNTER,UNKNOWN,SANTA ROSA
CAT,DOMESTIC SH,BLACK,Unknown,2024-07-31T00:00:00.000,2024-08-13,STRAY,OVER THE COUNTER,UNKNOWN,COUNTY
CAT,DOMESTIC SH,BLACK,Unknown,2024-07-31T00:00:00.000,2024-08-13,STRAY,OVER THE COUNTER,UNKNOWN,COUNTY
DOG,TREEING CUR/PIT BULL,WHITE/BROWN,Female,2020-02-01T00:00:00.000,2024-08-13,STRAY,FLD_STRAY,UNKNOWN,SANTA ROSA
DOG,DACHSHUND,BLACK/BROWN,Female,,2024-08-13,STRAY,OVER THE COUNTER,UNKNOWN,COUNTY
DOG,CHIHUAHUA SH,WHITE,Neutered,,2024-08-13,STRAY,FLD_STRAY,UNKNOWN,COUNTY
CAT,DOMESTIC SH,ORANGE,Neutered,2019-08-14T00:00:00.000,2024-08-14,STRAY,OVER THE COUNTER,UNKNOWN,SANTA ROSA
DOG,SIBERIAN HUSKY,RED/WHITE,Male,2018-02-24T00:00:00.000,2024-08-14,STRAY,VET_HOSP,UNKNOWN,SANTA ROSA
DOG,GERM SHEPHERD/MIX,TAN/WHITE,Female,,2024-08-14,STRAY,FLD_STRAY,UNKNOWN,SANTA ROSA
DOG,PIT BULL,BROWN/WHITE,Female,,2024-08-14,STRAY,OVER THE COUNTER,UNKNOWN,SANTA ROSA
DOG,PIT BULL,BROWN,Female,,2024-08-14,STRAY,OVER THE COUNTER,UNKNOWN,SANTA ROSA
DOG,AUST CATTLE DOG,WHITE/TAN,Neutered,,2024-08-14,STRAY,OVER THE COUNTER,UNKNOWN,SANTA ROSA
CAT,DOMESTIC SH,BRN TABBY,Male,2024-07-14T00:00:00.000,2024-08-14,STRAY,EMAIL,UNKNOWN,SANTA ROSA
DOG,DUTCH SHEPHERD/MIX,BL BRINDLE,Female,,2024-08-14,STRAY,FLD_STRAY,UNKNOWN,COUNTY
DOG,AMERICAN STAFF/MIX,TRICOLOR,Male,2023-02-15T00:00:00.000,2024-08-15,CONFISCATE,FLD_ARREST,UNKNOWN,SANTA ROSA
DOG,KEESHOND/MIX,TAN/BLACK,Female,,2024-08-15,STRAY,FLD_STRAY,UNKNOWN,SANTA ROSA
DOG,CHIHUAHUA SH,TAN,Female,,2024-08-15,STRAY,OVER THE COUNTER,HEALTHY,SANTA ROSA
OTHER,CHICKEN,WHITE,Female,,2024-08-15,CONFISCATE,FLD_ARREST,UNKNOWN,COUNTY
OTHER,CHICKEN,WHITE,Female,,2024-08-15,CONFISCATE,FLD_ARREST,UNKNOWN,COUNTY
OTHER,CHICKEN,WHITE,Female,,2024-08-15,CONFISCATE,FLD_ARREST,UNKNOWN,COUNTY
OTHER,CHICKEN,BROWN,Female,,2024-08-15,CONFISCATE,FLD_ARREST,UNKNOWN,COUNTY
OTHER,CHICKEN,BROWN,Female,,2024-08-15,CONFISCATE,FLD_ARREST,UNKNOWN,COUNTY
OTHER,CHICKEN,BROWN,Female,,2024-08-15,CONFISCATE,FLD_ARREST,UNKNOWN,COUNTY
OTHER,CHICKEN,BLACK,Female,,2024-08-15,CONFISCATE,FLD_ARREST,UNKNOWN,COUNTY
CAT,DOMESTIC SH,BLACK/WHITE,Unknown,,2024-08-15,STRAY,OVER THE COUNTER,UNKNOWN,SANTA ROSA
CAT,DOMESTIC SH,BLACK/WHITE,Unknown,,2024-08-15,STRAY,OVER THE COUNTER,UNKNOWN,SANTA ROSA
DOG,POODLE MIN,BROWN/WHITE,Spayed,2009-08-15T00:00:00.000,2024-08-15,STRAY,FLD_STRAY,UNKNOWN,SANTA ROSA
CAT,DOMESTIC SH,GRAY,Unknown,2024-06-24T00:00:00.000,2024-08-15,STRAY,FLD_STRAY,UNKNOWN,SANTA ROSA
DOG,LABRADOR RETR/POODLE STND,APRICOT,Spayed,2011-09-28T00:00:00.000,2024-08-15,STRAY,OVER THE COUNTER,UNKNOWN,SANTA ROSA
CAT,DOMESTIC SH,BLACK/WHITE,Female,,2024-08-15,STRAY,OVER THE COUNTER,UNKNOWN,SANTA ROSA
CAT,DOMESTIC SH,BLACK/WHITE,Unknown,,2024-08-15,STRAY,OVER THE COUNTER,UNKNOWN,SANTA ROSA
CAT,DOMESTIC MH,BLACK,Neutered,,2024-08-16,STRAY,FLD_STRAY,UNKNOWN,SANTA ROSA
DOG,LABRADOR RETR/MIX,GOLD,Male,,2024-08-16,STRAY,FLD_STRAY,UNKNOWN,SANTA ROSA
OTHER,CHICKEN,BLACK,Unknown,,2024-08-16,STRAY,FLD_STRAY,UNKNOWN,SANTA ROSA
OTHER,CHICKEN,RED/BLACK,Unknown,,2024-08-16,STRAY,FLD_STRAY,UNKNOWN,SANTA ROSA
DOG,PIT BULL,TAN,Female,,2024-08-16,STRAY,OVER THE COUNTER,UNKNOWN,SANTA ROSA
CAT,DOMESTIC SH,ORG TABBY,Neutered,2021-09-03T00:00:00.000,2024-08-16,STRAY,OVER THE COUNTER,HEALTHY,SANTA ROSA
CAT,SIAMESE/MIX,WHITE/SEAL PT,Spayed,2022-09-03T00:00:00.000,2024-08-16,STRAY,OVER THE COUNTER,HEALTHY,COUNTY
DOG,SCHNAUZER STAND/MIX,TAN/WHITE,Male,,2024-08-17,STRAY,FLD_STRAY,UNKNOWN,COUNTY
DOG,PIT BULL,BLACK/WHITE,Male,2020-04-04T00:00:00.000,2024-08-17,STRAY,FLD_STRAY,UNKNOWN,SANTA ROSA
DOG,PIT BULL,GRAY,Female,2022-11-11T00:00:00.000,2024-08-17,STRAY,FLD_STRAY,UNKNOWN,SANTA ROSA
DOG,POMERANIAN,TAN/WHITE,Neutered,2014-08-17T00:00:00.000,2024-08-17,STRAY,FLD_STRAY,UNKNOWN,SANTA ROSA
CAT,DOMESTIC SH,GRAY/WHITE,Neutered,2024-06-27T00:00:00.000,2024-08-17,STRAY,OVER THE COUNTER,HEALTHY,SANTA ROSA
DOG,POODLE MIN,BLACK,Male,2023-03-24T00:00:00.000,2024-08-17,STRAY,OVER THE COUNTER,UNKNOWN,SANTA ROSA
DOG,PIT BULL,WHITE,Female,2017-07-01T00:00:00.000,2024-08-17,CONFISCATE,FLD_ARREST,UNKNOWN,CLOVERDALE
DOG,PIT BULL/MIX,BL BRINDLE/WHITE,Female,,2024-08-18,STRAY,FLD_STRAY,UNKNOWN,COUNTY
CAT,DOMESTIC SH,BLACK/WHITE,Neutered,,2024-08-19,STRAY,FLD_STRAY,UNKNOWN,SANTA ROSA
DOG,SHIH TZU/CHIHUAHUA LH,GRAY/BLACK,Female,,2024-08-19,CONFISCATE,FLD_ARREST,UNKNOWN,SANTA ROSA
DOG,FRENCH BULLDOG,FAWN,Male,2023-02-21T00:00:00.000,2024-08-19,STRAY,FLD_STRAY,UNKNOWN,SANTA ROSA
DOG,PIT BULL,BROWN/WHITE,Neutered,2022-08-20T00:00:00.000,2024-08-20,STRAY,FLD_STRAY,HEALTHY,COUNTY
OTHER,CHICKEN,WHITE,Male,,2024-08-21,CONFISCATE,FLD_ARREST,UNKNOWN,SANTA ROSA
OTHER,CHICKEN,RED/BLACK,Male,,2024-08-21,CONFISCATE,FLD_ARREST,UNKNOWN,SANTA ROSA
OTHER,CHICKEN,WHITE,Male,,2024-08-21,CONFISCATE,FLD_ARREST,UNKNOWN,SANTA ROSA
OTHER,CHICKEN,WHITE/BLACK,Male,,2024-08-21,CONFISCATE,FLD_ARREST,UNKNOWN,SANTA ROSA
OTHER,CHICKEN,BROWN,Male,,2024-08-21,CONFISCATE,FLD_ARREST,UNKNOWN,SANTA ROSA
OTHER,CHICKEN,BROWN,Male,,2024-08-21,CONFISCATE,FLD_ARREST,UNKNOWN,SANTA ROSA
OTHER,CHICKEN,BROWN,Male,,2024-08-21,CONFISCATE,FLD_ARREST,UNKNOWN,SANTA ROSA
OTHER,CHICKEN,BROWN,Male,,2024-08-21,CONFISCATE,FLD_ARREST,UNKNOWN,SANTA ROSA
OTHER,CHICKEN,BROWN,Male,,2024-08-21,CONFISCATE,FLD_ARREST,UNKNOWN,SANTA ROSA
OTHER,CHICKEN,BROWN,Male,,2024-08-21,CONFISCATE,FLD_ARREST,UNKNOWN,SANTA ROSA
OTHER,CHICKEN,WHITE,Male,,2024-08-21,CONFISCATE,FLD_ARREST,UNKNOWN,SANTA ROSA
OTHER,CHICKEN,BLACK,Male,,2024-08-21,CONFISCATE,FLD_ARREST,UNKNOWN,SANTA ROSA
CAT,DOMESTIC SH,GRAY/WHITE,Male,2024-02-01T00:00:00.000,2024-08-21,STRAY,OVER THE COUNTER,UNKNOWN,SANTA ROSA
CAT,DOMESTIC LH,BLACK/WHITE,Neutered,2017-09-10T00:00:00.000,2024-08-21,OWNER SURRENDER,OVER THE COUNTER,TREATABLE/REHAB,*ROHNERT PARK
DOG,POMERANIAN/MIX,TAN,Male,,2024-08-21,STRAY,OVER THE COUNTER,UNKNOWN,SANTA ROSA
DOG,CHIHUAHUA SH/DACHSHUND,TAN,Spayed,2020-07-25T00:00:00.000,2024-08-21,CONFISCATE,FLD_HOSPTL,UNKNOWN,COUNTY
DOG,FRENCH BULLDOG,WHITE/BLUE MERLE,Female,2023-10-18T00:00:00.000,2024-08-22,STRAY,OVER THE COUNTER,UNKNOWN,SANTA ROSA
DOG,SIBERIAN HUSKY,WHITE,Female,,2024-08-22,STRAY,FLD_STRAY,UNKNOWN,SANTA ROSA
DOG,GREAT PYRENEES/MIX,CREAM/WHITE,Spayed,2023-12-10T00:00:00.000,2024-08-22,STRAY,OVER THE COUNTER,UNKNOWN,SANTA ROSA
DOG,SIBERIAN HUSKY,GRAY/BLACK,Male,2015-09-14T00:00:00.000,2024-08-23,STRAY,FLD_STRAY,UNKNOWN,SANTA ROSA
DOG,SIBERIAN HUSKY,WHITE,Male,2021-03-25T00:00:00.000,2024-08-23,STRAY,FLD_STRAY,UNKNOWN,SANTA ROSA
DOG,SIBERIAN HUSKY,WHITE,Female,2022-08-25T00:00:00.000,2024-08-23,STRAY,FLD_STRAY,UNKNOWN,SANTA ROSA
DOG,SIBERIAN HUSKY,WHITE,Male,2024-02-23T00:00:00.000,2024-08-23,STRAY,FLD_STRAY,UNKNOWN,SANTA ROSA
DOG,SIBERIAN HUSKY,WHITE,Female,2018-09-28T00:00:00.000,2024-08-23,STRAY,FLD_STRAY,UNKNOWN,SANTA ROSA
DOG,PUG/YORKSHIRE TERR,BROWN/BLACK,Male,2024-02-27T00:00:00.000,2024-08-23,STRAY,FLD_STRAY,UNKNOWN,SANTA ROSA
DOG,PIT BULL,BLACK/WHITE,Male,2020-04-04T00:00:00.000,2024-08-23,CONFISCATE,FLD_ARREST,UNKNOWN,COUNTY
DOG,DACHSHUND,BLACK/BROWN,Female,2021-08-23T00:00:00.000,2024-08-23,STRAY,OVER THE COUNTER,UNKNOWN,COUNTY
DOG,DUTCH SHEPHERD/MIX,BR BRINDLE,Male,2023-08-23T00:00:00.000,2024-08-23,QUARANTINE,FIELD,UNKNOWN,COUNTY
DOG,DACHSHUND/MIX,BLACK/TAN,Male,,2024-08-23,CONFISCATE,FLD_ARREST,UNKNOWN,COUNTY
DOG,PIT BULL,BLACK,Female,2023-08-17T00:00:00.000,2024-08-23,STRAY,FLD_STRAY,UNKNOWN,COUNTY
CAT,DOMESTIC SH,GRAY TABBY,Neutered,2024-06-23T00:00:00.000,2024-08-23,STRAY,FLD_STRAY,HEALTHY,SANTA ROSA
CAT,DOMESTIC SH,BRN TABBY/TORTIE,Female,2024-06-23T00:00:00.000,2024-08-23,STRAY,FLD_STRAY,UNKNOWN,SANTA ROSA
CAT,DOMESTIC SH,WHITE/ORG TABBY,Neutered,2024-06-23T00:00:00.000,2024-08-23,STRAY,FLD_STRAY,HEALTHY,SANTA ROSA
CAT,DOMESTIC SH,GRAY,Neutered,2023-12-23T00:00:00.000,2024-08-23,STRAY,FLD_STRAY,HEALTHY,SANTA ROSA
CAT,DOMESTIC SH,WHITE/BLACK,Female,2024-02-23T00:00:00.000,2024-08-23,STRAY,FLD_STRAY,UNKNOWN,SANTA ROSA
CAT,DOMESTIC SH,BRN TABBY/TORTIE,Female,2024-06-23T00:00:00.000,2024-08-23,STRAY,FLD_STRAY,UNKNOWN,SANTA ROSA
DOG,SIBERIAN HUSKY,BLACK/WHITE,Female,2021-12-10T00:00:00.000,2024-08-24,STRAY,FLD_STRAY,UNKNOWN,SANTA ROSA
OTHER,BAT,BROWN,Unknown,,2024-08-24,STRAY,OVER THE COUNTER,UNKNOWN,COUNTY
DOG,REDBONE HOUND,RED/BROWN,Male,2023-08-27T00:00:00.000,2024-08-24,CONFISCATE,FLD_ARREST,UNKNOWN,SANTA ROSA
DOG,PIT BULL,WHITE/BLACK,Male,2021-08-24T00:00:00.000,2024-08-24,STRAY,OVER THE COUNTER,UNKNOWN,SANTA ROSA
CAT,DOMESTIC MH,BLACK,Female,2024-06-24T00:00:00.000,2024-08-24,STRAY,EMAIL,UNKNOWN,COUNTY
DOG,PUG,CREAM/BLUE,Female,2024-02-24T00:00:00.000,2024-08-24,STRAY,OVER THE COUNTER,UNKNOWN,COUNTY
DOG,PUG,CREAM/BLUE,Female,2024-02-24T00:00:00.000,2024-08-24,STRAY,OVER THE COUNTER,UNKNOWN,COUNTY
DOG,PUG,CREAM/BLUE,Male,2024-02-24T00:00:00.000,2024-08-24,STRAY,OVER THE COUNTER,UNKNOWN,COUNTY
DOG,BORDER COLLIE,BROWN/WHITE,Neutered,,2024-08-25,CONFISCATE,FLD_CORONR,UNKNOWN,COUNTY
DOG,ALASKAN HUSKY,BLACK/WHITE,Male,,2024-08-25,STRAY,FLD_STRAY,UNKNOWN,SANTA ROSA
DOG,BELG MALINOIS/MIX,RED/BLACK,Spayed,2020-03-02T00:00:00.000,2024-08-26,OWNER SURRENDER,FIELD,UNKNOWN,SANTA ROSA
DOG,GERM SHEPHERD,BLACK/TAN,Spayed,2020-10-28T00:00:00.000,2024-08-26,STRAY,FLD_STRAY,UNKNOWN,SANTA ROSA
DOG,GERM SHEPHERD/MIX,WHITE,Spayed,2020-11-01T00:00:00.000,2024-08-26,STRAY,FLD_STRAY,TREATABLE/MANAGEABLE,SANTA ROSA
DOG,CHIHUAHUA SH,BLACK,Male,2019-02-10T00:00:00.000,2024-08-26,STRAY,FLD_STRAY,UNKNOWN,SANTA ROSA
DOG,CHIHUAHUA SH/YORKSHIRE TERR,BROWN/BLACK,Spayed,2022-10-18T00:00:00.000,2024-08-26,STRAY,FLD_STRAY,HEALTHY,SANTA ROSA
DOG,PARSON RUSS TER/DACHSHUND,BROWN/TAN,Neutered,2015-01-01T00:00:00.000,2024-08-27,CONFISCATE,FLD_HOSPTL,UNKNOWN,COUNTY
DOG,LABRADOR RETR,BR BRINDLE,Female,2023-11-24T00:00:00.000,2024-08-27,STRAY,OVER THE COUNTER,UNKNOWN,COUNTY
DOG,TR WALKER HOUND,TRICOLOR,Female,2023-11-24T00:00:00.000,2024-08-27,STRAY,OVER THE COUNTER,UNKNOWN,COUNTY
DOG,AUST CATTLE DOG,BROWN/BLACK,Female,,2024-08-27,STRAY,FLD_STRAY,UNKNOWN,SANTA ROSA
DOG,LABRADOR RETR,WHITE/TAN,Neutered,,2024-08-27,STRAY,OVER THE COUNTER,UNKNOWN,SANTA ROSA
CAT,DOMESTIC SH,TORTIE,Female,2020-08-28T00:00:00.000,2024-08-28,STRAY,OVER THE COUNTER,UNKNOWN,SANTA ROSA
CAT,DOMESTIC SH,BRN TABBY,Female,2024-07-28T00:00:00.000,2024-08-28,STRAY,OVER THE COUNTER,UNKNOWN,SANTA ROSA
CAT,DOMESTIC SH,TORTIE,Female,2024-07-28T00:00:00.000,2024-08-28,STRAY,OVER THE COUNTER,UNKNOWN,SANTA ROSA
CAT,DOMESTIC SH,ORG TABBY,Male,2024-07-28T00:00:00.000,2024-08-28,STRAY,OVER THE COUNTER,UNKNOWN,SANTA ROSA
CAT,DOMESTIC SH,ORG TABBY,Male,2024-07-28T00:00:00.000,2024-08-28,STRAY,OVER THE COUNTER,UNKNOWN,SANTA ROSA
CAT,DOMESTIC SH,ORG TABBY,Male,2024-07-28T00:00:00.000,2024-08-28,STRAY,OVER THE COUNTER,UNKNOWN,SANTA ROSA
CAT,DOMESTIC SH,ORG TABBY,Female,2024-07-28T00:00:00.000,2024-08-28,STRAY,OVER THE COUNTER,UNKNOWN,SANTA ROSA
DOG,PIT BULL,TAN/WHITE,Spayed,2022-10-01T00:00:00.000,2024-08-28,STRAY,FLD_STRAY,HEALTHY,SANTA ROSA
OTHER,RABBIT SH,BLACK,Neutered,2022-11-01T00:00:00.000,2024-08-28,STRAY,OVER THE COUNTER,HEALTHY,SANTA ROSA
CAT,DOMESTIC SH,BLACK,Spayed,2024-07-28T00:00:00.000,2024-08-28,STRAY,OVER THE COUNTER,HEALTHY,SANTA ROSA
CAT,DOMESTIC SH,BLACK,Neutered,2024-07-28T00:00:00.000,2024-08-28,STRAY,OVER THE COUNTER,UNKNOWN,SANTA ROSA
CAT,DOMESTIC SH,BLACK/WHITE,Neutered,2024-07-28T00:00:00.000,2024-08-28,STRAY,OVER THE COUNTER,UNKNOWN,SANTA ROSA
CAT,DOMESTIC SH,GRAY/WHITE,Female,2024-06-29T00:00:00.000,2024-08-29,STRAY,OVER THE COUNTER,UNKNOWN,SANTA ROSA
CAT,DOMESTIC MH,GRAY/WHITE,Unknown,,2024-08-29,STRAY,FLD_STRAY,UNKNOWN,COUNTY
CAT,DOMESTIC SH,BRN TABBY,Spayed,2022-08-29T00:00:00.000,2024-08-29,STRAY,OVER THE COUNTER,HEALTHY,SANTA ROSA
DOG,WEST HIGHLAND/SIBERIAN HUSKY,BLACK/WHITE,Spayed,2020-08-29T00:00:00.000,2024-08-29,STRAY,FIELD,UNKNOWN,SANTA ROSA
DOG,PIT BULL/MIX,WHITE/TAN,Female,2021-08-29T00:00:00.000,2024-08-29,STRAY,FIELD,UNKNOWN,COUNTY
DOG,LABRADOR RETR/ROTTWEILER,BLACK,Spayed,2022-12-06T00:00:00.000,2024-08-29,OWNER SURRENDER,OVER THE COUNTER,UNKNOWN,HEALDSBURG
DOG,LABRADOR RETR/PIT BULL,BLACK,Neutered,2024-03-21T00:00:00.000,2024-08-29,ADOPTION RETURN,OVER THE COUNTER,UNKNOWN,SANTA ROSA
DOG,LABRADOR RETR/POODLE STND,BLACK,Neutered,2024-03-30T00:00:00.000,2024-08-30,STRAY,FLD_STRAY,UNKNOWN,SANTA ROSA
DOG,LABRADOR RETR/POODLE STND,BLACK,Female,2024-03-30T00:00:00.000,2024-08-30,STRAY,FLD_STRAY,UNKNOWN,SANTA ROSA
DOG,LABRADOR RETR/POODLE STND,BLACK/WHITE,Neutered,2024-03-30T00:00:00.000,2024-08-30,STRAY,FLD_STRAY,UNKNOWN,SANTA ROSA
DOG,LABRADOR RETR/POODLE STND,BLACK/WHITE,Female,2024-03-30T00:00:00.000,2024-08-30,STRAY,FLD_STRAY,UNKNOWN,SANTA ROSA
CAT,DOMESTIC SH,ORG TABBY,Unknown,,2024-08-30,STRAY,OVER THE COUNTER,UNKNOWN,SANTA ROSA
CAT,DOMESTIC SH,WHITE/ORANGE,Unknown,2024-04-30T00:00:00.000,2024-08-30,STRAY,OVER THE COUNTER,UNKNOWN,SANTA ROSA
CAT,DOMESTIC MH,ORANGE/WHITE,Neutered,,2024-08-30,STRAY,FLD_STRAY,UNKNOWN,COUNTY
DOG,SIBERIAN HUSKY/MIX,TRICOLOR,Spayed,2021-08-31T00:00:00.000,2024-08-30,STRAY,FLD_STRAY,UNKNOWN,COUNTY
DOG,RAT TERRIER,WHITE/BLACK,Female,,2024-08-31,STRAY,FLD_STRAY,UNKNOWN,COUNTY
OTHER,BAT,BLACK,Unknown,,2024-08-31,STRAY,OVER THE COUNTER,UNKNOWN,COUNTY
DOG,FRENCH BULLDOG,BR BRINDLE/WHITE,Female,2017-08-31T00:00:00.000,2024-08-31,STRAY,OVER THE COUNTER,UNKNOWN,SANTA ROSA
DOG,TENN TR BRINDLE/MIX,BR BRINDLE/WHITE,Neutered,2023-06-19T00:00:00.000,2024-09-01,STRAY,FIELD,HEALTHY,COUNTY
DOG,PIT BULL/MIX,BLACK/WHITE,Spayed,2024-03-03T00:00:00.000,2024-09-03,STRAY,OVER THE COUNTER,UNKNOWN,SANTA ROSA
CAT,DOMESTIC SH,WHITE,Neutered,2024-08-03T00:00:00.000,2024-09-03,STRAY,OVER THE COUNTER,HEALTHY,SANTA ROSA
CAT,DOMESTIC SH,BLK TABBY/WHITE,Neutered,2024-08-13T00:00:00.000,2024-09-03,STRAY,OVER THE COUNTER,HEALTHY,SANTA ROSA
CAT,DOMESTIC SH,BLK TABBY/WHITE,Spayed,2024-08-03T00:00:00.000,2024-09-03,STRAY,OVER THE COUNTER,HEALTHY,SANTA ROSA
CAT,DOMESTIC SH,BLK TABBY/WHITE,Spayed,2024-08-03T00:00:00.000,2024-09-03,STRAY,OVER THE COUNTER,HEALTHY,SANTA ROSA
CAT,DOMESTIC SH,BLK TABBY/WHITE,Spayed,2024-08-03T00:00:00.000,2024-09-03,STRAY,OVER THE COUNTER,HEALTHY,SANTA ROSA
DOG,DACHSHUND/MIX,BR BRINDLE,Male,2022-09-04T00:00:00.000,2024-09-03,STRAY,FLD_STRAY,UNKNOWN,SANTA ROSA
CAT,DOMESTIC SH,GRAY TABBY,Spayed,2022-10-10T00:00:00.000,2024-09-03,STRAY,OVER THE COUNTER,UNKNOWN,SANTA ROSA
DOG,CHOW CHOW/MIX,BLACK,Spayed,2024-03-04T00:00:00.000,2024-09-04,STRAY,OVER THE COUNTER,UNKNOWN,COUNTY
DOG,CHOW CHOW/MIX,BLACK,Spayed,2024-03-04T00:00:00.000,2024-09-04,STRAY,OVER THE COUNTER,UNKNOWN,COUNTY
CAT,DOMESTIC SH,GRAY/WHITE,Neutered,,2024-09-04,STRAY,FLD_STRAY,UNKNOWN,SANTA ROSA
DOG,GERM SHEPHERD/MIX,BLACK/TAN,Male,,2024-09-04,STRAY,FIELD,HEALTHY,SANTA ROSA
DOG,PIT BULL/MIX,TAN,Female,,2024-09-04,STRAY,FLD_STRAY,UNKNOWN,SANTA ROSA
CAT,DOMESTIC SH,GRAY/WHITE,Female,,2024-09-04,STRAY,EMAIL,UNKNOWN,SANTA ROSA
CAT,DOMESTIC SH,WHITE/GRAY,Unknown,,2024-09-04,STRAY,EMAIL,UNKNOWN,SANTA ROSA
OTHER,CHICKEN,RED/BLACK,Male,,2024-09-04,STRAY,FLD_STRAY,UNKNOWN,SANTA ROSA
OTHER,CHICKEN,RED/BLACK,Male,,2024-09-04,STRAY,FLD_STRAY,UNKNOWN,SANTA ROSA
OTHER,CHICKEN,RED/BLACK,Male,,2024-09-04,STRAY,FLD_STRAY,UNKNOWN,SANTA ROSA
OTHER,CHICKEN,RED/BLACK,Male,,2024-09-04,STRAY,FLD_STRAY,UNKNOWN,SANTA ROSA
OTHER,CHICKEN,WHITE/BLACK,Male,,2024-09-04,STRAY,FLD_STRAY,UNKNOWN,SANTA ROSA
OTHER,CHICKEN,WHITE,Female,,2024-09-04,STRAY,FLD_STRAY,UNKNOWN,SANTA ROSA
DOG,PIT BULL,BR BRINDLE/WHITE,Male,2022-09-04T00:00:00.000,2024-09-04,STRAY,FLD_STRAY,UNKNOWN,COUNTY
CAT,DOMESTIC SH,BLACK/WHITE,Neutered,2018-09-04T00:00:00.000,2024-09-04,CONFISCATE,FLD_HOSPTL,UNKNOWN,SANTA ROSA
CAT,DOMESTIC SH,BRN TABBY,Female,2018-09-06T00:00:00.000,2024-09-04,CONFISCATE,FLD_HOSPTL,UNKNOWN,SANTA ROSA
DOG,FRENCH BULLDOG,CHOCOLATE,Male,2022-02-12T00:00:00.000,2024-09-04,STRAY,OVER THE COUNTER,UNKNOWN,COUNTY
OTHER,HAMSTER,BLACK,Male,,2024-09-04,STRAY,OVER THE COUNTER,HEALTHY,SANTA ROSA
DOG,POMERANIAN,BLACK,Neutered,2010-09-21T00:00:00.000,2024-09-05,STRAY,FLD_STRAY,UNKNOWN,SANTA ROSA
DOG,BEARDED COLLIE/LABRADOR RETR,BLACK/WHITE,Neutered,2015-12-14T00:00:00.000,2024-09-05,STRAY,FLD_STRAY,UNKNOWN,SANTA ROSA
OTHER,GOAT,BROWN/BLACK,Female,2024-03-30T00:00:00.000,2024-09-05,STRAY,FLD_STRAY,UNKNOWN,SANTA ROSA
DOG,GERM SHEPHERD,BROWN/BLACK,Male,2020-09-05T00:00:00.000,2024-09-05,STRAY,OVER THE COUNTER,UNKNOWN,SANTA ROSA
DOG,YORKSHIRE TERR/DACHSHUND,RED/BLACK,Male,2024-05-24T00:00:00.000,2024-09-06,STRAY,OVER THE COUNTER,UNKNOWN,SANTA ROSA
DOG,YORKSHIRE TERR/DACHSHUND,BLACK/RED,Male,2024-05-24T00:00:00.000,2024-09-06,STRAY,OVER THE COUNTER,UNKNOWN,SANTA ROSA
DOG,YORKSHIRE TERR/DACHSHUND,RED,Male,2024-05-24T00:00:00.000,2024-09-06,STRAY,OVER THE COUNTER,UNKNOWN,SANTA ROSA
DOG,YORKSHIRE TERR/DACHSHUND,BLACK/TAN,Male,2024-05-24T00:00:00.000,2024-09-06,STRAY,OVER THE COUNTER,UNKNOWN,SANTA ROSA
DOG,YORKSHIRE TERR/DACHSHUND,RED/BLACK,Male,2024-05-24T00:00:00.000,2024-09-06,STRAY,OVER THE COUNTER,UNKNOWN,SANTA ROSA
CAT,DOMESTIC SH,BRN TABBY/WHITE,Neutered,2015-09-06T00:00:00.000,2024-09-06,CONFISCATE,FLD_HOSPTL,HEALTHY,SANTA ROSA
DOG,FRENCH BULLDOG,FAWN,Neutered,2022-09-06T00:00:00.000,2024-09-06,OWNER SURRENDER,FIELD,UNKNOWN,*SONOMA
CAT,DOMESTIC SH,GRAY TABBY,Spayed,2023-04-23T00:00:00.000,2024-09-06,STRAY,OVER THE COUNTER,HEALTHY,SANTA ROSA
DOG,DOBERMAN PINSCH,BLACK/BROWN,Neutered,2022-09-14T00:00:00.000,2024-09-06,OWNER SURRENDER,FIELD,UNKNOWN,COUNTY
DOG,ALASK KLEE KAI,BLACK/WHITE,Male,2021-12-13T00:00:00.000,2024-09-06,STRAY,OVER THE COUNTER,UNKNOWN,COUNTY
DOG,AMERICAN STAFF/MIX,TRICOLOR,Male,2023-02-15T00:00:00.000,2024-09-06,CONFISCATE,FLD_ARREST,UNKNOWN,SANTA ROSA
CAT,DOMESTIC SH,BRN TABBY,Spayed,2024-06-26T00:00:00.000,2024-09-07,OWNER SURRENDER,OVER THE COUNTER,HEALTHY,SANTA ROSA
CAT,DOMESTIC SH,BRN TABBY,Spayed,2024-06-26T00:00:00.000,2024-09-07,OWNER SURRENDER,OVER THE COUNTER,HEALTHY,SANTA ROSA
CAT,DOMESTIC SH,LYNX PT/WHITE,Neutered,2024-07-07T00:00:00.000,2024-09-07,OWNER SURRENDER,OVER THE COUNTER,HEALTHY,SANTA ROSA
CAT,DOMESTIC SH,LYNX PT,Spayed,2024-06-26T00:00:00.000,2024-09-07,OWNER SURRENDER,OVER THE COUNTER,HEALTHY,SANTA ROSA
CAT,DOMESTIC SH,LYNX PT,Spayed,2024-06-26T00:00:00.000,2024-09-07,OWNER SURRENDER,OVER THE COUNTER,HEALTHY,SANTA ROSA
CAT,DOMESTIC SH,LYNX PT,Spayed,2024-06-26T00:00:00.000,2024-09-07,OWNER SURRENDER,OVER THE COUNTER,HEALTHY,SANTA ROSA
CAT,DOMESTIC SH,LYNX PT,Spayed,2024-06-26T00:00:00.000,2024-09-07,OWNER SURRENDER,OVER THE COUNTER,HEALTHY,SANTA ROSA
CAT,DOMESTIC SH,LYNX PT,Spayed,2024-06-26T00:00:00.000,2024-09-07,OWNER SURRENDER,OVER THE COUNTER,HEALTHY,SANTA ROSA
CAT,DOMESTIC SH,LYNX PT,Neutered,2024-07-07T00:00:00.000,2024-09-07,OWNER SURRENDER,OVER THE COUNTER,HEALTHY,SANTA ROSA
OTHER,BAT,BROWN,Unknown,,2024-09-07,QUARANTINE,FIELD,UNKNOWN,COUNTY
OTHER,CHICKEN,BLACK,Unknown,,2024-09-07,CONFISCATE,FLD_INVEST,UNKNOWN,SANTA ROSA
OTHER,CHICKEN,BLACK/BROWN,Male,,2024-09-07,CONFISCATE,FLD_INVEST,UNKNOWN,SANTA ROSA
OTHER,CHICKEN,WHITE,Unknown,,2024-09-07,CONFISCATE,FLD_INVEST,UNKNOWN,SANTA ROSA
OTHER,CHICKEN,WHITE/BROWN,Unknown,,2024-09-07,CONFISCATE,FLD_INVEST,UNKNOWN,SANTA ROSA
OTHER,CHICKEN,BROWN/WHITE,Unknown,,2024-09-07,CONFISCATE,FLD_INVEST,UNKNOWN,SANTA ROSA
OTHER,CHICKEN,BROWN,Unknown,,2024-09-07,CONFISCATE,FLD_INVEST,UNKNOWN,SANTA ROSA
DOG,LABRADOR RETR,BLACK,Male,2024-07-27T00:00:00.000,2024-09-07,STRAY,FLD_STRAY,UNKNOWN,SANTA ROSA
DOG,LABRADOR RETR/MIX,BLACK,Spayed,2024-07-27T00:00:00.000,2024-09-07,STRAY,FLD_STRAY,UNKNOWN,SANTA ROSA
DOG,LABRADOR RETR,BROWN,Female,2024-07-27T00:00:00.000,2024-09-07,STRAY,FLD_STRAY,UNKNOWN,SANTA ROSA
DOG,LABRADOR RETR/MIX,GRAY/WHITE,Neutered,2024-07-27T00:00:00.000,2024-09-07,STRAY,FLD_STRAY,UNKNOWN,SANTA ROSA
DOG,PIT BULL/AUST CATTLE DOG,BLACK/WHITE,Neutered,2024-01-02T00:00:00.000,2024-09-08,STRAY,FLD_STRAY,UNKNOWN,*SONOMA
OTHER,RABBIT LH,WHITE/ORANGE,Male,2022-09-17T00:00:00.000,2024-09-08,STRAY,FLD_STRAY,UNKNOWN,SANTA ROSA
DOG,GERM SHEPHERD,BLACK/BROWN,Female,2022-10-17T00:00:00.000,2024-09-08,STRAY,FLD_STRAY,UNKNOWN,SANTA ROSA
CAT,SIAMESE,CREAM/BROWN,Spayed,2023-10-23T00:00:00.000,2024-09-08,STRAY,FLD_STRAY,UNKNOWN,SANTA ROSA
CAT,DOMESTIC SH,TORTIE,Spayed,2023-03-08T00:00:00.000,2024-09-08,STRAY,FLD_STRAY,HEALTHY,SANTA ROSA
DOG,BORDER COLLIE/LABRADOR RETR,BLACK,Spayed,2024-05-09T00:00:00.000,2024-09-09,STRAY,FIELD,UNKNOWN,SANTA ROSA
DOG,PARSON RUSS TER/MIX,WHITE,Neutered,2022-03-10T00:00:00.000,2024-09-09,STRAY,FLD_STRAY,UNKNOWN,SANTA ROSA
DOG,GERM SHEPHERD,TAN/BLACK,Male,2022-04-04T00:00:00.000,2024-09-09,STRAY,FLD_STRAY,UNKNOWN,SANTA ROSA
DOG,ENG BULLDOG,GRAY/WHITE,Female,2021-09-29T00:00:00.000,2024-09-10,STRAY,FLD_STRAY,UNKNOWN,COUNTY
CAT,DOMESTIC SH,GRAY/WHITE,Spayed,2022-07-30T00:00:00.000,2024-09-10,ADOPTION RETURN,OVER THE COUNTER,UNKNOWN,SANTA ROSA
DOG,BULLMASTIFF/MIX,TAN,Female,,2024-09-10,STRAY,FIELD,UNKNOWN,COUNTY
CAT,DOMESTIC SH,GRAY,Spayed,2024-07-01T00:00:00.000,2024-09-10,STRAY,OVER THE COUNTER,HEALTHY,SANTA ROSA
CAT,DOMESTIC SH,GRAY TABBY,Neutered,2024-04-28T00:00:00.000,2024-09-10,STRAY,OVER THE COUNTER,HEALTHY,SANTA ROSA
CAT,DOMESTIC SH,GRAY TABBY,Neutered,2024-04-28T00:00:00.000,2024-09-10,STRAY,OVER THE COUNTER,HEALTHY,SANTA ROSA
CAT,DOMESTIC SH,GRAY TABBY,Spayed,2022-10-31T00:00:00.000,2024-09-10,STRAY,OVER THE COUNTER,HEALTHY,SANTA ROSA
CAT,DOMESTIC MH,GRAY TABBY,Neutered,2024-07-26T00:00:00.000,2024-09-10,STRAY,OVER THE COUNTER,HEALTHY,SANTA ROSA
CAT,DOMESTIC MH,GRAY TABBY,Neutered,2024-07-26T00:00:00.000,2024-09-10,STRAY,OVER THE COUNTER,HEALTHY,SANTA ROSA
CAT,DOMESTIC SH,GRAY TABBY,Spayed,2024-06-23T00:00:00.000,2024-09-10,STRAY,OVER THE COUNTER,HEALTHY,SANTA ROSA
CAT,DOMESTIC SH,GRAY TABBY,Neutered,2024-07-26T00:00:00.000,2024-09-10,STRAY,OVER THE COUNTER,HEALTHY,SANTA ROSA
CAT,DOMESTIC SH,GRAY TABBY,Neutered,2024-07-26T00:00:00.000,2024-09-10,STRAY,OVER THE COUNTER,HEALTHY,SANTA ROSA
CAT,DOMESTIC MH,GRAY TABBY,Neutered,2024-07-26T00:00:00.000,2024-09-10,STRAY,OVER THE COUNTER,HEALTHY,SANTA ROSA
CAT,DOMESTIC SH,BRN TABBY,Spayed,2024-06-23T00:00:00.000,2024-09-10,STRAY,OVER THE COUNTER,HEALTHY,SANTA ROSA
OTHER,NEW ZEALAND WHT/MIX,WHITE,Spayed,2021-12-20T00:00:00.000,2024-09-10,STRAY,OVER THE COUNTER,HEALTHY,SANTA ROSA
OTHER,RABBIT SH,BLK SMOKE/WHITE,Female,,2024-09-10,STRAY,OVER THE COUNTER,UNKNOWN,SANTA ROSA
CAT,DOMESTIC SH,BRN TABBY/WHITE,Neutered,,2024-09-10,STRAY,OVER THE COUNTER,UNKNOWN,SANTA ROSA
OTHER,CHICKEN,RED,Unknown,,2024-09-10,STRAY,FLD_STRAY,UNKNOWN,SANTA ROSA
OTHER,COCHIN,RED,Unknown,,2024-09-10,STRAY,FLD_STRAY,UNKNOWN,SANTA ROSA
CAT,DOMESTIC SH,BLACK,Male,,2024-09-11,STRAY,OVER THE COUNTER,UNKNOWN,SANTA ROSA
CAT,DOMESTIC SH,BLK TABBY,Male,,2024-09-11,STRAY,OVER THE COUNTER,UNKNOWN,SANTA ROSA
DOG,CHIHUAHUA SH,TAN,Female,,2024-09-11,STRAY,FIELD,UNKNOWN,SANTA ROSA
CAT,DOMESTIC SH,BLACK/WHITE,Neutered,2020-09-11T00:00:00.000,2024-09-11,STRAY,OVER THE COUNTER,HEALTHY,SANTA ROSA
CAT,DOMESTIC SH,BRN TABBY,Neutered,2024-08-11T00:00:00.000,2024-09-11,STRAY,FIELD,HEALTHY,SANTA ROSA
CAT,DOMESTIC SH,BRN TABBY,Spayed,2024-08-11T00:00:00.000,2024-09-11,STRAY,FIELD,HEALTHY,SANTA ROSA
CAT,DOMESTIC SH,BLK TABBY,Neutered,2024-08-11T00:00:00.000,2024-09-11,STRAY,FIELD,HEALTHY,SANTA ROSA
CAT,DOMESTIC SH,BLACK,Neutered,2024-08-11T00:00:00.000,2024-09-11,STRAY,FIELD,HEALTHY,SANTA ROSA
CAT,DOMESTIC LH,BLACK,Spayed,2024-08-14T00:00:00.000,2024-09-11,STRAY,FIELD,HEALTHY,SANTA ROSA
DOG,PARSON RUSS TER/MIX,WHITE,Neutered,2022-11-06T00:00:00.000,2024-09-11,STRAY,FIELD,UNKNOWN,SANTA ROSA
CAT,DOMESTIC SH,GRAY TABBY,Male,,2024-09-11,STRAY,OVER THE COUNTER,UNKNOWN,SANTA ROSA
CAT,DOMESTIC SH,GRAY TABBY,Female,,2024-09-11,STRAY,OVER THE COUNTER,UNKNOWN,SANTA ROSA
CAT,DOMESTIC SH,ORG TABBY/WHITE,Male,2024-08-21T00:00:00.000,2024-09-12,STRAY,OVER THE COUNTER,UNKNOWN,SANTA ROSA
CAT,DOMESTIC SH,BRN TABBY,Male,2024-07-25T00:00:00.000,2024-09-12,STRAY,EMAIL,UNKNOWN,SANTA ROSA
DOG,SIBERIAN HUSKY,WHITE,Spayed,2021-09-12T00:00:00.000,2024-09-12,STRAY,FIELD,HEALTHY,COUNTY
DOG,POODLE MIN,WHITE,Neutered,2020-09-12T00:00:00.000,2024-09-12,STRAY,OVER THE COUNTER,UNKNOWN,SANTA ROSA
DOG,NORFOLK TERRIER,CREAM,Male,2021-09-13T00:00:00.000,2024-09-12,STRAY,FLD_STRAY,UNKNOWN,SANTA ROSA
DOG,GOLDEN RETR/MIX,GOLD,Spayed,2023-11-03T00:00:00.000,2024-09-12,OWNER SURRENDER,OVER THE COUNTER,UNKNOWN,*ROHNERT PARK
CAT,DOMESTIC SH,ORG TABBY,Neutered,2024-03-12T00:00:00.000,2024-09-12,STRAY,EMAIL,UNKNOWN,SANTA ROSA
CAT,DOMESTIC SH,GRAY TABBY,Spayed,2022-09-12T00:00:00.000,2024-09-12,STRAY,FLD_STRAY,HEALTHY,SANTA ROSA
CAT,DOMESTIC SH,BRN TABBY,Male,2024-06-27T00:00:00.000,2024-09-12,STRAY,OVER THE COUNTER,UNKNOWN,SANTA ROSA
CAT,DOMESTIC SH,BLACK/GRAY,Female,2024-06-27T00:00:00.000,2024-09-12,STRAY,OVER THE COUNTER,UNKNOWN,SANTA ROSA
CAT,DOMESTIC SH,BLACK/GRAY,Female,2024-06-27T00:00:00.000,2024-09-12,STRAY,OVER THE COUNTER,UNKNOWN,SANTA ROSA
DOG,GREAT PYRENEES,WHITE/TAN,Male,,2024-09-13,STRAY,FIELD,UNKNOWN,COUNTY
DOG,GREAT PYRENEES,WHITE/TAN,Male,,2024-09-13,STRAY,FIELD,UNKNOWN,COUNTY
DOG,SIBERIAN HUSKY/MIX,WHITE,Neutered,2023-04-30T00:00:00.000,2024-09-13,STRAY,OVER THE COUNTER,HEALTHY,COUNTY
DOG,PIT BULL,BLACK,Male,2016-09-14T00:00:00.000,2024-09-13,STRAY,FLD_STRAY,UNKNOWN,SANTA ROSA
DOG,LABRADOR RETR/MIX,BLACK,Female,2023-09-13T00:00:00.000,2024-09-13,STRAY,OVER THE COUNTER,UNKNOWN,SANTA ROSA
DOG,CHIHUAHUA SH,BLACK/TAN,Spayed,2018-09-18T00:00:00.000,2024-09-13,CONFISCATE,FLD_HOSPTL,UNKNOWN,SANTA ROSA
DOG,BEAGLE/PARSON RUSS TER,CREAM,Neutered,2022-09-14T00:00:00.000,2024-09-14,STRAY,OVER THE COUNTER,UNKNOWN,SANTA ROSA
DOG,LABRADOR RETR/PIT BULL,BROWN/WHITE,Neutered,2021-01-03T00:00:00.000,2024-09-14,STRAY,FLD_STRAY,UNKNOWN,COUNTY
DOG,LABRADOR RETR/MIX,WHITE,Male,2020-10-16T00:00:00.000,2024-09-14,STRAY,OVER THE COUNTER,UNKNOWN,SANTA ROSA
CAT,DOMESTIC SH,TORTIE/TRICOLOR,Spayed,2021-09-14T00:00:00.000,2024-09-14,STRAY,OVER THE COUNTER,HEALTHY,SANTA ROSA
DOG,PIT BULL/MIX,TAN/WHITE,Neutered,2021-07-02T00:00:00.000,2024-09-14,CONFISCATE,FLD_HOSPTL,UNKNOWN,COUNTY
DOG,PARSON RUSS TER/WELSH CORGI PEM,WHITE/BROWN,Spayed,2010-09-16T00:00:00.000,2024-09-14,STRAY,FLD_STRAY,UNKNOWN,SANTA ROSA
DOG,CHIHUAHUA LH/MIX,BROWN,Male,2014-10-01T00:00:00.000,2024-09-15,STRAY,FLD_STRAY,UNKNOWN,SANTA ROSA
DOG,PIT BULL/MASTIFF,BR BRINDLE/WHITE,Male,2023-03-15T00:00:00.000,2024-09-15,QUARANTINE,FIELD,UNKNOWN,SANTA ROSA
DOG,DACHSHUND,BLACK/TAN,Male,2023-11-01T00:00:00.000,2024-09-16,CONFISCATE,FLD_ARREST,UNKNOWN,COUNTY
OTHER,CHICKEN,BLACK,Male,,2024-09-16,STRAY,FLD_STRAY,UNKNOWN,SANTA ROSA
DOG,BORDER COLLIE/MIX,BLACK/WHITE,Spayed,2020-10-11T00:00:00.000,2024-09-16,STRAY,FLD_STRAY,HEALTHY,COUNTY
DOG,PUG,CREAM,Male,2021-09-17T00:00:00.000,2024-09-16,STRAY,FLD_STRAY,UNKNOWN,COUNTY
DOG,MASTIFF/LABRADOR RETR,BR BRINDLE,Female,2022-11-26T00:00:00.000,2024-09-16,STRAY,FLD_STRAY,UNKNOWN,COUNTY
DOG,SIBERIAN HUSKY,WHITE,Neutered,2022-10-01T00:00:00.000,2024-09-16,STRAY,FLD_STRAY,UNKNOWN,COUNTY
OTHER,BAT,BROWN,Unknown,,2024-09-16,QUARANTINE,FIELD,UNKNOWN,SANTA ROSA
CAT,DOMESTIC SH,BRN TABBY/TORTIE,Spayed,2022-10-01T00:00:00.000,2024-09-17,STRAY,OVER THE COUNTER,HEALTHY,SANTA ROSA
DOG,PIT BULL,GRAY/WHITE,Spayed,,2024-09-17,STRAY,FLD_STRAY,UNKNOWN,SANTA ROSA
CAT,DOMESTIC SH,GRAY TABBY,Unknown,,2024-09-17,STRAY,FLD_STRAY,UNKNOWN,SANTA ROSA
CAT,DOMESTIC SH,GRAY,Unknown,,2024-09-17,STRAY,FLD_STRAY,UNKNOWN,SANTA ROSA
CAT,DOMESTIC SH,GRAY TABBY,Unknown,,2024-09-17,STRAY,FLD_STRAY,UNKNOWN,SANTA ROSA
CAT,DOMESTIC SH,GRAY,Unknown,,2024-09-17,STRAY,FLD_STRAY,UNKNOWN,SANTA ROSA
CAT,DOMESTIC SH,BLACK/WHITE,Male,,2024-09-17,STRAY,FLD_STRAY,UNKNOWN,SANTA ROSA
DOG,LABRADOR RETR,BLACK,Unknown,,2024-09-17,STRAY,FLD_STRAY,UNKNOWN,SANTA ROSA
CAT,DOMESTIC SH,CALICO,Female,2024-06-16T00:00:00.000,2024-09-17,STRAY,FLD_STRAY,UNKNOWN,SANTA ROSA
CAT,DOMESTIC MH,GRAY,Neutered,2020-09-17T00:00:00.000,2024-09-17,STRAY,OVER THE COUNTER,HEALTHY,SANTA ROSA
DOG,AUST KELPIE/PIT BULL,BLACK/WHITE,Spayed,2019-03-13T00:00:00.000,2024-09-18,OWNER SURRENDER,OVER THE COUNTER,HEALTHY,SANTA ROSA
DOG,GERM SHEPHERD,BROWN,Spayed,2023-11-20T00:00:00.000,2024-09-18,STRAY,OVER THE COUNTER,HEALTHY,SANTA ROSA
DOG,GREAT PYRENEES,WHITE,Female,2023-10-02T00:00:00.000,2024-09-18,STRAY,FLD_STRAY,UNKNOWN,COUNTY
DOG,GREAT PYRENEES,WHITE,Female,2023-10-02T00:00:00.000,2024-09-18,STRAY,FLD_STRAY,UNKNOWN,COUNTY
CAT,DOMESTIC SH,ORG TABBY,Male,2024-06-10T00:00:00.000,2024-09-18,STRAY,OVER THE COUNTER,UNKNOWN,SANTA ROSA
DOG,PIT BULL/MIX,RED/WHITE,Male,2021-09-18T00:00:00.000,2024-09-18,STRAY,FLD_STRAY,UNKNOWN,COUNTY
CAT,DOMESTIC MH,BUFF/WHITE,Neutered,,2024-09-19,STRAY,EMAIL,UNKNOWN,SANTA ROSA
CAT,DOMESTIC SH,TORTIE,Female,2024-09-19T00:00:00.000,2024-09-19,BORN HERE,MOM STRAY,UNKNOWN,SANTA ROSA
CAT,DOMESTIC SH,TORTIE,Female,2024-09-19T00:00:00.000,2024-09-19,BORN HERE,MOM STRAY,UNKNOWN,SANTA ROSA
CAT,DOMESTIC SH,BLACK,Unknown,2024-09-19T00:00:00.000,2024-09-19,BORN HERE,MOM STRAY,UNKNOWN,SANTA ROSA
CAT,DOMESTIC SH,ORG TABBY,Unknown,2024-09-19T00:00:00.000,2024-09-19,BORN HERE,MOM STRAY,UNKNOWN,SANTA ROSA
CAT,DOMESTIC SH,ORG TABBY,Unknown,2024-09-19T00:00:00.000,2024-09-19,BORN HERE,MOM STRAY,UNKNOWN,SANTA ROSA
DOG,PIT BULL,BR BRINDLE/WHITE,Spayed,2011-10-31T00:00:00.000,2024-09-19,STRAY,FLD_STRAY,UNKNOWN,SANTA ROSA
DOG,PIT BULL/MIX,BR BRINDLE/WHITE,Neutered,2017-01-25T00:00:00.000,2024-09-19,STRAY,FLD_STRAY,UNKNOWN,SANTA ROSA
CAT,DOMESTIC LH,GRAY/WHITE,Female,2024-08-27T00:00:00.000,2024-09-19,STRAY,FIELD,UNKNOWN,SANTA ROSA
DOG,AUST KELPIE/MIX,BLACK/TAN,Female,2021-09-19T00:00:00.000,2024-09-19,STRAY,OVER THE COUNTER,UNKNOWN,COUNTY
DOG,WELSH CORGI CAR/MIX,TAN/WHITE,Neutered,2023-09-19T00:00:00.000,2024-09-19,STRAY,FLD_STRAY,HEALTHY,COUNTY
DOG,WELSH CORGI PEM/MIX,BLACK/WHITE,Female,2023-09-19T00:00:00.000,2024-09-19,STRAY,FLD_STRAY,UNKNOWN,COUNTY
DOG,WELSH CORGI PEM/MIX,BLACK/WHITE,Female,2023-09-19T00:00:00.000,2024-09-19,STRAY,FLD_STRAY,UNKNOWN,COUNTY
DOG,GERM SHEPHERD,TAN,Neutered,2017-02-27T00:00:00.000,2024-09-19,CONFISCATE,FLD_ARREST,UNKNOWN,SANTA ROSA
CAT,DOMESTIC SH,BLACK,Neutered,2024-04-19T00:00:00.000,2024-09-19,STRAY,OVER THE COUNTER,HEALTHY,SANTA ROSA
CAT,DOMESTIC SH,BLACK,Neutered,2024-04-19T00:00:00.000,2024-09-19,STRAY,OVER THE COUNTER,HEALTHY,SANTA ROSA
CAT,DOMESTIC LH,BRN TABBY,Spayed,2017-09-20T00:00:00.000,2024-09-20,STRAY,FLD_STRAY,HEALTHY,SANTA ROSA
CAT,DOMESTIC SH,GRAY TABBY,Male,2024-06-05T00:00:00.000,2024-09-20,STRAY,FLD_STRAY,UNKNOWN,SANTA ROSA
CAT,DOMESTIC SH,TORTIE,Spayed,2024-02-20T00:00:00.000,2024-09-20,STRAY,FIELD,UNKNOWN,COUNTY
CAT,DOMESTIC SH,TORTIE,Spayed,2019-09-20T00:00:00.000,2024-09-20,STRAY,FIELD,UNKNOWN,COUNTY
CAT,DOMESTIC SH,BRN TABBY,Spayed,2024-08-14T00:00:00.000,2024-09-20,STRAY,OVER THE COUNTER,UNKNOWN,COUNTY
CAT,DOMESTIC SH,BRN TABBY,Spayed,2024-08-14T00:00:00.000,2024-09-20,STRAY,OVER THE COUNTER,UNKNOWN,COUNTY
CAT,DOMESTIC SH,BRN TABBY,Neutered,2024-08-14T00:00:00.000,2024-09-20,STRAY,OVER THE COUNTER,HEALTHY,COUNTY
CAT,DOMESTIC SH,BRN TABBY,Neutered,2024-08-14T00:00:00.000,2024-09-20,STRAY,OVER THE COUNTER,HEALTHY,COUNTY
CAT,DOMESTIC SH,BLACK,Spayed,2024-08-14T00:00:00.000,2024-09-20,STRAY,OVER THE COUNTER,UNKNOWN,COUNTY
CAT,DOMESTIC SH,BLACK,Spayed,2024-08-14T00:00:00.000,2024-09-20,STRAY,OVER THE COUNTER,HEALTHY,COUNTY
CAT,DOMESTIC SH,BLACK,Neutered,2024-08-14T00:00:00.000,2024-09-20,STRAY,OVER THE COUNTER,HEALTHY,COUNTY
CAT,DOMESTIC SH,SEAL PT,Neutered,2024-08-14T00:00:00.000,2024-09-20,STRAY,OVER THE COUNTER,HEALTHY,COUNTY
CAT,DOMESTIC SH,SEAL PT,Neutered,2024-08-14T00:00:00.000,2024-09-20,STRAY,OVER THE COUNTER,HEALTHY,COUNTY
CAT,DOMESTIC SH,BRN TABBY,Neutered,2014-09-20T00:00:00.000,2024-09-20,STRAY,FIELD,UNKNOWN,SANTA ROSA
DOG,DACHSHUND/MIX,BROWN/WHITE,Spayed,2014-10-02T00:00:00.000,2024-09-20,CONFISCATE,FLD_CORONR,UNKNOWN,SANTA ROSA
DOG,GREAT PYRENEES,WHITE,Female,2023-11-23T00:00:00.000,2024-09-21,STRAY,FLD_STRAY,UNKNOWN,COUNTY
DOG,GREAT PYRENEES,WHITE,Female,2023-08-23T00:00:00.000,2024-09-21,STRAY,FLD_STRAY,UNKNOWN,COUNTY
DOG,DOBERMAN PINSCH/MIX,BLACK/TAN,Female,,2024-09-21,STRAY,FLD_STRAY,UNKNOWN,SANTA ROSA
OTHER,BAT,BROWN,Unknown,,2024-09-21,QUARANTINE,FIELD,UNKNOWN,COUNTY
CAT,DOMESTIC MH,BRN TABBY/WHITE,Spayed,2024-05-20T00:00:00.000,2024-09-21,STRAY,FLD_STRAY,UNKNOWN,SANTA ROSA
DOG,POMERANIAN/CHIHUAHUA LH,RED/WHITE,Spayed,2010-03-01T00:00:00.000,2024-09-21,STRAY,FLD_STRAY,UNKNOWN,SANTA ROSA
OTHER,SQUIRREL,GRAY,Unknown,,2024-09-21,QUARANTINE,FIELD,UNKNOWN,PETALUMA
DOG,ALASK MALAMUTE/MIX,BLACK/WHITE,Neutered,2020-11-20T00:00:00.000,2024-09-21,STRAY,OVER THE COUNTER,HEALTHY,SANTA ROSA
DOG,POODLE MIN/MIX,WHITE/GRAY,Male,,2024-09-21,STRAY,FLD_STRAY,UNKNOWN,SANTA ROSA
DOG,FRENCH BULLDOG,GRAY,Male,2021-12-21T00:00:00.000,2024-09-22,STRAY,FIELD,UNKNOWN,SANTA ROSA
DOG,CHIHUAHUA SH,TAN/WHITE,Male,2017-10-01T00:00:00.000,2024-09-22,STRAY,FIELD,UNKNOWN,SANTA ROSA
DOG,BORDER COLLIE/GERM SHEPHERD,BLACK/WHITE,Male,2024-04-30T00:00:00.000,2024-09-22,STRAY,FLD_STRAY,UNKNOWN,COUNTY
DOG,PIT BULL,TAN/WHITE,Male,2023-08-28T00:00:00.000,2024-09-22,STRAY,FIELD,UNKNOWN,SANTA ROSA
DOG,GERM SHEPHERD,BLACK/TAN,Male,,2024-09-23,STRAY,FIELD,UNKNOWN,SANTA ROSA
DOG,WELSH CORGI CAR/MIX,WHITE,Spayed,2021-05-08T00:00:00.000,2024-09-23,STRAY,FIELD,TREATABLE/MANAGEABLE,SANTA ROSA
DOG,SIBERIAN HUSKY,BLACK/WHITE,Spayed,2020-10-05T00:00:00.000,2024-09-24,STRAY,OVER THE COUNTER,UNKNOWN,COUNTY
DOG,LABRADOR RETR,BLACK,Spayed,,2024-09-24,STRAY,OVER THE COUNTER,UNKNOWN,COUNTY
CAT,DOMESTIC SH,BLACK,Spayed,2021-09-24T00:00:00.000,2024-09-24,STRAY,OVER THE COUNTER,UNKNOWN,COUNTY
OTHER,BAT,BROWN,Unknown,,2024-09-24,QUARANTINE,FIELD,UNKNOWN,SANTA ROSA
CAT,DOMESTIC SH,GRAY/WHITE,Spayed,2018-05-20T00:00:00.000,2024-09-24,STRAY,OVER THE COUNTER,UNKNOWN,SANTA ROSA
CAT,DOMESTIC LH,GRAY TABBY,Neutered,2024-07-15T00:00:00.000,2024-09-24,STRAY,OVER THE COUNTER,HEALTHY,COUNTY
CAT,DOMESTIC SH,GRAY,Spayed,2010-10-22T00:00:00.000,2024-09-24,STRAY,OVER THE COUNTER,HEALTHY,SANTA ROSA
DOG,PIT BULL/MIX,BLACK,Female,,2024-09-25,OWNER SURRENDER,FIELD,UNKNOWN,COUNTY
DOG,LABRADOR RETR/MIX,WHITE/BLACK,Spayed,2024-09-17T00:00:00.000,2024-09-25,OWNER SURRENDER,FIELD,UNKNOWN,SANTA ROSA
DOG,LABRADOR RETR/MIX,WHITE/BROWN,Spayed,2024-09-17T00:00:00.000,2024-09-25,OWNER SURRENDER,FIELD,UNKNOWN,SANTA ROSA
DOG,LABRADOR RETR/MIX,WHITE/BROWN,Neutered,2024-09-17T00:00:00.000,2024-09-25,OWNER SURRENDER,FIELD,HEALTHY,SANTA ROSA
DOG,LABRADOR RETR/MIX,BROWN/WHITE,Neutered,2024-09-17T00:00:00.000,2024-09-25,OWNER SURRENDER,FIELD,HEALTHY,SANTA ROSA
DOG,LABRADOR RETR/MIX,BROWN/BLACK,Spayed,2024-09-17T00:00:00.000,2024-09-25,OWNER SURRENDER,FIELD,UNKNOWN,SANTA ROSA
DOG,LABRADOR RETR/MIX,BLACK/WHITE,Neutered,2024-09-17T00:00:00.000,2024-09-25,OWNER SURRENDER,FIELD,HEALTHY,SANTA ROSA
DOG,LABRADOR RETR/MIX,BR BRINDLE/TRICOLOR,Spayed,2024-09-17T00:00:00.000,2024-09-25,OWNER SURRENDER,FIELD,UNKNOWN,SANTA ROSA
DOG,LABRADOR RETR/MIX,WHITE/TRICOLOR,Spayed,2024-09-17T00:00:00.000,2024-09-25,OWNER SURRENDER,FIELD,UNKNOWN,SANTA ROSA
DOG,LABRADOR RETR/MIX,BLACK/WHITE,Spayed,2024-09-17T00:00:00.000,2024-09-25,OWNER SURRENDER,FIELD,UNKNOWN,SANTA ROSA
DOG,LABRADOR RETR/MIX,BR BRINDLE/WHITE,Neutered,2024-09-17T00:00:00.000,2024-09-25,OWNER SURRENDER,FIELD,HEALTHY,SANTA ROSA
DOG,PIT BULL/MIX,BROWN/WHITE,Male,,2024-09-25,OWNER SURRENDER,FIELD,UNKNOWN,COUNTY
DOG,LABRADOR RETR/MIX,TAN,Spayed,2021-10-18T00:00:00.000,2024-09-25,OWNER SURRENDER,FIELD,HEALTHY,COUNTY
DOG,PIT BULL/MIX,BLACK/WHITE,Male,,2024-09-25,OWNER SURRENDER,FIELD,UNKNOWN,COUNTY
DOG,PIT BULL/MIX,BLACK,Male,,2024-09-25,OWNER SURRENDER,FIELD,UNKNOWN,COUNTY
OTHER,PARAKEET,BLUE/WHITE,Unknown,,2024-09-25,CONFISCATE,FLD_HOSPTL,UNKNOWN,SANTA ROSA
OTHER,BAT,BROWN,Unknown,,2024-09-25,QUARANTINE,FIELD,UNKNOWN,COUNTY
CAT,DOMESTIC SH,TORTIE/BRN TABBY,Spayed,2021-09-25T00:00:00.000,2024-09-25,STRAY,OVER THE COUNTER,HEALTHY,COUNTY
CAT,DOMESTIC SH,FLAME PT,Spayed,2024-07-25T00:00:00.000,2024-09-25,STRAY,OVER THE COUNTER,UNKNOWN,COUNTY
CAT,DOMESTIC SH,FLAME PT,Neutered,2024-07-25T00:00:00.000,2024-09-25,STRAY,OVER THE COUNTER,HEALTHY,COUNTY
CAT,DOMESTIC SH,ORG TABBY,Neutered,2024-07-25T00:00:00.000,2024-09-25,STRAY,OVER THE COUNTER,HEALTHY,COUNTY
CAT,DOMESTIC SH,ORG TABBY,Neutered,2024-07-25T00:00:00.000,2024-09-25,STRAY,OVER THE COUNTER,HEALTHY,COUNTY
CAT,DOMESTIC SH,ORG TABBY,Spayed,2024-07-25T00:00:00.000,2024-09-25,STRAY,OVER THE COUNTER,UNKNOWN,COUNTY
CAT,DOMESTIC SH,TORTIE,Spayed,2024-07-25T00:00:00.000,2024-09-25,STRAY,OVER THE COUNTER,UNKNOWN,COUNTY
CAT,DOMESTIC SH,BRN TABBY,Neutered,2024-07-25T00:00:00.000,2024-09-25,STRAY,OVER THE COUNTER,HEALTHY,COUNTY
DOG,PIT BULL,TAN,Spayed,2022-09-23T00:00:00.000,2024-09-26,CONFISCATE,FLD_ARREST,UNKNOWN,SANTA ROSA
DOG,PIT BULL/MIX,BR BRINDLE/WHITE,Female,2017-02-20T00:00:00.000,2024-09-26,CONFISCATE,FLD_ARREST,UNKNOWN,SANTA ROSA
DOG,PIT BULL/MIX,BLACK/WHITE,Female,2022-02-20T00:00:00.000,2024-09-26,CONFISCATE,FLD_ARREST,UNKNOWN,SANTA ROSA
DOG,PIT BULL/MIX,BLACK/WHITE,Spayed,2022-02-20T00:00:00.000,2024-09-26,CONFISCATE,FLD_ARREST,UNKNOWN,SANTA ROSA
CAT,DOMESTIC SH,GRAY TABBY,Spayed,2024-07-31T00:00:00.000,2024-09-26,STRAY,OVER THE COUNTER,HEALTHY,SANTA ROSA
OTHER,BAT,BLACK,Unknown,,2024-09-26,STRAY,OVER THE COUNTER,UNKNOWN,*SEBASTOPOL
CAT,DOMESTIC SH,GRAY TABBY/WHITE,Spayed,2022-09-26T00:00:00.000,2024-09-26,STRAY,OVER THE COUNTER,UNKNOWN,SANTA ROSA
CAT,DOMESTIC LH,LYNX PT,Spayed,2024-08-30T00:00:00.000,2024-09-26,STRAY,OVER THE COUNTER,UNKNOWN,SANTA ROSA
CAT,DOMESTIC MH,GRAY TABBY/WHITE,Neutered,2024-08-26T00:00:00.000,2024-09-26,STRAY,OVER THE COUNTER,UNKNOWN,SANTA ROSA
CAT,DOMESTIC SH,LYNX PT,Neutered,2024-08-26T00:00:00.000,2024-09-26,STRAY,OVER THE COUNTER,UNKNOWN,SANTA ROSA
CAT,DOMESTIC LH,GRAY TABBY/WHITE,Spayed,2024-08-26T00:00:00.000,2024-09-26,STRAY,OVER THE COUNTER,UNKNOWN,SANTA ROSA
CAT,DOMESTIC SH,LYNX PT,Spayed,2024-08-26T00:00:00.000,2024-09-26,STRAY,OVER THE COUNTER,UNKNOWN,SANTA ROSA
DOG,GERM SHEPHERD,BROWN/BLACK,Male,2024-01-01T00:00:00.000,2024-09-26,STRAY,FLD_STRAY,UNKNOWN,COUNTY
DOG,GERM SHEPHERD,BLACK,Female,2021-03-03T00:00:00.000,2024-09-26,STRAY,FLD_STRAY,UNKNOWN,COUNTY
DOG,RAT TERRIER/MIX,TRICOLOR,Female,2019-09-26T00:00:00.000,2024-09-26,CONFISCATE,FLD_HOSPTL,UNKNOWN,COUNTY
DOG,GERM SHEPHERD,TAN/BLACK,Spayed,2021-10-15T00:00:00.000,2024-09-27,STRAY,FIELD,HEALTHY,SANTA ROSA
DOG,PIT BULL/MIX,BL BRINDLE,Female,,2024-09-27,STRAY,FIELD,UNKNOWN,SANTA ROSA
DOG,BICHON FRISE,WHITE,Neutered,,2024-09-27,STRAY,OVER THE COUNTER,UNKNOWN,COUNTY
DOG,LABRADOR RETR,BLACK,Male,2014-07-05T00:00:00.000,2024-09-28,STRAY,OVER THE COUNTER,UNKNOWN,SANTA ROSA
OTHER,RABBIT SH,WHITE,Unknown,,2024-09-28,STRAY,OVER THE COUNTER,UNKNOWN,SANTA ROSA
CAT,DOMESTIC SH,GRAY TABBY,Neutered,2024-06-23T00:00:00.000,2024-09-28,ADOPTION RETURN,OVER THE COUNTER,UNKNOWN,SANTA ROSA
DOG,AUST SHEPHERD,RED MERLE/WHITE,Female,2024-04-30T00:00:00.000,2024-09-29,STRAY,FIELD,UNKNOWN,SANTA ROSA
DOG,PIT BULL/MIX,TAN/RED,Female,,2024-09-30,STRAY,FIELD,UNKNOWN,COUNTY
DOG,LHASA APSO,CREAM,Male,,2024-09-30,STRAY,FIELD,UNKNOWN,SANTA ROSA
DOG,PIT BULL/MIX,BLACK/WHITE,Female,2022-06-01T00:00:00.000,2024-10-01,CONFISCATE,FLD_ARREST,UNKNOWN,SANTA ROSA
CAT,DOMESTIC SH,BLACK,Spayed,2024-04-01T00:00:00.000,2024-10-01,STRAY,OVER THE COUNTER,UNKNOWN,SANTA ROSA
CAT,DOMESTIC SH,TORTIE/WHITE,Spayed,2024-04-01T00:00:00.000,2024-10-01,STRAY,OVER THE COUNTER,UNKNOWN,SANTA ROSA
DOG,GERM SHEPHERD/MIX,BROWN/BLACK,Male,2023-08-01T00:00:00.000,2024-10-01,STRAY,FLD_STRAY,UNKNOWN,SANTA ROSA
DOG,YORKSHIRE TERR/MIX,TAN/SILVER,Female,2019-10-02T00:00:00.000,2024-10-01,STRAY,OVER THE COUNTER,UNKNOWN,SANTA ROSA
DOG,GREAT PYRENEES,WHITE,Neutered,2024-03-01T00:00:00.000,2024-10-01,ADOPTION RETURN,OVER THE COUNTER,UNKNOWN,SANTA ROSA
CAT,DOMESTIC SH,ORG TABBY,Neutered,2024-08-01T00:00:00.000,2024-10-01,STRAY,FLD_STRAY,UNKNOWN,SANTA ROSA
CAT,DOMESTIC SH,WHITE,Neutered,2024-08-01T00:00:00.000,2024-10-01,STRAY,FLD_STRAY,UNKNOWN,SANTA ROSA
OTHER,GUINEA PIG,WHITE/BROWN,Male,2021-10-08T00:00:00.000,2024-10-01,STRAY,OVER THE COUNTER,HEALTHY,SANTA ROSA
OTHER,GUINEA PIG,TRICOLOR,Male,2021-10-08T00:00:00.000,2024-10-01,STRAY,OVER THE COUNTER,HEALTHY,SANTA ROSA
OTHER,GUINEA PIG,WHITE/BROWN,Female,2024-04-08T00:00:00.000,2024-10-01,STRAY,OVER THE COUNTER,HEALTHY,SANTA ROSA
DOG,GERM SHEPHERD/MIX,WHITE/TAN,Neutered,2016-06-14T00:00:00.000,2024-10-02,STRAY,FIELD,UNKNOWN,SANTA ROSA
DOG,BORDER COLLIE/MIX,BLACK/WHITE,Male,2021-10-19T00:00:00.000,2024-10-03,STRAY,FLD_STRAY,UNKNOWN,COUNTY
DOG,GREAT PYRENEES,WHITE,Male,2021-10-19T00:00:00.000,2024-10-03,STRAY,FLD_STRAY,UNKNOWN,COUNTY
OTHER,BAT,BROWN,Unknown,,2024-10-03,QUARANTINE,FIELD,UNKNOWN,PETALUMA
DOG,LABRADOR RETR,YELLOW,Male,2022-04-04T00:00:00.000,2024-10-04,CONFISCATE,FLD_ARREST,UNKNOWN,SANTA ROSA
DOG,ROTTWEILER/MIX,BLACK/TAN,Male,,2024-10-04,STRAY,FIELD,UNKNOWN,SANTA ROSA
DOG,CHINESE SHARPEI/AUST CATTLE DOG,BLACK/WHITE,Spayed,2018-04-04T00:00:00.000,2024-10-04,STRAY,OVER THE COUNTER,UNKNOWN,SANTA ROSA
OTHER,GUINEA PIG,BROWN,Female,2023-12-09T00:00:00.000,2024-10-04,STRAY,OVER THE COUNTER,HEALTHY,SANTA ROSA
OTHER,GUINEA PIG,BROWN,Female,2023-12-04T00:00:00.000,2024-10-04,STRAY,OVER THE COUNTER,HEALTHY,SANTA ROSA
OTHER,GUINEA PIG,BLACK,Male,2023-12-04T00:00:00.000,2024-10-04,STRAY,OVER THE COUNTER,HEALTHY,SANTA ROSA
DOG,FRENCH BULLDOG,WHITE,Female,,2024-10-04,STRAY,FLD_STRAY,UNKNOWN,COUNTY
CAT,DOMESTIC SH,GRAY TABBY,Male,2008-10-04T00:00:00.000,2024-10-04,STRAY,FLD_STRAY,UNKNOWN,SANTA ROSA
DOG,CHIHUAHUA SH/MIX,BROWN/WHITE,Spayed,2023-04-30T00:00:00.000,2024-10-05,STRAY,OVER THE COUNTER,HEALTHY,SANTA ROSA
DOG,PIT BULL/MIX,CREAM/WHITE,Neutered,2023-10-05T00:00:00.000,2024-10-05,STRAY,OVER THE COUNTER,UNKNOWN,SANTA ROSA
DOG,PIT BULL,WHITE/BROWN,Male,,2024-10-05,STRAY,FLD_STRAY,UNKNOWN,SANTA ROSA
OTHER,RABBIT SH,BLACK/WHITE,Male,2016-10-05T00:00:00.000,2024-10-05,STRAY,OVER THE COUNTER,UNKNOWN,SANTA ROSA
DOG,TOY FOX TERRIER/MIX,WHITE,Female,2023-10-05T00:00:00.000,2024-10-05,STRAY,FLD_STRAY,UNKNOWN,COUNTY
DOG,PIT BULL,GRAY/WHITE,Male,,2024-10-06,STRAY,FLD_STRAY,UNKNOWN,COUNTY
CAT,DOMESTIC SH,BRN TABBY,Neutered,2024-08-22T00:00:00.000,2024-10-06,STRAY,FLD_STRAY,HEALTHY,SANTA ROSA
DOG,POODLE MIN,CREAM,Neutered,2019-05-28T00:00:00.000,2024-10-06,STRAY,FLD_STRAY,UNKNOWN,SANTA ROSA
OTHER,GUINEA PIG,BLACK/WHITE,Female,2022-10-15T00:00:00.000,2024-10-07,STRAY,FLD_STRAY,HEALTHY,SANTA ROSA
OTHER,GUINEA PIG,WHITE/BROWN,Female,2022-10-15T00:00:00.000,2024-10-07,STRAY,FLD_STRAY,HEALTHY,SANTA ROSA
DOG,GERM SHEPHERD/PIT BULL,WHITE,Neutered,,2024-10-07,STRAY,FLD_STRAY,UNKNOWN,SANTA ROSA
DOG,YORKSHIRE TERR/POODLE MIN,BROWN,Male,2023-12-18T00:00:00.000,2024-10-07,STRAY,FLD_STRAY,UNKNOWN,SANTA ROSA
DOG,YORKSHIRE TERR,GRAY/BLACK,Female,2023-10-08T00:00:00.000,2024-10-07,STRAY,FLD_STRAY,UNKNOWN,SANTA ROSA
DOG,BELG MALINOIS,BLACK/BROWN,Male,2023-10-10T00:00:00.000,2024-10-07,STRAY,FLD_STRAY,UNKNOWN,SANTA ROSA
DOG,PUG/BEAGLE,BROWN/BLACK,Neutered,2009-06-08T00:00:00.000,2024-10-08,STRAY,FLD_STRAY,UNKNOWN,SANTA ROSA
DOG,PIT BULL/MIX,TAN/WHITE,Neutered,2024-01-08T00:00:00.000,2024-10-08,STRAY,OVER THE COUNTER,UNKNOWN,SANTA ROSA
DOG,POODLE STND,BLACK,Neutered,2023-04-08T00:00:00.000,2024-10-08,STRAY,OVER THE COUNTER,HEALTHY,SANTA ROSA
DOG,BORDER COLLIE,BLACK/WHITE,Spayed,2024-01-08T00:00:00.000,2024-10-08,STRAY,FLD_STRAY,HEALTHY,SANTA ROSA
OTHER,GUINEA PIG,WHITE/BROWN,Female,2022-10-15T00:00:00.000,2024-10-08,STRAY,FLD_STRAY,HEALTHY,SANTA ROSA
DOG,PIT BULL/MIX,BROWN/BLACK,Female,2016-10-17T00:00:00.000,2024-10-08,STRAY,FLD_STRAY,UNKNOWN,SANTA ROSA
CAT,DOMESTIC SH,BRN TABBY,Spayed,2024-08-15T00:00:00.000,2024-10-08,STRAY,OVER THE COUNTER,UNKNOWN,SANTA ROSA
DOG,BELG MALINOIS,TAN/BLACK,Spayed,2022-12-18T00:00:00.000,2024-10-08,STRAY,FLD_STRAY,UNKNOWN,COUNTY
DOG,LABRADOR RETR/BELG MALINOIS,BLACK,Neutered,2024-05-25T00:00:00.000,2024-10-08,STRAY,FLD_STRAY,UNKNOWN,COUNTY
DOG,YORKSHIRE TERR/MIX,CREAM,Spayed,2022-10-25T00:00:00.000,2024-10-08,STRAY,OVER THE COUNTER,UNKNOWN,SANTA ROSA
DOG,AUST CATTLE DOG,WHITE/BLACK,Male,2024-05-09T00:00:00.000,2024-10-09,STRAY,FLD_STRAY,UNKNOWN,SANTA ROSA
DOG,CHIHUAHUA SH,WHITE,Female,2016-10-10T00:00:00.000,2024-10-09,STRAY,PHONE,UNKNOWN,SANTA ROSA
DOG,AUST SHEPHERD,BLUE MERLE,Spayed,2022-11-15T00:00:00.000,2024-10-09,STRAY,FIELD,HEALTHY,COUNTY
DOG,AUST SHEPHERD,BROWN/WHITE,Spayed,2023-11-15T00:00:00.000,2024-10-09,STRAY,FIELD,HEALTHY,COUNTY
DOG,YORKSHIRE TERR,GOLD/BROWN,Spayed,,2024-10-09,STRAY,FIELD,UNKNOWN,UNKNOWN
DOG,PIT BULL/MIX,TAN/WHITE,Male,,2024-10-09,STRAY,OVER THE COUNTER,UNKNOWN,COUNTY
CAT,DOMESTIC SH,CALICO,Spayed,2024-09-10T00:00:00.000,2024-10-10,STRAY,OVER THE COUNTER,UNKNOWN,COUNTY
CAT,DOMESTIC SH,BLACK/WHITE,Male,2024-06-17T00:00:00.000,2024-10-10,STRAY,OVER THE COUNTER,UNKNOWN,SANTA ROSA
DOG,CHIHUAHUA SH,BLACK,Neutered,2013-12-11T00:00:00.000,2024-10-10,STRAY,FLD_STRAY,UNKNOWN,COUNTY
DOG,GERM SHEPHERD/MIX,CREAM/WHITE,Neutered,2023-08-01T00:00:00.000,2024-10-11,OWNER SURRENDER,OVER THE COUNTER,UNKNOWN,SANTA ROSA
DOG,PUG/BEAGLE,BROWN/BLACK,Neutered,2009-06-08T00:00:00.000,2024-10-11,STRAY,FIELD,UNKNOWN,SANTA ROSA
DOG,GERM SHEPHERD/MIX,BLACK,Spayed,2019-10-11T00:00:00.000,2024-10-11,STRAY,FIELD,UNKNOWN,SANTA ROSA
DOG,BORDER COLLIE,BLACK/WHITE,Neutered,2019-10-11T00:00:00.000,2024-10-11,STRAY,FIELD,UNKNOWN,SANTA ROSA
DOG,FRENCH BULLDOG,TAN/WHITE,Spayed,2024-01-21T00:00:00.000,2024-10-11,STRAY,OVER THE COUNTER,UNKNOWN,SANTA ROSA
DOG,POODLE MIN/MIX,CREAM,Male,2014-10-11T00:00:00.000,2024-10-11,STRAY,FIELD,UNKNOWN,SANTA ROSA
CAT,DOMESTIC SH,BRN TABBY,Neutered,2023-04-05T00:00:00.000,2024-10-11,STRAY,VET_HOSP,HEALTHY,SANTA ROSA
DOG,ROTTWEILER,BLACK/BROWN,Female,2023-11-14T00:00:00.000,2024-10-12,STRAY,FLD_STRAY,UNKNOWN,COUNTY
CAT,DOMESTIC SH,BLACK,Neutered,2021-10-12T00:00:00.000,2024-10-12,STRAY,FLD_STRAY,HEALTHY,SANTA ROSA
DOG,PUG/BEAGLE,BROWN/BLACK,Neutered,2009-06-08T00:00:00.000,2024-10-12,STRAY,OVER THE COUNTER,UNKNOWN,COUNTY
DOG,DACHSHUND/CHIHUAHUA SH,CHOCOLATE/WHITE,Male,2020-08-01T00:00:00.000,2024-10-12,STRAY,FIELD,HEALTHY,SANTA ROSA
DOG,GREAT DANE/GREAT PYRENEES,BLACK/WHITE,Neutered,2024-05-27T00:00:00.000,2024-10-12,STRAY,OVER THE COUNTER,UNKNOWN,SANTA ROSA
DOG,GREAT DANE/GREAT PYRENEES,CREAM,Neutered,2024-05-27T00:00:00.000,2024-10-12,STRAY,OVER THE COUNTER,UNKNOWN,SANTA ROSA
DOG,GREAT DANE/GREAT PYRENEES,CREAM,Spayed,2024-05-27T00:00:00.000,2024-10-12,STRAY,OVER THE COUNTER,UNKNOWN,SANTA ROSA
DOG,PIT BULL/MIX,BR BRINDLE,Male,2021-03-15T00:00:00.000,2024-10-12,STRAY,OVER THE COUNTER,UNKNOWN,SANTA ROSA
DOG,CAIRN TERRIER,TAN,Spayed,2011-10-23T00:00:00.000,2024-10-12,STRAY,OVER THE COUNTER,UNKNOWN,SANTA ROSA
DOG,AUST CATTLE DOG,RED MERLE,Neutered,2016-06-01T00:00:00.000,2024-10-12,STRAY,OVER THE COUNTER,UNKNOWN,COUNTY
DOG,POMERANIAN,RED/WHITE,Neutered,2011-10-14T00:00:00.000,2024-10-12,STRAY,FLD_STRAY,HEALTHY,COUNTY
OTHER,GOAT,BROWN/BLACK,Female,2023-10-15T00:00:00.000,2024-10-14,STRAY,FLD_STRAY,UNKNOWN,SANTA ROSA
CAT,DOMESTIC SH,BLACK,Neutered,2024-08-26T00:00:00.000,2024-10-14,STRAY,FIELD,HEALTHY,SANTA ROSA
DOG,GOLDEN RETR/PIT BULL,RED/GOLD,Neutered,2024-01-14T00:00:00.000,2024-10-14,STRAY,FLD_STRAY,UNKNOWN,COUNTY
DOG,GREAT PYRENEES,WHITE,Neutered,2024-03-01T00:00:00.000,2024-10-15,ADOPTION RETURN,OVER THE COUNTER,UNKNOWN,COUNTY
CAT,DOMESTIC SH,BLACK/WHITE,Spayed,2024-08-19T00:00:00.000,2024-10-15,STRAY,OVER THE COUNTER,UNKNOWN,COUNTY
CAT,DOMESTIC SH,WHITE,Neutered,2024-08-19T00:00:00.000,2024-10-15,STRAY,OVER THE COUNTER,HEALTHY,COUNTY
CAT,DOMESTIC SH,SEAL PT/WHITE,Female,2024-08-19T00:00:00.000,2024-10-15,STRAY,OVER THE COUNTER,UNKNOWN,COUNTY
CAT,DOMESTIC SH,ORANGE,Male,2019-10-25T00:00:00.000,2024-10-15,STRAY,OVER THE COUNTER,UNKNOWN,COUNTY
CAT,DOMESTIC SH,ORG TABBY,Spayed,2019-10-20T00:00:00.000,2024-10-15,STRAY,OVER THE COUNTER,UNKNOWN,SANTA ROSA
DOG,LABRADOR RETR,BLACK/WHITE,Neutered,2022-10-21T00:00:00.000,2024-10-15,STRAY,FLD_STRAY,UNKNOWN,SANTA ROSA
DOG,PIT BULL/MIX,BR BRINDLE/WHITE,Female,,2024-10-15,STRAY,FLD_STRAY,UNKNOWN,SANTA ROSA
OTHER,CHICKEN,APRICOT/BROWN,Male,,2024-10-15,STRAY,OVER THE COUNTER,UNKNOWN,SANTA ROSA
DOG,SCHNAUZER MIN/MIX,GRAY/WHITE,Male,2022-10-15T00:00:00.000,2024-10-15,STRAY,FLD_STRAY,UNKNOWN,SANTA ROSA
CAT,DOMESTIC SH,CALICO,Female,,2024-10-15,STRAY,OVER THE COUNTER,UNKNOWN,SANTA ROSA
CAT,DOMESTIC SH,BLACK,Spayed,2019-02-16T00:00:00.000,2024-10-15,OWNER SURRENDER,FIELD,UNKNOWN,SANTA ROSA
CAT,DOMESTIC SH,BLACK,Spayed,,2024-10-15,OWNER SURRENDER,FIELD,UNKNOWN,SANTA ROSA
DOG,POINTER,BLACK/WHITE,Neutered,2016-12-01T00:00:00.000,2024-10-15,CONFISCATE,FLD_HOSPTL,UNKNOWN,SANTA ROSA
DOG,PIT BULL,FAWN/WHITE,Female,2016-04-23T00:00:00.000,2024-10-15,CONFISCATE,FIELD,UNKNOWN,SANTA ROSA
DOG,PIT BULL,FAWN/WHITE,Male,2022-08-10T00:00:00.000,2024-10-15,CONFISCATE,FIELD,UNKNOWN,SANTA ROSA
DOG,PIT BULL/MIX,BR BRINDLE/WHITE,Spayed,2019-12-17T00:00:00.000,2024-10-16,OWNER SURRENDER,FIELD,HEALTHY,COUNTY
OTHER,CHICKEN,BLACK/WHITE,Unknown,,2024-10-16,STRAY,FLD_STRAY,UNKNOWN,SANTA ROSA
OTHER,CHICKEN,BLACK/WHITE,Unknown,,2024-10-16,STRAY,FLD_STRAY,UNKNOWN,SANTA ROSA
OTHER,CHICKEN,GOLD,Unknown,,2024-10-16,STRAY,FLD_STRAY,UNKNOWN,SANTA ROSA
CAT,DOMESTIC SH,BLACK,Unknown,,2024-10-16,OWNER SURRENDER,FIELD,UNKNOWN,SANTA ROSA
DOG,BELG MALINOIS,BROWN/BLACK,Female,2022-10-16T00:00:00.000,2024-10-16,STRAY,FIELD,UNKNOWN,COUNTY
DOG,PIT BULL,BROWN,Female,,2024-10-16,STRAY,FLD_STRAY,UNKNOWN,SANTA ROSA
CAT,DOMESTIC SH,GRAY TABBY,Neutered,2024-08-24T00:00:00.000,2024-10-17,STRAY,OVER THE COUNTER,HEALTHY,COUNTY
CAT,DOMESTIC SH,GRAY TABBY,Neutered,2024-08-24T00:00:00.000,2024-10-17,STRAY,OVER THE COUNTER,HEALTHY,COUNTY
CAT,DOMESTIC SH,TORTIE,Spayed,2024-08-24T00:00:00.000,2024-10-17,STRAY,OVER THE COUNTER,UNKNOWN,COUNTY
DOG,SIBERIAN HUSKY/MIX,BROWN/BLACK,Unknown,,2024-10-17,CONFISCATE,FLD_ABAND,UNKNOWN,COUNTY
DOG,SIBERIAN HUSKY/MIX,GRAY,Unknown,,2024-10-17,CONFISCATE,FLD_ABAND,UNKNOWN,COUNTY
CAT,DOMESTIC SH,BRN TABBY,Female,,2024-10-17,STRAY,FLD_STRAY,UNKNOWN,SANTA ROSA
DOG,MALTESE/POODLE MIN,WHITE,Neutered,2023-04-17T00:00:00.000,2024-10-17,STRAY,OVER THE COUNTER,TREATABLE/MANAGEABLE,SANTA ROSA
DOG,CHIHUAHUA SH,TAN,Neutered,2021-10-17T00:00:00.000,2024-10-17,STRAY,FIELD,UNKNOWN,SANTA ROSA
DOG,CHIHUAHUA SH,TAN,Neutered,2021-10-17T00:00:00.000,2024-10-17,STRAY,FIELD,UNKNOWN,SANTA ROSA
DOG,POINTER,BLACK/WHITE,Neutered,2016-12-01T00:00:00.000,2024-10-17,CONFISCATE,FLD_ARREST,UNKNOWN,COUNTY
DOG,PARSON RUSS TER,WHITE/BROWN,Male,2021-10-18T00:00:00.000,2024-10-18,STRAY,OVER THE COUNTER,UNKNOWN,SANTA ROSA
OTHER,HORSE,BLACK,Unknown,,2024-10-18,CONFISCATE,FLD_CRUEL,UNKNOWN,COUNTY
DOG,AUST SHEPHERD/SIBERIAN HUSKY,BROWN/WHITE,Spayed,2023-04-18T00:00:00.000,2024-10-18,STRAY,OVER THE COUNTER,HEALTHY,SANTA ROSA
DOG,DACHSHUND LH/MIX,RED,Neutered,2024-06-18T00:00:00.000,2024-10-18,STRAY,OVER THE COUNTER,HEALTHY,COUNTY
CAT,DOMESTIC SH,LILAC PT/WHITE,Neutered,2024-07-18T00:00:00.000,2024-10-18,STRAY,OVER THE COUNTER,HEALTHY,SANTA ROSA
CAT,SIAMESE,FLAME PT,Male,2024-07-18T00:00:00.000,2024-10-18,STRAY,OVER THE COUNTER,UNKNOWN,SANTA ROSA
CAT,DOMESTIC SH,BLACK,Neutered,2024-07-18T00:00:00.000,2024-10-18,STRAY,OVER THE COUNTER,UNKNOWN,SANTA ROSA
CAT,DOMESTIC MH,BLACK,Neutered,2024-07-18T00:00:00.000,2024-10-18,STRAY,OVER THE COUNTER,UNKNOWN,SANTA ROSA
CAT,DOMESTIC SH,ORG TABBY,Female,2024-09-18T00:00:00.000,2024-10-18,STRAY,OVER THE COUNTER,UNKNOWN,SANTA ROSA
CAT,DOMESTIC SH,BRN TABBY/WHITE,Neutered,2008-10-18T00:00:00.000,2024-10-18,STRAY,OVER THE COUNTER,UNKNOWN,SANTA ROSA
DOG,FRENCH BULLDOG,BLUE MERLE,Female,2023-02-19T00:00:00.000,2024-10-19,CONFISCATE,FLD_ARREST,UNKNOWN,SANTA ROSA
DOG,PIT BULL,WHITE/BLACK,Female,2018-10-19T00:00:00.000,2024-10-19,STRAY,FLD_STRAY,UNKNOWN,SANTA ROSA
DOG,LABRADOR RETR/MIX,BLACK/WHITE,Male,2023-10-19T00:00:00.000,2024-10-19,STRAY,FLD_STRAY,UNKNOWN,SANTA ROSA
DOG,POODLE MIN,WHITE,Neutered,2013-02-11T00:00:00.000,2024-10-19,STRAY,OVER THE COUNTER,UNKNOWN,SANTA ROSA
DOG,PIT BULL,BLACK/WHITE,Male,,2024-10-19,STRAY,OVER THE COUNTER,UNKNOWN,SANTA ROSA
OTHER,GOAT,BROWN/WHITE,Unknown,,2024-10-19,STRAY,OVER THE COUNTER,UNKNOWN,COUNTY
DOG,BORDER COLLIE/MIX,BLACK/WHITE,Male,2021-10-19T00:00:00.000,2024-10-19,STRAY,FIELD,UNKNOWN,COUNTY
DOG,GREAT PYRENEES,WHITE,Male,2021-10-19T00:00:00.000,2024-10-19,STRAY,FIELD,UNKNOWN,COUNTY
DOG,GERM SHEPHERD/MIX,BL BRINDLE,Female,2024-07-19T00:00:00.000,2024-10-19,STRAY,OVER THE COUNTER,UNKNOWN,SANTA ROSA
DOG,GERM SHEPHERD/MIX,BL BRINDLE,Female,2024-07-19T00:00:00.000,2024-10-19,STRAY,OVER THE COUNTER,UNKNOWN,SANTA ROSA
DOG,POMERANIAN,WHITE,Male,2018-10-22T00:00:00.000,2024-10-19,STRAY,FLD_STRAY,UNKNOWN,SANTA ROSA
DOG,PIT BULL/MIX,BR BRINDLE/WHITE,Female,2020-10-19T00:00:00.000,2024-10-19,STRAY,FLD_STRAY,UNKNOWN,SANTA ROSA
DOG,DACHSHUND/MIX,TAN/WHITE,Female,2023-10-19T00:00:00.000,2024-10-19,STRAY,FLD_STRAY,UNKNOWN,SANTA ROSA
DOG,AM PIT BULL TER,BLACK/WHITE,Neutered,2021-12-24T00:00:00.000,2024-10-20,STRAY,FIELD,UNKNOWN,COUNTY
DOG,AUST CATTLE DOG,RED MERLE/BROWN,Spayed,2024-07-21T00:00:00.000,2024-10-21,STRAY,FIELD,UNKNOWN,SANTA ROSA
CAT,DOMESTIC LH,ORANGE/WHITE,Unknown,,2024-10-21,CONFISCATE,FIELD,UNKNOWN,COUNTY
DOG,TOY FOX TERRIER/MIX,BROWN/WHITE,Spayed,2021-09-20T00:00:00.000,2024-10-21,CONFISCATE,FLD_HOSPTL,UNKNOWN,COUNTY
CAT,DOMESTIC SH,CALICO,Spayed,2024-08-14T00:00:00.000,2024-10-21,STRAY,FLD_STRAY,UNKNOWN,SANTA ROSA
DOG,LABRADOR RETR/POODLE MIN,GRAY,Neutered,2022-11-16T00:00:00.000,2024-10-21,STRAY,FLD_STRAY,UNKNOWN,SANTA ROSA
DOG,SIBERIAN HUSKY,BROWN/WHITE,Female,2024-06-21T00:00:00.000,2024-10-21,STRAY,FLD_STRAY,UNKNOWN,COUNTY
CAT,DOMESTIC SH,TORTIE/WHITE,Spayed,,2024-10-22,STRAY,FLD_STRAY,UNKNOWN,*COTATI
DOG,CHIHUAHUA SH/YORKSHIRE TERR,BROWN/BLACK,Spayed,2022-10-18T00:00:00.000,2024-10-22,ADOPTION RETURN,OVER THE COUNTER,UNKNOWN,SANTA ROSA
CAT,DOMESTIC SH,BLK TABBY,Spayed,2024-08-22T00:00:00.000,2024-10-22,STRAY,OVER THE COUNTER,HEALTHY,SANTA ROSA
CAT,DOMESTIC SH,BRN TABBY,Spayed,2024-09-22T00:00:00.000,2024-10-22,STRAY,OVER THE COUNTER,HEALTHY,SANTA ROSA
CAT,DOMESTIC LH,GRAY,Neutered,2024-09-22T00:00:00.000,2024-10-22,STRAY,OVER THE COUNTER,UNKNOWN,COUNTY
DOG,PIT BULL,BROWN/WHITE,Male,,2024-10-22,STRAY,OVER THE COUNTER,UNKNOWN,SANTA ROSA
DOG,CHIHUAHUA SH,BROWN/WHITE,Female,2024-07-23T00:00:00.000,2024-10-23,STRAY,FLD_STRAY,UNKNOWN,SANTA ROSA
OTHER,MOUSE,WHITE,Male,,2024-10-23,STRAY,OVER THE COUNTER,UNKNOWN,SANTA ROSA
DOG,AUST TERRIER/CAIRN TERRIER,TAN,Neutered,2011-03-19T00:00:00.000,2024-10-23,STRAY,FLD_STRAY,UNKNOWN,SANTA ROSA
CAT,DOMESTIC SH,BLACK,Unknown,,2024-10-23,STRAY,FLD_STRAY,UNKNOWN,SANTA ROSA
DOG,POMERANIAN,FAWN,Neutered,2012-12-16T00:00:00.000,2024-10-23,CONFISCATE,FLD_HOSPTL,UNKNOWN,SANTA ROSA
DOG,LABRADOR RETR/MIX,WHITE/BROWN,Female,2024-05-24T00:00:00.000,2024-10-23,CONFISCATE,FLD_HOSPTL,UNKNOWN,SANTA ROSA
DOG,AFFENPINSCHER,WHITE,Female,2011-10-24T00:00:00.000,2024-10-23,CONFISCATE,FLD_HOSPTL,UNKNOWN,SANTA ROSA
DOG,AUST SHEPHERD/MIX,WHITE,Female,2024-10-24T00:00:00.000,2024-10-24,BORN HERE,MOM STRAY,UNKNOWN,SANTA ROSA
DOG,AUST SHEPHERD/MIX,WHITE,Unknown,2024-10-24T00:00:00.000,2024-10-24,BORN HERE,MOM STRAY,UNKNOWN,SANTA ROSA
DOG,AUST SHEPHERD/MIX,WHITE,Unknown,2024-10-24T00:00:00.000,2024-10-24,BORN HERE,MOM STRAY,UNKNOWN,SANTA ROSA
DOG,AUST SHEPHERD/MIX,BROWN/WHITE,Unknown,2024-10-24T00:00:00.000,2024-10-24,BORN HERE,MOM STRAY,UNKNOWN,SANTA ROSA
DOG,AUST SHEPHERD/MIX,BROWN/WHITE,Unknown,2024-10-24T00:00:00.000,2024-10-24,BORN HERE,MOM STRAY,UNKNOWN,SANTA ROSA
DOG,AUST SHEPHERD/MIX,BLACK/WHITE,Unknown,2024-10-24T00:00:00.000,2024-10-24,BORN HERE,MOM STRAY,UNKNOWN,SANTA ROSA
DOG,AUST SHEPHERD/MIX,BLACK/WHITE,Unknown,2024-10-24T00:00:00.000,2024-10-24,BORN HERE,MOM STRAY,UNKNOWN,SANTA ROSA
DOG,AUST SHEPHERD/MIX,BLACK/WHITE,Unknown,2024-10-24T00:00:00.000,2024-10-24,BORN HERE,MOM STRAY,UNKNOWN,SANTA ROSA
DOG,AUST SHEPHERD/MIX,BLACK/WHITE,Unknown,2024-10-24T00:00:00.000,2024-10-24,BORN HERE,MOM STRAY,UNKNOWN,SANTA ROSA
DOG,AUST SHEPHERD/MIX,BLACK/WHITE,Unknown,2024-10-24T00:00:00.000,2024-10-24,BORN HERE,MOM STRAY,UNKNOWN,SANTA ROSA
DOG,AUST SHEPHERD/MIX,BLACK/WHITE,Unknown,2024-10-24T00:00:00.000,2024-10-24,BORN HERE,MOM STRAY,UNKNOWN,SANTA ROSA
DOG,AKITA/WOLF,WHITE,Neutered,2024-03-24T00:00:00.000,2024-10-24,QUARANTINE,FIELD,UNKNOWN,SANTA ROSA
DOG,POINTER,WHITE/BLACK,Female,2022-08-24T00:00:00.000,2024-10-24,OWNER SURRENDER,OVER THE COUNTER,UNKNOWN,SANTA ROSA
DOG,BORDER COLLIE/MIX,BLACK/WHITE,Neutered,2023-09-01T00:00:00.000,2024-10-24,STRAY,OVER THE COUNTER,HEALTHY,SANTA ROSA
DOG,AUST SHEPHERD/MIX,BLACK/WHITE,Male,,2024-10-24,STRAY,OVER THE COUNTER,UNKNOWN,SANTA ROSA
DOG,AUST SHEPHERD/MIX,BROWN/WHITE,Unknown,2024-10-24T00:00:00.000,2024-10-24,BORN HERE,MOM STRAY,UNKNOWN,SANTA ROSA
DOG,GREAT PYRENEES,WHITE,Male,2023-07-25T00:00:00.000,2024-10-25,STRAY,FLD_STRAY,UNKNOWN,COUNTY
DOG,SIBERIAN HUSKY/MIX,WHITE,Male,2023-10-25T00:00:00.000,2024-10-25,STRAY,FIELD,UNKNOWN,SANTA ROSA
DOG,SIBERIAN HUSKY/MIX,BLACK,Neutered,2022-10-26T00:00:00.000,2024-10-25,STRAY,OVER THE COUNTER,UNKNOWN,SANTA ROSA
DOG,SIBERIAN HUSKY/MIX,BLACK/WHITE,Neutered,2020-10-26T00:00:00.000,2024-10-25,STRAY,OVER THE COUNTER,UNKNOWN,SANTA ROSA
DOG,GERM SHEPHERD/MIX,WHITE,Female,2023-08-29T00:00:00.000,2024-10-26,CONFISCATE,FLD_CORONR,UNKNOWN,SANTA ROSA
DOG,LABRADOR RETR/SIBERIAN HUSKY,GOLD/WHITE,Neutered,2020-12-01T00:00:00.000,2024-10-26,CONFISCATE,FLD_ARREST,UNKNOWN,SANTA ROSA
CAT,DOMESTIC SH,BRN TABBY,Male,2023-12-29T00:00:00.000,2024-10-26,STRAY,FLD_STRAY,UNKNOWN,SANTA ROSA
DOG,YORKSHIRE TERR/MIX,GRAY/WHITE,Female,2020-12-26T00:00:00.000,2024-10-27,CONFISCATE,FLD_HOSPTL,UNKNOWN,SANTA ROSA
CAT,DOMESTIC SH,BRN TABBY,Neutered,2009-10-25T00:00:00.000,2024-10-27,QUARANTINE,FIELD,UNKNOWN,SANTA ROSA
CAT,DOMESTIC SH,BLACK/WHITE,Neutered,2017-06-05T00:00:00.000,2024-10-27,CONFISCATE,FLD_HOSPTL,UNKNOWN,SANTA ROSA
DOG,PIT BULL,GRAY,Male,2021-05-02T00:00:00.000,2024-10-27,STRAY,FLD_STRAY,UNKNOWN,SANTA ROSA
DOG,CHIHUAHUA SH,BLACK/WHITE,Neutered,2018-03-17T00:00:00.000,2024-10-29,CONFISCATE,FLD_ARREST,UNKNOWN,SANTA ROSA
CAT,DOMESTIC SH,TORTIE,Female,2024-06-29T00:00:00.000,2024-10-29,STRAY,EMAIL,UNKNOWN,COUNTY
CAT,DOMESTIC LH,WHITE/BLACK,Neutered,2020-11-02T00:00:00.000,2024-10-29,STRAY,FLD_STRAY,UNKNOWN,SANTA ROSA
DOG,PIT BULL/MIX,BLACK/WHITE,Male,2021-01-05T00:00:00.000,2024-10-29,STRAY,FLD_STRAY,UNKNOWN,SANTA ROSA
DOG,MALTESE/MIX,TAN,Male,2023-04-29T00:00:00.000,2024-10-29,STRAY,OVER THE COUNTER,UNKNOWN,SANTA ROSA
CAT,DOMESTIC LH,TORTIE,Female,2024-09-09T00:00:00.000,2024-10-29,QUARANTINE,FIELD,UNKNOWN,SANTA ROSA
DOG,SHIBA INU,RED/WHITE,Male,2023-10-10T00:00:00.000,2024-10-29,STRAY,FLD_STRAY,UNKNOWN,SANTA ROSA
CAT,DOMESTIC LH,BLACK,Neutered,2024-03-14T00:00:00.000,2024-10-30,STRAY,OVER THE COUNTER,UNKNOWN,SANTA ROSA
CAT,DOMESTIC MH,GRAY,Neutered,2024-03-14T00:00:00.000,2024-10-30,STRAY,OVER THE COUNTER,UNKNOWN,SANTA ROSA
DOG,PUG,BLACK,Male,2022-10-30T00:00:00.000,2024-10-30,STRAY,FLD_STRAY,UNKNOWN,COUNTY
CAT,DOMESTIC SH,ORG TABBY,Neutered,2024-08-30T00:00:00.000,2024-10-30,STRAY,OVER THE COUNTER,HEALTHY,SANTA ROSA
CAT,DOMESTIC SH,BUFF,Neutered,2024-08-30T00:00:00.000,2024-10-30,STRAY,OVER THE COUNTER,HEALTHY,SANTA ROSA
CAT,DOMESTIC SH,BLACK/WHITE,Neutered,2024-08-30T00:00:00.000,2024-10-30,STRAY,OVER THE COUNTER,HEALTHY,SANTA ROSA
CAT,DOMESTIC SH,GRAY,Spayed,2024-08-30T00:00:00.000,2024-10-30,STRAY,OVER THE COUNTER,HEALTHY,SANTA ROSA
CAT,DOMESTIC SH,BRN TABBY,Spayed,,2024-10-30,STRAY,FLD_STRAY,UNKNOWN,SANTA ROSA
DOG,BORDER COLLIE,BLACK/WHITE,Neutered,2019-04-20T00:00:00.000,2024-10-30,STRAY,FLD_STRAY,UNKNOWN,SANTA ROSA
DOG,POMERANIAN/MIX,WHITE,Male,,2024-10-31,STRAY,FLD_STRAY,UNKNOWN,SANTA ROSA
DOG,BEAGLE/MIX,TAN/BLACK,Neutered,2023-10-31T00:00:00.000,2024-10-31,STRAY,FLD_STRAY,HEALTHY,COUNTY
CAT,DOMESTIC MH,ORANGE,Unknown,,2024-10-31,STRAY,VET_HOSP,UNKNOWN,*SONOMA
CAT,DOMESTIC SH,BLACK,Neutered,2022-11-13T00:00:00.000,2024-11-01,STRAY,FIELD,HEALTHY,COUNTY
DOG,RHOD RIDGEBACK/ANATOL SHEPHERD,RED/WHITE,Neutered,2023-02-27T00:00:00.000,2024-11-01,OWNER SURRENDER,OVER THE COUNTER,HEALTHY,SANTA ROSA
CAT,DOMESTIC SH,CALICO,Female,,2024-11-01,STRAY,OVER THE COUNTER,UNKNOWN,SANTA ROSA
CAT,DOMESTIC SH,CREAM,Female,,2024-11-01,STRAY,OVER THE COUNTER,UNKNOWN,SANTA ROSA
CAT,SIAMESE,FLAME PT,Male,2024-08-01T00:00:00.000,2024-11-01,STRAY,OVER THE COUNTER,UNKNOWN,SANTA ROSA
CAT,DOMESTIC SH,CALICO,Female,2020-11-01T00:00:00.000,2024-11-01,STRAY,OVER THE COUNTER,UNKNOWN,SANTA ROSA
CAT,DOMESTIC SH,BLACK/WHITE,Female,2024-08-01T00:00:00.000,2024-11-01,STRAY,OVER THE COUNTER,UNKNOWN,SANTA ROSA
DOG,BEAGLE,WHITE,Neutered,2006-11-02T00:00:00.000,2024-11-01,STRAY,FLD_STRAY,UNKNOWN,SANTA ROSA
DOG,CHIHUAHUA SH,BROWN,Male,2024-08-01T00:00:00.000,2024-11-01,STRAY,OVER THE COUNTER,UNKNOWN,SANTA ROSA
CAT,DOMESTIC SH,BLACK/WHITE,Spayed,2024-05-01T00:00:00.000,2024-11-01,STRAY,OVER THE COUNTER,UNKNOWN,SANTA ROSA
CAT,DOMESTIC SH,BLACK/WHITE,Spayed,2024-05-01T00:00:00.000,2024-11-01,STRAY,OVER THE COUNTER,HEALTHY,SANTA ROSA
CAT,DOMESTIC SH,SEAL PT,Spayed,2024-05-01T00:00:00.000,2024-11-01,STRAY,OVER THE COUNTER,UNKNOWN,SANTA ROSA
CAT,DOMESTIC MH,BLACK,Spayed,2024-05-15T00:00:00.000,2024-11-01,STRAY,OVER THE COUNTER,UNKNOWN,SANTA ROSA
CAT,DOMESTIC SH,BLACK/WHITE,Neutered,2024-05-01T00:00:00.000,2024-11-01,STRAY,OVER THE COUNTER,HEALTHY,SANTA ROSA
DOG,AM PIT BULL TER/MIX,BROWN/WHITE,Neutered,2016-11-01T00:00:00.000,2024-11-01,STRAY,OVER THE COUNTER,UNKNOWN,SANTA ROSA
DOG,PIT BULL,TAN,Neutered,2023-05-01T00:00:00.000,2024-11-01,STRAY,OVER THE COUNTER,UNKNOWN,SANTA ROSA
DOG,GERM SHEPHERD,BLACK,Female,2021-03-03T00:00:00.000,2024-11-02,STRAY,OVER THE COUNTER,UNKNOWN,COUNTY
DOG,GERM SHEPHERD,BROWN/BLACK,Male,2024-01-01T00:00:00.000,2024-11-02,STRAY,OVER THE COUNTER,UNKNOWN,COUNTY
DOG,ALASKAN HUSKY,WHITE,Male,2018-12-08T00:00:00.000,2024-11-02,STRAY,FIELD,UNKNOWN,COUNTY
DOG,AUST SHEPHERD,BLUE MERLE,Male,,2024-11-02,STRAY,FLD_STRAY,UNKNOWN,COUNTY
DOG,GREAT PYRENEES,CREAM,Female,2023-05-02T00:00:00.000,2024-11-02,STRAY,FLD_STRAY,UNKNOWN,COUNTY
DOG,CHIHUAHUA SH,TAN/WHITE,Female,2024-09-20T00:00:00.000,2024-11-02,STRAY,OVER THE COUNTER,UNKNOWN,SANTA ROSA
CAT,DOMESTIC SH,ORANGE,Neutered,2023-11-02T00:00:00.000,2024-11-02,STRAY,OVER THE COUNTER,UNKNOWN,SANTA ROSA
DOG,SIBERIAN HUSKY,BLACK/WHITE,Female,2019-11-02T00:00:00.000,2024-11-02,STRAY,OVER THE COUNTER,HEALTHY,SANTA ROSA
DOG,SIBERIAN HUSKY,BLACK/WHITE,Male,2024-07-02T00:00:00.000,2024-11-02,STRAY,OVER THE COUNTER,HEALTHY,SANTA ROSA
DOG,SIBERIAN HUSKY,BLACK/WHITE,Male,2018-03-01T00:00:00.000,2024-11-02,STRAY,OVER THE COUNTER,UNKNOWN,SANTA ROSA
DOG,SIBERIAN HUSKY,WHITE,Male,2021-03-25T00:00:00.000,2024-11-02,STRAY,FLD_STRAY,UNKNOWN,SANTA ROSA
DOG,SIBERIAN HUSKY,WHITE,Female,2022-08-25T00:00:00.000,2024-11-02,STRAY,FLD_STRAY,UNKNOWN,SANTA ROSA
DOG,CANE CORSO,GRAY,Female,2020-11-10T00:00:00.000,2024-11-03,STRAY,FLD_STRAY,UNKNOWN,COUNTY
CAT,DOMESTIC SH,BLACK/GRAY,Unknown,,2024-11-03,STRAY,FLD_EMERGE,UNKNOWN,COUNTY
DOG,GERM SHEPHERD,BROWN/BLACK,Male,2024-01-01T00:00:00.000,2024-11-04,STRAY,OVER THE COUNTER,UNKNOWN,COUNTY
DOG,GERM SHEPHERD,BLACK,Female,2021-03-03T00:00:00.000,2024-11-04,STRAY,OVER THE COUNTER,UNKNOWN,COUNTY
CAT,DOMESTIC SH,ORANGE/WHITE,Neutered,2024-07-20T00:00:00.000,2024-11-04,STRAY,FLD_STRAY,UNKNOWN,COUNTY
CAT,DOMESTIC SH,TORTIE,Spayed,2024-07-20T00:00:00.000,2024-11-04,STRAY,FLD_STRAY,UNKNOWN,COUNTY
DOG,LABRADOR RETR,ORANGE,Spayed,2016-09-17T00:00:00.000,2024-11-04,STRAY,FLD_STRAY,UNKNOWN,COUNTY
DOG,SIBERIAN HUSKY,GRAY/BLACK,Neutered,2020-07-13T00:00:00.000,2024-11-04,STRAY,FLD_STRAY,UNKNOWN,SANTA ROSA
DOG,FRENCH BULLDOG,GRAY,Neutered,2020-11-04T00:00:00.000,2024-11-04,STRAY,FLD_STRAY,UNKNOWN,SANTA ROSA
CAT,DOMESTIC SH,BLACK,Male,,2024-11-05,STRAY,EMAIL,UNKNOWN,SANTA ROSA
DOG,AUST CATTLE DOG,BROWN/TRICOLOR,Spayed,2024-08-21T00:00:00.000,2024-11-05,STRAY,OVER THE COUNTER,HEALTHY,SANTA ROSA
DOG,AUST CATTLE DOG,BLACK/TRICOLOR,Spayed,2024-08-21T00:00:00.000,2024-11-05,STRAY,OVER THE COUNTER,HEALTHY,SANTA ROSA
CAT,DOMESTIC LH,ORG TABBY,Male,,2024-11-06,STRAY,OVER THE COUNTER,UNKNOWN,COUNTY
CAT,DOMESTIC SH,GRAY/WHITE,Female,,2024-11-06,STRAY,EMAIL,UNKNOWN,COUNTY
DOG,LABRADOR RETR,YELLOW,Spayed,2018-11-07T00:00:00.000,2024-11-06,STRAY,FLD_STRAY,UNKNOWN,SANTA ROSA
DOG,CHIHUAHUA SH,TAN/WHITE,Neutered,2022-11-20T00:00:00.000,2024-11-06,STRAY,FLD_STRAY,UNKNOWN,SANTA ROSA
CAT,DOMESTIC SH,GRAY/WHITE,Male,,2024-11-06,STRAY,EMAIL,UNKNOWN,COUNTY
DOG,CHIHUAHUA SH/MIX,TAN,Neutered,2023-11-06T00:00:00.000,2024-11-06,STRAY,FLD_STRAY,UNKNOWN,COUNTY
DOG,SIBERIAN HUSKY,WHITE,Spayed,2018-03-01T00:00:00.000,2024-11-06,STRAY,FLD_STRAY,UNKNOWN,SANTA ROSA
OTHER,HORSE,BROWN,Female,,2024-11-06,STRAY,FLD_STRAY,UNKNOWN,COUNTY
DOG,PIT BULL,BLACK/WHITE,Spayed,2024-10-10T00:00:00.000,2024-11-07,OWNER SURRENDER,FIELD,UNKNOWN,SANTA ROSA
DOG,PIT BULL,FAWN/WHITE,Spayed,2024-09-26T00:00:00.000,2024-11-07,OWNER SURRENDER,FIELD,UNKNOWN,SANTA ROSA
DOG,PIT BULL,BLACK/WHITE,Spayed,2024-10-10T00:00:00.000,2024-11-07,OWNER SURRENDER,FIELD,UNKNOWN,SANTA ROSA
DOG,PIT BULL,BLUE/WHITE,Neutered,2024-09-26T00:00:00.000,2024-11-07,OWNER SURRENDER,FIELD,UNKNOWN,SANTA ROSA
DOG,PIT BULL,BLUE/WHITE,Neutered,2024-10-10T00:00:00.000,2024-11-07,OWNER SURRENDER,FIELD,UNKNOWN,SANTA ROSA
DOG,PIT BULL,BLACK/WHITE,Spayed,2024-10-10T00:00:00.000,2024-11-07,OWNER SURRENDER,FIELD,UNKNOWN,SANTA ROSA
DOG,PIT BULL,BLUE/WHITE,Neutered,2024-10-10T00:00:00.000,2024-11-07,OWNER SURRENDER,FIELD,UNKNOWN,SANTA ROSA
DOG,PIT BULL/MIX,TAN/WHITE,Neutered,2021-12-07T00:00:00.000,2024-11-07,STRAY,FLD_STRAY,HEALTHY,SANTA ROSA
CAT,DOMESTIC SH,TORTIE/WHITE,Spayed,2024-03-15T00:00:00.000,2024-11-07,STRAY,OVER THE COUNTER,HEALTHY,SANTA ROSA
CAT,DOMESTIC SH,BRN TABBY/WHITE,Neutered,2022-11-07T00:00:00.000,2024-11-07,STRAY,OVER THE COUNTER,HEALTHY,COUNTY
DOG,BORDER COLLIE,BLACK/WHITE,Male,2024-05-09T00:00:00.000,2024-11-07,STRAY,FLD_STRAY,UNKNOWN,SANTA ROSA
DOG,BORDER COLLIE,BLACK/WHITE,Male,2024-05-09T00:00:00.000,2024-11-07,STRAY,FLD_STRAY,UNKNOWN,SANTA ROSA
DOG,GOLDEN RETR,TAN,Spayed,2022-04-12T00:00:00.000,2024-11-08,STRAY,OVER THE COUNTER,UNKNOWN,SANTA ROSA
OTHER,CHICKEN,RED/BLACK,Female,,2024-11-08,STRAY,FLD_STRAY,UNKNOWN,COUNTY
DOG,CHIHUAHUA SH,BLACK,Male,2019-02-10T00:00:00.000,2024-11-09,STRAY,FLD_STRAY,UNKNOWN,SANTA ROSA
CAT,DOMESTIC SH,CALICO,Spayed,2023-11-09T00:00:00.000,2024-11-09,STRAY,OVER THE COUNTER,HEALTHY,COUNTY
DOG,POODLE MIN/MIX,WHITE,Neutered,2013-11-09T00:00:00.000,2024-11-09,STRAY,FLD_STRAY,UNKNOWN,SANTA ROSA
DOG,CHIHUAHUA SH,BLACK/BR BRINDLE,Spayed,2021-11-09T00:00:00.000,2024-11-09,STRAY,FLD_STRAY,UNKNOWN,SANTA ROSA
CAT,DOMESTIC SH,BRN TABBY/WHITE,Neutered,2021-11-09T00:00:00.000,2024-11-09,STRAY,OVER THE COUNTER,UNKNOWN,SANTA ROSA
DOG,LABRADOR RETR/MIX,BLACK,Female,2023-06-07T00:00:00.000,2024-11-10,STRAY,FLD_STRAY,UNKNOWN,COUNTY
CAT,DOMESTIC MH,ORG TABBY,Neutered,2024-06-03T00:00:00.000,2024-11-10,STRAY,FLD_STRAY,UNKNOWN,COUNTY
CAT,DOMESTIC SH,GRAY,Female,,2024-11-10,CONFISCATE,OVER THE COUNTER_EMERGE,UNKNOWN,SANTA ROSA
DOG,AUST CATTLE DOG,RED/WHITE,Male,2023-05-03T00:00:00.000,2024-11-12,STRAY,OVER THE COUNTER,UNKNOWN,COUNTY
CAT,DOMESTIC LH,GRAY,Unknown,,2024-11-12,STRAY,OVER THE COUNTER,UNKNOWN,SANTA ROSA
OTHER,RABBIT SH,TAN/WHITE,Neutered,2022-12-20T00:00:00.000,2024-11-12,STRAY,FLD_STRAY,HEALTHY,SANTA ROSA
DOG,LABRADOR RETR/MIX,TAN/WHITE,Female,,2024-11-12,STRAY,FLD_STRAY,UNKNOWN,SANTA ROSA
DOG,GERM SHEPHERD,BLACK/BROWN,Male,2021-11-12T00:00:00.000,2024-11-12,STRAY,OVER THE COUNTER,UNKNOWN,COUNTY
DOG,POMERANIAN,RED,Female,2023-11-12T00:00:00.000,2024-11-12,STRAY,OVER THE COUNTER,UNKNOWN,SANTA ROSA
DOG,FRENCH BULLDOG,BLUE/GRAY,Male,2023-04-20T00:00:00.000,2024-11-12,STRAY,OVER THE COUNTER,UNKNOWN,SANTA ROSA
DOG,BELG MALINOIS,TAN/BLACK,Male,2023-12-22T00:00:00.000,2024-11-13,STRAY,FLD_STRAY,UNKNOWN,SANTA ROSA
DOG,BELG MALINOIS,TAN/BLACK,Female,2023-06-07T00:00:00.000,2024-11-13,STRAY,FLD_STRAY,UNKNOWN,SANTA ROSA
DOG,CHIHUAHUA SH/MIX,RED/WHITE,Male,2023-05-13T00:00:00.000,2024-11-13,STRAY,FLD_STRAY,UNKNOWN,COUNTY
DOG,GERM SHEPHERD/MIX,TAN/BLACK,Neutered,2023-05-13T00:00:00.000,2024-11-13,STRAY,FLD_STRAY,TREATABLE/REHAB,SANTA ROSA
DOG,MIN PINSCHER/MIX,BROWN/BLACK,Female,2024-05-13T00:00:00.000,2024-11-13,STRAY,OVER THE COUNTER,UNKNOWN,SANTA ROSA
DOG,SIBERIAN HUSKY/CHIHUAHUA SH,BROWN/WHITE,Male,2023-05-14T00:00:00.000,2024-11-13,STRAY,FLD_STRAY,UNKNOWN,COUNTY
CAT,DOMESTIC SH,ORG TABBY,Neutered,2015-12-07T00:00:00.000,2024-11-13,STRAY,OVER THE COUNTER,UNKNOWN,COUNTY
DOG,MASTIFF/MIX,BR BRINDLE/WHITE,Male,2022-05-08T00:00:00.000,2024-11-13,STRAY,FIELD,UNKNOWN,COUNTY
CAT,DOMESTIC MH,GRAY TABBY,Neutered,2022-11-14T00:00:00.000,2024-11-14,STRAY,OVER THE COUNTER,HEALTHY,COUNTY
CAT,DOMESTIC SH,BRN TABBY,Neutered,2024-09-29T00:00:00.000,2024-11-14,STRAY,OVER THE COUNTER,HEALTHY,SANTA ROSA
DOG,PUG,BLACK,Male,2022-10-30T00:00:00.000,2024-11-14,STRAY,FLD_STRAY,UNKNOWN,COUNTY
DOG,GERM SHEPHERD,TAN/BLACK,Neutered,2023-07-17T00:00:00.000,2024-11-15,STRAY,FLD_STRAY,UNKNOWN,COUNTY
DOG,GERM SHEPHERD/SIBERIAN HUSKY,BLACK/TAN,Neutered,2023-05-03T00:00:00.000,2024-11-15,OWNER SURRENDER,OVER THE COUNTER,UNKNOWN,SANTA ROSA
DOG,GERM SHEPHERD,BLACK/TAN,Spayed,2020-01-07T00:00:00.000,2024-11-15,OWNER SURRENDER,OVER THE COUNTER,UNKNOWN,SANTA ROSA
DOG,GERM SHEPHERD/SIBERIAN HUSKY,TAN/BLACK,Neutered,2019-12-15T00:00:00.000,2024-11-15,OWNER SURRENDER,OVER THE COUNTER,UNKNOWN,SANTA ROSA
DOG,AM PIT BULL TER/MIX,BR BRINDLE,Spayed,2024-03-12T00:00:00.000,2024-11-15,STRAY,FLD_STRAY,UNKNOWN,SANTA ROSA
DOG,SCHNAUZER MIN,BLACK,Male,2022-11-15T00:00:00.000,2024-11-15,STRAY,FLD_STRAY,UNKNOWN,SANTA ROSA
DOG,POMERANIAN,TAN,Female,2018-10-12T00:00:00.000,2024-11-15,STRAY,FLD_STRAY,UNKNOWN,SANTA ROSA
DOG,PIT BULL/MIX,BROWN/WHITE,Neutered,2024-08-15T00:00:00.000,2024-11-15,STRAY,FIELD,UNKNOWN,COUNTY
DOG,POINTER,BLACK/WHITE,Neutered,2016-12-01T00:00:00.000,2024-11-16,CONFISCATE,FLD_HOSPTL,UNKNOWN,SANTA ROSA
CAT,DOMESTIC SH,BLACK,Spayed,2022-11-16T00:00:00.000,2024-11-16,STRAY,OVER THE COUNTER,HEALTHY,SANTA ROSA
CAT,DOMESTIC SH,GRAY TABBY,Spayed,2022-11-16T00:00:00.000,2024-11-16,STRAY,OVER THE COUNTER,UNKNOWN,SANTA ROSA
CAT,DOMESTIC LH,BLACK,Neutered,2011-08-17T00:00:00.000,2024-11-16,STRAY,OVER THE COUNTER,UNKNOWN,COUNTY
OTHER,CALIFORNIAN/MIX,SEAL PT,Female,2019-11-16T00:00:00.000,2024-11-16,STRAY,OVER THE COUNTER,UNKNOWN,SANTA ROSA
CAT,DOMESTIC SH,BLACK/WHITE,Neutered,2021-11-16T00:00:00.000,2024-11-16,STRAY,OVER THE COUNTER,HEALTHY,SANTA ROSA
DOG,PIT BULL/MIX,TAN/WHITE,Male,,2024-11-17,CONFISCATE,FLD_ARREST,UNKNOWN,COUNTY
CAT,DOMESTIC LH,BRN TABBY/WHITE,Male,2021-11-19T00:00:00.000,2024-11-17,STRAY,FLD_STRAY,UNKNOWN,SANTA ROSA
CAT,DOMESTIC SH,BLACK,Neutered,2022-12-04T00:00:00.000,2024-11-17,STRAY,FLD_STRAY,TREATABLE/MANAGEABLE,SANTA ROSA
CAT,DOMESTIC SH,BLACK/WHITE,Female,,2024-11-17,STRAY,EMAIL,UNKNOWN,COUNTY
DOG,SIBERIAN HUSKY,WHITE,Male,2021-06-18T00:00:00.000,2024-11-18,STRAY,FLD_STRAY,UNKNOWN,COUNTY
DOG,SIBERIAN HUSKY,WHITE,Male,,2024-11-18,STRAY,OVER THE COUNTER,UNKNOWN,COUNTY
DOG,BORDER COLLIE/MIX,BLACK/WHITE,Neutered,2024-03-27T00:00:00.000,2024-11-18,STRAY,FLD_STRAY,UNKNOWN,SANTA ROSA
DOG,BORDER COLLIE/MIX,BLACK,Spayed,2019-12-27T00:00:00.000,2024-11-18,STRAY,FLD_STRAY,UNKNOWN,COUNTY
DOG,YORKSHIRE TERR/MIX,TRICOLOR,Male,2021-12-13T00:00:00.000,2024-11-18,STRAY,FLD_STRAY,UNKNOWN,COUNTY
DOG,CHIHUAHUA SH,BROWN,Male,,2024-11-18,STRAY,FLD_STRAY,UNKNOWN,SANTA ROSA
DOG,GERM SHEPHERD,BLACK/TAN,Female,2022-11-03T00:00:00.000,2024-11-19,STRAY,FLD_STRAY,UNKNOWN,COUNTY
DOG,GERM SHEPHERD/MIX,BLACK/TAN,Male,2024-08-19T00:00:00.000,2024-11-19,STRAY,FLD_STRAY,UNKNOWN,COUNTY
DOG,AUST CATTLE DOG/GERM SHEPHERD,TAN/BLACK,Male,2024-03-19T00:00:00.000,2024-11-19,STRAY,FLD_STRAY,UNKNOWN,COUNTY
CAT,DOMESTIC SH,BLACK,Neutered,2024-09-04T00:00:00.000,2024-11-19,OWNER SURRENDER,OVER THE COUNTER,HEALTHY,COUNTY
CAT,DOMESTIC SH,BLACK,Spayed,2024-09-04T00:00:00.000,2024-11-19,OWNER SURRENDER,OVER THE COUNTER,UNKNOWN,COUNTY
CAT,DOMESTIC SH/MIX,BLACK,Spayed,2024-09-04T00:00:00.000,2024-11-19,OWNER SURRENDER,OVER THE COUNTER,UNKNOWN,COUNTY
CAT,DOMESTIC SH/MIX,BRN TABBY,Spayed,2024-09-04T00:00:00.000,2024-11-19,OWNER SURRENDER,OVER THE COUNTER,UNKNOWN,COUNTY
CAT,DOMESTIC SH,BLK TABBY,Neutered,2024-09-04T00:00:00.000,2024-11-19,OWNER SURRENDER,OVER THE COUNTER,HEALTHY,COUNTY
DOG,AUST KELPIE/MIX,TRICOLOR,Spayed,2023-07-03T00:00:00.000,2024-11-19,STRAY,FLD_STRAY,HEALTHY,SANTA ROSA
CAT,DOMESTIC SH,TORTIE,Spayed,2016-11-19T00:00:00.000,2024-11-19,STRAY,OVER THE COUNTER,UNKNOWN,SANTA ROSA
CAT,DOMESTIC LH,BRN TABBY/WHITE,Neutered,2016-11-19T00:00:00.000,2024-11-19,STRAY,OVER THE COUNTER,UNKNOWN,SANTA ROSA
CAT,SIAMESE,SEAL PT/BROWN,Neutered,2024-05-19T00:00:00.000,2024-11-19,STRAY,OVER THE COUNTER,HEALTHY,SANTA ROSA
CAT,DOMESTIC SH,BRN TABBY/WHITE,Female,2023-11-19T00:00:00.000,2024-11-19,CONFISCATE,FLD_ARREST,UNKNOWN,COUNTY
DOG,GERM SHEPHERD/AUST SHEPHERD,BROWN,Female,,2024-11-20,STRAY,OVER THE COUNTER,UNKNOWN,COUNTY
DOG,GERM SHEPHERD,BLACK/TAN,Male,,2024-11-20,STRAY,FLD_STRAY,UNKNOWN,COUNTY
DOG,PUG/MIX,RED/BLACK,Neutered,2020-12-18T00:00:00.000,2024-11-20,STRAY,FLD_STRAY,UNKNOWN,SANTA ROSA
DOG,SIBERIAN HUSKY,WHITE,Male,2021-03-25T00:00:00.000,2024-11-21,OWNER SURRENDER,OVER THE COUNTER,UNKNOWN,SANTA ROSA
DOG,SIBERIAN HUSKY,WHITE,Female,2022-08-25T00:00:00.000,2024-11-21,OWNER SURRENDER,OVER THE COUNTER,UNKNOWN,SANTA ROSA
DOG,SIBERIAN HUSKY/MIX,WHITE/APRICOT,Spayed,2024-09-27T00:00:00.000,2024-11-21,OWNER SURRENDER,OVER THE COUNTER,HEALTHY,SANTA ROSA
DOG,SIBERIAN HUSKY/MIX,WHITE,Neutered,2024-09-27T00:00:00.000,2024-11-21,OWNER SURRENDER,OVER THE COUNTER,HEALTHY,SANTA ROSA
DOG,SIBERIAN HUSKY/MIX,WHITE,Neutered,2024-09-27T00:00:00.000,2024-11-21,OWNER SURRENDER,OVER THE COUNTER,UNKNOWN,SANTA ROSA
DOG,SIBERIAN HUSKY,WHITE,Spayed,2024-09-27T00:00:00.000,2024-11-21,OWNER SURRENDER,OVER THE COUNTER,HEALTHY,SANTA ROSA
DOG,SIBERIAN HUSKY/MIX,WHITE,Neutered,2024-09-27T00:00:00.000,2024-11-21,OWNER SURRENDER,OVER THE COUNTER,HEALTHY,SANTA ROSA
CAT,DOMESTIC SH,ORANGE/WHITE,Neutered,2024-09-21T00:00:00.000,2024-11-21,STRAY,OVER THE COUNTER,HEALTHY,COUNTY
DOG,PIT BULL,GRAY/WHITE,Female,,2024-11-21,STRAY,OVER THE COUNTER,HEALTHY,COUNTY
DOG,RHOD RIDGEBACK/MIX,TAN/WHITE,Neutered,2022-11-21T00:00:00.000,2024-11-21,QUARANTINE,FIELD,UNKNOWN,COUNTY
CAT,DOMESTIC LH,BLACK/WHITE,Spayed,2024-10-16T00:00:00.000,2024-11-21,STRAY,FLD_STRAY,UNKNOWN,SANTA ROSA
CAT,DOMESTIC MH,BLACK,Neutered,2024-10-16T00:00:00.000,2024-11-21,STRAY,FLD_STRAY,UNKNOWN,SANTA ROSA
CAT,DOMESTIC MH,BLACK,Spayed,2024-10-16T00:00:00.000,2024-11-21,STRAY,FLD_STRAY,UNKNOWN,SANTA ROSA
CAT,DOMESTIC MH,BLACK/WHITE,Neutered,2024-10-16T00:00:00.000,2024-11-21,STRAY,FLD_STRAY,UNKNOWN,SANTA ROSA
CAT,DOMESTIC MH,BLACK/WHITE,Spayed,2024-10-16T00:00:00.000,2024-11-21,STRAY,FLD_STRAY,UNKNOWN,SANTA ROSA
DOG,ROTTWEILER,BLACK/BROWN,Male,,2024-11-22,STRAY,OVER THE COUNTER,UNKNOWN,COUNTY
DOG,GERM SHEPHERD/MIX,BLACK/TAN,Male,2016-11-23T00:00:00.000,2024-11-23,STRAY,FLD_STRAY,UNKNOWN,SANTA ROSA
DOG,GERM SHEPHERD/MIX,BLACK/BROWN,Male,2020-11-23T00:00:00.000,2024-11-23,STRAY,FLD_STRAY,UNKNOWN,COUNTY
DOG,PIT BULL/BOXER,BROWN,Female,2022-10-10T00:00:00.000,2024-11-23,CONFISCATE,FLD_ARREST,UNKNOWN,SANTA ROSA
DOG,BELG MALINOIS,BROWN/BLACK,Male,2020-11-23T00:00:00.000,2024-11-23,STRAY,OVER THE COUNTER,UNKNOWN,SANTA ROSA
DOG,AUST CATTLE DOG/MIX,BLACK/WHITE,Neutered,2013-11-23T00:00:00.000,2024-11-23,QUARANTINE,FIELD,UNKNOWN,COUNTY
DOG,PIT BULL,GRAY,Male,,2024-11-24,CONFISCATE,FLD_HOSPTL,UNKNOWN,SANTA ROSA
DOG,POODLE MIN/MIX,GRAY/WHITE,Neutered,2022-01-10T00:00:00.000,2024-11-24,STRAY,FLD_STRAY,UNKNOWN,SANTA ROSA
DOG,BEAGLE/MIX,BLACK/WHITE,Female,2023-06-10T00:00:00.000,2024-11-25,CONFISCATE,FLD_ARREST,UNKNOWN,COUNTY
DOG,PIT BULL,GRAY/WHITE,Female,,2024-11-25,STRAY,FLD_STRAY,UNKNOWN,COUNTY
DOG,PIT BULL,GRAY/WHITE,Neutered,2016-12-27T00:00:00.000,2024-11-25,STRAY,FLD_STRAY,TREATABLE/MANAGEABLE,COUNTY
DOG,POODLE MIN/MIX,WHITE,Spayed,2017-11-13T00:00:00.000,2024-11-25,CONFISCATE,FLD_ARREST,UNKNOWN,SANTA ROSA
DOG,MASTIFF/LABRADOR RETR,BR BRINDLE,Female,2022-11-26T00:00:00.000,2024-11-26,STRAY,FLD_STRAY,UNKNOWN,COUNTY
DOG,SIBERIAN HUSKY,WHITE,Neutered,2022-10-01T00:00:00.000,2024-11-26,STRAY,FLD_STRAY,UNKNOWN,COUNTY
DOG,FRENCH BULLDOG,BROWN/BLACK,Male,2022-11-11T00:00:00.000,2024-11-26,STRAY,OVER THE COUNTER,UNKNOWN,COUNTY
DOG,PARSON RUSS TER,BROWN,Neutered,2011-01-01T00:00:00.000,2024-11-26,STRAY,OVER THE COUNTER,UNKNOWN,SANTA ROSA
OTHER,RABBIT SH,WHITE,Neutered,2023-01-08T00:00:00.000,2024-11-27,STRAY,OVER THE COUNTER,UNKNOWN,COUNTY
DOG,GERM SHEPHERD,BLACK/RED,Male,2021-11-27T00:00:00.000,2024-11-27,OWNER SURRENDER,OVER THE COUNTER,UNKNOWN,COUNTY
DOG,GERM SHEPHERD,BLACK/RED,Female,2023-11-27T00:00:00.000,2024-11-27,OWNER SURRENDER,OVER THE COUNTER,UNKNOWN,COUNTY
CAT,DOMESTIC LH,ORG TABBY,Neutered,2012-11-27T00:00:00.000,2024-11-27,CONFISCATE,FLD_HOSPTL,UNKNOWN,SANTA ROSA
CAT,DOMESTIC SH,ORG TABBY,Neutered,2020-12-07T00:00:00.000,2024-11-27,STRAY,FLD_STRAY,HEALTHY,COUNTY
DOG,GERM SHEPHERD/MIX,TAN/BLACK,Male,,2024-11-27,STRAY,FLD_STRAY,UNKNOWN,SANTA ROSA
DOG,PIT BULL/MIX,BR BRINDLE,Spayed,2019-11-26T00:00:00.000,2024-11-27,OWNER SURRENDER,FIELD,UNKNOWN,SANTA ROSA
CAT,SIAMESE/MIX,CREAM/BLACK,Female,2024-10-24T00:00:00.000,2024-11-27,STRAY,OVER THE COUNTER,UNKNOWN,SANTA ROSA
DOG,BORDER COLLIE/MIX,BLACK/WHITE,Male,2021-10-19T00:00:00.000,2024-11-27,STRAY,FLD_STRAY,UNKNOWN,COUNTY
DOG,GREAT PYRENEES,WHITE,Male,2021-10-19T00:00:00.000,2024-11-27,STRAY,FLD_STRAY,UNKNOWN,COUNTY
DOG,GERM SHEPHERD/MIX,BLACK/TAN,Male,2024-05-10T00:00:00.000,2024-11-28,STRAY,FLD_STRAY,UNKNOWN,SANTA ROSA
DOG,GERM SHEPHERD/MIX,TAN/BLACK,Female,2019-08-01T00:00:00.000,2024-11-28,STRAY,FLD_STRAY,UNKNOWN,SANTA ROSA
DOG,LABRADOR RETR/MIX,BLACK,Female,2023-12-08T00:00:00.000,2024-11-28,STRAY,FLD_STRAY,UNKNOWN,SANTA ROSA
DOG,LABRADOR RETR/MIX,BLACK,Female,2023-06-07T00:00:00.000,2024-11-28,STRAY,FLD_STRAY,UNKNOWN,SANTA ROSA
CAT,DOMESTIC SH,GRAY TABBY,Spayed,2024-07-21T00:00:00.000,2024-11-28,STRAY,FLD_STRAY,UNKNOWN,SANTA ROSA
DOG,BULLDOG,WHITE,Unknown,,2024-11-29,CONFISCATE,FLD_CRUEL,UNKNOWN,COUNTY
DOG,ALASKAN HUSKY/MIX,BROWN/WHITE,Female,2024-08-29T00:00:00.000,2024-11-29,STRAY,FLD_STRAY,UNKNOWN,SANTA ROSA
DOG,GREAT PYRENEES,WHITE/TAN,Male,,2024-11-29,STRAY,FLD_STRAY,UNKNOWN,COUNTY
CAT,DOMESTIC SH,GRAY,Neutered,2024-08-30T00:00:00.000,2024-11-30,OWNER SURRENDER,OVER THE COUNTER,HEALTHY,SANTA ROSA
CAT,DOMESTIC SH,GRAY TABBY,Spayed,2024-08-30T00:00:00.000,2024-11-30,OWNER SURRENDER,OVER THE COUNTER,UNKNOWN,SANTA ROSA
CAT,DOMESTIC LH,GRAY TABBY,Female,2024-08-30T00:00:00.000,2024-11-30,OWNER SURRENDER,OVER THE COUNTER,UNKNOWN,SANTA ROSA
DOG,AUST SHEPHERD,TRICOLOR,Neutered,2021-12-02T00:00:00.000,2024-11-30,STRAY,FLD_STRAY,UNKNOWN,SANTA ROSA
DOG,CAIRN TERRIER/MALTESE,TAN,Neutered,2022-12-25T00:00:00.000,2024-11-30,STRAY,OVER THE COUNTER,UNKNOWN,COUNTY
DOG,GERM SHEPHERD/MIX,BROWN/BLACK,Neutered,2016-11-30T00:00:00.000,2024-11-30,STRAY,OVER THE COUNTER,UNKNOWN,COUNTY
DOG,AFFENPINSCHER,BROWN/WHITE,Neutered,2013-07-15T00:00:00.000,2024-11-30,STRAY,OVER THE COUNTER,UNKNOWN,SANTA ROSA
OTHER,GOAT,WHITE,Male,,2024-11-30,STRAY,FLD_STRAY,UNKNOWN,COUNTY
DOG,AUST SHEPHERD/MIX,TRICOLOR,Male,2022-11-30T00:00:00.000,2024-11-30,STRAY,OVER THE COUNTER,UNKNOWN,SANTA ROSA
DOG,MIN PINSCHER/MIX,BLACK/BROWN,Neutered,2020-01-23T00:00:00.000,2024-11-30,STRAY,FLD_STRAY,UNKNOWN,COUNTY
DOG,BELG MALINOIS/GERM SHEPHERD,BLACK/BROWN,Male,2022-06-18T00:00:00.000,2024-12-01,STRAY,FLD_STRAY,UNKNOWN,COUNTY
DOG,POODLE STND/GOLDEN RETR,BLACK/WHITE,Female,2021-05-14T00:00:00.000,2024-12-01,STRAY,FLD_STRAY,UNKNOWN,COUNTY
DOG,POODLE STND/GOLDEN RETR,WHITE,Neutered,2021-02-05T00:00:00.000,2024-12-01,STRAY,FLD_STRAY,UNKNOWN,COUNTY
DOG,POODLE STND/GOLDEN RETR,BLACK,Male,2024-06-02T00:00:00.000,2024-12-01,STRAY,FLD_STRAY,UNKNOWN,COUNTY
DOG,SIBERIAN HUSKY/MIX,WHITE,Neutered,2023-01-16T00:00:00.000,2024-12-01,STRAY,FLD_STRAY,HEALTHY,COUNTY
DOG,CHINESE SHARPEI,FAWN,Male,,2024-12-02,STRAY,FLD_STRAY,UNKNOWN,SANTA ROSA
DOG,STAFFORDSHIRE,WHITE/BLACK,Male,2022-07-08T00:00:00.000,2024-12-02,STRAY,FLD_STRAY,UNKNOWN,COUNTY
DOG,AUST CATTLE DOG,BLACK/WHITE,Spayed,2024-10-02T00:00:00.000,2024-12-02,STRAY,FLD_STRAY,UNKNOWN,SANTA ROSA
CAT,DOMESTIC SH,GRAY,Male,2024-08-05T00:00:00.000,2024-12-02,STRAY,FLD_STRAY,UNKNOWN,SANTA ROSA
OTHER,RABBIT SH,WHITE/BROWN,Female,,2024-12-02,STRAY,FLD_STRAY,UNKNOWN,SANTA ROSA
DOG,RHOD RIDGEBACK,RED/BROWN,Female,2016-12-03T00:00:00.000,2024-12-03,STRAY,OVER THE COUNTER,UNKNOWN,SANTA ROSA
DOG,YORKSHIRE TERR/MIX,CREAM,Female,2023-12-19T00:00:00.000,2024-12-03,STRAY,OVER THE COUNTER,UNKNOWN,SANTA ROSA
OTHER,SKUNK,BLACK/WHITE,Unknown,,2024-12-03,QUARANTINE,FIELD,UNKNOWN,SANTA ROSA
DOG,GERM SHEPHERD,TAN,Male,,2024-12-03,STRAY,OVER THE COUNTER,UNKNOWN,COUNTY
DOG,GERM SHEPHERD,TAN,Male,,2024-12-03,STRAY,OVER THE COUNTER,UNKNOWN,SANTA ROSA
DOG,ALASKAN HUSKY,WHITE/GRAY,Male,2022-12-16T00:00:00.000,2024-12-04,STRAY,FLD_STRAY,UNKNOWN,SANTA ROSA
DOG,SIBERIAN HUSKY,WHITE/GRAY,Male,,2024-12-04,STRAY,OVER THE COUNTER,UNKNOWN,COUNTY
DOG,PIT BULL,BLACK/TAN,Neutered,2023-01-10T00:00:00.000,2024-12-04,CONFISCATE,FLD_ABAND,HEALTHY,SANTA ROSA
DOG,GERM SHEPHERD,BLACK/TAN,Male,,2024-12-04,STRAY,OVER THE COUNTER,UNKNOWN,SANTA ROSA
DOG,PAPILLON/CHIHUAHUA LH,GOLD,Spayed,2020-12-07T00:00:00.000,2024-12-04,STRAY,OVER THE COUNTER,UNKNOWN,SANTA ROSA
DOG,GERM SHEPHERD,BLACK/TAN,Female,,2024-12-04,OWNER SURRENDER,FIELD,UNKNOWN,COUNTY
DOG,GERM SHEPHERD,BLACK,Female,2018-05-23T00:00:00.000,2024-12-04,OWNER SURRENDER,FIELD,UNKNOWN,COUNTY
OTHER,RABBIT SH,WHITE,Neutered,2024-07-08T00:00:00.000,2024-12-04,STRAY,FLD_STRAY,HEALTHY,SANTA ROSA
DOG,FRENCH BULLDOG,GRAY,Male,2023-06-24T00:00:00.000,2024-12-05,STRAY,FLD_STRAY,UNKNOWN,SANTA ROSA
DOG,PIT BULL/MIX,WHITE/BLACK,Male,2024-05-01T00:00:00.000,2024-12-05,STRAY,FLD_STRAY,UNKNOWN,COUNTY
CAT,DOMESTIC SH,ORG TABBY/WHITE,Male,,2024-12-06,STRAY,OVER THE COUNTER,HEALTHY,SANTA ROSA
DOG,PIT BULL/MIX,BLACK,Female,2019-12-06T00:00:00.000,2024-12-06,STRAY,OVER THE COUNTER,UNKNOWN,COUNTY
DOG,LABRADOR RETR,BLACK,Male,2024-10-07T00:00:00.000,2024-12-07,CONFISCATE,FLD_ARREST,UNKNOWN,COUNTY
DOG,CHIHUAHUA LH/MIX,BROWN,Male,2022-12-07T00:00:00.000,2024-12-07,STRAY,FLD_STRAY,UNKNOWN,SANTA ROSA
DOG,FOX TERR SMOOTH/MIX,WHITE/BLACK,Spayed,2021-04-04T00:00:00.000,2024-12-07,OWNER SURRENDER,OVER THE COUNTER,HEALTHY,COUNTY
DOG,PIT BULL/MIX,BLUE/WHITE,Male,2023-06-07T00:00:00.000,2024-12-07,STRAY,FLD_STRAY,UNKNOWN,SANTA ROSA
DOG,MASTIFF,BR BRINDLE/WHITE,Female,2024-09-01T00:00:00.000,2024-12-07,STRAY,FLD_STRAY,UNKNOWN,SANTA ROSA
DOG,MASTIFF,BL BRINDLE,Female,,2024-12-07,STRAY,FLD_STRAY,UNKNOWN,SANTA ROSA
DOG,MASTIFF,BL BRINDLE,Female,,2024-12-07,STRAY,FLD_STRAY,UNKNOWN,SANTA ROSA
DOG,MASTIFF,BR BRINDLE/WHITE,Female,,2024-12-07,STRAY,FLD_STRAY,UNKNOWN,SANTA ROSA
DOG,CHIHUAHUA SH,BROWN,Female,2017-08-08T00:00:00.000,2024-12-07,CONFISCATE,FLD_ARREST,UNKNOWN,SANTA ROSA
DOG,AUST CATTLE DOG/MIX,BLUE TICK/TAN,Neutered,2022-06-28T00:00:00.000,2024-12-08,CONFISCATE,FLD_ARREST,UNKNOWN,COUNTY
DOG,LABRADOR RETR,BROWN,Neutered,2022-12-12T00:00:00.000,2024-12-09,STRAY,FLD_STRAY,UNKNOWN,SANTA ROSA
CAT,DOMESTIC SH,ORG TABBY,Male,2024-03-18T00:00:00.000,2024-12-09,STRAY,FLD_STRAY,UNKNOWN,SANTA ROSA
DOG,POODLE MIN,WHITE,Male,,2024-12-09,STRAY,FLD_STRAY,UNKNOWN,SANTA ROSA
OTHER,RABBIT SH,WHITE/BROWN,Unknown,,2024-12-09,STRAY,FLD_STRAY,UNKNOWN,SANTA ROSA
DOG,PIT BULL/MIX,BLACK/WHITE,Neutered,2023-02-07T00:00:00.000,2024-12-10,ADOPTION RETURN,OVER THE COUNTER,UNKNOWN,SANTA ROSA
DOG,LABRADOR RETR/MIX,CHOCOLATE/WHITE,Male,,2024-12-10,STRAY,FLD_STRAY,UNKNOWN,COUNTY
DOG,DOBERMAN PINSCH,CHOCOLATE/TAN,Female,,2024-12-10,STRAY,FLD_STRAY,UNKNOWN,COUNTY
CAT,DOMESTIC LH,ORG TABBY,Neutered,2006-01-01T00:00:00.000,2024-12-10,STRAY,OVER THE COUNTER,UNKNOWN,SANTA ROSA
DOG,ALASKAN HUSKY,WHITE/BROWN,Female,2023-11-20T00:00:00.000,2024-12-10,STRAY,FLD_STRAY,UNKNOWN,SANTA ROSA
DOG,SCHNAUZER MIN,GRAY,Female,2019-04-15T00:00:00.000,2024-12-10,STRAY,FLD_STRAY,UNKNOWN,SANTA ROSA
DOG,GERM SHEPHERD/GOLDEN RETR,AGOUTI,Neutered,2016-07-07T00:00:00.000,2024-12-11,STRAY,OVER THE COUNTER,UNKNOWN,COUNTY
DOG,BORDER COLLIE/MIX,BLACK/WHITE,Female,2019-12-01T00:00:00.000,2024-12-11,STRAY,FLD_STRAY,UNKNOWN,COUNTY
CAT,DOMESTIC SH,WHITE/GRAY,Neutered,2022-12-11T00:00:00.000,2024-12-11,CONFISCATE,FLD_ARREST,HEALTHY,COUNTY
CAT,DOMESTIC SH,BLACK,Neutered,2020-01-03T00:00:00.000,2024-12-11,STRAY,OVER THE COUNTER,HEALTHY,SANTA ROSA
CAT,DOMESTIC SH,BLACK,Female,2024-10-27T00:00:00.000,2024-12-11,STRAY,OVER THE COUNTER,UNKNOWN,SANTA ROSA
CAT,DOMESTIC SH,BLACK,Female,2024-10-27T00:00:00.000,2024-12-11,STRAY,OVER THE COUNTER,UNKNOWN,SANTA ROSA
CAT,DOMESTIC SH,BLACK,Male,2024-10-27T00:00:00.000,2024-12-11,STRAY,OVER THE COUNTER,UNKNOWN,SANTA ROSA
DOG,GERM SHEPHERD/MIX,BLACK/TAN,Male,2016-11-23T00:00:00.000,2024-12-12,STRAY,FLD_STRAY,UNKNOWN,SANTA ROSA
DOG,GERM SHEPHERD,BLACK/TAN,Female,,2024-12-12,STRAY,OVER THE COUNTER,TREATABLE/MANAGEABLE,SANTA ROSA
CAT,DOMESTIC SH,CALICO,Spayed,2023-06-12T00:00:00.000,2024-12-12,STRAY,FLD_STRAY,HEALTHY,SANTA ROSA
DOG,BORDER TERRIER/MIX,TAN/BLACK,Unknown,,2024-12-12,STRAY,FLD_EMERGE,UNKNOWN,COUNTY
DOG,AUST SHEPHERD,BROWN/WHITE,Spayed,2023-11-15T00:00:00.000,2024-12-12,OWNER SURRENDER,FIELD,UNKNOWN,COUNTY
DOG,PIT BULL/MIX,BLACK/WHITE,Neutered,2024-09-12T00:00:00.000,2024-12-12,STRAY,OVER THE COUNTER,HEALTHY,SANTA ROSA
DOG,BELG MALINOIS/MIX,TAN,Female,2022-12-13T00:00:00.000,2024-12-13,STRAY,OVER THE COUNTER,UNKNOWN,SANTA ROSA
DOG,AUST CATTLE DOG/MIX,TRICOLOR,Neutered,2018-12-13T00:00:00.000,2024-12-13,STRAY,OVER THE COUNTER,UNKNOWN,COUNTY
DOG,GERM SHEPHERD/MIX,TAN/BLACK,Female,2019-08-01T00:00:00.000,2024-12-13,STRAY,PHONE,UNKNOWN,SANTA ROSA
CAT,DOMESTIC SH,GRAY,Neutered,2017-12-14T00:00:00.000,2024-12-14,STRAY,OVER THE COUNTER,UNKNOWN,SANTA ROSA
DOG,PUG/MIX,RED/BLACK,Male,2023-12-14T00:00:00.000,2024-12-14,STRAY,OVER THE COUNTER,UNKNOWN,SANTA ROSA
CAT,DOMESTIC MH,BLACK/WHITE,Neutered,2024-07-14T00:00:00.000,2024-12-14,STRAY,OVER THE COUNTER,HEALTHY,SANTA ROSA
CAT,DOMESTIC SH,BRN TABBY/WHITE,Neutered,2024-08-14T00:00:00.000,2024-12-14,STRAY,OVER THE COUNTER,UNKNOWN,SANTA ROSA
CAT,DOMESTIC SH,BLACK,Neutered,2024-08-14T00:00:00.000,2024-12-14,STRAY,OVER THE COUNTER,UNKNOWN,SANTA ROSA
DOG,TERRIER & MIX,RED,Spayed,2015-10-26T00:00:00.000,2024-12-14,STRAY,FLD_STRAY,UNKNOWN,COUNTY
DOG,MALTESE/POODLE MIN,WHITE,Female,2022-12-17T00:00:00.000,2024-12-15,STRAY,FLD_STRAY,UNKNOWN,SANTA ROSA
DOG,GERM SHEPHERD/MIX,RED/BROWN,Male,,2024-12-15,STRAY,FLD_STRAY,UNKNOWN,SANTA ROSA
DOG,LABRADOR RETR/MIX,BLACK,Female,2023-06-07T00:00:00.000,2024-12-16,STRAY,FLD_STRAY,UNKNOWN,SANTA ROSA
DOG,LABRADOR RETR/MIX,BLACK,Female,2023-12-08T00:00:00.000,2024-12-16,STRAY,FLD_STRAY,UNKNOWN,SANTA ROSA
DOG,GERM SHEPHERD,BROWN/BLACK,Male,,2024-12-16,STRAY,FLD_STRAY,UNKNOWN,COUNTY
DOG,TOY FOX TERRIER,BROWN/BLACK,Female,,2024-12-16,STRAY,FLD_STRAY,UNKNOWN,SANTA ROSA
DOG,AUST SHEPHERD,RED MERLE,Neutered,2017-04-01T00:00:00.000,2024-12-17,STRAY,FLD_STRAY,UNKNOWN,SANTA ROSA
DOG,BELG MALINOIS,TAN/BLACK,Female,2024-03-17T00:00:00.000,2024-12-17,STRAY,FLD_STRAY,UNKNOWN,SANTA ROSA
DOG,ENG BULLDOG,BROWN/WHITE,Female,2018-12-17T00:00:00.000,2024-12-17,STRAY,OVER THE COUNTER,UNKNOWN,SANTA ROSA
DOG,YORKSHIRE TERR,TAN/GRAY,Male,,2024-12-17,STRAY,FLD_STRAY,UNKNOWN,COUNTY
DOG,GERM SHEPHERD,BROWN/BLACK,Male,,2024-12-17,STRAY,FLD_STRAY,UNKNOWN,SANTA ROSA
DOG,SIBERIAN HUSKY,WHITE,Neutered,2023-12-18T00:00:00.000,2024-12-18,CONFISCATE,FLD_ARREST,HEALTHY,COUNTY
DOG,PIT BULL/MIX,RED/BLACK,Male,2016-07-25T00:00:00.000,2024-12-18,STRAY,FLD_STRAY,UNKNOWN,COUNTY
CAT,DOMESTIC SH,WHITE/GRAY,Spayed,,2024-12-18,STRAY,FLD_STRAY,UNKNOWN,COUNTY
CAT,DOMESTIC SH,BLACK/WHITE,Unknown,,2024-12-18,STRAY,FLD_STRAY,UNKNOWN,COUNTY
DOG,MALTESE/MIX,GRAY/BLACK,Neutered,2015-12-18T00:00:00.000,2024-12-18,STRAY,OVER THE COUNTER,UNKNOWN,COUNTY
CAT,DOMESTIC SH,BLACK,Male,2023-06-18T00:00:00.000,2024-12-18,STRAY,OVER THE COUNTER,UNKNOWN,COUNTY
DOG,CANE CORSO,GRAY,Male,2023-12-28T00:00:00.000,2024-12-18,STRAY,OVER THE COUNTER,UNKNOWN,COUNTY
DOG,PIT BULL,TAN,Female,,2024-12-18,STRAY,OVER THE COUNTER,UNKNOWN,COUNTY
CAT,DOMESTIC SH,BLACK,Neutered,2021-01-03T00:00:00.000,2024-12-19,STRAY,OVER THE COUNTER,HEALTHY,COUNTY
DOG,PIT BULL/MIX,GRAY/WHITE,Spayed,2024-08-04T00:00:00.000,2024-12-19,STRAY,FLD_STRAY,UNKNOWN,SANTA ROSA
CAT,DOMESTIC SH,GRAY,Neutered,2012-01-01T00:00:00.000,2024-12-19,OWNER SURRENDER,FIELD,UNKNOWN,SANTA ROSA
CAT,DOMESTIC SH,BLACK,Neutered,2018-06-01T00:00:00.000,2024-12-19,OWNER SURRENDER,FIELD,UNKNOWN,SANTA ROSA
DOG,GERM SHEPHERD/MIX,TAN/BROWN,Spayed,2019-01-10T00:00:00.000,2024-12-19,CONFISCATE,FLD_HOSPTL,UNKNOWN,COUNTY
DOG,PIT BULL,BROWN/WHITE,Female,,2024-12-19,STRAY,OVER THE COUNTER,UNKNOWN,SANTA ROSA
DOG,PIT BULL,BLUE/WHITE,Female,,2024-12-19,CONFISCATE,FLD_CRUEL,UNKNOWN,COUNTY
OTHER,GOOSE,WHITE,Unknown,,2024-12-19,STRAY,FLD_STRAY,UNKNOWN,SANTA ROSA
DOG,AUST CATTLE DOG,WHITE/BLACK,Male,2024-09-04T00:00:00.000,2024-12-19,STRAY,OVER THE COUNTER,UNKNOWN,SANTA ROSA
DOG,AUST CATTLE DOG,BROWN/WHITE,Neutered,2016-03-26T00:00:00.000,2024-12-20,STRAY,FLD_STRAY,UNKNOWN,COUNTY
DOG,CHOW CHOW,TAN,Female,2020-08-04T00:00:00.000,2024-12-20,CONFISCATE,FLD_HOSPTL,UNKNOWN,COUNTY
DOG,AKITA/MIX,TRICOLOR,Female,2024-08-20T00:00:00.000,2024-12-20,STRAY,OVER THE COUNTER,UNKNOWN,SANTA ROSA
DOG,CHIHUAHUA SH/MIX,WHITE/TAN,Male,2016-08-20T00:00:00.000,2024-12-20,STRAY,FLD_STRAY,UNKNOWN,SANTA ROSA
CAT,DOMESTIC SH,WHITE/BLACK,Male,,2024-12-20,STRAY,VET_HOSP,UNKNOWN,SANTA ROSA
DOG,GREAT PYRENEES,WHITE,Male,2023-06-20T00:00:00.000,2024-12-20,OWNER SURRENDER,OVER THE COUNTER,UNKNOWN,COUNTY
CAT,DOMESTIC SH,BLACK/WHITE,Female,2024-10-06T00:00:00.000,2024-12-21,OWNER SURRENDER,OVER THE COUNTER,UNKNOWN,COUNTY
CAT,DOMESTIC SH,BLACK/WHITE,Female,2024-10-06T00:00:00.000,2024-12-21,OWNER SURRENDER,OVER THE COUNTER,UNKNOWN,COUNTY
CAT,DOMESTIC SH,BLACK,Unknown,,2024-12-21,STRAY,VET_HOSP,UNKNOWN,SANTA ROSA
DOG,FRENCH BULLDOG,BLUE MERLE,Neutered,2023-01-13T00:00:00.000,2024-12-21,STRAY,OVER THE COUNTER,HEALTHY,SANTA ROSA
DOG,CATAHOULA/MIX,BR BRINDLE,Male,2024-07-21T00:00:00.000,2024-12-21,STRAY,OVER THE COUNTER,UNKNOWN,COUNTY
CAT,DOMESTIC SH,BLACK/WHITE,Female,,2024-12-21,STRAY,OVER THE COUNTER,UNKNOWN,SANTA ROSA
OTHER,CHICKEN,APRICOT,Unknown,,2024-12-21,CONFISCATE,FLD_CRUEL,UNKNOWN,COUNTY
OTHER,CHICKEN,APRICOT,Unknown,,2024-12-21,CONFISCATE,FLD_CRUEL,UNKNOWN,COUNTY
OTHER,CHICKEN,APRICOT,Unknown,,2024-12-21,CONFISCATE,FLD_CRUEL,UNKNOWN,COUNTY
OTHER,CHICKEN,APRICOT,Unknown,,2024-12-21,CONFISCATE,FLD_CRUEL,UNKNOWN,COUNTY
OTHER,CHICKEN,APRICOT,Unknown,,2024-12-21,CONFISCATE,FLD_CRUEL,UNKNOWN,COUNTY
OTHER,CHICKEN,APRICOT,Unknown,,2024-12-21,CONFISCATE,FLD_CRUEL,UNKNOWN,COUNTY
OTHER,CHICKEN,APRICOT,Unknown,,2024-12-21,CONFISCATE,FLD_CRUEL,UNKNOWN,COUNTY
OTHER,CHICKEN,APRICOT,Unknown,,2024-12-21,CONFISCATE,FLD_CRUEL,UNKNOWN,COUNTY
OTHER,CHICKEN,APRICOT,Unknown,,2024-12-21,CONFISCATE,FLD_CRUEL,UNKNOWN,COUNTY
OTHER,CHICKEN,APRICOT,Unknown,,2024-12-21,CONFISCATE,FLD_CRUEL,UNKNOWN,COUNTY
OTHER,CHICKEN,APRICOT,Unknown,,2024-12-21,CONFISCATE,FLD_CRUEL,UNKNOWN,COUNTY
OTHER,CHICKEN,APRICOT,Unknown,,2024-12-21,CONFISCATE,FLD_CRUEL,UNKNOWN,COUNTY
OTHER,CHICKEN,APRICOT,Unknown,,2024-12-21,CONFISCATE,FLD_CRUEL,UNKNOWN,COUNTY
OTHER,CHICKEN,GRAY,Unknown,,2024-12-21,CONFISCATE,FLD_CRUEL,UNKNOWN,COUNTY
DOG,BOXER/ST BERNARD SMTH,RED/WHITE,Female,2011-12-24T00:00:00.000,2024-12-23,STRAY,FLD_STRAY,UNKNOWN,SANTA ROSA
DOG,POODLE MIN,WHITE,Female,,2024-12-23,STRAY,FLD_STRAY,UNKNOWN,SANTA ROSA
DOG,POODLE MIN,WHITE,Male,,2024-12-23,STRAY,FLD_STRAY,UNKNOWN,SANTA ROSA
DOG,CHIHUAHUA SH,WHITE,Male,2022-06-24T00:00:00.000,2024-12-23,STRAY,FLD_STRAY,UNKNOWN,SANTA ROSA
CAT,DOMESTIC MH,BLACK/WHITE,Unknown,,2024-12-23,STRAY,FLD_STRAY,UNKNOWN,SANTA ROSA
DOG,SIBERIAN HUSKY,WHITE,Female,,2024-12-23,STRAY,FLD_STRAY,UNKNOWN,COUNTY
DOG,CHIHUAHUA SH,WHITE,Female,2012-02-04T00:00:00.000,2024-12-23,STRAY,FLD_STRAY,UNKNOWN,SANTA ROSA
DOG,QUEENSLAND HEEL,BLACK/WHITE,Neutered,2021-01-10T00:00:00.000,2024-12-24,STRAY,FLD_STRAY,UNKNOWN,SANTA ROSA
DOG,FRENCH BULLDOG,BLUE MERLE,Spayed,2021-12-26T00:00:00.000,2024-12-26,STRAY,OVER THE COUNTER,HEALTHY,SANTA ROSA
DOG,PIT BULL,BROWN/WHITE,Male,,2024-12-26,STRAY,FLD_STRAY,UNKNOWN,SANTA ROSA
DOG,GERM SHEPHERD,BLACK/BROWN,Male,2020-12-26T00:00:00.000,2024-12-26,STRAY,FLD_STRAY,UNKNOWN,COUNTY
OTHER,HOTOT,WHITE/BLACK,Female,2024-01-08T00:00:00.000,2024-12-26,STRAY,OVER THE COUNTER,UNKNOWN,COUNTY
DOG,ANATOL SHEPHERD,WHITE/CREAM,Spayed,2019-01-14T00:00:00.000,2024-12-26,QUARANTINE,FIELD,UNKNOWN,COUNTY
DOG,ANATOL SHEPHERD,WHITE/CREAM,Male,2019-01-14T00:00:00.000,2024-12-26,QUARANTINE,FIELD,UNKNOWN,COUNTY
DOG,CHIHUAHUA SH,BROWN,Male,,2024-12-26,STRAY,OVER THE COUNTER,UNKNOWN,SANTA ROSA
DOG,GERM SHEPHERD/MIX,TAN/BLACK,Male,2023-12-26T00:00:00.000,2024-12-26,STRAY,FLD_STRAY,UNKNOWN,SANTA ROSA
DOG,ROTTWEILER,BLACK/BROWN,Male,,2024-12-26,STRAY,OVER THE COUNTER,UNKNOWN,COUNTY
DOG,PIT BULL,BR BRINDLE,Female,2021-10-03T00:00:00.000,2024-12-26,STRAY,OVER THE COUNTER,UNKNOWN,SANTA ROSA
DOG,PARSON RUSS TER/MIX,BLACK,Neutered,2011-12-27T00:00:00.000,2024-12-27,STRAY,OVER THE COUNTER,UNKNOWN,SANTA ROSA
DOG,BEARDED COLLIE/MIX,TAN/BLACK,Neutered,2017-12-27T00:00:00.000,2024-12-27,STRAY,FLD_STRAY,UNKNOWN,COUNTY
DOG,BELG MALINOIS,TAN/BLACK,Spayed,2021-11-01T00:00:00.000,2024-12-27,CONFISCATE,FLD_CORONR,UNKNOWN,COUNTY
DOG,ALASK MALAMUTE/MIX,BLACK/WHITE,Neutered,2024-10-27T00:00:00.000,2024-12-27,STRAY,OVER THE COUNTER,UNKNOWN,SANTA ROSA
CAT,PERSIAN,TRICOLOR,Male,2017-03-07T00:00:00.000,2024-12-27,CONFISCATE,FLD_CRUEL,UNKNOWN,SANTA ROSA
CAT,PERSIAN,GRAY/WHITE,Male,2017-01-13T00:00:00.000,2024-12-27,CONFISCATE,FLD_CRUEL,UNKNOWN,SANTA ROSA
CAT,PERSIAN,WHITE/GRAY,Male,2018-02-06T00:00:00.000,2024-12-27,CONFISCATE,FLD_CRUEL,UNKNOWN,SANTA ROSA
CAT,PERSIAN,WHITE/BRN TABBY,Female,2013-01-14T00:00:00.000,2024-12-27,CONFISCATE,FLD_CRUEL,UNKNOWN,SANTA ROSA
CAT,EXOTIC SH,GRAY TABBY/WHITE,Female,2015-03-07T00:00:00.000,2024-12-27,CONFISCATE,FLD_CRUEL,UNKNOWN,SANTA ROSA
DOG,PIT BULL/MIX,BLACK/WHITE,Spayed,2023-02-06T00:00:00.000,2024-12-27,OWNER SURRENDER,OVER THE COUNTER,UNKNOWN,COUNTY
CAT,PERSIAN,WHITE/GRAY,Female,2014-01-13T00:00:00.000,2024-12-27,CONFISCATE,FLD_CRUEL,UNKNOWN,SANTA ROSA
CAT,PERSIAN,WHITE,Male,2016-03-07T00:00:00.000,2024-12-27,CONFISCATE,FLD_CRUEL,UNKNOWN,SANTA ROSA
CAT,PERSIAN,GRAY,Neutered,2015-01-14T00:00:00.000,2024-12-27,CONFISCATE,FLD_CRUEL,UNKNOWN,SANTA ROSA
CAT,PERSIAN,WHITE/BRN TABBY,Female,2021-01-13T00:00:00.000,2024-12-27,CONFISCATE,FLD_CRUEL,UNKNOWN,SANTA ROSA
CAT,PERSIAN,WHITE,Female,2013-01-14T00:00:00.000,2024-12-27,CONFISCATE,FLD_CRUEL,UNKNOWN,SANTA ROSA
CAT,PERSIAN,BRN TABBY/WHITE,Male,2024-01-06T00:00:00.000,2024-12-27,CONFISCATE,FLD_CRUEL,UNKNOWN,SANTA ROSA
CAT,PERSIAN,TORTIE,Female,2021-12-28T00:00:00.000,2024-12-27,CONFISCATE,FLD_CRUEL,UNKNOWN,SANTA ROSA
CAT,EXOTIC SH,GRAY TABBY/WHITE,Female,2021-12-28T00:00:00.000,2024-12-27,CONFISCATE,FLD_CRUEL,UNKNOWN,SANTA ROSA
CAT,EXOTIC SH,BRN TABBY,Male,2019-12-28T00:00:00.000,2024-12-27,CONFISCATE,FLD_CRUEL,UNKNOWN,SANTA ROSA
CAT,EXOTIC SH,GRAY TABBY,Female,2019-12-28T00:00:00.000,2024-12-27,CONFISCATE,FLD_CRUEL,UNKNOWN,SANTA ROSA
CAT,EXOTIC SH,BUFF,Female,2017-12-28T00:00:00.000,2024-12-27,CONFISCATE,FLD_CRUEL,UNKNOWN,SANTA ROSA
CAT,EXOTIC SH,WHITE/GRAY,Male,2017-12-28T00:00:00.000,2024-12-27,CONFISCATE,FLD_CRUEL,UNKNOWN,SANTA ROSA
CAT,EXOTIC SH,BRN TABBY,Male,2019-12-28T00:00:00.000,2024-12-27,CONFISCATE,FLD_CRUEL,UNKNOWN,SANTA ROSA
CAT,EXOTIC SH,WHITE/GRAY,Neutered,2019-12-28T00:00:00.000,2024-12-27,CONFISCATE,FLD_CRUEL,UNKNOWN,SANTA ROSA
DOG,AUST SHEPHERD/MIX,BLACK/WHITE,Neutered,2024-10-27T00:00:00.000,2024-12-27,OWNER SURRENDER,OVER THE COUNTER,UNKNOWN,COUNTY
DOG,AUST SHEPHERD/MIX,BLACK/WHITE,Neutered,2024-10-27T00:00:00.000,2024-12-27,OWNER SURRENDER,OVER THE COUNTER,UNKNOWN,COUNTY
DOG,AUST SHEPHERD/BORDER COLLIE,BROWN/WHITE,Neutered,2024-10-27T00:00:00.000,2024-12-27,OWNER SURRENDER,OVER THE COUNTER,UNKNOWN,COUNTY
DOG,AUST SHEPHERD/MIX,BROWN/WHITE,Neutered,2024-10-27T00:00:00.000,2024-12-27,OWNER SURRENDER,OVER THE COUNTER,UNKNOWN,COUNTY
DOG,AUST SHEPHERD/MIX,BLACK,Spayed,2024-10-27T00:00:00.000,2024-12-27,OWNER SURRENDER,OVER THE COUNTER,UNKNOWN,COUNTY
CAT,EXOTIC SH,GRAY/WHITE,Female,2024-01-18T00:00:00.000,2024-12-27,CONFISCATE,FLD_CRUEL,UNKNOWN,SANTA ROSA
CAT,EXOTIC SH,CALICO,Female,2019-12-28T00:00:00.000,2024-12-27,CONFISCATE,FLD_CRUEL,UNKNOWN,SANTA ROSA
DOG,AUST SHEPHERD/MIX,BLACK/WHITE,Female,2024-10-27T00:00:00.000,2024-12-27,OWNER SURRENDER,OVER THE COUNTER,UNKNOWN,COUNTY
DOG,AUST SHEPHERD/MIX,BLACK/WHITE,Female,2024-10-27T00:00:00.000,2024-12-27,OWNER SURRENDER,OVER THE COUNTER,UNKNOWN,COUNTY
DOG,GERM SHEPHERD,BLACK/WHITE,Female,2013-01-04T00:00:00.000,2024-12-27,STRAY,FLD_STRAY,UNKNOWN,SANTA ROSA
DOG,PIT BULL/BOXER,BROWN,Spayed,2021-11-06T00:00:00.000,2024-12-27,STRAY,FLD_STRAY,UNKNOWN,SANTA ROSA
DOG,AMER ESKIMO/MIX,WHITE,Male,,2024-12-28,STRAY,FLD_STRAY,UNKNOWN,COUNTY
CAT,DOMESTIC SH,BRN TABBY,Neutered,2022-12-28T00:00:00.000,2024-12-28,STRAY,FLD_STRAY,HEALTHY,OUT OF COUNTY
CAT,DOMESTIC SH,BLACK,Neutered,2022-12-28T00:00:00.000,2024-12-28,STRAY,FLD_STRAY,HEALTHY,OUT OF COUNTY
DOG,GERM SHEPHERD,TAN/BLACK,Male,2021-12-28T00:00:00.000,2024-12-28,OWNER SURRENDER,OVER THE COUNTER,UNKNOWN,COUNTY
DOG,GERM SHEPHERD,BLACK/TAN,Spayed,2024-09-28T00:00:00.000,2024-12-29,STRAY,FLD_STRAY,UNKNOWN,SANTA ROSA
OTHER,RABBIT SH,WHITE,Male,,2024-12-29,STRAY,FLD_STRAY,UNKNOWN,SANTA ROSA
DOG,DOBERMAN PINSCH,BROWN/RED,Neutered,2023-12-29T00:00:00.000,2024-12-29,STRAY,FLD_STRAY,UNKNOWN,SANTA ROSA
DOG,CHIHUAHUA SH/PARSON RUSS TER,WHITE/BROWN,Male,,2024-12-29,CONFISCATE,FLD_ARREST,UNKNOWN,SANTA ROSA
DOG,SCOT TERRIER,BLACK,Male,2023-11-02T00:00:00.000,2024-12-30,STRAY,FLD_STRAY,UNKNOWN,SANTA ROSA
CAT,DOMESTIC LH,BLACK,Unknown,,2024-12-30,STRAY,FLD_STRAY,UNKNOWN,COUNTY
DOG,SIBERIAN HUSKY,BLACK/WHITE,Male,,2024-12-30,STRAY,FLD_STRAY,UNKNOWN,SANTA ROSA
DOG,BORDER COLLIE/MIX,TRICOLOR,Male,2021-12-18T00:00:00.000,2024-12-30,STRAY,FLD_STRAY,UNKNOWN,SANTA ROSA
DOG,AUST SHEPHERD/MIX,BLACK/WHITE,Neutered,2024-10-27T00:00:00.000,2024-12-30,OWNER SURRENDER,OVER THE COUNTER,UNKNOWN,COUNTY
DOG,GERM SHEPHERD,BLACK/TAN,Neutered,2024-07-14T00:00:00.000,2024-12-30,CONFISCATE,FLD_ARREST,UNKNOWN,SANTA ROSA
DOG,AUST KELPIE/PIT BULL,BLACK/BROWN,Spayed,2022-02-05T00:00:00.000,2024-12-30,OWNER SURRENDER,FIELD,UNKNOWN,SANTA ROSA
DOG,GERM SHEPHERD,BR BRINDLE/WHITE,Spayed,2024-10-08T00:00:00.000,2024-12-30,OWNER SURRENDER,FIELD,UNKNOWN,SANTA ROSA
DOG,GERM SHEPHERD/MIX,BLACK/BROWN,Spayed,2024-10-08T00:00:00.000,2024-12-30,OWNER SURRENDER,FIELD,UNKNOWN,SANTA ROSA
DOG,GERM SHEPHERD/MIX,BLACK/BROWN,Neutered,2024-10-08T00:00:00.000,2024-12-30,OWNER SURRENDER,FIELD,UNKNOWN,SANTA ROSA
DOG,GERM SHEPHERD,BLACK/BROWN,Neutered,2024-10-08T00:00:00.000,2024-12-30,OWNER SURRENDER,FIELD,UNKNOWN,SANTA ROSA
DOG,GERM SHEPHERD,BLACK/BROWN,Neutered,2024-10-08T00:00:00.000,2024-12-30,OWNER SURRENDER,FIELD,UNKNOWN,SANTA ROSA
DOG,GERM SHEPHERD,BROWN/BLACK,Neutered,2024-10-08T00:00:00.000,2024-12-30,OWNER SURRENDER,FIELD,UNKNOWN,SANTA ROSA
DOG,GERM SHEPHERD/ROTTWEILER,BLACK/BROWN,Spayed,2024-08-27T00:00:00.000,2024-12-30,OWNER SURRENDER,FIELD,UNKNOWN,SANTA ROSA
CAT,DOMESTIC SH,ORANGE,Neutered,2023-11-02T00:00:00.000,2024-12-31,ADOPTION RETURN,OVER THE COUNTER,UNKNOWN,COUNTY
DOG,REDBONE HOUND,RED,Male,,2024-12-31,STRAY,FLD_STRAY,UNKNOWN,SANTA ROSA
OTHER,BAT,BROWN,Unknown,,2024-12-31,QUARANTINE,FIELD,UNKNOWN,SANTA ROSA
OTHER,DUCK,WHITE/RED,Female,,2024-12-31,STRAY,OVER THE COUNTER,UNKNOWN,SANTA ROSA
DOG,MASTIFF/LABRADOR RETR,BLACK/WHITE,Spayed,2016-04-20T00:00:00.000,2025-01-01,STRAY,FLD_STRAY,UNKNOWN,SANTA ROSA
DOG,GERM SHEPHERD,BLACK/TAN,Neutered,2023-07-01T00:00:00.000,2025-01-01,STRAY,FLD_STRAY,UNKNOWN,SANTA ROSA
DOG,LABRADOR RETR/MIX,BLACK,Neutered,,2025-01-01,CONFISCATE,FLD_ARREST,UNKNOWN,SANTA ROSA
DOG,CHIHUAHUA SH,BLACK/TAN,Female,,2025-01-01,STRAY,FLD_STRAY,UNKNOWN,COUNTY
DOG,ROTTWEILER,BLACK/BROWN,Male,2023-11-02T00:00:00.000,2025-01-02,STRAY,FLD_STRAY,UNKNOWN,SANTA ROSA
CAT,DOMESTIC SH,ORG TABBY,Male,2020-01-09T00:00:00.000,2025-01-02,OWNER SURRENDER,OVER THE COUNTER,UNKNOWN,SANTA ROSA
CAT,DOMESTIC SH,CALICO,Spayed,2023-01-07T00:00:00.000,2025-01-02,OWNER SURRENDER,OVER THE COUNTER,UNKNOWN,SANTA ROSA
CAT,DOMESTIC MH,ORG TABBY,Neutered,2024-01-29T00:00:00.000,2025-01-02,STRAY,FLD_STRAY,UNKNOWN,SANTA ROSA
CAT,DOMESTIC SH,BLACK/WHITE,Female,2024-11-22T00:00:00.000,2025-01-02,OWNER SURRENDER,OVER THE COUNTER,UNKNOWN,SANTA ROSA
CAT,DOMESTIC SH,BLACK/WHITE,Female,2024-11-22T00:00:00.000,2025-01-02,OWNER SURRENDER,OVER THE COUNTER,UNKNOWN,SANTA ROSA
CAT,DOMESTIC SH,BRN TABBY/WHITE,Female,2024-11-22T00:00:00.000,2025-01-02,OWNER SURRENDER,OVER THE COUNTER,UNKNOWN,SANTA ROSA
DOG,AUST SHEPHERD,BLACK/WHITE,Female,2023-07-03T00:00:00.000,2025-01-02,CONFISCATE,FLD_HOSPTL,UNKNOWN,COUNTY
DOG,GOLDEN RETR,CREAM,Female,2022-07-14T00:00:00.000,2025-01-02,CONFISCATE,FLD_CORONR,UNKNOWN,SANTA ROSA
DOG,GOLDEN RETR,GOLD,Male,2023-11-07T00:00:00.000,2025-01-02,CONFISCATE,FLD_CORONR,UNKNOWN,SANTA ROSA
CAT,DOMESTIC SH,BROWN/BLACK,Unknown,,2025-01-02,STRAY,OVER THE COUNTER,UNKNOWN,COUNTY
CAT,DOMESTIC LH,BLACK,Unknown,,2025-01-02,STRAY,OVER THE COUNTER,UNKNOWN,COUNTY
DOG,PIT BULL/MIX,BROWN,Spayed,2011-06-03T00:00:00.000,2025-01-02,STRAY,FLD_STRAY,UNKNOWN,SANTA ROSA
DOG,RAT TERRIER,BLACK/WHITE,Spayed,2013-04-05T00:00:00.000,2025-01-03,CONFISCATE,FLD_ARREST,UNKNOWN,SANTA ROSA
DOG,PIT BULL/LABRADOR RETR,BLACK/WHITE,Neutered,2021-12-25T00:00:00.000,2025-01-03,STRAY,FIELD,UNKNOWN,COUNTY
DOG,SHIH TZU,BLACK/WHITE,Spayed,2022-01-03T00:00:00.000,2025-01-03,STRAY,FLD_STRAY,UNKNOWN,SANTA ROSA
CAT,DOMESTIC SH,TORTIE/WHITE,Spayed,2024-03-15T00:00:00.000,2025-01-03,ADOPTION RETURN,OVER THE COUNTER,UNKNOWN,SANTA ROSA
DOG,LABRADOR RETR/MIX,BLACK,Spayed,2024-10-03T00:00:00.000,2025-01-03,STRAY,FLD_STRAY,UNKNOWN,SANTA ROSA
DOG,CHINESE SHARPEI/MIX,TAN,Male,,2025-01-03,STRAY,FLD_STRAY,UNKNOWN,SANTA ROSA
DOG,ALASK MALAMUTE/MIX,WHITE,Neutered,2024-09-03T00:00:00.000,2025-01-03,STRAY,OVER THE COUNTER,UNKNOWN,SANTA ROSA
CAT,DOMESTIC LH,GRAY,Spayed,2020-01-03T00:00:00.000,2025-01-03,CONFISCATE,FLD_ARREST,UNKNOWN,SANTA ROSA
CAT,DOMESTIC LH,WHITE/GRAY,Spayed,2022-01-03T00:00:00.000,2025-01-03,CONFISCATE,FLD_ARREST,UNKNOWN,SANTA ROSA
DOG,PIT BULL/MIX,WHITE/TAN,Spayed,2024-06-04T00:00:00.000,2025-01-04,STRAY,FLD_STRAY,UNKNOWN,COUNTY
DOG,PIT BULL,BROWN/WHITE,Spayed,2023-05-14T00:00:00.000,2025-01-04,QUARANTINE,FIELD,UNKNOWN,SANTA ROSA
CAT,DOMESTIC SH,BRN TABBY,Female,2024-11-04T00:00:00.000,2025-01-04,STRAY,OVER THE COUNTER,UNKNOWN,COUNTY
DOG,PIT BULL/MIX,WHITE/TAN,Spayed,2013-12-10T00:00:00.000,2025-01-04,STRAY,OVER THE COUNTER,UNKNOWN,SANTA ROSA
DOG,PIT BULL,BLUE,Male,2017-08-02T00:00:00.000,2025-01-04,QUARANTINE,FIELD,UNKNOWN,SANTA ROSA
CAT,DOMESTIC SH,BRN TABBY,Female,,2025-01-05,STRAY,FLD_STRAY,UNKNOWN,SANTA ROSA
DOG,BELG MALINOIS,BROWN/BLACK,Spayed,2024-04-07T00:00:00.000,2025-01-05,STRAY,FLD_STRAY,HEALTHY,COUNTY
OTHER,GUINEA PIG,TRICOLOR,Male,,2025-01-05,STRAY,FLD_STRAY,UNKNOWN,SANTA ROSA
OTHER,GUINEA PIG,TRICOLOR,Male,,2025-01-05,STRAY,FLD_STRAY,HEALTHY,SANTA ROSA
OTHER,GUINEA PIG,TRICOLOR,Male,,2025-01-05,STRAY,FLD_STRAY,HEALTHY,SANTA ROSA
OTHER,GUINEA PIG,TRICOLOR,Male,,2025-01-05,STRAY,FLD_STRAY,HEALTHY,SANTA ROSA
DOG,LABRADOR RETR/BORDER COLLIE,BLACK/WHITE,Female,2024-01-06T00:00:00.000,2025-01-06,STRAY,FLD_STRAY,UNKNOWN,COUNTY
DOG,LABRADOR RETR/BORDER COLLIE,BLACK/WHITE,Spayed,2024-01-06T00:00:00.000,2025-01-06,STRAY,FLD_STRAY,UNKNOWN,COUNTY
DOG,LABRADOR RETR/BORDER COLLIE,BLACK/WHITE,Spayed,2024-01-06T00:00:00.000,2025-01-06,STRAY,FLD_STRAY,UNKNOWN,COUNTY
DOG,GREAT PYRENEES/MIX,WHITE,Spayed,2021-02-06T00:00:00.000,2025-01-06,STRAY,VET_HOSP,HEALTHY,COUNTY
DOG,SHIH TZU,RED,Female,2023-08-19T00:00:00.000,2025-01-06,STRAY,FLD_STRAY,UNKNOWN,SANTA ROSA
DOG,PUG,WHITE/BLACK,Male,2022-01-07T00:00:00.000,2025-01-06,STRAY,FLD_STRAY,UNKNOWN,SANTA ROSA
DOG,BEAGLE/GERM SHEPHERD,BLACK/BROWN,Neutered,2019-07-05T00:00:00.000,2025-01-06,OWNER SURRENDER,FIELD,UNKNOWN,SANTA ROSA
DOG,GERM SHEPHERD/MIX,TAN/BLACK,Neutered,2023-08-07T00:00:00.000,2025-01-06,STRAY,FIELD,HEALTHY,COUNTY
DOG,GERM SHEPHERD,BLACK,Spayed,2018-07-06T00:00:00.000,2025-01-07,OWNER SURRENDER,OVER THE COUNTER,UNKNOWN,COUNTY
OTHER,BAT,BROWN,Unknown,,2025-01-07,QUARANTINE,FIELD,UNKNOWN,SANTA ROSA
DOG,SIBERIAN HUSKY,WHITE/BLACK,Spayed,2021-11-01T00:00:00.000,2025-01-07,STRAY,FLD_STRAY,UNKNOWN,SANTA ROSA
DOG,SIBERIAN HUSKY,WHITE/BLACK,Neutered,2021-09-06T00:00:00.000,2025-01-07,STRAY,FLD_STRAY,UNKNOWN,SANTA ROSA
DOG,PIT BULL,BR BRINDLE/WHITE,Male,2024-10-08T00:00:00.000,2025-01-07,STRAY,FLD_STRAY,UNKNOWN,COUNTY
DOG,STAFFORDSHIRE/MIX,FAWN/WHITE,Spayed,2023-01-08T00:00:00.000,2025-01-08,STRAY,FLD_STRAY,UNKNOWN,COUNTY
DOG,LABRADOR RETR/MIX,TAN/WHITE,Female,2024-04-01T00:00:00.000,2025-01-08,STRAY,FLD_STRAY,UNKNOWN,COUNTY
DOG,LABRADOR RETR/MIX,BLACK,Female,2023-06-07T00:00:00.000,2025-01-08,STRAY,OVER THE COUNTER,UNKNOWN,SANTA ROSA
CAT,DOMESTIC SH,GRAY,Neutered,2012-01-01T00:00:00.000,2025-01-08,OWNER SURRENDER,FIELD,UNKNOWN,SANTA ROSA
DOG,BEAGLE/MIX,BLACK,Female,2017-01-10T00:00:00.000,2025-01-08,STRAY,FLD_STRAY,UNKNOWN,SANTA ROSA
CAT,DOMESTIC LH,BLACK,Neutered,2024-03-14T00:00:00.000,2025-01-08,ADOPTION RETURN,OVER THE COUNTER,UNKNOWN,COUNTY
DOG,CHIHUAHUA SH,WHITE,Male,2013-01-23T00:00:00.000,2025-01-08,CONFISCATE,FLD_CORONR,UNKNOWN,SANTA ROSA
CAT,DOMESTIC SH,BRN TABBY,Neutered,2020-01-16T00:00:00.000,2025-01-08,CONFISCATE,FLD_CORONR,UNKNOWN,SANTA ROSA
DOG,CHIHUAHUA SH/AUST CATTLE DOG,WHITE/BLACK,Spayed,2016-03-01T00:00:00.000,2025-01-08,CONFISCATE,FLD_INVEST,UNKNOWN,SANTA ROSA
DOG,RAT TERRIER,BLACK/WHITE,Neutered,2013-01-23T00:00:00.000,2025-01-08,CONFISCATE,FLD_CORONR,UNKNOWN,SANTA ROSA
CAT,DOMESTIC SH,BRN TABBY,Neutered,2024-01-09T00:00:00.000,2025-01-08,QUARANTINE,OVER THE COUNTER,UNKNOWN,COUNTY
CAT,DOMESTIC SH,CALICO,Spayed,2014-05-17T00:00:00.000,2025-01-09,CONFISCATE,FLD_CORONR,UNKNOWN,SANTA ROSA
DOG,ALASK MALAMUTE,WHITE/GRAY,Neutered,2018-01-09T00:00:00.000,2025-01-09,STRAY,FLD_STRAY,UNKNOWN,SANTA ROSA
DOG,PIT BULL/MIX,WHITE/TAN,Spayed,2013-12-10T00:00:00.000,2025-01-09,STRAY,FLD_STRAY,UNKNOWN,SANTA ROSA
DOG,LABRADOR RETR/PIT BULL,BLACK,Male,2024-11-24T00:00:00.000,2025-01-09,STRAY,OVER THE COUNTER,UNKNOWN,SANTA ROSA
DOG,LABRADOR RETR/PIT BULL,BLACK/TAN,Female,2024-11-24T00:00:00.000,2025-01-09,STRAY,OVER THE COUNTER,UNKNOWN,SANTA ROSA
DOG,LABRADOR RETR/PIT BULL,BLACK,Male,2024-11-24T00:00:00.000,2025-01-09,STRAY,OVER THE COUNTER,UNKNOWN,SANTA ROSA
DOG,LABRADOR RETR/PIT BULL,CHOCOLATE,Female,2024-11-24T00:00:00.000,2025-01-09,STRAY,OVER THE COUNTER,UNKNOWN,SANTA ROSA
DOG,PIT BULL/MIX,FAWN/WHITE,Spayed,2024-09-10T00:00:00.000,2025-01-10,STRAY,FLD_STRAY,UNKNOWN,COUNTY
DOG,PIT BULL/MIX,BLUE/WHITE,Spayed,2024-09-10T00:00:00.000,2025-01-10,STRAY,FLD_STRAY,UNKNOWN,COUNTY
CAT,DOMESTIC SH,GRAY TABBY,Spayed,2021-06-06T00:00:00.000,2025-01-10,OWNER SURRENDER,OVER THE COUNTER,TREATABLE/MANAGEABLE,SANTA ROSA
DOG,LABRADOR RETR,BLACK,Male,2022-01-16T00:00:00.000,2025-01-10,STRAY,OVER THE COUNTER,UNKNOWN,COUNTY
OTHER,CHICKEN,BROWN/WHITE,Female,,2025-01-10,STRAY,FLD_STRAY,UNKNOWN,SANTA ROSA
DOG,SHIH TZU,WHITE,Female,,2025-01-11,CONFISCATE,FLD_CRUEL,UNKNOWN,COUNTY
DOG,DOBERMAN PINSCH,BLACK/TAN,Neutered,2024-10-11T00:00:00.000,2025-01-11,STRAY,FLD_STRAY,UNKNOWN,SANTA ROSA
DOG,DOBERMAN PINSCH,BLUE/RED,Neutered,2024-10-11T00:00:00.000,2025-01-11,STRAY,FLD_STRAY,UNKNOWN,SANTA ROSA
DOG,PIT BULL/MIX,TAN/WHITE,Neutered,2024-12-02T00:00:00.000,2025-01-11,STRAY,OVER THE COUNTER,UNKNOWN,SANTA ROSA
CAT,DOMESTIC LH,BLACK,Male,2024-01-16T00:00:00.000,2025-01-11,CONFISCATE,FLD_ARREST,UNKNOWN,COUNTY
DOG,TOY FOX TERRIER,WHITE,Male,2024-05-14T00:00:00.000,2025-01-11,CONFISCATE,FLD_CRUEL,UNKNOWN,SANTA ROSA
DOG,PUG/BEAGLE,AGOUTI,Neutered,2012-08-07T00:00:00.000,2025-01-11,STRAY,FLD_STRAY,UNKNOWN,SANTA ROSA
DOG,BORDER COLLIE,BLACK/WHITE,Neutered,2015-12-24T00:00:00.000,2025-01-12,CONFISCATE,FLD_HOSPTL,UNKNOWN,SANTA ROSA
DOG,POODLE MIN/MIX,TAN,Neutered,2020-01-18T00:00:00.000,2025-01-12,CONFISCATE,FLD_HOSPTL,UNKNOWN,SANTA ROSA
DOG,GERM SHEPHERD/MIX,BLACK/TAN,Male,,2025-01-12,STRAY,FIELD,UNKNOWN,COUNTY
OTHER,SHEEP,BROWN,Neutered,2023-01-23T00:00:00.000,2025-01-12,STRAY,FLD_STRAY,UNKNOWN,COUNTY
OTHER,SHEEP,WHITE,Neutered,2021-07-23T00:00:00.000,2025-01-12,STRAY,FLD_STRAY,UNKNOWN,COUNTY
OTHER,SHEEP,BROWN,Male,2023-01-23T00:00:00.000,2025-01-12,STRAY,FLD_STRAY,UNKNOWN,COUNTY
OTHER,SHEEP,WHITE,Neutered,2022-01-23T00:00:00.000,2025-01-12,STRAY,FLD_STRAY,UNKNOWN,COUNTY
OTHER,SHEEP,BLK SMOKE/WHITE,Female,2022-01-23T00:00:00.000,2025-01-12,STRAY,FLD_STRAY,UNKNOWN,COUNTY
OTHER,SHEEP,BROWN/GRAY,Female,2022-07-23T00:00:00.000,2025-01-12,STRAY,FLD_STRAY,UNKNOWN,COUNTY
OTHER,SHEEP,WHITE/BROWN,Female,2022-07-23T00:00:00.000,2025-01-12,STRAY,FLD_STRAY,UNKNOWN,COUNTY
OTHER,SHEEP,WHITE/BLACK,Neutered,2022-01-23T00:00:00.000,2025-01-12,STRAY,FLD_STRAY,UNKNOWN,COUNTY
DOG,GERM SHEPHERD,BLACK,Male,2020-11-08T00:00:00.000,2025-01-12,STRAY,FLD_STRAY,UNKNOWN,SANTA ROSA
DOG,CHIHUAHUA SH,GOLD/BROWN,Neutered,2014-02-13T00:00:00.000,2025-01-12,STRAY,FLD_STRAY,UNKNOWN,SANTA ROSA
DOG,PIT BULL/MIX,BUFF/WHITE,Neutered,2021-02-23T00:00:00.000,2025-01-13,STRAY,FLD_STRAY,UNKNOWN,SANTA ROSA
OTHER,BAT,BROWN,Unknown,,2025-01-13,QUARANTINE,FIELD,UNKNOWN,COUNTY
OTHER,BAT,BROWN,Unknown,,2025-01-13,QUARANTINE,FIELD,UNKNOWN,WINDSOR
DOG,PIT BULL,WHITE/BLACK,Spayed,2024-11-03T00:00:00.000,2025-01-13,STRAY,FLD_STRAY,UNKNOWN,COUNTY
DOG,POMERANIAN,FAWN,Neutered,2012-12-16T00:00:00.000,2025-01-13,CONFISCATE,FLD_CORONR,UNKNOWN,SANTA ROSA
DOG,GERM SHEPHERD/BEARDED COLLIE,BLACK,Neutered,2024-09-28T00:00:00.000,2025-01-13,STRAY,FLD_STRAY,UNKNOWN,SANTA ROSA
DOG,MALTESE,BLACK/WHITE,Female,2018-09-27T00:00:00.000,2025-01-13,STRAY,FLD_STRAY,UNKNOWN,SANTA ROSA
DOG,GERM SHEPHERD/MIX,RED/BLACK,Spayed,2022-07-24T00:00:00.000,2025-01-13,STRAY,FLD_STRAY,UNKNOWN,COUNTY
CAT,DOMESTIC MH,BRN TABBY,Neutered,2023-07-14T00:00:00.000,2025-01-14,STRAY,OVER THE COUNTER,HEALTHY,SANTA ROSA
CAT,DOMESTIC SH,BLACK,Neutered,2019-04-25T00:00:00.000,2025-01-14,STRAY,FLD_STRAY,UNKNOWN,COUNTY
CAT,DOMESTIC SH,TORTIE/BRN TABBY,Female,2021-01-21T00:00:00.000,2025-01-14,STRAY,OVER THE COUNTER,UNKNOWN,SANTA ROSA
CAT,DOMESTIC SH,BLACK/WHITE,Neutered,2024-01-14T00:00:00.000,2025-01-14,STRAY,OVER THE COUNTER,HEALTHY,SANTA ROSA
DOG,ALASKAN HUSKY,WHITE,Male,2021-02-28T00:00:00.000,2025-01-14,STRAY,FLD_STRAY,UNKNOWN,SANTA ROSA
CAT,DOMESTIC MH,BRN TABBY,Male,2023-07-14T00:00:00.000,2025-01-14,STRAY,EMAIL,UNKNOWN,COUNTY
DOG,LABRADOR RETR/MIX,BLACK,Female,2023-12-08T00:00:00.000,2025-01-15,CONFISCATE,FLD_ARREST,UNKNOWN,SANTA ROSA
DOG,CATAHOULA,BLUE MERLE,Spayed,2014-05-18T00:00:00.000,2025-01-15,CONFISCATE,FIELD,UNKNOWN,SANTA ROSA
DOG,CHIHUAHUA SH,BLACK/TAN,Spayed,2018-09-18T00:00:00.000,2025-01-15,CONFISCATE,FLD_HOSPTL,UNKNOWN,COUNTY
DOG,PIT BULL,BROWN,Female,,2025-01-15,STRAY,FLD_STRAY,UNKNOWN,COUNTY
DOG,PIT BULL,BLACK,Female,,2025-01-15,STRAY,FLD_STRAY,UNKNOWN,COUNTY
DOG,BORDER COLLIE,BLACK/WHITE,Male,2022-08-09T00:00:00.000,2025-01-16,CONFISCATE,FLD_ARREST,UNKNOWN,COUNTY
DOG,PIT BULL,GRAY/WHITE,Neutered,2024-11-01T00:00:00.000,2025-01-16,STRAY,FLD_STRAY,UNKNOWN,SANTA ROSA
DOG,BOXER,BROWN/WHITE,Neutered,2021-12-26T00:00:00.000,2025-01-16,CONFISCATE,FLD_ARREST,UNKNOWN,SANTA ROSA
DOG,LABRADOR RETR/PIT BULL,BR BRINDLE,Male,2015-01-17T00:00:00.000,2025-01-17,STRAY,OVER THE COUNTER,UNKNOWN,COUNTY
DOG,GERM SHEPHERD/MIX,TAN,Female,2022-01-17T00:00:00.000,2025-01-17,STRAY,FLD_STRAY,UNKNOWN,COUNTY
DOG,GERM SHEPHERD,TAN/BLACK,Female,2020-01-17T00:00:00.000,2025-01-17,STRAY,FLD_STRAY,UNKNOWN,COUNTY
OTHER,RABBIT LH,BROWN/BLACK,Male,2022-01-17T00:00:00.000,2025-01-17,STRAY,FLD_STRAY,UNKNOWN,SANTA ROSA
OTHER,DUCK,WHITE,Unknown,,2025-01-17,STRAY,RESCUE_GRP,UNKNOWN,*ROHNERT PARK
DOG,LABRADOR RETR/MIX,BLACK/TAN,Male,,2025-01-17,STRAY,FLD_STRAY,UNKNOWN,COUNTY
DOG,PIT BULL/MIX,BLACK/WHITE,Female,2022-01-17T00:00:00.000,2025-01-17,STRAY,FLD_STRAY,UNKNOWN,COUNTY
DOG,PIT BULL,BLACK/WHITE,Male,2021-01-17T00:00:00.000,2025-01-17,STRAY,OVER THE COUNTER,UNKNOWN,SANTA ROSA
CAT,DOMESTIC LH,BRN TABBY/WHITE,Neutered,2024-06-18T00:00:00.000,2025-01-18,STRAY,OVER THE COUNTER,UNKNOWN,COUNTY
CAT,DOMESTIC MH,TORTIE,Spayed,2020-01-18T00:00:00.000,2025-01-18,STRAY,FLD_STRAY,HEALTHY,SANTA ROSA
DOG,GERM SHEPHERD,TAN/BLACK,Male,2015-01-18T00:00:00.000,2025-01-18,STRAY,FLD_STRAY,UNKNOWN,SANTA ROSA
DOG,POODLE STND/MIX,GOLD,Male,2020-10-20T00:00:00.000,2025-01-18,STRAY,FLD_STRAY,UNKNOWN,SANTA ROSA
CAT,DOMESTIC SH,TORTIE/BRN TABBY,Female,2024-09-18T00:00:00.000,2025-01-18,STRAY,OVER THE COUNTER,UNKNOWN,SANTA ROSA
CAT,DOMESTIC SH,TORTIE/BRN TABBY,Female,2024-09-18T00:00:00.000,2025-01-18,STRAY,OVER THE COUNTER,UNKNOWN,SANTA ROSA
DOG,DOBERMAN PINSCH,RED/BROWN,Spayed,2022-01-18T00:00:00.000,2025-01-18,STRAY,OVER THE COUNTER,UNKNOWN,SANTA ROSA
DOG,PIT BULL/BEARDED COLLIE,BLACK/WHITE,Female,2020-01-18T00:00:00.000,2025-01-18,STRAY,OVER THE COUNTER,UNKNOWN,SANTA ROSA
DOG,LABRADOR RETR,YELLOW,Spayed,2020-03-18T00:00:00.000,2025-01-18,STRAY,FLD_STRAY,UNKNOWN,SANTA ROSA
CAT,RUSSIAN BLUE,GRAY,Spayed,2012-01-01T00:00:00.000,2025-01-18,OWNER SURRENDER,FIELD,UNKNOWN,SANTA ROSA
OTHER,RABBIT SH,BROWN,Neutered,2023-01-18T00:00:00.000,2025-01-18,STRAY,OVER THE COUNTER,HEALTHY,SANTA ROSA
DOG,ALASKAN HUSKY,WHITE,Neutered,2024-08-18T00:00:00.000,2025-01-18,STRAY,OVER THE COUNTER,UNKNOWN,SANTA ROSA
DOG,ALASKAN HUSKY,WHITE,Neutered,2024-08-18T00:00:00.000,2025-01-18,STRAY,OVER THE COUNTER,UNKNOWN,SANTA ROSA
DOG,CHIHUAHUA LH,WHITE/TAN,Spayed,2018-01-21T00:00:00.000,2025-01-19,CONFISCATE,FLD_HOSPTL,UNKNOWN,SANTA ROSA
DOG,LABRADOR RETR/MIX,BLACK,Male,2023-01-22T00:00:00.000,2025-01-19,STRAY,FLD_STRAY,UNKNOWN,COUNTY
DOG,CHIHUAHUA SH/MIX,RED/BLACK,Male,2018-01-21T00:00:00.000,2025-01-20,CONFISCATE,FLD_ARREST,HEALTHY,SANTA ROSA
DOG,PIT BULL,BROWN/WHITE,Female,2023-02-18T00:00:00.000,2025-01-21,STRAY,FLD_STRAY,UNKNOWN,SANTA ROSA
DOG,SHIH TZU,WHITE/TAN,Female,2023-01-22T00:00:00.000,2025-01-21,STRAY,OVER THE COUNTER,UNKNOWN,SANTA ROSA
CAT,DOMESTIC MH,WHITE,Male,2021-02-18T00:00:00.000,2025-01-21,STRAY,FLD_STRAY,UNKNOWN,COUNTY
DOG,SIBERIAN HUSKY,WHITE,Neutered,2020-01-21T00:00:00.000,2025-01-21,STRAY,OVER THE COUNTER,UNKNOWN,SANTA ROSA
DOG,SCHNAUZER MIN,WHITE/GRAY,Female,2018-12-12T00:00:00.000,2025-01-22,STRAY,FLD_STRAY,UNKNOWN,SANTA ROSA
CAT,DOMESTIC MH,GRAY,Spayed,2012-01-23T00:00:00.000,2025-01-22,STRAY,OVER THE COUNTER,UNKNOWN,SANTA ROSA
DOG,SIBERIAN HUSKY,BROWN/WHITE,Neutered,2018-01-21T00:00:00.000,2025-01-22,QUARANTINE,FIELD,UNKNOWN,COUNTY
DOG,GERM SHEPHERD/MIX,TAN,Spayed,2019-01-22T00:00:00.000,2025-01-22,STRAY,OVER THE COUNTER,UNKNOWN,SANTA ROSA
DOG,SIBERIAN HUSKY,BLACK/WHITE,Female,2024-03-24T00:00:00.000,2025-01-22,STRAY,FIELD,UNKNOWN,COUNTY
CAT,DOMESTIC SH,GRAY TABBY,Female,2022-01-22T00:00:00.000,2025-01-22,STRAY,OVER THE COUNTER,UNKNOWN,SANTA ROSA
CAT,DOMESTIC SH,CALICO,Female,2023-01-22T00:00:00.000,2025-01-22,STRAY,OVER THE COUNTER,UNKNOWN,SANTA ROSA
OTHER,BAT,BROWN,Unknown,,2025-01-23,QUARANTINE,FIELD,UNKNOWN,*ROHNERT PARK
DOG,ENG BULLDOG,BR BRINDLE,Male,2020-01-23T00:00:00.000,2025-01-23,STRAY,OVER THE COUNTER,UNKNOWN,COUNTY
DOG,CHIHUAHUA SH,GOLD,Neutered,2010-05-07T00:00:00.000,2025-01-24,STRAY,FIELD,UNKNOWN,SANTA ROSA
DOG,PIT BULL/MIX,BROWN,Neutered,2024-11-24T00:00:00.000,2025-01-24,STRAY,FLD_STRAY,UNKNOWN,SANTA ROSA
DOG,BELG MALINOIS/MIX,RED/BLACK,Spayed,2020-03-02T00:00:00.000,2025-01-24,ADOPTION RETURN,OVER THE COUNTER,UNKNOWN,SANTA ROSA
OTHER,SHEEP,BLACK/BROWN,Unknown,2025-01-24T00:00:00.000,2025-01-24,BORN HERE,MOM STRAY,UNKNOWN,SANTA ROSA
CAT,DOMESTIC SH,BRN TABBY,Neutered,2017-01-25T00:00:00.000,2025-01-24,STRAY,FIELD,UNKNOWN,SANTA ROSA
DOG,SIBERIAN HUSKY,WHITE/TAN,Spayed,2020-03-01T00:00:00.000,2025-01-24,STRAY,FLD_STRAY,UNKNOWN,SANTA ROSA
CAT,DOMESTIC SH,CALICO/WHITE,Spayed,2011-01-25T00:00:00.000,2025-01-24,CONFISCATE,FLD_CRUEL,UNKNOWN,SANTA ROSA
DOG,BELG MALINOIS,BLACK,Male,2022-01-24T00:00:00.000,2025-01-24,STRAY,FLD_STRAY,UNKNOWN,SANTA ROSA
DOG,PIT BULL,GRAY,Female,2024-01-24T00:00:00.000,2025-01-24,STRAY,FLD_STRAY,UNKNOWN,SANTA ROSA
DOG,AUST CATTLE DOG,BLUE,Female,,2025-01-24,CONFISCATE,FLD_ARREST,UNKNOWN,SANTA ROSA
DOG,CHIHUAHUA SH,BLACK/TAN,Male,,2025-01-24,CONFISCATE,FLD_ARREST,UNKNOWN,SANTA ROSA
DOG,GERM SHEPHERD,BLACK/BROWN,Male,2021-07-30T00:00:00.000,2025-01-25,QUARANTINE,FIELD,UNKNOWN,COUNTY
DOG,GERM SHEPHERD,BROWN,Female,2020-01-27T00:00:00.000,2025-01-25,CONFISCATE,FLD_CRUEL,UNTREATABLE,SANTA ROSA
DOG,GERM SHEPHERD/MIX,BROWN/BLACK,Male,,2025-01-25,STRAY,OVER THE COUNTER,UNKNOWN,SANTA ROSA
DOG,SIBERIAN HUSKY/MIX,BLACK/WHITE,Neutered,2024-07-25T00:00:00.000,2025-01-25,STRAY,FIELD,UNKNOWN,SANTA ROSA
CAT,DOMESTIC MH,CALICO/TRICOLOR,Spayed,,2025-01-25,STRAY,FIELD,UNKNOWN,SANTA ROSA
CAT,DOMESTIC SH,BRN TABBY,Male,,2025-01-27,STRAY,FLD_STRAY,UNKNOWN,COUNTY
DOG,FRENCH BULLDOG,BROWN/CREAM,Male,2021-01-28T00:00:00.000,2025-01-27,STRAY,FLD_STRAY,UNKNOWN,SANTA ROSA
DOG,ALASK KLEE KAI/MIX,GRAY/WHITE,Spayed,,2025-01-27,STRAY,FLD_STRAY,UNKNOWN,COUNTY
DOG,AKITA/WOLF,WHITE,Neutered,2024-03-24T00:00:00.000,2025-01-27,STRAY,FLD_STRAY,UNKNOWN,COUNTY
DOG,SAMOYED,WHITE,Neutered,2023-01-28T00:00:00.000,2025-01-27,STRAY,FLD_STRAY,UNKNOWN,COUNTY
DOG,DOBERMAN PINSCH,BLACK/BROWN,Male,,2025-01-27,STRAY,FLD_STRAY,UNKNOWN,SANTA ROSA
DOG,GERM SHEPHERD,BLACK/BROWN,Neutered,2022-03-06T00:00:00.000,2025-01-27,STRAY,FLD_STRAY,HEALTHY,COUNTY
CAT,DOMESTIC SH,BLACK/WHITE,Female,2024-07-04T00:00:00.000,2025-01-27,STRAY,FLD_STRAY,UNKNOWN,SANTA ROSA
DOG,BORDER COLLIE/MIX,BLACK,Male,,2025-01-27,CONFISCATE,FLD_ARREST,UNKNOWN,SANTA ROSA
DOG,PUG/SIBERIAN HUSKY,TAN,Male,2024-01-28T00:00:00.000,2025-01-28,STRAY,FIELD,UNKNOWN,SANTA ROSA
CAT,DOMESTIC SH,ORG TABBY,Neutered,2024-07-28T00:00:00.000,2025-01-28,STRAY,FIELD,HEALTHY,SANTA ROSA
DOG,AUST SHEPHERD/BORDER COLLIE,BROWN/WHITE,Neutered,2024-10-27T00:00:00.000,2025-01-28,ADOPTION RETURN,OVER THE COUNTER,UNKNOWN,OUT OF COUNTY
CAT,DOMESTIC MH,BLACK,Female,,2025-01-28,STRAY,PRIV_SHELT,UNKNOWN,SANTA ROSA
DOG,FRENCH BULLDOG,GRAY,Male,2021-12-21T00:00:00.000,2025-01-28,STRAY,FLD_STRAY,UNKNOWN,SANTA ROSA
DOG,PIT BULL,WHITE/CREAM,Spayed,2015-08-17T00:00:00.000,2025-01-28,STRAY,FLD_STRAY,UNKNOWN,SANTA ROSA
DOG,PIT BULL,WHITE/BROWN,Male,,2025-01-28,STRAY,FLD_STRAY,UNKNOWN,SANTA ROSA
DOG,MIN PINSCHER,RED,Female,2025-01-01T00:00:00.000,2025-01-28,STRAY,FLD_STRAY,UNKNOWN,SANTA ROSA
DOG,MIN PINSCHER,BLACK/TAN,Spayed,2024-11-28T00:00:00.000,2025-01-28,STRAY,FLD_STRAY,HEALTHY,SANTA ROSA
CAT,DOMESTIC MH,BLACK,Neutered,2024-09-29T00:00:00.000,2025-01-29,CONFISCATE,FLD_EVICT,UNKNOWN,COUNTY
CAT,DOMESTIC SH,BLACK,Neutered,2024-09-29T00:00:00.000,2025-01-29,CONFISCATE,FLD_EVICT,HEALTHY,COUNTY
CAT,DOMESTIC SH,BLACK,Spayed,2024-09-29T00:00:00.000,2025-01-29,CONFISCATE,FLD_EVICT,HEALTHY,COUNTY
CAT,DOMESTIC SH,BLACK,Neutered,2024-09-29T00:00:00.000,2025-01-29,CONFISCATE,FLD_EVICT,UNKNOWN,COUNTY
CAT,DOMESTIC SH,GRAY,Female,2021-01-29T00:00:00.000,2025-01-29,CONFISCATE,FLD_EVICT,HEALTHY,COUNTY
CAT,DOMESTIC SH,GRAY,Male,2023-01-29T00:00:00.000,2025-01-29,CONFISCATE,FLD_EVICT,UNKNOWN,COUNTY
DOG,AM PIT BULL TER/MIX,TAN/WHITE,Spayed,2022-12-19T00:00:00.000,2025-01-29,STRAY,OVER THE COUNTER,UNKNOWN,COUNTY
DOG,ENG BULLDOG/MIX,RED MERLE/WHITE,Spayed,2023-01-19T00:00:00.000,2025-01-29,STRAY,OVER THE COUNTER,UNKNOWN,COUNTY
DOG,ENG BULLDOG,BLUE MERLE,Spayed,2022-04-02T00:00:00.000,2025-01-29,STRAY,OVER THE COUNTER,UNKNOWN,COUNTY
CAT,SIAMESE,SEAL PT,Female,2023-01-29T00:00:00.000,2025-01-29,CONFISCATE,FLD_EVICT,UNKNOWN,COUNTY
CAT,DOMESTIC SH,WHITE,Neutered,2022-04-14T00:00:00.000,2025-01-29,STRAY,FLD_STRAY,HEALTHY,SANTA ROSA
CAT,DOMESTIC SH,GRAY TABBY,Male,2023-07-29T00:00:00.000,2025-01-29,QUARANTINE,FIELD,UNKNOWN,SANTA ROSA
DOG,PIT BULL/MIX,WHITE/BLACK,Female,2020-01-30T00:00:00.000,2025-01-30,CONFISCATE,FLD_ARREST,UNKNOWN,COUNTY
CAT,DOMESTIC SH,BLACK,Neutered,2022-01-30T00:00:00.000,2025-01-30,STRAY,OVER THE COUNTER,UNKNOWN,COUNTY
CAT,DOMESTIC SH,BLACK,Neutered,2024-08-30T00:00:00.000,2025-01-30,CONFISCATE,OVER THE COUNTER,UNKNOWN,COUNTY
DOG,DACHSHUND/CHIHUAHUA SH,BLACK/TAN,Male,,2025-01-30,STRAY,OVER THE COUNTER,UNKNOWN,COUNTY
DOG,PIT BULL,BROWN,Male,,2025-01-31,QUARANTINE,OVER THE COUNTER,UNKNOWN,OUT OF COUNTY
CAT,DOMESTIC SH,GRAY,Male,2023-01-31T00:00:00.000,2025-01-31,CONFISCATE,FLD_EVICT,UNKNOWN,COUNTY
OTHER,CHICKEN,WHITE,Female,,2025-01-31,OWNER SURRENDER,FIELD,UNKNOWN,SANTA ROSA
DOG,CHIHUAHUA SH,BROWN/TAN,Spayed,2023-01-10T00:00:00.000,2025-01-31,STRAY,OVER THE COUNTER,UNKNOWN,SANTA ROSA
DOG,AMERICAN STAFF/MIX,BLACK/WHITE,Spayed,2023-07-31T00:00:00.000,2025-01-31,STRAY,FIELD,UNKNOWN,SANTA ROSA
CAT,DOMESTIC SH,WHITE/BLACK,Neutered,2012-04-21T00:00:00.000,2025-02-01,OWNER SURRENDER,OVER THE COUNTER,UNKNOWN,*SONOMA
DOG,GREAT PYRENEES,WHITE/BLACK,Female,2024-08-04T00:00:00.000,2025-02-01,STRAY,FLD_STRAY,UNKNOWN,COUNTY
DOG,LABRADOR RETR/MIX,BLACK,Female,2023-12-08T00:00:00.000,2025-02-02,STRAY,FLD_STRAY,UNKNOWN,SANTA ROSA
DOG,LABRADOR RETR/MIX,BLACK,Female,2023-06-07T00:00:00.000,2025-02-02,STRAY,FLD_STRAY,UNKNOWN,SANTA ROSA
OTHER,PIG,WHITE/BLACK,Female,2024-07-01T00:00:00.000,2025-02-03,STRAY,FLD_STRAY,UNKNOWN,COUNTY
DOG,PUG,BROWN,Male,,2025-02-03,STRAY,FLD_STRAY,UNKNOWN,SANTA ROSA
DOG,PIT BULL/MIX,BLACK/WHITE,Neutered,2022-10-20T00:00:00.000,2025-02-03,STRAY,FLD_STRAY,UNKNOWN,HEALDSBURG
DOG,SIBERIAN HUSKY,RED/WHITE,Female,2022-02-18T00:00:00.000,2025-02-04,STRAY,FIELD,UNKNOWN,SANTA ROSA
DOG,JACK/MIX,TAN/WHITE,Male,,2025-02-04,STRAY,FIELD,UNKNOWN,SANTA ROSA
CAT,DOMESTIC SH,BLACK,Female,2015-02-04T00:00:00.000,2025-02-04,STRAY,OVER THE COUNTER,UNKNOWN,SANTA ROSA
DOG,ALASKAN HUSKY,WHITE,Neutered,2024-08-18T00:00:00.000,2025-02-05,ADOPTION RETURN,OVER THE COUNTER,UNKNOWN,COUNTY
DOG,GOLDEN RETR/ALASK MALAMUTE,BROWN/WHITE,Neutered,2022-02-05T00:00:00.000,2025-02-05,STRAY,FLD_STRAY,UNKNOWN,SANTA ROSA
CAT,DOMESTIC MH,ORG TABBY,Neutered,2021-02-05T00:00:00.000,2025-02-05,OWNER SURRENDER,FIELD,UNKNOWN,SANTA ROSA
DOG,DACHSHUND WH/MIX,RED/WHITE,Male,2021-04-29T00:00:00.000,2025-02-06,CONFISCATE,FLD_ARREST,UNKNOWN,SANTA ROSA
DOG,CHIHUAHUA SH/MIX,WHITE,Male,2018-02-06T00:00:00.000,2025-02-06,STRAY,OVER THE COUNTER,UNKNOWN,SANTA ROSA
CAT,DOMESTIC SH,BLACK/WHITE,Spayed,2016-02-06T00:00:00.000,2025-02-06,CONFISCATE,FLD_CORONR,UNKNOWN,COUNTY
CAT,DOMESTIC MH,CALICO,Spayed,2016-02-06T00:00:00.000,2025-02-06,CONFISCATE,FLD_CORONR,UNKNOWN,COUNTY
CAT,DOMESTIC SH,GRAY TABBY,Neutered,2018-02-08T00:00:00.000,2025-02-06,CONFISCATE,FLD_CORONR,UNKNOWN,COUNTY
CAT,DOMESTIC LH,CALICO,Female,2018-02-06T00:00:00.000,2025-02-06,CONFISCATE,FLD_EVICT,UNKNOWN,SANTA ROSA
DOG,MALTESE,WHITE,Male,2024-04-07T00:00:00.000,2025-02-07,CONFISCATE,FLD_HOSPTL,UNKNOWN,COUNTY
DOG,AKITA/GERM SHEPHERD,BLACK,Spayed,2011-04-05T00:00:00.000,2025-02-07,STRAY,OVER THE COUNTER,UNKNOWN,COUNTY
CAT,DOMESTIC SH,BLACK,Neutered,2024-02-14T00:00:00.000,2025-02-07,STRAY,OVER THE COUNTER,UNKNOWN,SANTA ROSA
DOG,CATAHOULA/MIX,WHITE/TAN,Neutered,2024-11-03T00:00:00.000,2025-02-07,STRAY,OVER THE COUNTER,HEALTHY,SANTA ROSA
CAT,DOMESTIC SH,GRAY/WHITE,Spayed,2023-06-07T00:00:00.000,2025-02-07,STRAY,OVER THE COUNTER,HEALTHY,SANTA ROSA
CAT,DOMESTIC LH,CALICO,Female,2018-02-07T00:00:00.000,2025-02-07,STRAY,OVER THE COUNTER,UNKNOWN,SANTA ROSA
DOG,PIT BULL,GRAY/WHITE,Female,,2025-02-07,STRAY,FLD_STRAY,UNKNOWN,SANTA ROSA
DOG,PIT BULL/MIX,WHITE/BLACK,Spayed,2022-02-07T00:00:00.000,2025-02-07,QUARANTINE,FIELD,UNKNOWN,COUNTY
DOG,GREAT PYRENEES,WHITE,Female,2023-10-02T00:00:00.000,2025-02-08,STRAY,FLD_STRAY,UNKNOWN,COUNTY
CAT,DOMESTIC SH,GRAY TABBY/WHITE,Female,2024-11-08T00:00:00.000,2025-02-08,STRAY,OVER THE COUNTER,UNKNOWN,SANTA ROSA
CAT,DOMESTIC SH,GRAY TABBY,Male,2024-11-08T00:00:00.000,2025-02-08,STRAY,OVER THE COUNTER,UNKNOWN,SANTA ROSA
CAT,DOMESTIC SH,ORANGE/WHITE,Male,2024-11-08T00:00:00.000,2025-02-08,STRAY,OVER THE COUNTER,UNKNOWN,SANTA ROSA
CAT,DOMESTIC SH,BLACK/WHITE,Male,2024-11-08T00:00:00.000,2025-02-08,STRAY,OVER THE COUNTER,UNKNOWN,SANTA ROSA
CAT,DOMESTIC SH,ORG TABBY,Male,2024-11-08T00:00:00.000,2025-02-08,STRAY,OVER THE COUNTER,UNKNOWN,SANTA ROSA
CAT,DOMESTIC MH,ORG TABBY,Neutered,2018-02-08T00:00:00.000,2025-02-08,STRAY,OVER THE COUNTER,UNKNOWN,SANTA ROSA
DOG,GERM SHEPHERD/MIX,BLACK/TAN,Neutered,2023-06-17T00:00:00.000,2025-02-08,STRAY,OVER THE COUNTER,UNKNOWN,COUNTY
DOG,PIT BULL,BROWN/BLACK,Male,2012-02-11T00:00:00.000,2025-02-09,STRAY,FLD_STRAY,UNKNOWN,COUNTY
CAT,DOMESTIC SH,BRN TABBY,Female,2022-02-11T00:00:00.000,2025-02-09,STRAY,FLD_STRAY,UNKNOWN,SANTA ROSA
DOG,RAT TERRIER,BLACK/WHITE,Spayed,2009-06-21T00:00:00.000,2025-02-09,CONFISCATE,FLD_HOSPTL,UNKNOWN,SANTA ROSA
DOG,MASTIFF,BROWN,Female,2023-02-10T00:00:00.000,2025-02-10,CONFISCATE,FLD_ARREST,UNKNOWN,SANTA ROSA
CAT,DOMESTIC MH,CHOCOLATE,Spayed,2022-02-10T00:00:00.000,2025-02-10,OWNER SURRENDER,FIELD,UNKNOWN,SANTA ROSA
DOG,PIT BULL/MIX,BR BRINDLE/BLACK,Female,,2025-02-10,STRAY,FIELD,UNKNOWN,SANTA ROSA
CAT,DOMESTIC SH,BLUE CREAM/WHITE,Spayed,,2025-02-10,STRAY,FIELD,UNKNOWN,SANTA ROSA
DOG,SCOT TERRIER,BLACK,Neutered,2018-02-11T00:00:00.000,2025-02-10,STRAY,FIELD,UNKNOWN,SANTA ROSA
DOG,BRUSS GRIFFON,BLACK,Male,2024-02-11T00:00:00.000,2025-02-11,CONFISCATE,FLD_ABAND,UNKNOWN,SANTA ROSA
DOG,GREAT DANE/MIX,BLACK/WHITE,Neutered,2024-07-11T00:00:00.000,2025-02-11,STRAY,FLD_STRAY,UNKNOWN,COUNTY
DOG,PIT BULL,BLACK/WHITE,Male,2021-01-17T00:00:00.000,2025-02-11,STRAY,OVER THE COUNTER,UNKNOWN,SANTA ROSA
DOG,GERM SHEPHERD,BROWN/BLACK,Male,,2025-02-12,STRAY,FLD_STRAY,UNKNOWN,COUNTY
DOG,PARSON RUSS TER/MIX,WHITE,Female,2023-02-01T00:00:00.000,2025-02-12,CONFISCATE,FLD_ABAND,UNKNOWN,SANTA ROSA
OTHER,BAT,BROWN,Unknown,,2025-02-13,QUARANTINE,FIELD,UNKNOWN,PETALUMA
DOG,JACK/MIX,WHITE,Neutered,2024-02-13T00:00:00.000,2025-02-13,STRAY,FLD_STRAY,UNKNOWN,SANTA ROSA
CAT,DOMESTIC SH,BLACK,Neutered,2023-08-13T00:00:00.000,2025-02-13,CONFISCATE,FLD_ABAND,UNKNOWN,SANTA ROSA
DOG,TIBETAN TERR,WHITE,Neutered,2022-08-19T00:00:00.000,2025-02-13,STRAY,FLD_STRAY,UNKNOWN,COUNTY
DOG,PIT BULL,BLACK/WHITE,Neutered,2024-10-14T00:00:00.000,2025-02-14,STRAY,FIELD,UNKNOWN,COUNTY
DOG,PIT BULL/MIX,BROWN,Male,2024-02-14T00:00:00.000,2025-02-14,STRAY,FLD_STRAY,UNKNOWN,COUNTY
CAT,DOMESTIC MH,BLACK/WHITE,Male,2023-08-14T00:00:00.000,2025-02-14,STRAY,OVER THE COUNTER,UNKNOWN,SANTA ROSA
CAT,DOMESTIC SH,TORTIE,Spayed,,2025-02-14,OWNER SURRENDER,FIELD,UNKNOWN,SANTA ROSA
DOG,SIBERIAN HUSKY,GRAY/WHITE,Male,2018-10-10T00:00:00.000,2025-02-14,STRAY,FLD_STRAY,UNKNOWN,SANTA ROSA
DOG,SIBERIAN HUSKY,BLACK/WHITE,Female,2017-11-10T00:00:00.000,2025-02-14,STRAY,FLD_STRAY,UNKNOWN,SANTA ROSA
DOG,GERM SHEPHERD,BROWN/BLACK,Male,2014-09-21T00:00:00.000,2025-02-14,STRAY,FLD_STRAY,UNKNOWN,COUNTY
DOG,ROTTWEILER/SIBERIAN HUSKY,BLACK/TAN,Neutered,2019-11-03T00:00:00.000,2025-02-14,CONFISCATE,FLD_ARREST,UNKNOWN,COUNTY
CAT,SIAMESE,LYNX PT,Neutered,2019-02-15T00:00:00.000,2025-02-15,STRAY,OVER THE COUNTER,UNKNOWN,SANTA ROSA
CAT,DOMESTIC SH,BLACK/WHITE,Spayed,2019-02-15T00:00:00.000,2025-02-15,STRAY,OVER THE COUNTER,UNKNOWN,SANTA ROSA
DOG,FRENCH BULLDOG,GRAY,Male,2021-12-21T00:00:00.000,2025-02-15,STRAY,FLD_STRAY,UNKNOWN,SANTA ROSA
DOG,CHIHUAHUA SH/MIX,BLACK,Spayed,2016-06-11T00:00:00.000,2025-02-16,CONFISCATE,FLD_CORONR,UNKNOWN,SANTA ROSA
OTHER,RABBIT SH,ORANGE/BROWN,Male,2021-02-21T00:00:00.000,2025-02-16,STRAY,FLD_STRAY,UNKNOWN,SANTA ROSA
DOG,FLAT COAT RETR/MIX,BLACK,Spayed,2023-09-25T00:00:00.000,2025-02-16,STRAY,FLD_STRAY,UNKNOWN,COUNTY
CAT,DOMESTIC SH,TORTIE,Female,,2025-02-17,CONFISCATE,FLD_CORONR,UNKNOWN,SANTA ROSA
CAT,DOMESTIC MH,BLACK,Neutered,2023-08-18T00:00:00.000,2025-02-18,STRAY,FIELD,UNKNOWN,COUNTY
DOG,PIT BULL,CHOCOLATE/WHITE,Male,2020-02-18T00:00:00.000,2025-02-18,STRAY,FIELD,UNKNOWN,COUNTY
DOG,LABRADOR RETR/MIX,TAN,Neutered,2024-02-18T00:00:00.000,2025-02-18,STRAY,FIELD,HEALTHY,SANTA ROSA
CAT,DOMESTIC SH,BLACK,Neutered,2022-02-18T00:00:00.000,2025-02-18,STRAY,OVER THE COUNTER,UNKNOWN,COUNTY
DOG,SIBERIAN HUSKY,BLACK/WHITE,Neutered,2022-02-18T00:00:00.000,2025-02-18,STRAY,FIELD,HEALTHY,SANTA ROSA
DOG,LABRADOR RETR/MIX,BLACK,Female,,2025-02-18,STRAY,OVER THE COUNTER,UNKNOWN,SANTA ROSA
DOG,AUST CATTLE DOG/MIX,BROWN/WHITE,Neutered,2024-10-18T00:00:00.000,2025-02-18,OWNER SURRENDER,OVER THE COUNTER,UNKNOWN,SANTA ROSA
DOG,AUST CATTLE DOG/MIX,BLUE MERLE,Neutered,2024-12-12T00:00:00.000,2025-02-18,OWNER SURRENDER,OVER THE COUNTER,UNKNOWN,SANTA ROSA
DOG,AUST CATTLE DOG/MIX,BLUE/WHITE,Spayed,2024-10-18T00:00:00.000,2025-02-18,OWNER SURRENDER,OVER THE COUNTER,UNKNOWN,SANTA ROSA
DOG,AUST CATTLE DOG/MIX,BLACK/TRICOLOR,Female,2024-10-18T00:00:00.000,2025-02-18,OWNER SURRENDER,OVER THE COUNTER,UNKNOWN,SANTA ROSA
DOG,AUST CATTLE DOG/MIX,BLACK/TRICOLOR,Female,2024-10-18T00:00:00.000,2025-02-18,OWNER SURRENDER,OVER THE COUNTER,UNKNOWN,SANTA ROSA
DOG,AUST CATTLE DOG/MIX,TAN/WHITE,Spayed,2024-10-18T00:00:00.000,2025-02-18,OWNER SURRENDER,OVER THE COUNTER,UNKNOWN,SANTA ROSA
DOG,AUST CATTLE DOG/MIX,BLACK/TRICOLOR,Female,2024-10-18T00:00:00.000,2025-02-18,OWNER SURRENDER,OVER THE COUNTER,UNKNOWN,SANTA ROSA
DOG,PIT BULL/MIX,TAN,Male,2023-02-18T00:00:00.000,2025-02-18,STRAY,OVER THE COUNTER,UNKNOWN,COUNTY
DOG,GERM SHEPHERD,TRICOLOR,Spayed,2025-01-05T00:00:00.000,2025-02-18,STRAY,OVER THE COUNTER,UNKNOWN,SANTA ROSA
DOG,ROTTWEILER/MIX,BLACK/TAN,Neutered,2023-02-26T00:00:00.000,2025-02-18,STRAY,FIELD,HEALTHY,COUNTY
DOG,PIT BULL/MIX,RED/WHITE,Female,2023-08-19T00:00:00.000,2025-02-19,STRAY,FLD_STRAY,UNKNOWN,SANTA ROSA
DOG,ENG BULLDOG/MIX,BROWN/WHITE,Male,2019-02-19T00:00:00.000,2025-02-19,STRAY,FLD_STRAY,UNKNOWN,SANTA ROSA
DOG,CHIHUAHUA SH,BROWN,Spayed,2009-02-25T00:00:00.000,2025-02-19,STRAY,FIELD,UNKNOWN,SANTA ROSA
CAT,DOMESTIC SH,BLUE CREAM/WHITE,Female,,2025-02-19,OWNER SURRENDER,FIELD,UNKNOWN,SANTA ROSA
DOG,BORDER COLLIE/MIX,TRICOLOR,Female,2023-01-01T00:00:00.000,2025-02-19,STRAY,OVER THE COUNTER,UNKNOWN,SANTA ROSA
CAT,DOMESTIC SH,BRN TABBY,Male,2016-02-20T00:00:00.000,2025-02-20,CONFISCATE,FLD_CORONR,UNKNOWN,COUNTY
DOG,PIT BULL/MIX,BR BRINDLE,Neutered,2023-08-28T00:00:00.000,2025-02-20,OWNER SURRENDER,OVER THE COUNTER,UNKNOWN,SANTA ROSA
CAT,DOMESTIC MH,CALICO,Spayed,2019-02-20T00:00:00.000,2025-02-20,STRAY,OVER THE COUNTER,UNKNOWN,SANTA ROSA
DOG,BORDER COLLIE,BLACK/WHITE,Male,2008-02-22T00:00:00.000,2025-02-21,STRAY,FLD_STRAY,UNKNOWN,SANTA ROSA
OTHER,GUINEA PIG,WHITE/BLACK,Female,,2025-02-21,STRAY,OVER THE COUNTER,UNKNOWN,SANTA ROSA
DOG,PIT BULL/AUST CATTLE DOG,BLACK/WHITE,Neutered,2024-01-02T00:00:00.000,2025-02-21,ADOPTION RETURN,OVER THE COUNTER,UNKNOWN,PETALUMA
CAT,DOMESTIC SH,ORG TABBY,Neutered,2018-02-21T00:00:00.000,2025-02-21,CONFISCATE,FLD_CORONR,HEALTHY,COUNTY
DOG,BEAGLE/MIX,BROWN/WHITE,Female,2023-02-21T00:00:00.000,2025-02-21,STRAY,FLD_STRAY,UNKNOWN,COUNTY
DOG,BEAGLE/MIX,BROWN/WHITE,Male,2025-02-05T00:00:00.000,2025-02-21,STRAY,FLD_STRAY,UNKNOWN,COUNTY
DOG,BEAGLE/MIX,BROWN/WHITE,Female,2025-02-05T00:00:00.000,2025-02-21,STRAY,FLD_STRAY,UNKNOWN,COUNTY
DOG,BEAGLE/MIX,TAN/WHITE,Male,2025-02-05T00:00:00.000,2025-02-21,STRAY,FLD_STRAY,UNKNOWN,COUNTY
DOG,BEAGLE/MIX,BROWN/WHITE,Male,2025-02-05T00:00:00.000,2025-02-21,STRAY,FLD_STRAY,UNKNOWN,COUNTY
DOG,BEAGLE/MIX,WHITE/BROWN,Female,2025-02-05T00:00:00.000,2025-02-21,STRAY,FLD_STRAY,UNKNOWN,COUNTY
CAT,DOMESTIC SH,GRAY/WHITE,Neutered,2022-02-22T00:00:00.000,2025-02-22,STRAY,OVER THE COUNTER,UNKNOWN,SANTA ROSA
DOG,BELG MALINOIS,BLACK,Male,2022-01-24T00:00:00.000,2025-02-22,STRAY,FLD_STRAY,UNKNOWN,SANTA ROSA
DOG,GERM SHEPHERD,TAN/BLACK,Male,,2025-02-22,CONFISCATE,FLD_HOSPTL,UNKNOWN,SANTA ROSA
OTHER,CHICKEN,GOLD,Female,,2025-02-22,STRAY,FLD_STRAY,UNKNOWN,COUNTY
CAT,DOMESTIC SH,BLACK,Neutered,2022-02-18T00:00:00.000,2025-02-22,STRAY,OVER THE COUNTER,UNKNOWN,COUNTY
DOG,AKITA/WOLF,WHITE,Neutered,2024-03-24T00:00:00.000,2025-02-22,CONFISCATE,FIELD,UNKNOWN,SANTA ROSA
DOG,SAMOYED,WHITE,Neutered,2023-01-28T00:00:00.000,2025-02-22,CONFISCATE,FIELD,UNKNOWN,SANTA ROSA
DOG,LABRADOR RETR/PIT BULL,BROWN/WHITE,Spayed,2016-04-26T00:00:00.000,2025-02-22,CONFISCATE,FLD_ARREST,UNKNOWN,SANTA ROSA
OTHER,GUINEA PIG,WHITE/BLACK,Male,2024-05-06T00:00:00.000,2025-02-23,STRAY,FLD_STRAY,HEALTHY,SANTA ROSA
OTHER,GUINEA PIG,WHITE/BLACK,Male,2023-03-06T00:00:00.000,2025-02-23,STRAY,FLD_STRAY,UNKNOWN,SANTA ROSA
OTHER,GUINEA PIG,BROWN/WHITE,Male,2024-05-06T00:00:00.000,2025-02-23,STRAY,FLD_STRAY,UNKNOWN,SANTA ROSA
DOG,PIT BULL/MIX,BLACK/WHITE,Male,2018-03-04T00:00:00.000,2025-02-23,STRAY,FLD_STRAY,UNKNOWN,COUNTY
DOG,BORDER COLLIE,BLACK/WHITE,Male,,2025-02-23,CONFISCATE,FLD_ARREST,UNKNOWN,SANTA ROSA
DOG,ALASKAN HUSKY,WHITE,Female,2023-08-24T00:00:00.000,2025-02-24,STRAY,FLD_STRAY,UNKNOWN,COUNTY
DOG,ALASKAN HUSKY,WHITE,Male,2023-08-24T00:00:00.000,2025-02-24,STRAY,FLD_STRAY,UNKNOWN,COUNTY
DOG,ENG BULLDOG/MIX,BROWN/WHITE,Male,2019-02-19T00:00:00.000,2025-02-24,STRAY,FLD_STRAY,UNKNOWN,SANTA ROSA
DOG,PIT BULL/MIX,RED/WHITE,Female,2023-08-19T00:00:00.000,2025-02-24,STRAY,FLD_STRAY,UNKNOWN,SANTA ROSA
DOG,GERM SHEPHERD,BLACK/TAN,Male,2024-12-24T00:00:00.000,2025-02-24,STRAY,FIELD,UNKNOWN,OUT OF COUNTY
DOG,FRENCH BULLDOG,BLUE/GRAY,Male,2023-04-20T00:00:00.000,2025-02-24,STRAY,FLD_STRAY,UNKNOWN,SANTA ROSA
DOG,POODLE TOY,WHITE,Male,2008-01-01T00:00:00.000,2025-02-25,CONFISCATE,FLD_CORONR,UNKNOWN,SANTA ROSA
DOG,GERM SHEPHERD,BLACK/BROWN,Female,2022-02-25T00:00:00.000,2025-02-25,STRAY,FIELD,UNKNOWN,OUT OF COUNTY
CAT,DOMESTIC SH,WHITE/BRN TABBY,Unknown,,2025-02-25,STRAY,FIELD,UNKNOWN,COUNTY
DOG,DACHSHUND WH/LHASA APSO,TAN,Male,2024-02-26T00:00:00.000,2025-02-26,STRAY,FIELD,UNKNOWN,SANTA ROSA
OTHER,GUINEA PIG,WHITE/BLACK,Female,2025-02-26T00:00:00.000,2025-02-26,BORN HERE,MOM STRAY,HEALTHY,COUNTY
OTHER,GUINEA PIG,TRICOLOR,Male,2025-02-26T00:00:00.000,2025-02-26,BORN HERE,MOM STRAY,HEALTHY,COUNTY
OTHER,GUINEA PIG,TRICOLOR,Male,2025-02-26T00:00:00.000,2025-02-26,BORN HERE,MOM STRAY,HEALTHY,COUNTY
DOG,STAFFORDSHIRE/MIX,FAWN/WHITE,Spayed,2023-01-08T00:00:00.000,2025-02-26,ADOPTION RETURN,OVER THE COUNTER,UNKNOWN,COUNTY
DOG,TIBETAN TERR,BLACK/WHITE,Neutered,2015-02-27T00:00:00.000,2025-02-27,STRAY,OVER THE COUNTER,HEALTHY,COUNTY
DOG,GERM SHEPHERD/SIBERIAN HUSKY,BLACK/TAN,Spayed,2019-04-12T00:00:00.000,2025-02-27,OWNER SURRENDER,OVER THE COUNTER,HEALTHY,SANTA ROSA
DOG,PIT BULL,TAN/WHITE,Male,2023-08-28T00:00:00.000,2025-02-28,STRAY,FLD_STRAY,UNKNOWN,SANTA ROSA
DOG,ENG BULLDOG/MIX,RED MERLE/WHITE,Spayed,2023-01-19T00:00:00.000,2025-02-28,STRAY,OVER THE COUNTER,UNKNOWN,COUNTY
DOG,ENG BULLDOG,BLUE MERLE,Spayed,2022-04-02T00:00:00.000,2025-02-28,STRAY,OVER THE COUNTER,UNKNOWN,COUNTY
DOG,AM PIT BULL TER/MIX,TAN/WHITE,Spayed,2022-12-19T00:00:00.000,2025-02-28,STRAY,OVER THE COUNTER,UNKNOWN,COUNTY
CAT,DOMESTIC SH,TORTIE,Spayed,,2025-02-28,OWNER SURRENDER,FIELD,TREATABLE/MANAGEABLE,SANTA ROSA
DOG,BOXER,BROWN/WHITE,Male,2016-03-01T00:00:00.000,2025-02-28,STRAY,FLD_STRAY,UNKNOWN,COUNTY
CAT,DOMESTIC SH,SLVR TABBY,Female,,2025-02-28,STRAY,FIELD,UNKNOWN,COUNTY
DOG,CHIHUAHUA SH,WHITE/TAN,Female,2022-06-01T00:00:00.000,2025-03-01,CONFISCATE,FLD_ARREST,UNKNOWN,COUNTY
DOG,PAPILLON,GRAY/WHITE,Female,2023-03-11T00:00:00.000,2025-03-01,CONFISCATE,FLD_ARREST,UNKNOWN,COUNTY
DOG,GERM SHEPHERD/MIX,TAN,Female,,2025-03-01,STRAY,FLD_STRAY,UNKNOWN,HEALDSBURG
DOG,CHIHUAHUA LH/SHIH TZU,BROWN/TRICOLOR,Spayed,2020-03-01T00:00:00.000,2025-03-01,STRAY,FLD_STRAY,UNKNOWN,COUNTY
DOG,LABRADOR RETR/MIX,BLACK,Female,2023-03-01T00:00:00.000,2025-03-01,STRAY,OVER THE COUNTER,HEALTHY,SANTA ROSA
DOG,GERM SHEPHERD,BLACK/TAN,Spayed,2024-09-28T00:00:00.000,2025-03-01,ADOPTION RETURN,OVER THE COUNTER,UNKNOWN,SANTA ROSA
DOG,BOSTON TERRIER,BLACK/WHITE,Spayed,2021-12-17T00:00:00.000,2025-03-01,CONFISCATE,FLD_HOSPTL,UNKNOWN,COUNTY
DOG,PIT BULL/MIX,BLACK/WHITE,Female,2022-06-01T00:00:00.000,2025-03-01,CONFISCATE,FLD_ARREST,UNKNOWN,SANTA ROSA
DOG,CAVALIER SPAN,BLACK/TAN,Neutered,,2025-03-03,CONFISCATE,FLD_CORONR,UNKNOWN,COUNTY
DOG,PIT BULL,GRAY/WHITE,Male,,2025-03-03,STRAY,FLD_STRAY,UNKNOWN,SANTA ROSA
DOG,POMERANIAN/MIX,RED/WHITE,Male,2024-03-14T00:00:00.000,2025-03-03,STRAY,FLD_STRAY,UNKNOWN,SANTA ROSA
DOG,GERM SHEPHERD,BROWN/BLACK,Spayed,2024-11-09T00:00:00.000,2025-03-03,STRAY,FIELD,UNKNOWN,SANTA ROSA
CAT,DOMESTIC LH,BLACK,Neutered,,2025-03-04,OWNER SURRENDER,FIELD,UNKNOWN,SANTA ROSA
CAT,DOMESTIC SH,BLUE CREAM,Spayed,,2025-03-04,OWNER SURRENDER,FIELD,HEALTHY,SANTA ROSA
DOG,STAFFORDSHIRE,WHITE/BROWN,Spayed,2015-11-30T00:00:00.000,2025-03-04,STRAY,FLD_STRAY,UNKNOWN,SANTA ROSA
DOG,STAFFORDSHIRE,BROWN/WHITE,Female,2018-03-18T00:00:00.000,2025-03-04,STRAY,FLD_STRAY,UNKNOWN,SANTA ROSA
DOG,BULL TERRIER,BL BRINDLE/WHITE,Female,2023-03-06T00:00:00.000,2025-03-04,STRAY,FIELD,UNKNOWN,SANTA ROSA
DOG,PIT BULL,BLACK/WHITE,Female,2023-03-04T00:00:00.000,2025-03-04,STRAY,FLD_STRAY,UNKNOWN,COUNTY
DOG,SIBERIAN HUSKY/GERM SHEPHERD,BLACK/TAN,Neutered,2024-01-29T00:00:00.000,2025-03-04,STRAY,FLD_STRAY,UNKNOWN,HEALDSBURG
CAT,DOMESTIC SH,GRAY/WHITE,Male,,2025-03-04,STRAY,FLD_STRAY,UNKNOWN,COUNTY
DOG,GERM SHEPHERD/MASTIFF,TAN/BLACK,Male,2016-03-05T00:00:00.000,2025-03-05,STRAY,FLD_STRAY,UNKNOWN,COUNTY
CAT,DOMESTIC SH,BLACK,Neutered,2021-03-13T00:00:00.000,2025-03-05,STRAY,FIELD,UNKNOWN,SANTA ROSA
DOG,BULL TERRIER,BR BRINDLE/WHITE,Spayed,2022-03-04T00:00:00.000,2025-03-05,STRAY,VET_HOSP,UNKNOWN,SANTA ROSA
CAT,DOMESTIC SH,WHITE/BLACK,Female,,2025-03-05,STRAY,VET_HOSP,UNKNOWN,COUNTY
CAT,DOMESTIC SH,BLACK/WHITE,Male,2023-05-01T00:00:00.000,2025-03-05,STRAY,VET_HOSP,UNKNOWN,COUNTY
DOG,AUST CATTLE DOG/MIX,TAN/WHITE,Spayed,2024-06-06T00:00:00.000,2025-03-06,STRAY,OVER THE COUNTER,HEALTHY,SANTA ROSA
DOG,GERM SHEPHERD,BLACK,Female,2021-03-06T00:00:00.000,2025-03-06,STRAY,OVER THE COUNTER,UNKNOWN,SANTA ROSA
CAT,DOMESTIC SH,BLACK/WHITE,Male,2022-03-06T00:00:00.000,2025-03-06,STRAY,OVER THE COUNTER,UNKNOWN,SANTA ROSA
DOG,GERM SHEPHERD,BROWN,Spayed,2020-07-23T00:00:00.000,2025-03-06,QUARANTINE,FIELD,UNKNOWN,SANTA ROSA
CAT,SPHYNX,AGOUTI,Male,2023-03-07T00:00:00.000,2025-03-07,CONFISCATE,FLD_ARREST,UNKNOWN,SANTA ROSA
CAT,DOMESTIC MH,BRN TABBY,Unknown,,2025-03-07,STRAY,FLD_STRAY,TREATABLE/MANAGEABLE,SANTA ROSA
DOG,GERM SHEPHERD,TAN/BLACK,Male,,2025-03-07,STRAY,FLD_STRAY,UNKNOWN,HEALDSBURG
CAT,DOMESTIC MH,BRN TABBY/WHITE,Spayed,2024-03-25T00:00:00.000,2025-03-07,STRAY,OVER THE COUNTER,UNKNOWN,COUNTY
DOG,ALASKAN HUSKY,WHITE,Male,2023-08-24T00:00:00.000,2025-03-07,OWNER SURRENDER,OVER THE COUNTER,UNKNOWN,COUNTY
DOG,ALASKAN HUSKY,WHITE,Female,2023-08-24T00:00:00.000,2025-03-07,OWNER SURRENDER,OVER THE COUNTER,UNKNOWN,COUNTY
DOG,GERM SHEPHERD,TAN/BLACK,Male,2024-08-08T00:00:00.000,2025-03-08,STRAY,OVER THE COUNTER,UNKNOWN,SANTA ROSA
DOG,CANE CORSO/MIX,BR BRINDLE,Female,2020-03-08T00:00:00.000,2025-03-08,STRAY,FLD_STRAY,UNKNOWN,COUNTY
DOG,CHIHUAHUA SH,TAN,Neutered,2012-11-15T00:00:00.000,2025-03-08,STRAY,FLD_STRAY,UNKNOWN,SANTA ROSA
DOG,SIBERIAN HUSKY,WHITE,Spayed,2018-12-20T00:00:00.000,2025-03-08,STRAY,OVER THE COUNTER,UNKNOWN,SANTA ROSA
DOG,POMERANIAN,RED/WHITE,Spayed,2018-02-10T00:00:00.000,2025-03-08,STRAY,FLD_STRAY,UNKNOWN,SANTA ROSA
DOG,BOSTON TERRIER,BLACK,Neutered,2017-10-04T00:00:00.000,2025-03-08,STRAY,OVER THE COUNTER,UNKNOWN,SANTA ROSA
DOG,ROTTWEILER,BLACK/RED,Female,,2025-03-09,STRAY,FLD_STRAY,UNKNOWN,SANTA ROSA
DOG,CHIHUAHUA SH/MIX,WHITE/CREAM,Male,2021-04-15T00:00:00.000,2025-03-09,CONFISCATE,FLD_HOSPTL,UNKNOWN,SANTA ROSA
DOG,PIT BULL/MIX,TAN/WHITE,Neutered,2023-09-27T00:00:00.000,2025-03-10,STRAY,FIELD,UNKNOWN,SANTA ROSA
CAT,DOMESTIC SH,BLACK,Male,,2025-03-10,STRAY,FIELD,UNKNOWN,SANTA ROSA
DOG,GERM SHEPHERD/MIX,BLACK/WHITE,Female,,2025-03-10,STRAY,FLD_STRAY,UNKNOWN,COUNTY
DOG,SCHNAUZER MIN/MIX,GRAY,Female,,2025-03-10,CONFISCATE,FLD_ARREST,UNKNOWN,COUNTY
DOG,GERM SHEPHERD/AUST CATTLE DOG,TAN,Female,2017-03-11T00:00:00.000,2025-03-11,CONFISCATE,FLD_CORONR,UNKNOWN,COUNTY
DOG,YORKSHIRE TERR/CHIHUAHUA SH,TAN,Male,2019-01-19T00:00:00.000,2025-03-11,STRAY,FLD_STRAY,UNKNOWN,COUNTY
OTHER,DOVE,WHITE,Unknown,,2025-03-11,STRAY,FLD_STRAY,UNKNOWN,SANTA ROSA
DOG,CHIHUAHUA SH,TAN,Male,2023-09-11T00:00:00.000,2025-03-11,STRAY,FIELD,UNKNOWN,SANTA ROSA
DOG,GERM SHEPHERD,TAN/BLACK,Male,2024-09-12T00:00:00.000,2025-03-11,STRAY,EMAIL,UNKNOWN,SANTA ROSA
CAT,MANX,BLACK/WHITE,Male,,2025-03-12,QUARANTINE,FIELD,UNKNOWN,COUNTY
CAT,DOMESTIC SH,BLACK/WHITE,Male,,2025-03-12,STRAY,FIELD,UNKNOWN,SANTA ROSA
CAT,DOMESTIC MH,GRAY TABBY,Spayed,2023-09-12T00:00:00.000,2025-03-12,STRAY,FIELD,UNKNOWN,COUNTY
DOG,CHIHUAHUA SH/PARSON RUSS TER,CREAM,Neutered,2012-06-05T00:00:00.000,2025-03-12,STRAY,FLD_STRAY,UNKNOWN,SANTA ROSA
OTHER,BAT,BLACK,Unknown,,2025-03-12,QUARANTINE,FIELD,UNKNOWN,WINDSOR
DOG,BEAGLE/MIX,TAN/WHITE,Male,2024-06-13T00:00:00.000,2025-03-12,STRAY,FLD_STRAY,UNKNOWN,SANTA ROSA
DOG,PIT BULL/MIX,BLUE/WHITE,Spayed,2024-12-13T00:00:00.000,2025-03-13,STRAY,OVER THE COUNTER,UNKNOWN,COUNTY
DOG,PIT BULL/MIX,BLACK/WHITE,Spayed,2024-12-13T00:00:00.000,2025-03-13,STRAY,OVER THE COUNTER,HEALTHY,COUNTY
DOG,PIT BULL/MIX,BLACK/WHITE,Spayed,2024-12-13T00:00:00.000,2025-03-13,STRAY,OVER THE COUNTER,UNKNOWN,COUNTY
DOG,ROTTWEILER,BROWN/BLACK,Male,2022-10-06T00:00:00.000,2025-03-13,STRAY,FIELD,UNKNOWN,SANTA ROSA
CAT,DOMESTIC SH,GRAY TABBY,Male,2023-09-14T00:00:00.000,2025-03-14,STRAY,FIELD,UNKNOWN,SANTA ROSA
DOG,PIT BULL,BLACK/WHITE,Male,2012-06-12T00:00:00.000,2025-03-14,CONFISCATE,FLD_HOSPTL,UNKNOWN,SANTA ROSA
CAT,DOMESTIC SH,GRAY/WHITE,Spayed,,2025-03-14,OWNER SURRENDER,FIELD,UNKNOWN,SANTA ROSA
OTHER,BAT,BROWN,Unknown,,2025-03-14,QUARANTINE,FIELD,UNKNOWN,SANTA ROSA
DOG,BOXER/MIX,WHITE/BLUE,Spayed,2024-10-15T00:00:00.000,2025-03-15,STRAY,FLD_STRAY,HEALTHY,SANTA ROSA
CAT,DOMESTIC SH,GRAY,Male,,2025-03-15,STRAY,OVER THE COUNTER,UNKNOWN,COUNTY
DOG,PIT BULL/MIX,BR BRINDLE/WHITE,Male,,2025-03-15,STRAY,FLD_STRAY,UNKNOWN,COUNTY
DOG,POODLE MIN,GRAY/WHITE,Male,2012-03-15T00:00:00.000,2025-03-15,STRAY,OVER THE COUNTER,UNKNOWN,SANTA ROSA
DOG,PIT BULL,BLUE/WHITE,Female,2016-03-15T00:00:00.000,2025-03-15,STRAY,OVER THE COUNTER,UNKNOWN,COUNTY
DOG,AUST SHEPHERD/MIX,WHITE/BROWN,Male,2024-06-15T00:00:00.000,2025-03-15,STRAY,OVER THE COUNTER,UNKNOWN,SANTA ROSA
DOG,DOBERMAN PINSCH,GRAY/BROWN,Female,,2025-03-15,STRAY,FLD_STRAY,UNKNOWN,SANTA ROSA
DOG,PIT BULL,GRAY,Male,2022-09-25T00:00:00.000,2025-03-15,OWNER SURRENDER,FIELD,UNKNOWN,COUNTY
DOG,GREAT PYRENEES/MIX,WHITE/BLACK,Neutered,2023-03-15T00:00:00.000,2025-03-15,STRAY,FLD_STRAY,UNKNOWN,COUNTY
DOG,DACHSHUND/MIX,BROWN,Female,2015-03-18T00:00:00.000,2025-03-17,STRAY,FLD_STRAY,UNKNOWN,SANTA ROSA
DOG,GREAT PYRENEES/SIBERIAN HUSKY,TAN,Neutered,2022-03-28T00:00:00.000,2025-03-17,STRAY,FIELD,HEALTHY,SANTA ROSA
DOG,AUST CATTLE DOG,BLACK/BROWN,Female,2022-03-17T00:00:00.000,2025-03-17,STRAY,FLD_STRAY,UNKNOWN,COUNTY
DOG,GERM SHEPHERD,BLACK/TAN,Neutered,2022-06-21T00:00:00.000,2025-03-17,OWNER SURRENDER,OVER THE COUNTER,UNKNOWN,SANTA ROSA
OTHER,GUINEA PIG,TRICOLOR,Unknown,,2025-03-17,STRAY,FLD_STRAY,UNKNOWN,COUNTY
DOG,LABRADOR RETR,YELLOW,Female,,2025-03-19,STRAY,FLD_STRAY,UNKNOWN,SANTA ROSA
DOG,ENG BULLDOG,BLUE MERLE,Spayed,2022-04-02T00:00:00.000,2025-03-19,STRAY,FLD_STRAY,UNKNOWN,COUNTY
DOG,AM PIT BULL TER/MIX,TAN/WHITE,Spayed,2022-12-19T00:00:00.000,2025-03-19,STRAY,FLD_STRAY,UNKNOWN,COUNTY
DOG,ENG BULLDOG/MIX,RED MERLE/WHITE,Spayed,2023-01-19T00:00:00.000,2025-03-19,STRAY,FLD_STRAY,UNKNOWN,COUNTY
CAT,DOMESTIC SH,GRAY,Spayed,2024-07-19T00:00:00.000,2025-03-19,STRAY,FLD_STRAY,HEALTHY,COUNTY
CAT,DOMESTIC SH,GRAY TABBY/WHITE,Neutered,,2025-03-19,STRAY,FLD_STRAY,UNKNOWN,SANTA ROSA
CAT,DOMESTIC SH,GRAY/WHITE,Male,,2025-03-19,STRAY,FLD_STRAY,UNKNOWN,SANTA ROSA
DOG,CHIHUAHUA SH,BLACK,Female,,2025-03-19,STRAY,OVER THE COUNTER,UNKNOWN,SANTA ROSA
DOG,GERM SHEPHERD/MIX,BLACK/WHITE,Spayed,2019-11-28T00:00:00.000,2025-03-20,STRAY,FIELD,HEALTHY,SANTA ROSA
DOG,GERM SHEPHERD/MIX,TRICOLOR/WHITE,Neutered,2019-11-28T00:00:00.000,2025-03-20,STRAY,FIELD,HEALTHY,SANTA ROSA
DOG,SIBERIAN HUSKY,GRAY/WHITE,Neutered,2022-04-26T00:00:00.000,2025-03-20,OWNER SURRENDER,OVER THE COUNTER,UNKNOWN,COUNTY
DOG,SIBERIAN HUSKY,GRAY/WHITE,Spayed,2022-04-26T00:00:00.000,2025-03-20,OWNER SURRENDER,OVER THE COUNTER,UNKNOWN,COUNTY
DOG,POINTER/MIX,WHITE/BLACK,Spayed,2021-01-09T00:00:00.000,2025-03-20,STRAY,FLD_STRAY,UNKNOWN,SANTA ROSA
DOG,POMERANIAN,BLACK/TAN,Neutered,2013-01-01T00:00:00.000,2025-03-20,STRAY,FIELD,HEALTHY,SANTA ROSA
DOG,LABRADOR RETR/MIX,TAN,Spayed,2015-03-21T00:00:00.000,2025-03-20,CONFISCATE,FLD_HOSPTL,UNKNOWN,SANTA ROSA
DOG,GREAT PYRENEES,WHITE,Unknown,,2025-03-20,STRAY,FLD_STRAY,UNKNOWN,COUNTY
DOG,GREAT PYRENEES,WHITE,Unknown,,2025-03-20,STRAY,FLD_STRAY,UNKNOWN,COUNTY
CAT,BENGAL/MIX,BRN TABBY,Neutered,2022-03-21T00:00:00.000,2025-03-21,STRAY,OVER THE COUNTER,UNKNOWN,SANTA ROSA
DOG,ALASK MALAMUTE,BLACK/WHITE,Male,,2025-03-21,STRAY,FLD_STRAY,UNKNOWN,HEALDSBURG
DOG,CAIRN TERRIER/MIX,RED,Male,2010-03-22T00:00:00.000,2025-03-21,STRAY,FLD_STRAY,UNKNOWN,COUNTY
DOG,CHIHUAHUA SH/MIX,CREAM/WHITE,Male,2019-03-21T00:00:00.000,2025-03-21,STRAY,OVER THE COUNTER,UNKNOWN,COUNTY
DOG,CHIHUAHUA SH/MIX,BROWN/BLACK,Female,2019-03-21T00:00:00.000,2025-03-21,STRAY,OVER THE COUNTER,UNKNOWN,COUNTY
DOG,WELSH CORGI CAR/MIX,BR BRINDLE,Neutered,2009-11-13T00:00:00.000,2025-03-21,STRAY,FLD_STRAY,UNKNOWN,COUNTY
OTHER,BAT,BROWN,Unknown,,2025-03-21,QUARANTINE,FIELD,UNKNOWN,COUNTY
CAT,DOMESTIC MH,CALICO,Spayed,2019-02-20T00:00:00.000,2025-03-22,ADOPTION RETURN,OVER THE COUNTER,UNKNOWN,SANTA ROSA
CAT,DOMESTIC SH,WHITE/GRAY,Male,2024-03-22T00:00:00.000,2025-03-22,STRAY,FLD_STRAY,UNKNOWN,COUNTY
DOG,ROTTWEILER/MIX,BLACK/RED,Spayed,2023-06-30T00:00:00.000,2025-03-22,STRAY,FLD_STRAY,UNKNOWN,COUNTY
DOG,GERM SHEPHERD/MIX,TAN/WHITE,Male,,2025-03-22,STRAY,FLD_STRAY,UNKNOWN,COUNTY
DOG,ALASKAN HUSKY,BROWN/WHITE,Female,2020-02-21T00:00:00.000,2025-03-23,CONFISCATE,FLD_ARREST,UNKNOWN,SANTA ROSA
DOG,GERM SHEPHERD,BLACK,Male,,2025-03-23,STRAY,FLD_STRAY,UNKNOWN,SANTA ROSA
DOG,POMERANIAN/CHIHUAHUA LH,TAN/WHITE,Male,2024-02-05T00:00:00.000,2025-03-24,STRAY,FLD_STRAY,UNKNOWN,SANTA ROSA
DOG,SIBERIAN HUSKY,WHITE/WHITE,Neutered,2021-03-26T00:00:00.000,2025-03-25,STRAY,PHONE,UNKNOWN,COUNTY
CAT,DOMESTIC LH,WHITE/BLACK,Spayed,2013-03-25T00:00:00.000,2025-03-25,STRAY,FLD_STRAY,UNKNOWN,SANTA ROSA
DOG,SCHNAUZER MIN/MIX,BLACK/WHITE,Spayed,2019-03-27T00:00:00.000,2025-03-25,STRAY,FLD_STRAY,UNKNOWN,SANTA ROSA
DOG,BEAGLE,BROWN/WHITE,Male,,2025-03-25,STRAY,FLD_STRAY,UNKNOWN,COUNTY
DOG,PIT BULL/LABRADOR RETR,BLACK,Spayed,2015-03-25T00:00:00.000,2025-03-25,STRAY,FLD_STRAY,UNKNOWN,COUNTY
DOG,PIT BULL,TAN/WHITE,Male,,2025-03-26,STRAY,FLD_EMERGE,UNKNOWN,COUNTY
DOG,FRENCH BULLDOG/MIX,WHITE/RED MERLE,Male,2023-01-16T00:00:00.000,2025-03-26,STRAY,OVER THE COUNTER,UNKNOWN,SANTA ROSA
DOG,MIN PINSCHER/MIX,BROWN/TAN,Male,2021-12-26T00:00:00.000,2025-03-26,CONFISCATE,FLD_ARREST,UNKNOWN,COUNTY
DOG,PHARAOH HOUND/MIX,BLACK,Neutered,2023-02-10T00:00:00.000,2025-03-26,STRAY,FLD_STRAY,HEALTHY,COUNTY
DOG,GERM SHEPHERD,TAN/BLACK,Neutered,2024-09-24T00:00:00.000,2025-03-26,STRAY,FLD_STRAY,UNKNOWN,COUNTY
DOG,LABRADOR RETR/MIX,BLACK/WHITE,Spayed,2024-06-04T00:00:00.000,2025-03-26,STRAY,OVER THE COUNTER,HEALTHY,SANTA ROSA
DOG,CHIHUAHUA SH,WHITE,Female,,2025-03-26,STRAY,FLD_STRAY,HEALTHY,SANTA ROSA
DOG,CANE CORSO/PIT BULL,GRAY/WHITE,Male,2023-03-26T00:00:00.000,2025-03-26,QUARANTINE,FIELD,UNKNOWN,SANTA ROSA
DOG,GREAT DANE/RHOD RIDGEBACK,BLACK/WHITE,Male,2024-07-26T00:00:00.000,2025-03-26,QUARANTINE,FIELD,UNKNOWN,SANTA ROSA
DOG,GERM SHEPHERD,TAN/BLACK,Female,2019-09-27T00:00:00.000,2025-03-27,OWNER SURRENDER,OVER THE COUNTER,UNKNOWN,COUNTY
DOG,CHIHUAHUA SH,WHITE,Unknown,2025-03-27T00:00:00.000,2025-03-27,BORN HERE,MOM STRAY,UNKNOWN,SANTA ROSA
DOG,CHIHUAHUA SH,WHITE,Unknown,2025-03-27T00:00:00.000,2025-03-27,BORN HERE,MOM STRAY,UNKNOWN,SANTA ROSA
DOG,CHIHUAHUA SH,BLACK,Unknown,2025-03-27T00:00:00.000,2025-03-27,BORN HERE,MOM STRAY,UNKNOWN,SANTA ROSA
DOG,GERM SHEPHERD/MIX,BLACK/BROWN,Neutered,2024-01-27T00:00:00.000,2025-03-27,OWNER SURRENDER,OVER THE COUNTER,UNKNOWN,COUNTY
DOG,CHIHUAHUA SH,BLACK/WHITE,Spayed,2021-11-13T00:00:00.000,2025-03-27,CONFISCATE,FLD_HOSPTL,UNKNOWN,SANTA ROSA
CAT,DOMESTIC SH,BRN TABBY,Spayed,2024-05-27T00:00:00.000,2025-03-27,STRAY,OVER THE COUNTER,HEALTHY,SANTA ROSA
OTHER,CHICKEN,BLACK/GRAY,Male,,2025-03-28,STRAY,FLD_STRAY,UNKNOWN,COUNTY
OTHER,CHICKEN,BLACK/RED,Male,,2025-03-28,STRAY,FLD_STRAY,UNKNOWN,COUNTY
OTHER,CHICKEN,GOLD,Male,,2025-03-28,STRAY,FLD_STRAY,UNKNOWN,COUNTY
CAT,DOMESTIC SH,BRN TABBY,Spayed,2009-07-21T00:00:00.000,2025-03-28,STRAY,FIELD,UNKNOWN,*SONOMA
DOG,LABRADOR RETR/PIT BULL,BROWN/WHITE,Spayed,2016-04-26T00:00:00.000,2025-03-28,STRAY,FLD_STRAY,HEALTHY,SANTA ROSA
CAT,DOMESTIC SH,CALICO,Spayed,,2025-03-28,STRAY,OVER THE COUNTER,HEALTHY,SANTA ROSA
DOG,PIT BULL/MIX,BLACK/WHITE,Neutered,2023-03-29T00:00:00.000,2025-03-29,STRAY,FLD_STRAY,UNKNOWN,COUNTY
CAT,DOMESTIC SH,GRAY/WHITE,Spayed,2023-10-07T00:00:00.000,2025-03-29,STRAY,OVER THE COUNTER,HEALTHY,COUNTY
DOG,PIT BULL/MIX,BLACK/WHITE,Female,2024-04-01T00:00:00.000,2025-03-29,STRAY,EMAIL,UNKNOWN,HEALDSBURG
DOG,PIT BULL,GRAY/WHITE,Female,2021-03-30T00:00:00.000,2025-03-30,STRAY,FIELD,UNKNOWN,COUNTY
DOG,LABRADOR RETR,BLACK,Spayed,2021-04-01T00:00:00.000,2025-04-01,CONFISCATE,FLD_ARREST,UNKNOWN,SANTA ROSA
CAT,DOMESTIC SH,BRN TABBY,Neutered,2019-04-01T00:00:00.000,2025-04-01,STRAY,FLD_STRAY,UNKNOWN,SANTA ROSA
DOG,PIT BULL,BLACK/WHITE,Spayed,2023-04-05T00:00:00.000,2025-04-01,STRAY,FLD_STRAY,UNKNOWN,SANTA ROSA
DOG,FRENCH BULLDOG,GRAY/WHITE,Female,2022-04-01T00:00:00.000,2025-04-01,STRAY,FLD_STRAY,UNKNOWN,SANTA ROSA
OTHER,PIGEON,WHITE,Unknown,,2025-04-01,STRAY,FLD_STRAY,UNKNOWN,SANTA ROSA
OTHER,BAT,BROWN,Unknown,,2025-04-01,QUARANTINE,FIELD,UNKNOWN,SANTA ROSA
DOG,AUST SHEPHERD/MIX,BLACK/WHITE,Spayed,2021-04-01T00:00:00.000,2025-04-01,STRAY,FLD_STRAY,HEALTHY,SANTA ROSA
DOG,PIT BULL,BROWN/WHITE,Male,2024-12-01T00:00:00.000,2025-04-01,STRAY,EMAIL,UNKNOWN,COUNTY
DOG,PIT BULL/GERM SHEPHERD,FAWN/WHITE,Neutered,2019-04-13T00:00:00.000,2025-04-01,STRAY,FLD_STRAY,UNKNOWN,SANTA ROSA
OTHER,BAT,BROWN,Unknown,,2025-04-01,QUARANTINE,FIELD,UNKNOWN,PETALUMA
OTHER,PARAKEET,GREEN/GRAY,Female,,2025-04-01,STRAY,FIELD,HEALTHY,SANTA ROSA
CAT,DOMESTIC SH,BRN TABBY,Female,2024-04-01T00:00:00.000,2025-04-01,STRAY,EMAIL,UNKNOWN,SANTA ROSA
DOG,RAT TERRIER,RED/WHITE,Female,,2025-04-02,STRAY,OVER THE COUNTER,UNKNOWN,SANTA ROSA
DOG,PARSON RUSS TER/MIX,BROWN,Female,2014-04-10T00:00:00.000,2025-04-02,STRAY,OVER THE COUNTER,UNKNOWN,SANTA ROSA
DOG,PIT BULL,WHITE/GRAY,Male,2023-04-02T00:00:00.000,2025-04-02,STRAY,FIELD,UNKNOWN,SANTA ROSA
DOG,RAT TERRIER/MIX,BROWN/WHITE,Male,2025-01-02T00:00:00.000,2025-04-02,STRAY,OVER THE COUNTER,UNKNOWN,SANTA ROSA
DOG,RAT TERRIER/MIX,TAN/WHITE,Female,2025-01-02T00:00:00.000,2025-04-02,STRAY,OVER THE COUNTER,UNKNOWN,SANTA ROSA
DOG,RAT TERRIER/MIX,TAN,Female,2025-01-02T00:00:00.000,2025-04-02,STRAY,OVER THE COUNTER,UNKNOWN,SANTA ROSA
CAT,DOMESTIC SH,BLACK,Unknown,,2025-04-02,STRAY,OVER THE COUNTER,UNKNOWN,COUNTY
DOG,PUG,BROWN/BLACK,Male,2021-04-04T00:00:00.000,2025-04-03,STRAY,OVER THE COUNTER,UNKNOWN,SANTA ROSA
CAT,SIAMESE,CHOC PT,Female,2013-04-03T00:00:00.000,2025-04-03,STRAY,FIELD,UNKNOWN,COUNTY
DOG,GERM SHEPHERD,BLACK/BROWN,Spayed,2011-05-05T00:00:00.000,2025-04-03,STRAY,FLD_STRAY,UNKNOWN,SANTA ROSA
DOG,AUST SHEPHERD/MIX,RED/WHITE,Neutered,2019-04-03T00:00:00.000,2025-04-03,STRAY,OVER THE COUNTER,HEALTHY,SANTA ROSA
DOG,POODLE MIN/MIX,WHITE/TAN,Neutered,2017-04-10T00:00:00.000,2025-04-03,STRAY,OVER THE COUNTER,UNKNOWN,SANTA ROSA
DOG,GREAT PYRENEES/SIBERIAN HUSKY,WHITE,Male,2022-04-03T00:00:00.000,2025-04-03,OWNER SURRENDER,OVER THE COUNTER,UNKNOWN,COUNTY
CAT,DOMESTIC SH,GRAY,Spayed,,2025-04-03,QUARANTINE,OVER THE COUNTER,UNKNOWN,COUNTY
CAT,DOMESTIC SH,GRAY TABBY,Female,,2025-04-03,STRAY,EMAIL,UNKNOWN,HEALDSBURG
DOG,SIBERIAN HUSKY,WHITE,Female,2022-12-15T00:00:00.000,2025-04-04,CONFISCATE,FLD_INVEST,UNKNOWN,COUNTY
DOG,GERM SHEPHERD/AUST CATTLE DOG,TAN/BLACK,Male,2023-02-16T00:00:00.000,2025-04-04,CONFISCATE,FLD_INVEST,UNKNOWN,COUNTY
DOG,COCKER SPAN,WHITE/BROWN,Male,,2025-04-04,CONFISCATE,FLD_ARREST,UNKNOWN,SANTA ROSA
CAT,DOMESTIC SH,BROWN/WHITE,Neutered,2024-04-05T00:00:00.000,2025-04-05,QUARANTINE,FIELD,UNKNOWN,COUNTY
OTHER,BAT,BROWN,Unknown,,2025-04-05,QUARANTINE,FIELD,UNKNOWN,SANTA ROSA
DOG,BRITTANY,RED/WHITE,Female,2013-04-07T00:00:00.000,2025-04-06,CONFISCATE,FLD_ARREST,UNKNOWN,COUNTY
CAT,DOMESTIC SH,WHITE/GRAY,Female,2023-04-08T00:00:00.000,2025-04-07,STRAY,FLD_STRAY,UNKNOWN,SANTA ROSA
CAT,DOMESTIC SH,WHITE/BRN TABBY,Male,2025-04-09T00:00:00.000,2025-04-07,STRAY,FLD_STRAY,UNKNOWN,SANTA ROSA
CAT,DOMESTIC SH,WHITE/BRN TABBY,Female,2025-04-06T00:00:00.000,2025-04-07,STRAY,FLD_STRAY,UNKNOWN,SANTA ROSA
CAT,DOMESTIC SH,BRN TABBY/WHITE,Female,2025-04-06T00:00:00.000,2025-04-07,STRAY,FLD_STRAY,UNKNOWN,SANTA ROSA
CAT,DOMESTIC SH,BLACK/WHITE,Male,2025-04-06T00:00:00.000,2025-04-07,STRAY,FLD_STRAY,UNKNOWN,SANTA ROSA
DOG,CHIHUAHUA SH/MIX,WHITE/BROWN,Male,,2025-04-07,STRAY,FLD_STRAY,UNKNOWN,SANTA ROSA
DOG,CHIHUAHUA SH/MIX,WHITE/BLACK,Male,2025-03-21T00:00:00.000,2025-04-07,STRAY,FLD_STRAY,UNKNOWN,SANTA ROSA
DOG,BORDER COLLIE/CHIHUAHUA SH,BLACK/WHITE,Neutered,2024-06-25T00:00:00.000,2025-04-07,STRAY,FLD_STRAY,UNKNOWN,SANTA ROSA
DOG,POMERANIAN/CHIHUAHUA LH,BROWN,Neutered,2023-01-21T00:00:00.000,2025-04-07,STRAY,FLD_STRAY,UNKNOWN,COUNTY
DOG,PIT BULL,RED/WHITE,Male,2016-04-07T00:00:00.000,2025-04-07,STRAY,FIELD,UNKNOWN,SANTA ROSA
DOG,PIT BULL,WHITE,Female,2022-04-09T00:00:00.000,2025-04-07,CONFISCATE,FLD_ARREST,UNKNOWN,SANTA ROSA
DOG,HAVANESE,BLACK/WHITE,Male,2017-07-14T00:00:00.000,2025-04-08,CONFISCATE,FLD_ABAND,UNKNOWN,COUNTY
DOG,DACHSHUND,BROWN/WHITE,Spayed,2013-04-10T00:00:00.000,2025-04-08,CONFISCATE,FLD_ABAND,UNKNOWN,COUNTY
DOG,GERM SHEPHERD/AUST CATTLE DOG,TAN/BLACK,Male,2023-02-16T00:00:00.000,2025-04-08,OWNER SURRENDER,OVER THE COUNTER,UNKNOWN,COUNTY
DOG,SIBERIAN HUSKY,WHITE,Female,2022-12-15T00:00:00.000,2025-04-08,OWNER SURRENDER,OVER THE COUNTER,UNKNOWN,COUNTY
CAT,DOMESTIC SH,ORG TABBY,Neutered,2020-04-08T00:00:00.000,2025-04-08,CONFISCATE,FLD_ABAND,HEALTHY,COUNTY
CAT,DOMESTIC SH,TORTIE,Spayed,2021-04-21T00:00:00.000,2025-04-08,CONFISCATE,FLD_ABAND,HEALTHY,COUNTY
CAT,DOMESTIC SH,BRN TABBY/WHITE,Male,2022-04-08T00:00:00.000,2025-04-08,STRAY,OVER THE COUNTER,UNKNOWN,COUNTY
CAT,DOMESTIC SH,WHITE/GRAY,Male,2021-04-08T00:00:00.000,2025-04-08,STRAY,OVER THE COUNTER,UNKNOWN,COUNTY
DOG,ALASKAN HUSKY/MIX,BLACK/WHITE,Neutered,2025-02-28T00:00:00.000,2025-04-08,STRAY,FIELD,HEALTHY,SANTA ROSA
DOG,GERM SHEPHERD,BLACK,Spayed,2018-07-06T00:00:00.000,2025-04-08,OWNER SURRENDER,OVER THE COUNTER,HEALTHY,COUNTY
DOG,GERM SHEPHERD,TAN/BLACK,Neutered,,2025-04-08,STRAY,FLD_STRAY,UNKNOWN,SANTA ROSA
DOG,YORKSHIRE TERR/MIX,BLACK,Spayed,,2025-04-08,STRAY,FLD_STRAY,UNKNOWN,SANTA ROSA
DOG,SHIH TZU,BLACK/WHITE,Male,2021-04-08T00:00:00.000,2025-04-08,STRAY,FLD_STRAY,UNKNOWN,SANTA ROSA
OTHER,BAT,BROWN,Unknown,,2025-04-08,QUARANTINE,FIELD,UNKNOWN,*ROHNERT PARK
DOG,MALTESE,CREAM,Female,2016-04-09T00:00:00.000,2025-04-09,STRAY,OVER THE COUNTER,UNKNOWN,COUNTY
DOG,MIN PINSCHER,BLACK/TAN,Female,2020-04-10T00:00:00.000,2025-04-09,CONFISCATE,FIELD,UNKNOWN,COUNTY
DOG,PIT BULL,BROWN,Neutered,2019-01-30T00:00:00.000,2025-04-09,CONFISCATE,FLD_ARREST,UNKNOWN,SANTA ROSA
DOG,BELG MALINOIS/PIT BULL,RED/BLACK,Neutered,2024-11-19T00:00:00.000,2025-04-10,OWNER SURRENDER,OVER THE COUNTER,UNKNOWN,SANTA ROSA
DOG,BELG MALINOIS/PIT BULL,FAWN,Neutered,2024-11-19T00:00:00.000,2025-04-10,OWNER SURRENDER,OVER THE COUNTER,HEALTHY,SANTA ROSA
DOG,BELG MALINOIS/PIT BULL,BLACK/WHITE,Neutered,2024-11-19T00:00:00.000,2025-04-10,OWNER SURRENDER,OVER THE COUNTER,UNKNOWN,SANTA ROSA
DOG,BELG MALINOIS/PIT BULL,FAWN/BROWN,Neutered,2024-11-19T00:00:00.000,2025-04-10,OWNER SURRENDER,OVER THE COUNTER,HEALTHY,SANTA ROSA
DOG,SHIH TZU,BLACK/WHITE,Female,,2025-04-10,STRAY,EMAIL,UNKNOWN,SANTA ROSA
DOG,ROTTWEILER/MIX,BLACK/TAN,Female,2022-04-22T00:00:00.000,2025-04-10,STRAY,OVER THE COUNTER,UNKNOWN,COUNTY
DOG,ROTTWEILER/MIX,BLACK/WHITE,Female,2025-03-15T00:00:00.000,2025-04-10,STRAY,OVER THE COUNTER,UNKNOWN,COUNTY
DOG,ROTTWEILER/MIX,BLACK/WHITE,Neutered,2025-03-15T00:00:00.000,2025-04-10,STRAY,OVER THE COUNTER,HEALTHY,COUNTY
DOG,ROTTWEILER/MIX,BLACK/WHITE,Male,2025-03-15T00:00:00.000,2025-04-10,STRAY,OVER THE COUNTER,UNKNOWN,COUNTY
DOG,ROTTWEILER/MIX,BLACK/WHITE,Male,2025-03-15T00:00:00.000,2025-04-10,STRAY,OVER THE COUNTER,UNKNOWN,COUNTY
DOG,ROTTWEILER/MIX,BLACK/WHITE,Neutered,2025-03-15T00:00:00.000,2025-04-10,STRAY,OVER THE COUNTER,HEALTHY,COUNTY
DOG,ROTTWEILER/MIX,BLACK/WHITE,Male,2025-03-15T00:00:00.000,2025-04-10,STRAY,OVER THE COUNTER,UNKNOWN,COUNTY
DOG,QUEENSLAND HEEL/MIX,TAN/WHITE,Neutered,2019-04-10T00:00:00.000,2025-04-10,STRAY,OVER THE COUNTER,HEALTHY,COUNTY
CAT,DOMESTIC SH,BRN TABBY,Male,2025-03-27T00:00:00.000,2025-04-11,STRAY,EMAIL,UNKNOWN,SANTA ROSA
CAT,DOMESTIC SH,ORG TABBY,Male,2025-03-27T00:00:00.000,2025-04-11,STRAY,EMAIL,UNKNOWN,SANTA ROSA
DOG,LABRADOR RETR/MIX,BLACK/WHITE,Neutered,2024-05-01T00:00:00.000,2025-04-11,STRAY,FLD_STRAY,HEALTHY,COUNTY
DOG,LABRADOR RETR/MIX,BROWN,Spayed,2024-05-01T00:00:00.000,2025-04-11,STRAY,FLD_STRAY,HEALTHY,COUNTY
DOG,PIT BULL,FAWN/WHITE,Neutered,2025-04-10T00:00:00.000,2025-04-11,BORN HERE,MOM STRAY,HEALTHY,COUNTY
DOG,PIT BULL,WHITE/FAWN,Neutered,2025-04-10T00:00:00.000,2025-04-11,BORN HERE,MOM STRAY,HEALTHY,COUNTY
DOG,PIT BULL,WHITE/GRAY,Spayed,2025-04-10T00:00:00.000,2025-04-11,BORN HERE,MOM STRAY,HEALTHY,COUNTY
DOG,PIT BULL,GRAY/WHITE,Neutered,2025-04-10T00:00:00.000,2025-04-11,BORN HERE,MOM STRAY,HEALTHY,COUNTY
DOG,PIT BULL,GRAY/WHITE,Spayed,2025-04-10T00:00:00.000,2025-04-11,BORN HERE,MOM STRAY,HEALTHY,COUNTY
DOG,PIT BULL,GRAY/WHITE,Neutered,2025-04-10T00:00:00.000,2025-04-11,BORN HERE,MOM STRAY,HEALTHY,COUNTY
DOG,PIT BULL,GRAY,Spayed,2025-04-10T00:00:00.000,2025-04-11,BORN HERE,MOM STRAY,HEALTHY,COUNTY
DOG,PIT BULL,GRAY/WHITE,Spayed,2025-04-10T00:00:00.000,2025-04-11,BORN HERE,MOM STRAY,HEALTHY,COUNTY
DOG,PIT BULL,FAWN/WHITE,Unknown,2025-04-10T00:00:00.000,2025-04-11,BORN HERE,MOM STRAY,HEALTHY,COUNTY
DOG,CHIHUAHUA SH,BLACK/TAN,Neutered,2014-08-21T00:00:00.000,2025-04-11,STRAY,FLD_STRAY,UNKNOWN,COUNTY
CAT,DOMESTIC SH,BLACK/BLACK,Female,2025-04-10T00:00:00.000,2025-04-11,STRAY,EMAIL,UNKNOWN,COUNTY
CAT,DOMESTIC SH,CALICO,Female,2025-04-10T00:00:00.000,2025-04-11,STRAY,EMAIL,UNKNOWN,COUNTY
CAT,DOMESTIC SH,CALICO,Female,2025-04-10T00:00:00.000,2025-04-11,STRAY,EMAIL,UNKNOWN,COUNTY
DOG,PIT BULL/RHOD RIDGEBACK,WHITE/BROWN,Female,,2025-04-11,STRAY,FLD_STRAY,UNKNOWN,COUNTY
DOG,GERM SHEPHERD,TAN/BLACK,Male,2022-04-15T00:00:00.000,2025-04-11,STRAY,FLD_STRAY,UNKNOWN,COUNTY
DOG,SIBERIAN HUSKY,GRAY/BLACK,Neutered,2020-07-13T00:00:00.000,2025-04-11,STRAY,FIELD,HEALTHY,SANTA ROSA
DOG,BORDER COLLIE/MIX,BLACK/TAN,Male,2025-02-12T00:00:00.000,2025-04-12,OWNER SURRENDER,FIELD,UNKNOWN,SANTA ROSA
DOG,BORDER COLLIE/MIX,BR BRINDLE/WHITE,Female,2025-02-12T00:00:00.000,2025-04-12,OWNER SURRENDER,FIELD,UNKNOWN,SANTA ROSA
DOG,BORDER COLLIE,TRICOLOR,Male,2025-02-12T00:00:00.000,2025-04-12,OWNER SURRENDER,FIELD,UNKNOWN,SANTA ROSA
DOG,BORDER COLLIE/MIX,TRICOLOR,Female,2025-02-12T00:00:00.000,2025-04-12,OWNER SURRENDER,FIELD,UNKNOWN,SANTA ROSA
DOG,BORDER COLLIE,BR BRINDLE/WHITE,Female,2025-02-12T00:00:00.000,2025-04-12,OWNER SURRENDER,FIELD,UNKNOWN,SANTA ROSA
DOG,PIT BULL/MIX,BR BRINDLE/WHITE,Neutered,2025-02-12T00:00:00.000,2025-04-12,OWNER SURRENDER,FIELD,HEALTHY,SANTA ROSA
DOG,BORDER COLLIE/MIX,BR BRINDLE,Spayed,2025-02-12T00:00:00.000,2025-04-12,OWNER SURRENDER,FIELD,HEALTHY,SANTA ROSA
DOG,BORDER COLLIE,BLACK/TAN,Male,2025-02-12T00:00:00.000,2025-04-12,OWNER SURRENDER,FIELD,UNKNOWN,SANTA ROSA
DOG,BORDER COLLIE,BR BRINDLE/WHITE,Male,2025-02-12T00:00:00.000,2025-04-12,OWNER SURRENDER,FIELD,UNKNOWN,SANTA ROSA
DOG,BORDER COLLIE/MIX,BLACK/WHITE,Neutered,2025-02-12T00:00:00.000,2025-04-12,OWNER SURRENDER,FIELD,HEALTHY,SANTA ROSA
CAT,DOMESTIC SH,GRAY,Spayed,2011-04-12T00:00:00.000,2025-04-12,STRAY,FLD_STRAY,UNKNOWN,SANTA ROSA
DOG,CHIHUAHUA SH,BLACK/WHITE,Male,2017-04-12T00:00:00.000,2025-04-12,STRAY,FLD_STRAY,UNKNOWN,SANTA ROSA
DOG,CHIHUAHUA SH,WHITE/BLACK,Male,2016-04-12T00:00:00.000,2025-04-12,STRAY,FLD_STRAY,UNKNOWN,SANTA ROSA
DOG,PIT BULL,WHITE/BLACK,Neutered,2022-04-12T00:00:00.000,2025-04-12,STRAY,FIELD,HEALTHY,COUNTY
DOG,DACHSHUND/MIX,BROWN/BLACK,Neutered,2021-04-22T00:00:00.000,2025-04-12,STRAY,OVER THE COUNTER,HEALTHY,COUNTY
DOG,SIBERIAN HUSKY/MIX,BLACK/WHITE,Female,2021-04-12T00:00:00.000,2025-04-12,STRAY,OVER THE COUNTER,UNKNOWN,COUNTY
OTHER,BAT,BROWN,Unknown,,2025-04-12,QUARANTINE,FIELD,UNKNOWN,COUNTY
CAT,DOMESTIC SH,BLACK,Male,,2025-04-12,STRAY,FLD_STRAY,UNKNOWN,COUNTY
DOG,CHIHUAHUA SH,BROWN,Neutered,2018-04-15T00:00:00.000,2025-04-12,CONFISCATE,FLD_ARREST,UNKNOWN,SANTA ROSA
DOG,PIT BULL,WHITE/GRAY,Male,,2025-04-13,STRAY,FLD_STRAY,UNKNOWN,SANTA ROSA
CAT,DOMESTIC SH,BLACK,Spayed,2024-02-14T00:00:00.000,2025-04-13,STRAY,FIELD,HEALTHY,SANTA ROSA
DOG,LABRADOR RETR,BROWN,Neutered,2020-04-15T00:00:00.000,2025-04-13,STRAY,FLD_STRAY,UNKNOWN,COUNTY
DOG,CATAHOULA/MIX,WHITE/BROWN,Neutered,2025-04-03T00:00:00.000,2025-04-13,CONFISCATE,FLD_ABAND,HEALTHY,HEALDSBURG
DOG,DOBERMAN PINSCH,RED/BROWN,Spayed,2023-04-23T00:00:00.000,2025-04-13,STRAY,FLD_STRAY,HEALTHY,SANTA ROSA
DOG,REDBONE HOUND/GERM SHEPHERD,BROWN/WHITE,Spayed,2025-03-28T00:00:00.000,2025-04-13,CONFISCATE,FLD_INVEST,UNKNOWN,HEALDSBURG
DOG,REDBONE HOUND/GERM SHEPHERD,BROWN/WHITE,Spayed,2025-03-28T00:00:00.000,2025-04-13,CONFISCATE,FLD_INVEST,UNKNOWN,HEALDSBURG
DOG,REDBONE HOUND/GERM SHEPHERD,BROWN/BLACK,Neutered,2025-03-28T00:00:00.000,2025-04-13,CONFISCATE,FLD_INVEST,HEALTHY,HEALDSBURG
DOG,GERM SHEPHERD/REDBONE HOUND,BROWN,Male,2025-03-22T00:00:00.000,2025-04-13,CONFISCATE,FLD_ABAND,UNTREATABLE,HEALDSBURG
DOG,GERM SHEPHERD/REDBONE HOUND,BROWN,Spayed,2025-03-28T00:00:00.000,2025-04-13,CONFISCATE,FLD_ABAND,HEALTHY,HEALDSBURG
DOG,GERM SHEPHERD/REDBONE HOUND,BROWN,Neutered,2025-03-28T00:00:00.000,2025-04-13,CONFISCATE,FLD_ABAND,HEALTHY,HEALDSBURG
DOG,GERM SHEPHERD/REDBONE HOUND,BROWN,Spayed,2025-03-28T00:00:00.000,2025-04-13,CONFISCATE,FLD_ABAND,HEALTHY,HEALDSBURG
DOG,GERM SHEPHERD/REDBONE HOUND,BROWN/BLACK,Female,,2025-04-13,QUARANTINE,FIELD,UNKNOWN,HEALDSBURG
CAT,DOMESTIC SH,APRICOT,Neutered,2025-03-22T00:00:00.000,2025-04-13,STRAY,VET_HOSP,UNKNOWN,SANTA ROSA
DOG,MALTESE/MIX,WHITE/CREAM,Neutered,2021-05-01T00:00:00.000,2025-04-14,STRAY,FLD_STRAY,UNKNOWN,SANTA ROSA
DOG,BORDER COLLIE/MIX,BLACK/WHITE,Female,2011-09-07T00:00:00.000,2025-04-14,STRAY,FLD_STRAY,UNKNOWN,SANTA ROSA
CAT,DOMESTIC SH,BRN TABBY/WHITE,Male,2025-03-31T00:00:00.000,2025-04-14,STRAY,FLD_STRAY,UNKNOWN,SANTA ROSA
CAT,DOMESTIC SH,BRN TABBY/WHITE,Male,2025-03-31T00:00:00.000,2025-04-14,STRAY,FLD_STRAY,UNKNOWN,SANTA ROSA
CAT,DOMESTIC SH,TORTIE,Female,2025-03-31T00:00:00.000,2025-04-14,STRAY,FLD_STRAY,UNKNOWN,SANTA ROSA
CAT,DOMESTIC SH,BRN TABBY,Male,2025-03-31T00:00:00.000,2025-04-14,STRAY,FLD_STRAY,UNKNOWN,SANTA ROSA
CAT,DOMESTIC SH,BRN TABBY,Female,2025-03-31T00:00:00.000,2025-04-14,STRAY,FLD_STRAY,UNKNOWN,SANTA ROSA
CAT,DOMESTIC LH,BLACK,Male,,2025-04-14,STRAY,FLD_STRAY,UNKNOWN,COUNTY
DOG,GERM SHEPHERD/MIX,TRICOLOR,Neutered,2021-11-01T00:00:00.000,2025-04-15,OWNER SURRENDER,OVER THE COUNTER,HEALTHY,SANTA ROSA
CAT,DOMESTIC LH,BLACK/WHITE,Female,,2025-04-15,STRAY,OVER THE COUNTER,UNKNOWN,SANTA ROSA
CAT,DOMESTIC LH,BRN TABBY/WHITE,Unknown,2025-04-15T00:00:00.000,2025-04-15,STRAY,OVER THE COUNTER,UNKNOWN,SANTA ROSA
CAT,DOMESTIC LH,BRN TABBY,Unknown,2025-04-15T00:00:00.000,2025-04-15,STRAY,OVER THE COUNTER,UNKNOWN,SANTA ROSA
CAT,DOMESTIC LH,BLACK/WHITE,Unknown,2025-04-15T00:00:00.000,2025-04-15,STRAY,OVER THE COUNTER,UNKNOWN,SANTA ROSA
CAT,DOMESTIC LH,BLACK/WHITE,Unknown,2025-04-15T00:00:00.000,2025-04-15,STRAY,OVER THE COUNTER,UNKNOWN,SANTA ROSA
CAT,DOMESTIC LH,BLACK/WHITE,Unknown,2025-04-15T00:00:00.000,2025-04-15,STRAY,OVER THE COUNTER,UNKNOWN,SANTA ROSA
DOG,AUST CATTLE DOG/MIX,TRICOLOR,Male,,2025-04-15,OWNER SURRENDER,FIELD,UNKNOWN,COUNTY
CAT,DOMESTIC LH,BLACK/BLACK,Unknown,2025-04-15T00:00:00.000,2025-04-15,STRAY,OVER THE COUNTER,UNKNOWN,SANTA ROSA
DOG,FLAT COAT RETR/MIX,BLACK,Spayed,2023-09-25T00:00:00.000,2025-04-15,ADOPTION RETURN,OVER THE COUNTER,UNKNOWN,COUNTY
DOG,PARSON RUSS TER,WHITE/TAN,Neutered,2019-05-01T00:00:00.000,2025-04-15,STRAY,FLD_STRAY,UNKNOWN,COUNTY
DOG,CAIRN TERRIER/MALTESE,TAN,Neutered,2022-12-25T00:00:00.000,2025-04-15,STRAY,OVER THE COUNTER,UNKNOWN,COUNTY
OTHER,GOAT,WHITE/BROWN,Male,,2025-04-16,STRAY,FLD_STRAY,UNKNOWN,COUNTY
OTHER,BAT,BROWN,Unknown,,2025-04-16,QUARANTINE,FIELD,UNKNOWN,SANTA ROSA
DOG,LABRADOR RETR/GERM SHEPHERD,TAN/WHITE,Male,2024-11-16T00:00:00.000,2025-04-16,STRAY,FLD_STRAY,UNKNOWN,SANTA ROSA
OTHER,DUTCH/MIX,BROWN/WHITE,Neutered,2023-04-17T00:00:00.000,2025-04-17,OWNER SURRENDER,OVER THE COUNTER,HEALTHY,SANTA ROSA
CAT,DOMESTIC MH,BLACK,Neutered,2025-04-02T00:00:00.000,2025-04-17,STRAY,OVER THE COUNTER,HEALTHY,COUNTY
CAT,DOMESTIC SH,BLACK,Spayed,2025-04-02T00:00:00.000,2025-04-17,STRAY,OVER THE COUNTER,HEALTHY,COUNTY
CAT,DOMESTIC MH,BLACK,Neutered,2025-04-02T00:00:00.000,2025-04-17,STRAY,OVER THE COUNTER,HEALTHY,COUNTY
CAT,DOMESTIC MH,BLACK,Spayed,2025-04-02T00:00:00.000,2025-04-17,STRAY,OVER THE COUNTER,HEALTHY,COUNTY
DOG,POODLE STND,BLACK,Male,,2025-04-17,STRAY,OVER THE COUNTER,UNKNOWN,HEALDSBURG
DOG,POODLE STND,BLACK,Male,,2025-04-17,STRAY,OVER THE COUNTER,UNKNOWN,HEALDSBURG
OTHER,CHICKEN,WHITE,Male,,2025-04-18,STRAY,FLD_STRAY,UNKNOWN,COUNTY
OTHER,CHICKEN,WHITE,Male,,2025-04-18,STRAY,FLD_STRAY,UNKNOWN,COUNTY
DOG,CHIHUAHUA SH/MIX,TAN/WHITE,Female,2024-12-18T00:00:00.000,2025-04-18,CONFISCATE,FLD_CRUEL,UNKNOWN,SANTA ROSA
DOG,PATTERDALE TERR/MIX,BLACK/WHITE,Female,2024-12-18T00:00:00.000,2025-04-18,STRAY,FIELD,UNKNOWN,SANTA ROSA
DOG,PAPILLON/CHIHUAHUA SH,WHITE/BROWN,Spayed,2024-08-01T00:00:00.000,2025-04-18,STRAY,FIELD,UNKNOWN,SANTA ROSA
CAT,DOMESTIC LH,GRAY/WHITE,Neutered,2010-04-18T00:00:00.000,2025-04-18,STRAY,OVER THE COUNTER,UNKNOWN,SANTA ROSA
OTHER,BAT,BROWN,Unknown,,2025-04-18,QUARANTINE,FIELD,UNKNOWN,COUNTY
DOG,PIT BULL,GRAY/WHITE,Neutered,2020-04-19T00:00:00.000,2025-04-18,STRAY,FLD_STRAY,UNKNOWN,SANTA ROSA
CAT,DOMESTIC MH,BLACK,Spayed,2014-04-18T00:00:00.000,2025-04-18,CONFISCATE,FLD_CORONR,UNKNOWN,COUNTY
CAT,DOMESTIC MH,BLACK/WHITE,Neutered,2014-04-18T00:00:00.000,2025-04-18,CONFISCATE,FLD_CORONR,UNKNOWN,COUNTY
DOG,PIT BULL,WHITE/BLACK,Female,2022-04-30T00:00:00.000,2025-04-18,QUARANTINE,FIELD,UNKNOWN,SANTA ROSA
CAT,DOMESTIC SH,BRN TABBY,Female,,2025-04-18,STRAY,EMAIL,UNKNOWN,COUNTY
CAT,DOMESTIC SH,CALICO,Female,2025-03-15T00:00:00.000,2025-04-18,STRAY,PHONE,UNKNOWN,COUNTY
CAT,DOMESTIC SH,CALICO,Female,2025-03-15T00:00:00.000,2025-04-18,STRAY,PHONE,UNKNOWN,COUNTY
CAT,SIAMESE,SEAL PT,Neutered,2024-05-19T00:00:00.000,2025-04-19,STRAY,OVER THE COUNTER,UNKNOWN,COUNTY
DOG,STAFFORDSHIRE/MIX,WHITE/BLACK,Female,2022-04-19T00:00:00.000,2025-04-19,STRAY,FLD_STRAY,UNKNOWN,COUNTY
DOG,ALASKAN HUSKY,GRAY/WHITE,Male,2012-04-19T00:00:00.000,2025-04-19,STRAY,FLD_STRAY,UNKNOWN,COUNTY
DOG,CAVALIER SPAN/MIX,WHITE/BLACK,Neutered,2018-04-19T00:00:00.000,2025-04-19,STRAY,FLD_STRAY,UNKNOWN,COUNTY
DOG,MASTIFF,TAN/BLACK,Female,2018-04-19T00:00:00.000,2025-04-19,STRAY,OVER THE COUNTER,UNKNOWN,COUNTY
CAT,DOMESTIC SH,GRAY/WHITE,Unknown,,2025-04-19,STRAY,FLD_STRAY,UNKNOWN,COUNTY
CAT,DOMESTIC SH,GRAY/WHITE,Unknown,,2025-04-19,STRAY,FLD_STRAY,UNKNOWN,COUNTY
DOG,GREAT PYRENEES/SIBERIAN HUSKY,TAN,Neutered,2022-03-28T00:00:00.000,2025-04-19,ADOPTION RETURN,OVER THE COUNTER,UNKNOWN,COUNTY
CAT,DOMESTIC SH,BROWN/WHITE,Unknown,,2025-04-19,STRAY,FLD_STRAY,UNKNOWN,COUNTY
CAT,DOMESTIC SH,BROWN/WHITE,Unknown,,2025-04-19,STRAY,FLD_STRAY,UNKNOWN,COUNTY
DOG,AM PIT BULL TER,WHITE/BLACK,Female,2023-04-19T00:00:00.000,2025-04-19,STRAY,OVER THE COUNTER,UNKNOWN,SANTA ROSA
DOG,SIBERIAN HUSKY,BLACK/WHITE,Female,2021-09-13T00:00:00.000,2025-04-19,STRAY,OVER THE COUNTER,UNKNOWN,COUNTY
DOG,CAIRN TERRIER,TAN,Female,,2025-04-19,STRAY,EMAIL,UNKNOWN,COUNTY
OTHER,GUINEA PIG,TAN/WHITE,Female,2024-04-30T00:00:00.000,2025-04-19,OWNER SURRENDER,OVER THE COUNTER,HEALTHY,COUNTY
OTHER,GUINEA PIG,TRICOLOR,Female,2024-04-30T00:00:00.000,2025-04-19,OWNER SURRENDER,OVER THE COUNTER,HEALTHY,COUNTY
DOG,CHIHUAHUA SH,BLACK/TAN,Female,2015-04-19T00:00:00.000,2025-04-19,STRAY,OVER THE COUNTER,UNKNOWN,COUNTY
CAT,DOMESTIC SH,GRAY,Unknown,,2025-04-19,STRAY,FLD_STRAY,UNKNOWN,SANTA ROSA
DOG,CANE CORSO/GERM SHEPHERD,BLACK/BROWN,Female,2024-08-01T00:00:00.000,2025-04-19,CONFISCATE,FLD_ARREST,UNKNOWN,COUNTY
DOG,GERM SHEPHERD,BLACK/TAN,Spayed,2018-11-05T00:00:00.000,2025-04-20,STRAY,FLD_STRAY,UNKNOWN,COUNTY
DOG,CAIRN TERRIER/BELG MALINOIS,TAN,Neutered,2018-05-14T00:00:00.000,2025-04-20,CONFISCATE,FLD_ARREST,UNKNOWN,SANTA ROSA
OTHER,COCKATOO,WHITE,Male,,2025-04-20,CONFISCATE,FLD_ARREST,UNKNOWN,SANTA ROSA
OTHER,CHICKEN,RED/BLACK,Female,,2025-04-20,CONFISCATE,FLD_ABAND,UNKNOWN,COUNTY
OTHER,CHICKEN,BLACK,Male,,2025-04-20,CONFISCATE,FLD_ABAND,UNKNOWN,COUNTY
OTHER,CHICKEN,WHITE/RED,Male,,2025-04-20,CONFISCATE,FLD_ABAND,UNKNOWN,COUNTY
OTHER,CHICKEN,WHITE/BLACK,Male,,2025-04-20,CONFISCATE,FLD_ABAND,UNKNOWN,COUNTY
OTHER,CHICKEN,RED/BLACK,Female,,2025-04-20,CONFISCATE,FLD_ABAND,UNKNOWN,COUNTY
OTHER,CHICKEN,RED/BLACK,Female,,2025-04-20,CONFISCATE,FLD_ABAND,UNKNOWN,COUNTY
OTHER,CHICKEN,BLACK,Female,,2025-04-20,CONFISCATE,FLD_ABAND,UNKNOWN,COUNTY
OTHER,CHICKEN,RED/BLACK,Female,,2025-04-20,CONFISCATE,FLD_ABAND,UNKNOWN,COUNTY
OTHER,CHICKEN,GRAY,Female,,2025-04-20,CONFISCATE,FLD_ABAND,UNKNOWN,COUNTY
OTHER,CHICKEN,RED/BLACK,Female,,2025-04-20,CONFISCATE,FLD_ABAND,UNKNOWN,COUNTY
OTHER,CHICKEN,RED/BLACK,Female,,2025-04-20,CONFISCATE,FLD_ABAND,UNKNOWN,COUNTY
OTHER,CHICKEN,RED/BLACK,Female,,2025-04-20,CONFISCATE,FLD_ABAND,UNKNOWN,COUNTY
OTHER,CHICKEN,GRAY,Female,,2025-04-20,CONFISCATE,FLD_ABAND,UNKNOWN,COUNTY
OTHER,CHICKEN,RED/BLACK,Female,,2025-04-20,CONFISCATE,FLD_ABAND,UNKNOWN,COUNTY
DOG,PIT BULL,BLACK,Male,,2025-04-20,QUARANTINE,FIELD,UNKNOWN,SANTA ROSA
DOG,LABRADOR RETR/GERM SHEPHERD,BLACK,Neutered,2021-02-12T00:00:00.000,2025-04-20,CONFISCATE,FLD_ARREST,HEALTHY,COUNTY
OTHER,CHICKEN,WHITE/BLACK,Male,,2025-04-21,CONFISCATE,FLD_ABAND,UNKNOWN,COUNTY
CAT,DOMESTIC SH,AGOUTI,Female,2024-04-21T00:00:00.000,2025-04-21,QUARANTINE,FIELD,UNKNOWN,PETALUMA
DOG,GERM SHEPHERD,BROWN,Female,2024-04-21T00:00:00.000,2025-04-21,STRAY,FIELD,UNKNOWN,SANTA ROSA
DOG,AUST CATTLE DOG/MIX,BROWN,Female,2024-12-25T00:00:00.000,2025-04-21,CONFISCATE,FLD_CRUEL,UNKNOWN,SANTA ROSA
CAT,DOMESTIC SH,BRN TABBY,Spayed,2022-07-17T00:00:00.000,2025-04-22,OWNER SURRENDER,OVER THE COUNTER,UNKNOWN,SANTA ROSA
OTHER,CHICKEN,GRAY,Female,,2025-04-22,STRAY,FLD_STRAY,UNKNOWN,SANTA ROSA
DOG,WELSH CORGI PEM,WHITE/TAN,Spayed,2025-03-08T00:00:00.000,2025-04-22,STRAY,FLD_STRAY,HEALTHY,COUNTY
DOG,WELSH CORGI PEM/MIX,BLACK/TAN,Female,,2025-04-22,STRAY,FLD_STRAY,UNKNOWN,COUNTY
OTHER,PIGEON,GRAY/WHITE,Unknown,2016-05-01T00:00:00.000,2025-04-22,STRAY,OVER THE COUNTER,UNKNOWN,SANTA ROSA
CAT,DOMESTIC MH,BLACK/WHITE,Neutered,2021-04-22T00:00:00.000,2025-04-22,OWNER SURRENDER,FIELD,UNKNOWN,SANTA ROSA
DOG,POINTER/MIX,BROWN/WHITE,Female,2018-04-22T00:00:00.000,2025-04-22,STRAY,FIELD,UNKNOWN,SANTA ROSA
DOG,BELG MALINOIS/LABRADOR RETR,GRAY,Spayed,2023-04-26T00:00:00.000,2025-04-22,STRAY,OVER THE COUNTER,UNKNOWN,SANTA ROSA
CAT,DOMESTIC SH,BRN TABBY,Neutered,2023-04-23T00:00:00.000,2025-04-23,STRAY,FIELD,HEALTHY,SANTA ROSA
DOG,POODLE MIN,WHITE,Male,,2025-04-23,STRAY,FIELD,UNKNOWN,SANTA ROSA
DOG,CHIHUAHUA SH,TAN,Spayed,2014-01-10T00:00:00.000,2025-04-23,STRAY,FIELD,UNKNOWN,SANTA ROSA
CAT,DOMESTIC SH,BLACK/WHITE,Neutered,2025-03-26T00:00:00.000,2025-04-23,BORN HERE,MOM STRAY,HEALTHY,SANTA ROSA
CAT,DOMESTIC SH,BLACK/WHITE,Spayed,2025-03-26T00:00:00.000,2025-04-23,BORN HERE,MOM STRAY,HEALTHY,SANTA ROSA
CAT,SIAMESE,WHITE,Neutered,2025-03-26T00:00:00.000,2025-04-23,BORN HERE,MOM STRAY,HEALTHY,SANTA ROSA
DOG,PIT BULL,BROWN,Neutered,2017-04-24T00:00:00.000,2025-04-24,CONFISCATE,FLD_ARREST,UNKNOWN,SANTA ROSA
DOG,AUST SHEPHERD/MIX,RED/WHITE,Neutered,2019-04-03T00:00:00.000,2025-04-24,ADOPTION RETURN,OVER THE COUNTER,UNKNOWN,COUNTY
DOG,PIT BULL/MIX,BLACK/WHITE,Spayed,2023-04-24T00:00:00.000,2025-04-24,STRAY,FLD_STRAY,UNKNOWN,SANTA ROSA
CAT,DOMESTIC SH,ORG TABBY,Male,2025-04-21T00:00:00.000,2025-04-24,STRAY,FLD_STRAY,UNKNOWN,COUNTY
DOG,LABRADOR RETR,BLACK,Neutered,2024-12-25T00:00:00.000,2025-04-25,STRAY,EMAIL,UNKNOWN,SANTA ROSA
DOG,CHIHUAHUA SH,WHITE,Male,2024-04-25T00:00:00.000,2025-04-25,STRAY,FLD_STRAY,HEALTHY,SANTA ROSA
CAT,DOMESTIC SH,BUFF,Neutered,2010-04-25T00:00:00.000,2025-04-25,STRAY,FIELD,UNKNOWN,SANTA ROSA
CAT,DOMESTIC LH,TORTIE,Spayed,2021-04-25T00:00:00.000,2025-04-25,OWNER SURRENDER,FIELD,HEALTHY,SANTA ROSA
CAT,DOMESTIC MH,CALICO,Spayed,2023-05-29T00:00:00.000,2025-04-25,STRAY,FLD_STRAY,UNKNOWN,SANTA ROSA
DOG,PIT BULL,TAN/WHITE,Spayed,2019-04-25T00:00:00.000,2025-04-25,OWNER SURRENDER,OVER THE COUNTER,UNKNOWN,SANTA ROSA
DOG,GERM SHEPHERD,TAN/BLACK,Male,2024-09-25T00:00:00.000,2025-04-25,STRAY,FLD_STRAY,UNKNOWN,SANTA ROSA
DOG,LABRADOR RETR/MIX,BLACK,Male,,2025-04-26,STRAY,FLD_STRAY,UNKNOWN,SANTA ROSA
OTHER,CHICKEN,BLACK,Unknown,,2025-04-26,STRAY,FLD_STRAY,UNKNOWN,SANTA ROSA
DOG,AUST CATTLE DOG/MIX,BLACK/TAN,Neutered,2023-08-27T00:00:00.000,2025-04-26,STRAY,OVER THE COUNTER,HEALTHY,COUNTY
DOG,GERM SH POINT/MIX,BLACK,Neutered,2024-12-26T00:00:00.000,2025-04-26,OWNER SURRENDER,OVER THE COUNTER,UNKNOWN,COUNTY
DOG,GERM SHEPHERD,WHITE,Neutered,2023-05-22T00:00:00.000,2025-04-26,OWNER SURRENDER,OVER THE COUNTER,HEALTHY,COUNTY
DOG,PIT BULL,WHITE/BROWN,Female,2021-04-26T00:00:00.000,2025-04-26,STRAY,OVER THE COUNTER,UNKNOWN,SANTA ROSA
CAT,DOMESTIC SH,BRN TABBY,Unknown,,2025-04-27,STRAY,FLD_STRAY,UNKNOWN,SANTA ROSA
DOG,PIT BULL/MIX,BLACK/WHITE,Male,,2025-04-28,STRAY,FLD_STRAY,UNKNOWN,SANTA ROSA
DOG,NORFOLK TERRIER/MIX,TAN,Female,,2025-04-28,STRAY,FLD_STRAY,UNKNOWN,SANTA ROSA
DOG,YORKSHIRE TERR/MIX,BROWN,Male,2014-01-16T00:00:00.000,2025-04-28,CONFISCATE,FLD_ARREST,UNKNOWN,SANTA ROSA
DOG,PIT BULL,TRICOLOR,Spayed,2022-04-29T00:00:00.000,2025-04-28,CONFISCATE,FLD_ARREST,UNKNOWN,COUNTY
OTHER,BAT,BROWN,Unknown,,2025-04-29,QUARANTINE,FIELD,UNKNOWN,COUNTY
CAT,DOMESTIC LH,BRN TABBY,Male,,2025-04-29,STRAY,EMAIL,UNKNOWN,COUNTY
CAT,DOMESTIC SH,BRN TABBY,Neutered,2025-04-29T00:00:00.000,2025-04-30,BORN HERE,MOM STRAY,HEALTHY,COUNTY
CAT,DOMESTIC SH,CALICO,Spayed,2025-04-29T00:00:00.000,2025-04-30,BORN HERE,MOM STRAY,HEALTHY,COUNTY
CAT,DOMESTIC SH,WHITE,Unknown,2025-04-29T00:00:00.000,2025-04-30,BORN HERE,MOM STRAY,HEALTHY,COUNTY
CAT,DOMESTIC SH,BUFF/WHITE,Neutered,2019-04-29T00:00:00.000,2025-04-30,OWNER SURRENDER,OVER THE COUNTER,UNKNOWN,COUNTY
CAT,DOMESTIC SH,BLACK/WHITE,Male,,2025-04-30,STRAY,FLD_STRAY,UNKNOWN,COUNTY
CAT,DOMESTIC MH,BLACK,Neutered,2022-04-30T00:00:00.000,2025-04-30,STRAY,VET_HOSP,UNKNOWN,COUNTY
DOG,CHIHUAHUA SH,BLACK/TAN,Female,2012-05-10T00:00:00.000,2025-04-30,STRAY,VET_HOSP,UNKNOWN,SANTA ROSA
CAT,DOMESTIC MH,GRAY,Male,,2025-05-01,STRAY,FLD_STRAY,UNKNOWN,COUNTY
CAT,DOMESTIC SH,GRAY TABBY,Female,2025-04-09T00:00:00.000,2025-05-01,STRAY,FLD_STRAY,UNKNOWN,COUNTY
CAT,DOMESTIC SH,GRAY TABBY,Female,2025-04-09T00:00:00.000,2025-05-01,STRAY,FLD_STRAY,UNKNOWN,COUNTY
CAT,DOMESTIC MH,LYNX PT,Male,2025-01-17T00:00:00.000,2025-05-01,STRAY,OVER THE COUNTER,UNKNOWN,SANTA ROSA
CAT,DOMESTIC SH,BRN TABBY/WHITE,Male,2025-01-17T00:00:00.000,2025-05-01,STRAY,OVER THE COUNTER,UNKNOWN,SANTA ROSA
CAT,DOMESTIC SH,BRN TABBY/WHITE,Female,2025-01-17T00:00:00.000,2025-05-01,STRAY,OVER THE COUNTER,UNKNOWN,SANTA ROSA
DOG,GERM SHEPHERD/MIX,BROWN/TAN,Male,2023-05-01T00:00:00.000,2025-05-01,STRAY,FLD_STRAY,UNKNOWN,SANTA ROSA
CAT,DOMESTIC SH,BLACK,Unknown,,2025-05-01,STRAY,FLD_STRAY,UNKNOWN,SANTA ROSA
CAT,DOMESTIC SH,BLACK,Unknown,,2025-05-01,STRAY,FLD_STRAY,UNKNOWN,SANTA ROSA
CAT,DOMESTIC SH,BLACK,Unknown,,2025-05-01,STRAY,FLD_STRAY,UNKNOWN,SANTA ROSA
CAT,DOMESTIC SH,BLACK,Unknown,,2025-05-01,STRAY,FLD_STRAY,UNKNOWN,SANTA ROSA
DOG,POODLE MIN/LABRADOR RETR,RED/WHITE,Spayed,2023-05-02T00:00:00.000,2025-05-01,STRAY,OVER THE COUNTER,UNKNOWN,COUNTY
DOG,SIBERIAN HUSKY,WHITE,Neutered,2023-12-18T00:00:00.000,2025-05-02,ADOPTION RETURN,OVER THE COUNTER,UNKNOWN,SANTA ROSA
DOG,DOBERMAN PINSCH,RED/BROWN,Spayed,2023-04-23T00:00:00.000,2025-05-02,ADOPTION RETURN,OVER THE COUNTER,UNKNOWN,COUNTY
DOG,FRENCH BULLDOG,GRAY,Spayed,2019-12-14T00:00:00.000,2025-05-02,STRAY,FLD_STRAY,UNKNOWN,SANTA ROSA
CAT,DOMESTIC SH,BRN TABBY,Unknown,2015-05-02T00:00:00.000,2025-05-02,STRAY,OVER THE COUNTER,HEALTHY,SANTA ROSA
DOG,AUST CATTLE DOG,TRICOLOR,Neutered,2024-11-02T00:00:00.000,2025-05-02,OWNER SURRENDER,FIELD,HEALTHY,WINDSOR
DOG,GERM SHEPHERD/MIX,BLACK,Neutered,2024-11-02T00:00:00.000,2025-05-02,OWNER SURRENDER,FIELD,HEALTHY,WINDSOR
DOG,AUST CATTLE DOG,TRICOLOR/WHITE,Neutered,2024-11-02T00:00:00.000,2025-05-02,OWNER SURRENDER,FIELD,HEALTHY,WINDSOR
DOG,AUST CATTLE DOG,BROWN/WHITE,Spayed,2023-05-02T00:00:00.000,2025-05-02,OWNER SURRENDER,FIELD,UNKNOWN,WINDSOR
DOG,AUST CATTLE DOG/PIT BULL,BLACK/WHITE,Female,2022-05-02T00:00:00.000,2025-05-02,OWNER SURRENDER,FIELD,UNKNOWN,WINDSOR
DOG,FOX TERR WIRE,TAN,Female,2024-12-02T00:00:00.000,2025-05-02,OWNER SURRENDER,FIELD,UNKNOWN,WINDSOR
DOG,AIREDALE TERR/MIX,TAN/WHITE,Male,2025-01-02T00:00:00.000,2025-05-02,OWNER SURRENDER,FIELD,UNKNOWN,WINDSOR
DOG,PIT BULL/MIX,BLACK/WHITE,Male,2024-11-02T00:00:00.000,2025-05-02,OWNER SURRENDER,FIELD,UNKNOWN,WINDSOR
DOG,SHIBA INU/MIX,TAN/WHITE,Female,2025-01-02T00:00:00.000,2025-05-02,OWNER SURRENDER,FIELD,UNKNOWN,WINDSOR
DOG,GERM SHEPHERD/MIX,TRICOLOR,Spayed,2023-05-02T00:00:00.000,2025-05-02,OWNER SURRENDER,FIELD,HEALTHY,WINDSOR
DOG,BORDER COLLIE/MIX,BROWN/WHITE,Neutered,2024-12-02T00:00:00.000,2025-05-02,OWNER SURRENDER,FIELD,UNKNOWN,WINDSOR
DOG,PIT BULL/MIX,TAN/WHITE,Neutered,2025-02-02T00:00:00.000,2025-05-02,OWNER SURRENDER,FIELD,HEALTHY,WINDSOR
DOG,AIREDALE TERR/MIX,TAN/WHITE,Male,2025-01-02T00:00:00.000,2025-05-02,OWNER SURRENDER,FIELD,UNKNOWN,WINDSOR
DOG,GERM SHEPHERD,BLACK/TAN,Female,2024-12-16T00:00:00.000,2025-05-02,OWNER SURRENDER,FIELD,UNKNOWN,WINDSOR
DOG,PIT BULL,BLACK/WHITE,Female,2022-05-02T00:00:00.000,2025-05-02,OWNER SURRENDER,FIELD,UNKNOWN,WINDSOR
DOG,AUST CATTLE DOG/MIX,BROWN/WHITE,Male,2025-03-02T00:00:00.000,2025-05-02,OWNER SURRENDER,FIELD,UNKNOWN,WINDSOR
DOG,AUST CATTLE DOG/MIX,BLACK/WHITE,Female,2025-03-02T00:00:00.000,2025-05-02,OWNER SURRENDER,FIELD,UNKNOWN,WINDSOR
DOG,AUST CATTLE DOG/MIX,TRICOLOR,Spayed,2025-03-02T00:00:00.000,2025-05-02,OWNER SURRENDER,FIELD,HEALTHY,WINDSOR
DOG,GERM SHEPHERD/MIX,BLACK,Neutered,2025-03-02T00:00:00.000,2025-05-02,OWNER SURRENDER,FIELD,HEALTHY,WINDSOR
DOG,BORDER COLLIE/MIX,BROWN/TAN,Spayed,2024-12-02T00:00:00.000,2025-05-02,OWNER SURRENDER,FIELD,UNKNOWN,WINDSOR
DOG,BORDER COLLIE,BLACK/WHITE,Male,,2025-05-03,STRAY,FLD_STRAY,UNKNOWN,COUNTY
DOG,BEAGLE,WHITE/BROWN,Male,2021-07-24T00:00:00.000,2025-05-03,STRAY,FLD_STRAY,UNKNOWN,SANTA ROSA
DOG,LABRADOR RETR/MIX,BLACK,Spayed,2020-01-06T00:00:00.000,2025-05-03,STRAY,OVER THE COUNTER,UNKNOWN,COUNTY
DOG,PIT BULL/LABRADOR RETR,BLACK/WHITE,Spayed,,2025-05-03,STRAY,OVER THE COUNTER,UNKNOWN,COUNTY
CAT,DOMESTIC SH,ORG TABBY,Neutered,2023-04-30T00:00:00.000,2025-05-03,OWNER SURRENDER,OVER THE COUNTER,UNKNOWN,SANTA ROSA
CAT,DOMESTIC SH,GRAY/WHITE,Male,2025-03-28T00:00:00.000,2025-05-03,STRAY,OVER THE COUNTER,UNKNOWN,SANTA ROSA
CAT,DOMESTIC SH,GRAY/WHITE,Female,2025-03-28T00:00:00.000,2025-05-03,STRAY,OVER THE COUNTER,UNKNOWN,SANTA ROSA
CAT,DOMESTIC SH,GRAY/WHITE,Male,2025-03-28T00:00:00.000,2025-05-03,STRAY,OVER THE COUNTER,UNKNOWN,SANTA ROSA
CAT,DOMESTIC SH,GRAY/WHITE,Unknown,,2025-05-03,STRAY,OVER THE COUNTER,UNKNOWN,SANTA ROSA
CAT,DOMESTIC SH,GRAY/WHITE,Neutered,2025-04-11T00:00:00.000,2025-05-03,STRAY,OVER THE COUNTER,HEALTHY,SANTA ROSA
CAT,DOMESTIC SH,GRAY/WHITE,Female,2025-04-11T00:00:00.000,2025-05-03,STRAY,OVER THE COUNTER,UNKNOWN,SANTA ROSA
CAT,DOMESTIC SH,BRN TABBY/WHITE,Female,2025-04-11T00:00:00.000,2025-05-03,STRAY,OVER THE COUNTER,UNKNOWN,SANTA ROSA
CAT,DOMESTIC SH,BRN TABBY/WHITE,Spayed,2025-04-11T00:00:00.000,2025-05-03,STRAY,OVER THE COUNTER,HEALTHY,SANTA ROSA
DOG,PARSON RUSS TER,WHITE/BROWN,Male,2020-06-01T00:00:00.000,2025-05-03,STRAY,FLD_STRAY,UNKNOWN,SANTA ROSA
DOG,PIT BULL,BROWN,Neutered,2023-07-01T00:00:00.000,2025-05-04,STRAY,FLD_STRAY,UNKNOWN,SANTA ROSA
DOG,SIBERIAN HUSKY/BORDER COLLIE,BLACK/WHITE,Female,2022-05-08T00:00:00.000,2025-05-04,STRAY,FLD_STRAY,UNKNOWN,COUNTY
DOG,ROTTWEILER/SIBERIAN HUSKY,BLACK/TAN,Male,2022-05-08T00:00:00.000,2025-05-04,STRAY,FLD_STRAY,UNKNOWN,COUNTY
DOG,GERM SHEPHERD/MIX,BLACK/TAN,Male,,2025-05-04,STRAY,FLD_STRAY,UNKNOWN,COUNTY
DOG,CHIHUAHUA LH/MIX,GRAY,Female,,2025-05-04,STRAY,FLD_STRAY,UNKNOWN,SANTA ROSA
DOG,SCOT TERRIER/MIX,BLACK,Male,,2025-05-05,STRAY,FLD_STRAY,UNKNOWN,COUNTY
CAT,DOMESTIC MH,GRAY,Spayed,2025-03-20T00:00:00.000,2025-05-05,STRAY,VET_HOSP,HEALTHY,SANTA ROSA
CAT,DOMESTIC SH,BLACK,Unknown,,2025-05-06,STRAY,OVER THE COUNTER,UNKNOWN,COUNTY
DOG,BELG MALINOIS/MIX,BLACK/TAN,Spayed,2025-03-13T00:00:00.000,2025-05-06,STRAY,OVER THE COUNTER,UNKNOWN,SANTA ROSA
DOG,BELG MALINOIS/MIX,BLACK/BROWN,Spayed,2025-03-13T00:00:00.000,2025-05-06,STRAY,OVER THE COUNTER,UNKNOWN,SANTA ROSA
CAT,DOMESTIC MH,GRAY,Female,2022-11-06T00:00:00.000,2025-05-06,QUARANTINE,OVER THE COUNTER,UNKNOWN,COUNTY
CAT,DOMESTIC MH,CALICO,Female,2021-05-06T00:00:00.000,2025-05-06,QUARANTINE,FIELD,UNKNOWN,*SEBASTOPOL
DOG,BORDER COLLIE,BLACK/WHITE,Male,,2025-05-06,CONFISCATE,FLD_CORONR,UNKNOWN,HEALDSBURG
DOG,GERM SHEPHERD,BROWN/BLACK,Female,2019-08-23T00:00:00.000,2025-05-06,CONFISCATE,FLD_ARREST,UNKNOWN,COUNTY
DOG,GERM SHEPHERD/PIT BULL,BROWN,Male,2023-01-11T00:00:00.000,2025-05-06,CONFISCATE,FLD_ARREST,UNKNOWN,COUNTY
OTHER,BAT,BROWN,Unknown,,2025-05-07,QUARANTINE,FIELD,UNKNOWN,COUNTY
OTHER,BAT,BROWN,Unknown,,2025-05-07,QUARANTINE,FIELD,UNKNOWN,COUNTY
DOG,PIT BULL/MIX,BLUE/WHITE,Male,2023-11-19T00:00:00.000,2025-05-07,STRAY,FLD_STRAY,UNKNOWN,SANTA ROSA
DOG,ROTTWEILER/MIX,BLACK/BROWN,Female,,2025-05-07,STRAY,FLD_STRAY,UNKNOWN,SANTA ROSA
DOG,FRENCH BULLDOG,GOLD/WHITE,Male,2024-05-09T00:00:00.000,2025-05-07,STRAY,FLD_STRAY,UNKNOWN,SANTA ROSA
DOG,FRENCH BULLDOG,BROWN,Female,2024-05-09T00:00:00.000,2025-05-07,STRAY,FLD_STRAY,UNKNOWN,SANTA ROSA
DOG,FRENCH BULLDOG,BLUE MERLE,Female,2022-06-12T00:00:00.000,2025-05-07,STRAY,FLD_STRAY,UNKNOWN,SANTA ROSA
DOG,CHIHUAHUA LH/MIX,BROWN,Male,,2025-05-08,STRAY,FLD_STRAY,UNKNOWN,COUNTY
CAT,DOMESTIC SH,BRN TABBY/WHITE,Male,2025-03-24T00:00:00.000,2025-05-08,STRAY,OVER THE COUNTER,UNKNOWN,SANTA ROSA
CAT,DOMESTIC SH,BLACK/WHITE,Male,2025-03-24T00:00:00.000,2025-05-08,STRAY,OVER THE COUNTER,UNKNOWN,SANTA ROSA
CAT,DOMESTIC SH,AGOUTI,Male,2025-03-24T00:00:00.000,2025-05-08,STRAY,OVER THE COUNTER,UNKNOWN,SANTA ROSA
OTHER,BAT,BROWN,Unknown,,2025-05-08,QUARANTINE,FIELD,UNKNOWN,COUNTY
DOG,POMERANIAN,YELLOW/BLACK,Female,,2025-05-08,STRAY,OVER THE COUNTER,UNKNOWN,SANTA ROSA
DOG,POMERANIAN,BLACK/TAN,Male,,2025-05-08,STRAY,OVER THE COUNTER,UNKNOWN,SANTA ROSA
OTHER,BAT,BROWN,Unknown,,2025-05-09,QUARANTINE,FIELD,UNKNOWN,COUNTY
DOG,AMERICAN STAFF,YELLOW,Neutered,2010-07-08T00:00:00.000,2025-05-09,STRAY,FLD_STRAY,UNKNOWN,SANTA ROSA
DOG,PIT BULL,BROWN,Male,,2025-05-09,STRAY,FLD_STRAY,UNKNOWN,SANTA ROSA
DOG,GERM SHEPHERD,BLACK/TAN,Male,2023-11-09T00:00:00.000,2025-05-09,STRAY,OVER THE COUNTER,UNKNOWN,SANTA ROSA
DOG,PIT BULL/MIX,FAWN,Male,2025-04-14T00:00:00.000,2025-05-09,OWNER SURRENDER,OVER THE COUNTER,UNKNOWN,WINDSOR
DOG,PIT BULL/MIX,WHITE/BLACK,Female,2024-12-13T00:00:00.000,2025-05-09,STRAY,FLD_STRAY,UNKNOWN,COUNTY
CAT,DOMESTIC SH,WHITE,Spayed,,2025-05-10,STRAY,FLD_STRAY,UNKNOWN,SANTA ROSA
DOG,MIN PINSCHER/MIX,BLACK/TAN,Male,2024-05-10T00:00:00.000,2025-05-10,STRAY,FLD_STRAY,UNKNOWN,SANTA ROSA
DOG,GERM SHEPHERD/MIX,BLACK,Male,2021-05-10T00:00:00.000,2025-05-10,STRAY,FLD_STRAY,UNKNOWN,SANTA ROSA
DOG,ALASK MALAMUTE,WHITE,Spayed,2024-11-11T00:00:00.000,2025-05-10,STRAY,FLD_STRAY,HEALTHY,SANTA ROSA
DOG,POODLE MIN/LABRADOR RETR,RED/WHITE,Spayed,2023-05-02T00:00:00.000,2025-05-10,STRAY,FLD_STRAY,UNKNOWN,SANTA ROSA
DOG,BULLDOG,WHITE/TAN,Neutered,2019-05-10T00:00:00.000,2025-05-10,STRAY,OVER THE COUNTER,UNKNOWN,COUNTY
DOG,ALASKAN HUSKY/PIT BULL,TAN,Neutered,2023-05-10T00:00:00.000,2025-05-10,STRAY,FIELD,HEALTHY,SANTA ROSA
DOG,AUST CATTLE DOG,RED MERLE,Neutered,2021-02-05T00:00:00.000,2025-05-10,CONFISCATE,FLD_HOSPTL,UNKNOWN,SANTA ROSA
CAT,DOMESTIC SH,BRN TABBY/TORTIE,Spayed,2021-05-21T00:00:00.000,2025-05-10,CONFISCATE,FLD_HOSPTL,UNKNOWN,SANTA ROSA
DOG,GERM SHEPHERD/MIX,BLACK/TAN,Neutered,2017-11-11T00:00:00.000,2025-05-11,STRAY,FLD_STRAY,UNKNOWN,SANTA ROSA
DOG,DACHSHUND/MIX,TAN/BLACK,Neutered,2024-05-13T00:00:00.000,2025-05-11,STRAY,FLD_STRAY,UNKNOWN,SANTA ROSA
CAT,DOMESTIC SH,WHITE/TAN,Unknown,,2025-05-11,STRAY,FLD_STRAY,UNKNOWN,HEALDSBURG
CAT,DOMESTIC SH,WHITE/GRAY,Unknown,,2025-05-11,STRAY,FLD_STRAY,UNKNOWN,HEALDSBURG
CAT,DOMESTIC SH,WHITE/GRAY,Unknown,,2025-05-11,STRAY,FLD_STRAY,UNKNOWN,HEALDSBURG
OTHER,BAT,BROWN,Unknown,,2025-05-11,QUARANTINE,FIELD,UNKNOWN,COUNTY
OTHER,SHEEP,WHITE/GRAY,Unknown,,2025-05-12,STRAY,FLD_STRAY,UNKNOWN,COUNTY
DOG,CHINESE SHARPEI/MIX,BLACK/TAN,Male,,2025-05-12,CONFISCATE,FLD_ARREST,UNKNOWN,SANTA ROSA
CAT,DOMESTIC SH,ORANGE/WHITE,Male,2025-05-10T00:00:00.000,2025-05-12,STRAY,FLD_STRAY,UNKNOWN,COUNTY
CAT,DOMESTIC SH,GRAY TABBY,Female,2025-05-10T00:00:00.000,2025-05-12,STRAY,FLD_STRAY,UNKNOWN,COUNTY
CAT,DOMESTIC SH,WHITE,Female,2025-05-02T00:00:00.000,2025-05-12,STRAY,FLD_STRAY,UNKNOWN,COUNTY
CAT,DOMESTIC SH,BLACK/WHITE,Female,2025-05-02T00:00:00.000,2025-05-12,STRAY,FLD_STRAY,UNKNOWN,COUNTY
DOG,POODLE MIN/MIX,BLACK,Male,2022-07-05T00:00:00.000,2025-05-12,CONFISCATE,FLD_ARREST,UNKNOWN,SANTA ROSA
DOG,CAIRN TERRIER/MALTESE,TAN,Neutered,2022-12-25T00:00:00.000,2025-05-12,STRAY,FLD_STRAY,HEALTHY,COUNTY
DOG,GERM SHEPHERD,BLACK/BROWN,Female,2021-05-13T00:00:00.000,2025-05-12,STRAY,FLD_EMERGE,UNKNOWN,COUNTY
DOG,PIT BULL,WHITE/BR BRINDLE,Spayed,2015-06-05T00:00:00.000,2025-05-12,QUARANTINE,FIELD,UNKNOWN,SANTA ROSA
DOG,SIBERIAN HUSKY/MIX,BLACK/WHITE,Male,2021-05-13T00:00:00.000,2025-05-13,STRAY,FLD_STRAY,UNKNOWN,SANTA ROSA
DOG,PIT BULL/BORDER COLLIE,BROWN/WHITE,Female,2024-06-14T00:00:00.000,2025-05-13,STRAY,FLD_STRAY,UNKNOWN,COUNTY
OTHER,CHICKEN,BLACK,Unknown,,2025-05-13,STRAY,FLD_STRAY,UNKNOWN,COUNTY
DOG,DACHSHUND/MIX,BROWN,Neutered,2022-05-13T00:00:00.000,2025-05-13,STRAY,OVER THE COUNTER,HEALTHY,SANTA ROSA
DOG,PARSON RUSS TER/MIX,WHITE/BLACK,Neutered,2021-05-13T00:00:00.000,2025-05-13,STRAY,OVER THE COUNTER,UNKNOWN,SANTA ROSA
DOG,PIT BULL,WHITE/BLACK,Neutered,2022-04-12T00:00:00.000,2025-05-13,ADOPTION RETURN,OVER THE COUNTER,UNKNOWN,SANTA ROSA
CAT,DOMESTIC SH,BLACK/WHITE,Spayed,2023-07-10T00:00:00.000,2025-05-13,STRAY,FLD_STRAY,HEALTHY,SANTA ROSA
CAT,DOMESTIC SH,BLACK/WHITE,Neutered,2025-05-11T00:00:00.000,2025-05-13,STRAY,FLD_STRAY,HEALTHY,SANTA ROSA
CAT,DOMESTIC SH,BLACK/WHITE,Spayed,2025-05-11T00:00:00.000,2025-05-13,STRAY,FLD_STRAY,HEALTHY,SANTA ROSA
CAT,DOMESTIC SH,BLACK/WHITE,Spayed,2025-05-11T00:00:00.000,2025-05-13,STRAY,FLD_STRAY,HEALTHY,SANTA ROSA
CAT,DOMESTIC SH,BLACK/WHITE,Neutered,2025-05-11T00:00:00.000,2025-05-13,STRAY,FLD_STRAY,HEALTHY,SANTA ROSA
CAT,DOMESTIC SH,BLACK/WHITE,Neutered,2025-05-11T00:00:00.000,2025-05-13,STRAY,FLD_STRAY,HEALTHY,SANTA ROSA
CAT,DOMESTIC SH,BLACK,Neutered,2025-05-11T00:00:00.000,2025-05-13,STRAY,FLD_STRAY,HEALTHY,SANTA ROSA
CAT,DOMESTIC SH,WHITE/CREAM,Neutered,2022-05-13T00:00:00.000,2025-05-13,STRAY,FLD_STRAY,HEALTHY,SANTA ROSA
DOG,POINTER/MIX,BROWN/WHITE,Female,2018-04-22T00:00:00.000,2025-05-14,STRAY,FLD_STRAY,UNTREATABLE,SANTA ROSA
CAT,DOMESTIC SH,BRN TABBY/WHITE,Spayed,2022-05-14T00:00:00.000,2025-05-14,STRAY,OVER THE COUNTER,HEALTHY,SANTA ROSA
CAT,DOMESTIC SH,LYNX PT/WHITE,Neutered,2025-04-14T00:00:00.000,2025-05-14,STRAY,OVER THE COUNTER,HEALTHY,SANTA ROSA
CAT,DOMESTIC SH,GRAY/WHITE,Neutered,2025-04-14T00:00:00.000,2025-05-14,STRAY,OVER THE COUNTER,HEALTHY,SANTA ROSA
CAT,DOMESTIC SH,LYNX PT,Neutered,2025-04-14T00:00:00.000,2025-05-14,STRAY,OVER THE COUNTER,HEALTHY,SANTA ROSA
DOG,LABRADOR RETR,YELLOW,Female,2017-05-14T00:00:00.000,2025-05-14,STRAY,OVER THE COUNTER,UNKNOWN,SANTA ROSA
DOG,AUST SHEPHERD,BLACK/TRICOLOR,Male,2024-12-14T00:00:00.000,2025-05-14,STRAY,OVER THE COUNTER,UNKNOWN,SANTA ROSA
CAT,DOMESTIC SH,BLACK,Unknown,2025-03-30T00:00:00.000,2025-05-14,STRAY,FIELD,UNKNOWN,HEALDSBURG
CAT,DOMESTIC SH,BLACK,Unknown,2025-03-30T00:00:00.000,2025-05-14,STRAY,FIELD,UNKNOWN,HEALDSBURG
CAT,DOMESTIC SH,BLACK,Unknown,2025-03-30T00:00:00.000,2025-05-14,STRAY,FIELD,UNKNOWN,HEALDSBURG
CAT,DOMESTIC SH,GRAY,Unknown,2025-03-30T00:00:00.000,2025-05-14,STRAY,FIELD,UNKNOWN,HEALDSBURG
CAT,DOMESTIC SH,GRAY/WHITE,Unknown,2025-03-30T00:00:00.000,2025-05-14,STRAY,FIELD,UNKNOWN,HEALDSBURG
CAT,DOMESTIC SH,BRN TABBY,Spayed,2024-05-14T00:00:00.000,2025-05-14,STRAY,OVER THE COUNTER,HEALTHY,SANTA ROSA
OTHER,TURTLE,GREEN/YELLOW,Unknown,,2025-05-14,STRAY,OVER THE COUNTER,UNKNOWN,SANTA ROSA
DOG,AUST SHEPHERD/MIX,TRICOLOR,Spayed,2018-09-26T00:00:00.000,2025-05-15,STRAY,FLD_STRAY,UNKNOWN,SANTA ROSA
DOG,PIT BULL/MIX,BR BRINDLE/WHITE,Male,,2025-05-15,STRAY,FLD_STRAY,UNKNOWN,SANTA ROSA
DOG,LABRADOR RETR,CHOCOLATE,Female,,2025-05-15,STRAY,FLD_STRAY,UNKNOWN,WINDSOR
CAT,DOMESTIC MH,CALICO,Spayed,2023-05-15T00:00:00.000,2025-05-15,STRAY,OVER THE COUNTER,HEALTHY,COUNTY
DOG,PIT BULL/MIX,BROWN/BLACK,Neutered,2017-01-08T00:00:00.000,2025-05-15,STRAY,FLD_STRAY,UNKNOWN,COUNTY
DOG,LABRADOR RETR/MIX,BLACK,Female,,2025-05-15,STRAY,FLD_STRAY,UNKNOWN,COUNTY
DOG,LABRADOR RETR/MIX,YELLOW,Male,,2025-05-15,STRAY,FLD_STRAY,UNKNOWN,COUNTY
DOG,POODLE MIN/MIX,WHITE/WHITE,Female,2023-12-16T00:00:00.000,2025-05-15,STRAY,OVER THE COUNTER,UNKNOWN,SANTA ROSA
DOG,GERM SHEPHERD/MIX,BLUE MERLE/WHITE,Spayed,2024-10-15T00:00:00.000,2025-05-15,OWNER SURRENDER,FIELD,HEALTHY,WINDSOR
CAT,DOMESTIC SH,BRN TABBY,Female,2025-05-15T00:00:00.000,2025-05-15,BORN HERE,MOM STRAY,UNKNOWN,SANTA ROSA
CAT,DOMESTIC SH,BRN TABBY,Spayed,2025-05-15T00:00:00.000,2025-05-15,BORN HERE,MOM STRAY,HEALTHY,SANTA ROSA
CAT,DOMESTIC SH,BRN TABBY,Male,2025-05-15T00:00:00.000,2025-05-15,BORN HERE,MOM STRAY,UNKNOWN,SANTA ROSA
CAT,DOMESTIC SH,BRN TABBY,Neutered,2025-05-15T00:00:00.000,2025-05-15,BORN HERE,MOM STRAY,HEALTHY,SANTA ROSA
CAT,DOMESTIC SH,BRN TABBY,Neutered,2025-05-15T00:00:00.000,2025-05-15,BORN HERE,MOM STRAY,HEALTHY,SANTA ROSA
CAT,DOMESTIC SH,BRN TABBY,Neutered,2025-05-15T00:00:00.000,2025-05-15,BORN HERE,MOM STRAY,HEALTHY,SANTA ROSA
DOG,PIT BULL,TAN,Female,2022-05-20T00:00:00.000,2025-05-16,CONFISCATE,FLD_ARREST,UNKNOWN,*ROHNERT PARK
CAT,DOMESTIC LH,WHITE/BUFF,Neutered,2025-04-24T00:00:00.000,2025-05-16,STRAY,OVER THE COUNTER,HEALTHY,SANTA ROSA
CAT,DOMESTIC SH,WHITE/BUFF,Female,2025-04-24T00:00:00.000,2025-05-16,STRAY,OVER THE COUNTER,UNKNOWN,SANTA ROSA
DOG,TIBETAN TERR,TAN,Male,2021-05-16T00:00:00.000,2025-05-16,STRAY,FLD_STRAY,UNKNOWN,SANTA ROSA
CAT,DOMESTIC SH,ORANGE,Neutered,2013-05-16T00:00:00.000,2025-05-16,STRAY,FLD_STRAY,UNKNOWN,SANTA ROSA
DOG,CHIHUAHUA SH,BLACK/WHITE,Male,2018-05-29T00:00:00.000,2025-05-16,STRAY,FLD_STRAY,UNKNOWN,SANTA ROSA
DOG,PARSON RUSS TER/MIX,WHITE/TAN,Male,2019-07-27T00:00:00.000,2025-05-16,STRAY,OVER THE COUNTER,UNKNOWN,SANTA ROSA
DOG,CATAHOULA/MIX,TAN/BLUE,Female,2024-10-08T00:00:00.000,2025-05-16,STRAY,FLD_STRAY,UNKNOWN,COUNTY
DOG,CHIHUAHUA SH/MIX,WHITE/BLACK,Female,,2025-05-16,CONFISCATE,FLD_INVEST,UNKNOWN,SANTA ROSA
CAT,DOMESTIC SH,GRAY,Male,2024-04-25T00:00:00.000,2025-05-16,STRAY,EMAIL,UNKNOWN,COUNTY
CAT,DOMESTIC SH,BRN TABBY,Male,2024-04-25T00:00:00.000,2025-05-16,STRAY,EMAIL,UNKNOWN,COUNTY
CAT,DOMESTIC SH,WHITE/BLACK,Female,,2025-05-16,STRAY,EMAIL,UNKNOWN,SANTA ROSA
CAT,DOMESTIC SH,BLACK,Female,2024-04-25T00:00:00.000,2025-05-16,STRAY,EMAIL,UNKNOWN,SANTA ROSA
CAT,DOMESTIC SH,BLACK,Female,2024-04-25T00:00:00.000,2025-05-16,STRAY,EMAIL,UNKNOWN,SANTA ROSA
CAT,DOMESTIC SH,BLACK,Male,2024-04-25T00:00:00.000,2025-05-16,STRAY,EMAIL,UNKNOWN,SANTA ROSA
DOG,GERM SHEPHERD/MIX,BLACK/WHITE,Spayed,2025-02-17T00:00:00.000,2025-05-17,STRAY,OVER THE COUNTER,HEALTHY,COUNTY
DOG,PIT BULL,GRAY/WHITE,Female,2019-05-18T00:00:00.000,2025-05-18,CONFISCATE,FLD_ARREST,UNKNOWN,COUNTY
DOG,LABRADOR RETR/MIX,BLACK/BROWN,Female,2023-05-28T00:00:00.000,2025-05-18,QUARANTINE,FIELD,UNKNOWN,SANTA ROSA
DOG,AUST CATTLE DOG/MIX,WHITE/BROWN,Neutered,2025-03-28T00:00:00.000,2025-05-18,CONFISCATE,FLD_ABAND,HEALTHY,SANTA ROSA
DOG,BORDER COLLIE/MIX,WHITE/BLACK,Spayed,2024-09-19T00:00:00.000,2025-05-19,STRAY,OVER THE COUNTER,UNKNOWN,COUNTY
DOG,BORDER COLLIE/MIX,BROWN/WHITE,Spayed,2024-09-19T00:00:00.000,2025-05-19,STRAY,OVER THE COUNTER,UNKNOWN,COUNTY
CAT,DOMESTIC SH,ORANGE/WHITE,Spayed,2022-05-31T00:00:00.000,2025-05-19,STRAY,FLD_STRAY,HEALTHY,SANTA ROSA
CAT,DOMESTIC SH,ORANGE/WHITE,Neutered,2025-04-27T00:00:00.000,2025-05-19,STRAY,FLD_STRAY,HEALTHY,SANTA ROSA
CAT,DOMESTIC SH,ORANGE/WHITE,Neutered,2025-04-27T00:00:00.000,2025-05-19,STRAY,FLD_STRAY,HEALTHY,SANTA ROSA
CAT,DOMESTIC SH,ORANGE/WHITE,Neutered,2025-04-27T00:00:00.000,2025-05-19,STRAY,FLD_STRAY,HEALTHY,SANTA ROSA
CAT,DOMESTIC SH,BLACK,Unknown,,2025-05-19,STRAY,FLD_STRAY,UNKNOWN,HEALDSBURG
CAT,DOMESTIC MH,GRAY TABBY,Male,2025-05-08T00:00:00.000,2025-05-20,STRAY,FLD_STRAY,UNKNOWN,SANTA ROSA
CAT,DOMESTIC SH,GRAY,Female,,2025-05-20,STRAY,FLD_STRAY,UNKNOWN,COUNTY
CAT,DOMESTIC SH,GRAY/WHITE,Neutered,2015-01-15T00:00:00.000,2025-05-20,OWNER SURRENDER,OVER THE COUNTER,UNKNOWN,COUNTY
CAT,DOMESTIC SH,BRN TABBY,Male,2025-04-21T00:00:00.000,2025-05-20,STRAY,OVER THE COUNTER,UNKNOWN,SANTA ROSA
CAT,DOMESTIC SH,BRN TABBY,Male,2025-04-21T00:00:00.000,2025-05-20,STRAY,OVER THE COUNTER,UNKNOWN,SANTA ROSA
CAT,DOMESTIC SH,BRN TABBY,Male,2025-04-21T00:00:00.000,2025-05-20,STRAY,OVER THE COUNTER,UNKNOWN,SANTA ROSA
CAT,DOMESTIC SH,BRN TABBY,Female,2025-04-21T00:00:00.000,2025-05-20,STRAY,OVER THE COUNTER,UNKNOWN,SANTA ROSA
CAT,DOMESTIC SH,BLACK,Male,2025-04-21T00:00:00.000,2025-05-20,STRAY,OVER THE COUNTER,UNKNOWN,SANTA ROSA
CAT,DOMESTIC SH,BLACK/WHITE,Male,2025-04-21T00:00:00.000,2025-05-20,STRAY,OVER THE COUNTER,UNKNOWN,SANTA ROSA
DOG,PIT BULL,BROWN/WHITE,Female,2020-08-31T00:00:00.000,2025-05-21,CONFISCATE,FLD_ARREST,TREATABLE/REHAB,COUNTY
CAT,DOMESTIC SH,ORG TABBY,Male,2025-04-21T00:00:00.000,2025-05-21,STRAY,OVER THE COUNTER,UNKNOWN,SANTA ROSA
CAT,DOMESTIC SH,BLACK,Female,2025-04-21T00:00:00.000,2025-05-21,STRAY,OVER THE COUNTER,UNKNOWN,SANTA ROSA
DOG,LABRADOR RETR/MIX,BR BRINDLE,Neutered,2020-05-22T00:00:00.000,2025-05-21,QUARANTINE,FIELD,UNKNOWN,COUNTY
DOG,DACHSHUND/MIX,BROWN,Neutered,2024-11-21T00:00:00.000,2025-05-21,STRAY,OVER THE COUNTER,UNKNOWN,COUNTY
DOG,PIT BULL,TAN,Spayed,2021-09-23T00:00:00.000,2025-05-22,STRAY,FLD_STRAY,UNKNOWN,SANTA ROSA
DOG,CHIHUAHUA SH,TAN,Female,,2025-05-22,STRAY,OVER THE COUNTER,UNKNOWN,SANTA ROSA
DOG,GREAT PYRENEES,WHITE,Neutered,2018-05-16T00:00:00.000,2025-05-22,STRAY,FLD_STRAY,UNKNOWN,COUNTY
DOG,CHIHUAHUA LH/MIX,BROWN,Male,,2025-05-22,STRAY,FLD_STRAY,UNKNOWN,COUNTY
CAT,DOMESTIC SH,TORTIE,Spayed,,2025-05-22,QUARANTINE,FIELD,UNKNOWN,COUNTY
DOG,DACHSHUND/MIX,BLACK/WHITE,Spayed,2013-05-22T00:00:00.000,2025-05-22,STRAY,OVER THE COUNTER,UNKNOWN,COUNTY
CAT,DOMESTIC SH,BLACK,Female,2025-02-22T00:00:00.000,2025-05-22,STRAY,OVER THE COUNTER,UNKNOWN,SANTA ROSA
CAT,DOMESTIC SH,LYNX PT/WHITE,Neutered,2025-02-22T00:00:00.000,2025-05-22,STRAY,OVER THE COUNTER,HEALTHY,SANTA ROSA
OTHER,CHICKEN,RED,Male,,2025-05-22,STRAY,FLD_STRAY,UNKNOWN,SANTA ROSA
DOG,PIT BULL/MIX,BLACK/WHITE,Male,2024-09-23T00:00:00.000,2025-05-22,CONFISCATE,FLD_ARREST,UNKNOWN,COUNTY
DOG,GERM SHEPHERD,BROWN/BLACK,Neutered,2021-09-10T00:00:00.000,2025-05-23,QUARANTINE,FIELD,UNKNOWN,SANTA ROSA
CAT,DOMESTIC SH,BLACK/WHITE,Neutered,2011-04-30T00:00:00.000,2025-05-23,STRAY,FLD_STRAY,UNKNOWN,SANTA ROSA
OTHER,PEAFOWL,WHITE,Female,,2025-05-23,STRAY,FIELD,UNKNOWN,SANTA ROSA
CAT,DOMESTIC SH,CALICO,Female,2018-03-01T00:00:00.000,2025-05-23,STRAY,OVER THE COUNTER,UNKNOWN,SANTA ROSA
OTHER,SHEEP,TAN/BROWN,Male,,2025-05-23,STRAY,FLD_STRAY,UNKNOWN,COUNTY
DOG,SIBERIAN HUSKY,WHITE,Female,2017-12-08T00:00:00.000,2025-05-23,STRAY,FIELD,UNKNOWN,SANTA ROSA
DOG,PIT BULL,WHITE,Male,2020-05-23T00:00:00.000,2025-05-23,STRAY,FLD_STRAY,UNKNOWN,SANTA ROSA
DOG,FRENCH BULLDOG,BLUE MERLE,Female,2017-05-23T00:00:00.000,2025-05-23,STRAY,OVER THE COUNTER,UNKNOWN,SANTA ROSA
DOG,GERM SHEPHERD,TAN/BLACK,Female,,2025-05-24,CONFISCATE,FLD_ARREST,UNKNOWN,COUNTY
DOG,LABRADOR RETR,BLACK/WHITE,Neutered,2022-06-17T00:00:00.000,2025-05-24,STRAY,FIELD,HEALTHY,COUNTY
CAT,DOMESTIC SH,GRAY,Neutered,2025-05-02T00:00:00.000,2025-05-24,STRAY,FLD_STRAY,HEALTHY,COUNTY
CAT,DOMESTIC MH,BLACK,Unknown,,2025-05-24,STRAY,OVER THE COUNTER,UNKNOWN,COUNTY
CAT,DOMESTIC SH,BLUE CREAM,Spayed,2025-05-02T00:00:00.000,2025-05-24,STRAY,FLD_STRAY,HEALTHY,COUNTY
DOG,PIT BULL,CHOCOLATE/WHITE,Female,2024-11-24T00:00:00.000,2025-05-24,STRAY,OVER THE COUNTER,UNKNOWN,SANTA ROSA
DOG,POODLE MIN/PARSON RUSS TER,WHITE/TAN,Female,2023-06-04T00:00:00.000,2025-05-24,STRAY,FIELD,UNKNOWN,SANTA ROSA
DOG,LABRADOR RETR/PIT BULL,WHITE/TAN,Neutered,,2025-05-24,CONFISCATE,FLD_ARREST,UNKNOWN,SANTA ROSA
CAT,DOMESTIC SH,GRAY TABBY,Female,2025-03-25T00:00:00.000,2025-05-24,STRAY,OVER THE COUNTER,UNKNOWN,WINDSOR
CAT,DOMESTIC SH,BLACK/WHITE,Male,2025-03-25T00:00:00.000,2025-05-24,STRAY,OVER THE COUNTER,UNKNOWN,WINDSOR
CAT,DOMESTIC SH,LYNX PT/WHITE,Female,2025-03-25T00:00:00.000,2025-05-24,STRAY,OVER THE COUNTER,UNKNOWN,WINDSOR
CAT,DOMESTIC SH,SEAL PT,Female,2025-03-25T00:00:00.000,2025-05-24,STRAY,OVER THE COUNTER,UNKNOWN,WINDSOR
CAT,DOMESTIC SH,LYNX PT,Female,2025-03-25T00:00:00.000,2025-05-24,STRAY,OVER THE COUNTER,UNKNOWN,WINDSOR
CAT,DOMESTIC SH,BLACK/WHITE,Female,2025-03-25T00:00:00.000,2025-05-24,STRAY,OVER THE COUNTER,UNKNOWN,WINDSOR
CAT,DOMESTIC SH,LYNX PT,Female,,2025-05-24,STRAY,OVER THE COUNTER,UNKNOWN,WINDSOR
CAT,DOMESTIC SH,LYNX PT,Female,,2025-05-24,STRAY,OVER THE COUNTER,UNKNOWN,WINDSOR
DOG,PIT BULL,BLUE,Male,2017-08-02T00:00:00.000,2025-05-25,CONFISCATE,FLD_INVEST,UNKNOWN,SANTA ROSA
DOG,PIT BULL,BLACK,Female,2024-03-10T00:00:00.000,2025-05-25,CONFISCATE,FLD_INVEST,UNKNOWN,SANTA ROSA
DOG,LABRADOR RETR,YELLOW,Female,2018-11-25T00:00:00.000,2025-05-25,STRAY,FLD_STRAY,UNKNOWN,*SEBASTOPOL
CAT,DOMESTIC SH,BRN TABBY,Unknown,,2025-05-27,STRAY,OVER THE COUNTER,UNKNOWN,COUNTY
CAT,DOMESTIC SH,BRN TABBY,Female,2025-04-27T00:00:00.000,2025-05-27,STRAY,OVER THE COUNTER,UNKNOWN,COUNTY
CAT,DOMESTIC SH,GRAY TABBY/WHITE,Neutered,2025-04-27T00:00:00.000,2025-05-27,STRAY,OVER THE COUNTER,HEALTHY,COUNTY
CAT,DOMESTIC SH,GRAY TABBY,Neutered,2025-04-27T00:00:00.000,2025-05-27,STRAY,OVER THE COUNTER,HEALTHY,COUNTY
CAT,DOMESTIC SH,GRAY/WHITE,Female,2025-04-27T00:00:00.000,2025-05-27,STRAY,OVER THE COUNTER,UNKNOWN,COUNTY
DOG,PIT BULL,RED/WHITE,Spayed,2020-12-03T00:00:00.000,2025-05-27,STRAY,OVER THE COUNTER,UNKNOWN,SANTA ROSA
CAT,DOMESTIC MH,WHITE/ORANGE,Male,,2025-05-27,STRAY,FLD_STRAY,UNKNOWN,SANTA ROSA
DOG,BORDER COLLIE/GERM SHEPHERD,BLACK/WHITE,Spayed,2022-06-24T00:00:00.000,2025-05-27,STRAY,FLD_STRAY,UNKNOWN,HEALDSBURG
CAT,DOMESTIC SH,BROWN,Female,2025-03-13T00:00:00.000,2025-05-28,STRAY,EMAIL,UNKNOWN,COUNTY
CAT,DOMESTIC SH,CALICO,Female,2025-03-13T00:00:00.000,2025-05-28,STRAY,EMAIL,UNKNOWN,COUNTY
CAT,DOMESTIC SH,BLACK/BROWN,Female,2025-03-13T00:00:00.000,2025-05-28,STRAY,EMAIL,UNKNOWN,COUNTY
CAT,DOMESTIC SH,BROWN/BROWN,Female,2025-03-13T00:00:00.000,2025-05-28,STRAY,EMAIL,UNKNOWN,COUNTY
CAT,DOMESTIC SH,GRAY,Male,2025-03-13T00:00:00.000,2025-05-28,STRAY,EMAIL,UNKNOWN,COUNTY
CAT,DOMESTIC SH,CALICO,Female,2025-03-13T00:00:00.000,2025-05-28,STRAY,EMAIL,UNKNOWN,COUNTY
DOG,CHIHUAHUA SH,WHITE/TAN,Spayed,2021-11-13T00:00:00.000,2025-05-28,STRAY,FLD_STRAY,UNKNOWN,SANTA ROSA
OTHER,DUCK,WHITE,Unknown,,2025-05-28,STRAY,OVER THE COUNTER,UNKNOWN,SANTA ROSA
DOG,CHIHUAHUA SH,TAN/WHITE,Female,2012-05-28T00:00:00.000,2025-05-28,STRAY,FIELD,UNKNOWN,SANTA ROSA
DOG,YORKSHIRE TERR,BROWN/BLACK,Male,2020-05-29T00:00:00.000,2025-05-29,STRAY,OVER THE COUNTER,UNKNOWN,SANTA ROSA
OTHER,RABBIT SH,WHITE/BLACK,Female,,2025-05-29,STRAY,FLD_STRAY,UNKNOWN,SANTA ROSA
CAT,DOMESTIC SH,BLACK,Neutered,2024-05-30T00:00:00.000,2025-05-30,STRAY,FLD_STRAY,HEALTHY,SANTA ROSA
CAT,DOMESTIC SH,BRN TABBY/WHITE,Male,2023-05-30T00:00:00.000,2025-05-30,STRAY,OVER THE COUNTER,UNKNOWN,SANTA ROSA
DOG,MASTIFF,BLACK/WHITE,Spayed,,2025-05-30,CONFISCATE,FLD_CRUEL,UNKNOWN,SANTA ROSA
OTHER,BAT,BROWN,Unknown,,2025-05-30,QUARANTINE,FIELD,UNKNOWN,SANTA ROSA
DOG,FRENCH BULLDOG,GRAY,Neutered,2022-06-19T00:00:00.000,2025-05-30,STRAY,OVER THE COUNTER,UNKNOWN,SANTA ROSA
DOG,AUST CATTLE DOG,RED MERLE,Neutered,2024-12-30T00:00:00.000,2025-05-30,STRAY,FLD_STRAY,UNKNOWN,SANTA ROSA
CAT,DOMESTIC SH,BLACK/WHITE,Male,2025-04-30T00:00:00.000,2025-05-30,STRAY,EMAIL,UNKNOWN,COUNTY
CAT,DOMESTIC SH,GRAY/WHITE,Male,2025-04-30T00:00:00.000,2025-05-30,STRAY,EMAIL,UNKNOWN,COUNTY
DOG,TIBETAN TERR/MIX,GRAY/WHITE,Female,2023-11-30T00:00:00.000,2025-05-30,STRAY,FLD_STRAY,UNKNOWN,SANTA ROSA
CAT,DOMESTIC SH,BUFF/WHITE,Spayed,2015-05-30T00:00:00.000,2025-05-30,STRAY,FLD_STRAY,UNKNOWN,SANTA ROSA
DOG,PIT BULL,GRAY,Male,,2025-05-30,OWNER SURRENDER,FIELD,UNKNOWN,SANTA ROSA
